symbol,tier,pathway_class,main_hr,main_hr_ci_low,main_hr_ci_high,main_log_hr,main_fdr,main_ph_p_value,main_n,main_events,ph_diagnostic_p_ge_0_05,main_warning_count,main_warning_text,stage_complete_log_hr,stage_complete_p_value,grade_complete_log_hr,grade_complete_p_value,sensitivity_pass
SPATA18,strict_only,Unclassified,0.6815335643872742,0.6051168096450839,0.7676005557651863,-0.383409778306642,1.250508814175962e-7,0.736839316318689,517,170,TRUE,0,NA,-0.39168638692842034,6.392967432479594e-11,-0.3878115921985762,8.894102845845795e-12,TRUE
IQGAP2,strict_only,Unclassified,0.670331440558702,0.5896356104629227,0.7620710693655773,-0.3999830015135524,3.6361464557693185e-7,0.09696431767590025,517,170,TRUE,0,NA,-0.4215947319631435,5.6703649549873154e-11,-0.42505363015577285,3.3736175997176924e-11,TRUE
GLYAT,strict_only,Unclassified,0.6711258550356348,0.5893418303855698,0.7642591957245538,-0.3987985962068608,5.439438573712407e-7,0.10463739095848434,517,170,TRUE,0,NA,-0.38540833263391794,1.822759043963965e-9,-0.34594686132895885,1.009659829446132e-7,TRUE
CHDH,strict_only,Unclassified,0.6914507164381523,0.6110845466906738,0.7823861621963852,-0.3689634009332368,9.44690794637647e-7,0.38169039657828147,517,170,TRUE,0,NA,-0.37866579878526857,2.139286521422643e-9,-0.36208456312575305,4.394942789245473e-10,TRUE
RGS17,strict_only,Unclassified,1.4772382945756275,1.288638774570379,1.693440413267284,0.3901743274184662,3.118505761914799e-6,0.7137956210931996,517,170,TRUE,0,NA,0.4207905177962431,6.203666879074473e-10,0.5065524698540484,1.2059102584577428e-13,TRUE
ANK3,strict_only,Unclassified,0.702824863700257,0.6210560064548061,0.7953594907728022,-0.3526475452354263,3.1779409845492565e-6,0.33699046707521485,517,170,TRUE,0,NA,-0.37863115651470974,9.769984302085276e-10,-0.38763164023106106,6.088997606039383e-10,TRUE
TLR3,strict_only,Immune,0.6843465485841319,0.5982833544005042,0.7827899524771049,-0.37929083968655014,3.6438713409188103e-6,0.4936370694065613,517,170,TRUE,0,NA,-0.3464376309094629,2.97136544552614e-7,-0.3607434136313084,5.28332140594821e-8,TRUE
TEK,strict_only,Unclassified,0.6685386397276678,0.5793868855063782,0.7714084042794582,-0.40266108347078944,3.757491126479207e-6,0.4211877126998294,517,170,TRUE,0,NA,-0.4228546602954152,1.3858188879640222e-9,-0.4508755664342121,1.703763391323511e-10,TRUE
TROAP,strict_only,Unclassified,1.4939526314801144,1.2940823238357344,1.7246927989023877,0.4014253803713814,4.08255487434012e-6,0.9963347915313668,517,170,TRUE,0,NA,0.4178093590715968,1.1368598006430916e-8,0.4688811065711726,2.544137779925297e-12,TRUE
FUT6,strict_only,Unclassified,0.6681111272532735,0.5779025843240582,0.7724009036604983,-0.4033007611178931,4.415510186849692e-6,0.2481223267450381,517,170,TRUE,0,NA,-0.39479257282693814,3.0600585036155125e-8,-0.3849335692168237,2.0616919880357932e-8,TRUE
GATM,strict_only,Unclassified,0.6904429260678143,0.6039511450443543,0.7893211861069913,-0.37042196549711415,4.710585633141151e-6,0.38161087860859866,517,170,TRUE,0,NA,-0.35540926062919215,3.1635497818484735e-8,-0.3681997374995573,3.3985680047795185e-8,TRUE
SLC7A9,strict_only,Unclassified,0.6726485786299152,0.5822330069803648,0.7771048788171913,-0.3965322571429608,5.263289316083222e-6,0.9825793871791888,517,170,TRUE,0,NA,-0.3802697189781212,1.210425431412209e-7,-0.3209891781732238,2.4357986852147316e-6,TRUE
PBLD,strict_only,Unclassified,0.6723882938769133,0.5819710532846853,0.7768531015262501,-0.396919287062469,5.263289316083222e-6,0.985234417328116,517,170,TRUE,0,NA,-0.40431535651554906,1.8383023981997705e-8,-0.3836725137026435,1.316385634532213e-7,TRUE
ARHGAP24,strict_only,Unclassified,0.6983239289260363,0.6120679659741577,0.7967355535991004,-0.35907220231637876,6.150236302165394e-6,0.1991329560632088,517,170,TRUE,0,NA,-0.3833851480741065,6.0781314588197765e-9,-0.42075598258632385,7.987347867213542e-12,TRUE
TLN2,strict_only,Unclassified,0.6961423079110953,0.609424560311258,0.7951995118415871,-0.3622011741584116,6.150236302165394e-6,0.10046399734630966,517,170,TRUE,0,NA,-0.3553697554878258,8.298571233101612e-8,-0.3910031327374277,1.180364903764735e-9,TRUE
LYPD6,strict_only,Unclassified,1.4629106730843928,1.2720272454776669,1.6824385208986512,0.38042806281532776,6.150236302165394e-6,0.560693617738414,517,170,TRUE,0,NA,0.3587473473384174,4.552381424008168e-7,0.33150880231961494,5.263766624938348e-7,TRUE
EMCN,strict_only,Unclassified,0.6668968944883441,0.5748053187763918,0.773742784469976,-0.4051198259923793,6.150236302165394e-6,0.39539891086045464,517,170,TRUE,0,NA,-0.4358113752531364,1.4830850067842082e-9,-0.4353381296545734,2.7661689646367743e-9,TRUE
CLDN10,strict_only,Unclassified,0.7165255109882941,0.6331451714237027,0.8108863986794288,-0.33334142733966715,7.36010265721646e-6,0.27608567175614845,517,170,TRUE,0,NA,-0.3397669559682919,3.909974659552376e-8,-0.3307562015044299,1.3838734107788931e-8,TRUE
CSNK1E,strict_only,Unclassified,1.4835384601213029,1.2815404051196888,1.7173757096277709,0.39443008567140014,7.36010265721646e-6,0.091494184082115515,517,170,TRUE,0,NA,0.39374749967792017,1.219329849473395e-7,0.4006359296345139,2.4767405548777707e-8,TRUE
MIAT,strict_only,Unclassified,1.4903239482642994,1.2839736170315823,1.7298373123156294,0.3989935112686471,8.551979339267525e-6,0.13616296034117828,517,170,TRUE,0,NA,0.4143770248653833,3.838911465500743e-8,0.4458011880331637,4.834375682434089e-9,TRUE
CCNF,strict_only,Unclassified,1.4519470064211992,1.262762007816993,1.6694754010694053,0.37290541878147726,8.824119755347088e-6,0.6318378148457996,517,170,TRUE,0,NA,0.39726261622611087,1.3945484578471896e-8,0.4323009483814879,1.4064002218592852e-11,TRUE
CEL,strict_only,Metabolism,1.3733244491575127,1.2187889578614246,1.547454159712058,0.3172344056123373,9.734896119954547e-6,0.06819104471635173,517,170,TRUE,0,NA,0.2958984346545666,2.3501101281944128e-6,0.25797671709942965,4.442771956826139e-6,TRUE
AGXT2,strict_only,Unclassified,0.6907132148987292,0.60045914206745,0.794533236005168,-0.3700305704529939,1.0888535686039695e-5,0.3353270786485634,517,170,TRUE,0,NA,-0.3625632504276547,2.027481180630232e-7,-0.3544759484214712,1.4020524013017128e-7,TRUE
CDH13,strict_only,Immune,0.7015773838917387,0.6133316925861412,0.8025197972616523,-0.3544240734897065,1.1255423105558152e-5,0.2835551503237309,517,170,TRUE,0,NA,-0.36667656281636907,6.226468203442496e-8,-0.3810532332111168,2.5132075065128804e-8,TRUE
PAQR5,strict_only,Unclassified,0.7070809628940353,0.6198951006346636,0.806529181429699,-0.34661010352600125,1.1411722343965997e-5,0.20597356284878,517,170,TRUE,0,NA,-0.372644898083588,1.1788669622930037e-8,-0.3911301562721687,7.06666831648461e-10,TRUE
SLC5A12,strict_only,Unclassified,0.680976598816355,0.5877639877538565,0.7889716583481654,-0.3842273363946237,1.3653295546111364e-5,0.8297922915749399,517,170,TRUE,0,NA,-0.39036422458301134,1.4477534788271848e-7,-0.35610080827178103,7.076897406956357e-7,TRUE
ST6GALNAC3,strict_only,Unclassified,0.6794244462641119,0.5854372064691615,0.7885005822663087,-0.38650924176565055,1.5412540402008072e-5,0.454395543171999,517,170,TRUE,0,NA,-0.4054465433229254,3.378693556304913e-8,-0.4184971199287893,7.26010042774982e-8,TRUE
PDGFD,strict_only,Unclassified,0.7016924513227425,0.6119366696044575,0.804613158027575,-0.35426007448057206,1.6463005308540694e-5,0.7515671763542894,517,170,TRUE,0,NA,-0.37194959697847,3.8030623685638847e-8,-0.4153985182414335,4.5587916978719375e-9,TRUE
VWF,strict_only,Unclassified,0.6834465446873914,0.5897899701653385,0.7919754540996864,-0.3806068340881252,1.7176546673779324e-5,0.2530910286483258,517,170,TRUE,0,NA,-0.3904176853285762,1.3624257259674974e-7,-0.419701743053756,1.2298141400143262e-8,TRUE
AURKB,strict_only,Unclassified,1.465021180092484,1.2635965660644963,1.6985540446696843,0.3818696997655363,1.7176546673779324e-5,0.6587741655152346,517,170,TRUE,0,NA,0.41067909628797705,2.6340462382707172e-8,0.4727695907146848,9.02731253683582e-12,TRUE
CDCA3,strict_only,Unclassified,1.4515587161849055,1.254828058769603,1.6791326045086774,0.37263795573803626,2.0751191643281212e-5,0.6175679738703709,517,170,TRUE,0,NA,0.3977327718786422,5.5289060503004784e-8,0.4990936652686114,4.017068569381679e-13,TRUE
SIM2,strict_only,Unclassified,1.393853748531557,1.2236893762592889,1.5876809180402698,0.332072391864183,2.178724925768697e-5,0.4696484958389262,517,170,TRUE,0,NA,0.32152870732139377,1.2254904448796384e-6,0.3457224073727207,1.358979842593627e-7,TRUE
SUCLA2,strict_only,Metabolism,0.677620159885252,0.5814318641252113,0.7897212199984149,-0.3891683841901003,2.2944176588173777e-5,0.2724048768890899,517,170,TRUE,0,NA,-0.4060482349467492,1.1806193902895053e-7,-0.4178764271834178,7.581616047639828e-9,TRUE
ALS2CL,strict_only,Unclassified,1.4537633386766802,1.254005936677324,1.6853411798673064,0.3741556001666352,2.3639185338214345e-5,0.5938038988073897,517,170,TRUE,0,NA,0.3551043800533094,2.080021588179459e-6,0.3091913222054639,2.4933678712739544e-5,TRUE
TSPAN1,strict_only,Unclassified,0.6896401010495367,0.5953335271756415,0.798885745998474,-0.3715854101494456,2.376931263940749e-5,0.3966651445651237,517,170,TRUE,0,NA,-0.3932439438244383,1.3738980962513192e-7,-0.2653951775662535,2.636705548793399e-4,TRUE
PECAM1,strict_only,Unclassified,0.7032186835779387,0.6116787040205253,0.8084579595180663,-0.35208736359845977,2.376931263940749e-5,0.3713922000289514,517,170,TRUE,0,NA,-0.3616514545179781,1.940865943071589e-7,-0.38004951091851713,7.944450897415177e-8,TRUE
KDR,strict_only,Unclassified,0.693779351859573,0.5997246118391253,0.8025846856453589,-0.3656013058297208,2.6812912708137547e-5,0.817480545459279,517,170,TRUE,0,NA,-0.383762281464856,1.018188082748008e-7,-0.40436368234797454,1.263994866762006e-8,TRUE
SLC22A6,strict_only,Unclassified,0.6816839659755752,0.5851011624981376,0.7942097183402338,-0.3831891215360805,2.6941733899552344e-5,0.32595536384823176,517,170,TRUE,0,NA,-0.3978487893067487,2.6635610089157105e-7,-0.40462870355867664,1.0708920024196825e-7,TRUE
TUBB2B,strict_only,Unclassified,1.449498591388776,1.2476877727731157,1.6839518766528048,0.3712176975879841,3.5466445905854947e-5,0.6795429700600781,517,170,TRUE,0,NA,0.3638559837169309,9.243242005432792e-7,0.30672555581429073,1.846366982559076e-5,TRUE
WDR72,strict_only,Unclassified,0.7194797421323279,0.6297027447149676,0.8220562855782275,-0.32922690853082637,3.724223437197212e-5,0.5130813019157431,517,170,TRUE,0,NA,-0.35912363513930107,3.5638603178462664e-8,-0.3806442751717087,1.5913778271090331e-9,TRUE
TRMT1,strict_only,Unclassified,1.4345496256257106,1.239360886924961,1.6604789211065905,0.36085095021226726,3.76711391744721e-5,0.4075732131419837,517,170,TRUE,0,NA,0.3539094554695426,2.8580180950133544e-6,0.35987126779027845,4.89143965983898e-7,TRUE
GNRH1,strict_only,Unclassified,1.437900936019916,1.2409519101877935,1.6661073526161592,0.3631843668144981,3.800305669445729e-5,0.11428023154381146,517,170,TRUE,0,NA,0.3660710858398933,1.185856719461543e-6,0.4116443529405872,8.971163490260467e-8,TRUE
NTN4,strict_only,Unclassified,0.7115433887276447,0.6196963523270511,0.8170033471083242,-0.340318881262867,3.88615635919575e-5,0.33190537365409056,517,170,TRUE,0,NA,-0.3748622391570303,5.0436592171915825e-8,-0.3498664114738878,2.149398422894156e-7,TRUE
CAT,strict_only,Metabolism,0.7014625529780097,0.6069883292793072,0.8106411433225583,-0.3545877622215348,4.2649465389675024e-5,0.45596351582970385,517,170,TRUE,0,NA,-0.3709676422738443,2.443052932521106e-7,-0.3895554749796698,3.1632716790236064e-8,TRUE
ACADSB,strict_only,Metabolism,0.6729139723779896,0.5724067988504019,0.7910688956366991,-0.39613778458378185,4.320803847783538e-5,0.9341829926785844,517,170,TRUE,0,NA,-0.41338018386318576,3.356309702937035e-7,-0.5339484668450762,2.6491868174368215e-11,TRUE
COL4A4,strict_only,Unclassified,0.7128023389834423,0.6206015403327948,0.8187011172866354,-0.33855112142878574,4.354243097529363e-5,0.2773277924803375,517,170,TRUE,0,NA,-0.37309107063723174,3.112286933606545e-8,-0.3234697548971459,3.438530808207368e-6,TRUE
CPEB4,strict_only,Unclassified,0.6801455104781224,0.580807738186912,0.7964734024853424,-0.38544851770648375,4.4423466408889725e-5,0.5840330101683547,517,170,TRUE,0,NA,-0.4100624399142182,2.00582969844894e-7,-0.3828082566422363,1.1253701775812234e-6,TRUE
SLC27A2,strict_only,Metabolism,0.7027092248352517,0.6080151109083757,0.8121512867185517,-0.3528120931694956,4.5740538918272807e-5,0.9256568621967188,517,170,TRUE,0,NA,-0.3737424919128679,1.7742047627802754e-7,-0.3835404582350476,2.5624514652459464e-8,TRUE
ZNF337,strict_only,Unclassified,1.4498583306414523,1.2437881929952046,1.6900700543460805,0.3714658486533384,5.14319621658802e-5,0.06054710134953078,517,170,TRUE,0,NA,0.3666044190376735,2.3367654898878153e-6,0.37186932409562173,2.8687751345871435e-6,TRUE
KCNJ16,strict_only,Unclassified,0.7393549942002172,0.6522526412114846,0.8380890668889761,-0.3019771023329256,5.587537086259904e-5,0.6000343971120786,517,170,TRUE,0,NA,-0.2686309963055642,1.6394447386514997e-5,-0.28596477609226695,2.688991603651415e-6,TRUE
TMEM174,strict_only,Unclassified,0.686117562067649,0.5865630910122215,0.8025689242827684,-0.3767062926625181,5.821712992403625e-5,0.7657898737053314,517,170,TRUE,0,NA,-0.3966797087687774,7.436521554978246e-7,-0.40812686768927264,1.1346562365222348e-7,TRUE
PLCL1,strict_only,Unclassified,0.6809194067586412,0.5802208746638859,0.7990943772388862,-0.3843113252711801,5.821712992403625e-5,0.9260045201172604,517,170,TRUE,0,NA,-0.4199134889583632,1.2971861089035118e-7,-0.41566102013172246,1.568264989967974e-7,TRUE
ATP6V1C2,strict_only,Unclassified,1.3729556112100174,1.2031740114670817,1.5666953344966312,0.31696579648172774,5.821712992403625e-5,0.19355613101543032,517,170,TRUE,0,NA,0.26831521923167967,3.133938157511054e-5,0.2389950771585957,1.3259783199056583e-4,TRUE
SLC13A1,strict_only,Unclassified,0.6969970565747365,0.599785395337148,0.8099645317318347,-0.3609740912222998,5.821712992403625e-5,0.5966439059407979,517,170,TRUE,0,NA,-0.362745090627987,1.6741162040659133e-6,-0.37355463489182833,5.22130517416941e-7,TRUE
SHMT1,strict_only,Unclassified,0.7068422655006766,0.6116646069982026,0.816829979341272,-0.34694774193639394,5.906926442798521e-5,0.1428484935096982,517,170,TRUE,0,NA,-0.3299393987607633,2.9803121787722734e-6,-0.3477784961246625,4.493397606266466e-7,TRUE
HAO2,strict_only,Metabolism,0.6852429882570926,0.5852917224945806,0.802263102157331,-0.3779817762381782,5.925324846071445e-5,0.45009608841610427,517,170,TRUE,0,NA,-0.3686103765736304,2.271536630955727e-6,-0.4418969920334476,1.1973184629675482e-8,TRUE
LRRK2,strict_only,Unclassified,0.7258331183710197,0.634929658641727,0.8297513095406938,-0.32043515508296266,6.024978271226214e-5,0.5230659210008685,517,170,TRUE,0,NA,-0.3167988336218391,3.817536312672761e-6,-0.2784019826295618,8.042899074066998e-6,TRUE
IFI30,strict_only,Immune,1.4528960427758333,1.2429375109633285,1.698321027802625,0.37355883541867746,6.0662587000772394e-5,0.32015610179563314,517,170,TRUE,0,NA,0.3900887317788583,9.96841880532541e-7,0.4237660071921788,5.5314001598500456e-8,TRUE
KCNH3,strict_only,Unclassified,1.3634498039512275,1.197720453524293,1.5521112313182484,0.3100181085086718,6.095963304535589e-5,0.9267490360025386,517,170,TRUE,0,NA,0.32427437164569745,6.77780206584429e-7,0.3088189650099531,1.2138118413569469e-6,TRUE
IRF9,strict_only,Immune,1.4505632095157623,1.2405518261006467,1.69612714320406,0.371951901372523,6.779015154110905e-5,0.14277489918860506,517,170,TRUE,0,NA,0.35881618276981125,5.942432372107284e-6,0.40138525895524224,7.987805852302814e-7,TRUE
ACAT1,strict_only,Metabolism,0.6707054987053958,0.5668666075613803,0.79356564664985,-0.39942513745262653,6.973967510125995e-5,0.39872265583604255,517,170,TRUE,0,NA,-0.43386447926022054,4.113571623653947e-7,-0.4784225976421153,6.532563138154008e-9,TRUE
LRRC19,strict_only,Unclassified,0.7021915014510013,0.6049723289743562,0.8150338141017889,-0.3535491180681227,7.074199867962502e-5,0.31519635571809,517,170,TRUE,0,NA,-0.3701334745984155,1.1472317018047731e-6,-0.39357629937223026,3.005097194628847e-8,TRUE
FBP1,strict_only,Hypoxia;Metabolism,0.695414548736742,0.5966418005099035,0.8105389099145082,-0.36324713823415367,7.112349663808016e-5,0.04581433952540878,517,170,FALSE,0,NA,-0.3715184622598081,9.02095214057128e-7,-0.35722040522610937,4.1445909556763e-7,TRUE
PCCA,strict_only,Unclassified,0.6987466800960992,0.6004277763330429,0.8131651169224081,-0.3584670057282666,7.530569168808976e-5,0.2687337969474438,517,170,TRUE,0,NA,-0.3864494119227964,3.572517351977792e-7,-0.4260266993360224,2.3677420877883e-9,TRUE
CYS1,strict_only,Unclassified,0.7268269160381595,0.6347149449732528,0.8323064866541052,-0.3190669095215235,8.090299311645616e-5,0.5666641751490793,517,170,TRUE,0,NA,-0.32544583135401817,6.863380003526805e-7,-0.35239059955423097,6.518225281367988e-8,TRUE
CCNB2,strict_only,Unclassified,1.4212635629409418,1.2242053392066927,1.6500419093520464,0.35154630900343686,8.090299311645616e-5,0.7522110134684774,517,170,TRUE,0,NA,0.3779249273632764,4.4796877560493474e-7,0.45789516785193113,8.144867608210857e-11,TRUE
KCNJ15,strict_only,Unclassified,0.7279369201392345,0.6357561500106427,0.8334833405747214,-0.317540882700012,8.506992173997847e-5,0.18872147718991103,517,170,TRUE,0,NA,-0.3449770024115406,3.620623606906919e-7,-0.32641881197590006,3.099557770034349e-7,TRUE
SNHG1,strict_only,Unclassified,1.4122791612594008,1.219099231962711,1.6360706142980852,0.34520482580410355,8.506992173997847e-5,0.15538390806054783,517,170,TRUE,0,NA,0.3094907381511859,3.691481461731302e-5,0.35965230517834507,3.646746610461846e-6,TRUE
PKHD1,strict_only,Unclassified,0.7303397011946213,0.6387468197822092,0.8350665124609444,-0.3142455089764683,8.506992173997847e-5,0.5831938146494496,517,170,TRUE,0,NA,-0.32491973628275117,6.795249211152123e-7,-0.3476210211661586,1.742891489747111e-7,TRUE
TSPYL1,strict_only,Unclassified,0.6980208640864437,0.5986387955703861,0.8139016888067659,-0.3595062854251755,8.711123700037367e-5,0.6577864283275285,517,170,TRUE,0,NA,-0.3804945423429543,1.184322385697436e-6,-0.37323251965560383,8.633729340563512e-8,TRUE
USP2,strict_only,Unclassified,0.6954199373690577,0.5952593268134848,0.8124339552631915,-0.3632393894583366,8.973173221506114e-5,0.7044539777893108,517,170,TRUE,0,NA,-0.36971313134860934,2.50286819397709e-6,-0.40384615280077585,5.466873492537648e-7,TRUE
SEMA3G,strict_only,Unclassified,0.6930770844697347,0.592174378258677,0.8111729629869867,-0.36661405297710525,9.400878269056356e-5,0.9810758810657738,517,170,TRUE,0,NA,-0.3980534031016765,2.299409822098056e-7,-0.39775269802536456,2.933716655709049e-7,TRUE
CAMK2A,strict_only,Unclassified,1.3628585839625982,1.193105290324339,1.5567641304948192,0.30958439381922714,9.541802285704566e-5,0.548966338668382,517,170,TRUE,0,NA,0.29500651539367906,1.0787974076025098e-5,0.30337513767276797,1.9463162279933727e-6,TRUE
AJAP1,strict_only,Unclassified,0.6934431776289227,0.5923776519080246,0.8117514883474349,-0.3660859782309902,9.782808383077652e-5,0.9874950427374052,517,170,TRUE,0,NA,-0.35394658308680027,6.8441366336129305e-6,-0.4441166426261248,1.2111876241846908e-8,TRUE
GLYATL1,strict_only,Unclassified,0.708505983197378,0.6107478519033397,0.8219115739205736,-0.34459677500720365,1.001035908157514e-4,0.4356951004850372,517,170,TRUE,0,NA,-0.3280729084724527,7.1269918355207565e-6,-0.3533370606596515,5.594618716749767e-7,TRUE
RIMKLA,strict_only,Unclassified,0.7204749059982378,0.62519776575806,0.8302718253379774,-0.3278446927427916,1.0882873056726868e-4,0.17440120070914145,517,170,TRUE,0,NA,-0.31311276891714096,1.287055462835748e-5,-0.3770612216724953,2.1500729778683e-8,TRUE
DBT,strict_only,Metabolism,0.6680336597459603,0.5608204978972398,0.7957429734234718,-0.4034167178737084,1.1327451435984336e-4,0.26667940739459617,517,170,TRUE,0,NA,-0.4193474221517086,2.147238091557871e-6,-0.44127471521919975,2.4578981500035554e-7,TRUE
MYO6,strict_only,Unclassified,0.7356856416505281,0.6439891796648411,0.8404385980715228,-0.3069523688164978,1.1327451435984336e-4,0.599952000362437,517,170,TRUE,0,NA,-0.33393756524383666,5.964056502731806e-7,-0.3113928742833446,3.782758792511309e-7,TRUE
SNORD89,strict_only,Unclassified,1.3667179424416966,1.1930962615386944,1.5656053869308724,0.3124122031981157,1.1812710119174844e-4,0.4981365755786272,517,170,TRUE,0,NA,0.2959852592993339,1.1866642661648165e-5,0.33224832739401683,7.509000799915394e-8,TRUE
FLT1,strict_only,Unclassified,0.7187414583876561,0.6224098768567335,0.8299824652752472,-0.33025357092358343,1.2185504727863796e-4,0.8618241385569706,517,170,TRUE,0,NA,-0.3309216758284991,4.065212927029753e-6,-0.3586231162240539,5.204400107838906e-7,TRUE
NTNG1,strict_only,Unclassified,1.3544329820007832,1.186656878111633,1.545930198163784,0.30338290328333695,1.2215075348609956e-4,0.8463017939885947,517,170,TRUE,0,NA,0.2907890956524401,1.233897773684914e-5,0.3091875163285009,3.859047383033333e-6,TRUE
SLC16A9,strict_only,Unclassified,0.7024587997874051,0.6020952262943271,0.8195520307240326,-0.3531685274835557,1.2468247958918958e-4,0.532869083545978,517,170,TRUE,0,NA,-0.3353643905352271,1.1382678219658191e-5,-0.3583091447454135,6.615823739675127e-7,TRUE
RALYL,strict_only,Unclassified,1.3818153553121704,1.199553434763316,1.5917704212595136,0.3233981095539967,1.2851163064100444e-4,0.19053574404901788,517,170,TRUE,0,NA,0.2840002858722817,5.458613561254849e-5,0.2646246187588385,2.3262412880900357e-4,TRUE
GALM,strict_only,Immune,0.6900611979726528,0.5863828517280796,0.8120709115966293,-0.3709749926098087,1.3581000796476892e-4,0.31076856213998355,517,170,TRUE,0,NA,-0.34558824653516007,2.2862054140755873e-5,-0.3266077509405086,8.34904055369018e-5,TRUE
GYG2,strict_only,Unclassified,1.4041983461470051,1.2097394181030987,1.6299154725517444,0.33946656781012063,1.3640147694401764e-4,0.35584144223530734,517,170,TRUE,0,NA,0.3608132903817487,1.5236307325289223e-6,0.3936438005550797,9.73236474723053e-8,TRUE
APOLD1,strict_only,Unclassified,0.7076365698285962,0.6078287342047292,0.8238332391672012,-0.34582463653308537,1.387526202895471e-4,0.5370848543505584,517,170,TRUE,0,NA,-0.366094149711772,1.2938369019936738e-6,-0.40500204803180023,1.0055355005144704e-7,TRUE
ATP1A1,strict_only,Unclassified,0.7055971429543972,0.6051339642415475,0.8227390256790768,-0.34871082339866405,1.4354390453122544e-4,0.8096256127870785,517,170,TRUE,0,NA,-0.3587773416229585,3.7512631178427367e-6,-0.4083761591457487,1.6933470290609608e-7,TRUE
CLIC5,strict_only,Unclassified,0.6959868915630416,0.5931830450409413,0.8166075501941429,-0.3624244527862258,1.4643955999431988e-4,0.5661359893343477,517,170,TRUE,0,NA,-0.3825502053047321,1.798267065233618e-6,-0.3780384312270104,2.3053216316183213e-6,TRUE
GK,strict_only,Unclassified,0.7012531359075858,0.5995540885624995,0.8202028307391996,-0.3548863502727546,1.491951839828207e-4,0.21699548910053468,517,170,TRUE,0,NA,-0.3557211907558903,6.781046581679353e-6,-0.31569890018152486,4.37042679040382e-5,TRUE
PAFAH2,strict_only,Unclassified,0.6741807822977088,0.5664062117040051,0.8024624692094224,-0.3942569810415528,1.5061378814876605e-4,0.07839584226788555,517,170,TRUE,0,NA,-0.3855869242670407,1.033067572440788e-5,-0.516926235003303,1.3699592381923302e-9,TRUE
UBE2C,strict_only,Unclassified,1.3859314612385902,1.199767202739877,1.6009822662800246,0.3263724487791741,1.509499587545067e-4,0.70314446213766435,517,170,TRUE,0,NA,0.35252540894419526,8.619696497826099e-7,0.43172171127233094,1.3107309192916387e-10,TRUE
CDCA7,strict_only,Unclassified,1.4527277827083431,1.2314857280223617,1.7137169864256658,0.3734430185904958,1.5348593660924868e-4,0.8594099185301576,517,170,TRUE,0,NA,0.4104040404502238,5.541152167930609e-7,0.4548735187799204,2.7786979010113993e-8,TRUE
FRK,strict_only,Unclassified,0.6870729370122978,0.5816425409616197,0.8116139854458392,-0.3753148249827792,1.6233744814212804e-4,0.9718339640323108,517,170,TRUE,0,NA,-0.35531654154100883,2.217458069676345e-5,-0.4580851157698095,3.2834911357227553e-8,TRUE
ENPP3,strict_only,Unclassified,0.727946532192568,0.6318155123840276,0.8387039307276457,-0.3175276782730803,1.720037698022961e-4,0.36047547947514014,517,170,TRUE,0,NA,-0.2792481582270993,8.019878430048918e-5,-0.24627038969489023,3.5039568959235315e-4,TRUE
ETNK2,strict_only,Unclassified,0.7251021192939664,0.6282319626655909,0.8369091587981993,-0.3214427798479092,1.720037698022961e-4,0.06968086619640144,517,170,TRUE,0,NA,-0.3500675200203023,1.184718357213563e-6,-0.2556311005832779,1.3700633166596873e-4,TRUE
CEACAM1,strict_only,Unclassified,0.7206033027113229,0.6226119560875499,0.8340172635641586,-0.3276664973989875,1.720037698022961e-4,0.9921771389837152,517,170,TRUE,0,NA,-0.3584965412309962,6.784584663917149e-7,-0.3107662789182425,1.706905587232082e-5,TRUE
SEMA6A,strict_only,Unclassified,0.7084382994762591,0.6074536254744892,0.8262109288964827,-0.34469230977451665,1.720037698022961e-4,0.9073901327723236,517,170,TRUE,0,NA,-0.3027024584021342,2.069983115154593e-5,-0.3564209752833347,4.424999068170333e-6,TRUE
TRNP1,strict_only,Unclassified,1.3733974392594424,1.192276784447414,1.5820324196269595,0.31728755267630077,1.720037698022961e-4,0.8522128644281977,517,170,TRUE,0,NA,0.3151761190122773,6.396951758680443e-6,0.3573108935181047,4.831422805064103e-7,TRUE
ABCD3,strict_only,Metabolism,0.6837100317450776,0.5771349114090525,0.8099655700390245,-0.38022138144065143,1.720037698022961e-4,0.6926500543989915,517,170,TRUE,0,NA,-0.39150587210112026,5.4184914058922475e-6,-0.3841243437174917,2.3457406548337067e-6,TRUE
FZD1,strict_only,Unclassified,0.7415844698615353,0.64906783937358,0.8472882071473031,-0.29896620634467497,1.720037698022961e-4,0.3814187164799976,517,170,TRUE,0,NA,-0.26691227454780375,5.8414747506003805e-5,-0.25763490242692044,3.32037162406004e-5,TRUE
CDH16,strict_only,Unclassified,0.7468477967745066,0.6555983500816355,0.8507977963603468,-0.29189386725427935,1.7321512213507343e-4,0.1198107407616739,517,170,TRUE,0,NA,-0.3258672019343874,4.233592826570214e-7,-0.33201306121386304,1.2906598062617086e-7,TRUE
MSRA,strict_only,Unclassified,0.6939506350571707,0.5894855306942547,0.8169284211761639,-0.3653544520468058,1.7321512213507343e-4,0.1637964158650867,517,170,TRUE,0,NA,-0.35299971246044287,2.0459766132946385e-5,-0.42259557631025385,2.67206674426022e-7,TRUE
SEMA5A,strict_only,Unclassified,0.7353134312124541,0.640968591252028,0.8435449872282985,-0.30745843364398023,1.7321512213507343e-4,0.11903382598753816,517,170,TRUE,0,NA,-0.2940234064566717,1.0514561396950552e-5,-0.3411125814134754,1.085989168613563e-6,TRUE
P2RY8,strict_only,Unclassified,0.7096972082186844,0.6088637873598197,0.8272295672853691,-0.3429168672074443,1.737175788551885e-4,0.9962801958896104,517,170,TRUE,0,NA,-0.3524355086099762,4.176627915034461e-6,-0.3816594196916615,4.949237135740463e-7,TRUE
RGN,strict_only,Unclassified,0.7284214451689818,0.6321174285882545,0.8393975198043243,-0.3168754900890091,1.7707509353534682e-4,0.8474655868203513,517,170,TRUE,0,NA,-0.33107429941477745,4.549764496491096e-6,-0.34891587201679364,2.982659470136345e-7,TRUE
BHMT,strict_only,Unclassified,0.7474981827272613,0.6561554518457029,0.8515566419647016,-0.2910234048543493,1.7898371330015e-4,0.6376283304170405,517,170,TRUE,0,NA,-0.28854867876087037,4.714520735388839e-6,-0.2794701120054885,1.2490574636947491e-5,TRUE
TACC3,strict_only,Unclassified,1.4123228172561824,1.2098147224099642,1.648728274829607,0.34523573705964844,1.818159554738506e-4,0.9505942113188198,517,170,TRUE,0,NA,0.375273413158642,1.1854004887492432e-6,0.46209709877338256,6.614743480734305e-10,TRUE
PROS1,strict_only,Metabolism,0.7322925342179523,0.6365252887671335,0.8424682650236908,-0.3115752079446156,1.9207081999223432e-4,0.8649388694336795,517,170,TRUE,0,NA,-0.2769149259528109,6.917309893197266e-5,-0.24005740149562588,8.844934062802867e-4,TRUE
ANXA4,strict_only,Immune,0.7326086162686779,0.6368221497942537,0.8428026330499191,-0.3111436674880791,1.9560792279014428e-4,0.6443532548553934,517,170,TRUE,0,NA,-0.29074160729858467,7.154491668112271e-5,-0.27973692694369,1.6600582401660107e-4,TRUE
HJURP,strict_only,Unclassified,1.4373844731593706,1.2201601306098344,1.6932811291309935,0.3628251239619793,2.0311278907906568e-4,0.5838747601858908,517,170,TRUE,0,NA,0.40279720946841086,9.012127106889948e-7,0.4877118593018367,1.8956494071244104e-10,TRUE
LIPA,strict_only,Immune,0.7134701234985795,0.6125928650239368,0.8309591021847564,-0.33761471610441873,2.0311278907906568e-4,0.5391053020328507,517,170,TRUE,0,NA,-0.31657148934107054,4.6754707609946434e-5,-0.3963858932622147,2.883715089188107e-7,TRUE
SIX4,strict_only,Unclassified,1.351332201726959,1.1790785928315133,1.5487506350521745,0.30109092196146564,2.120698446851133e-4,0.715753125095208,517,170,TRUE,0,NA,0.27457700738154606,4.3177787418021686e-5,0.30127251611681166,9.103005908285724e-6,TRUE
TDO2,strict_only,Metabolism,1.3794222299978642,1.1923640774115531,1.595826077503938,0.3216647375861283,2.1265158789225257e-4,0.12321414982588298,517,170,TRUE,0,NA,0.32327743360208605,1.001209602803025e-5,0.31569318606073715,2.9307047636446924e-5,TRUE
SLC25A35,strict_only,Unclassified,1.4172133363131008,1.2100458548020177,1.6598491971631366,0.3486925042902635,2.1341681933360196e-4,0.98706329850521,517,170,TRUE,0,NA,0.3148490625402588,7.281445161972611e-5,0.3023203379732372,6.33029619067726e-5,TRUE
FANCG,strict_only,Unclassified,1.357422296989572,1.1816756482338064,1.559307154309631,0.305587531401007,2.1725848544792097e-4,0.8459681568530065,517,170,TRUE,0,NA,0.30452803486103075,1.5872782395583447e-5,0.3632940521897742,4.411835855924113e-7,TRUE
ALDH6A1,strict_only,Metabolism,0.6917030531993444,0.5850705179945139,0.8177699936843876,-0.3685985293339529,2.184412771230838e-4,0.4396101773345472,517,170,TRUE,0,NA,-0.4044183099779048,1.4127757589247715e-6,-0.4655456462651298,1.6194169347029015e-8,TRUE
CAPS,strict_only,Unclassified,1.3808489899448642,1.1925759803993106,1.5988448236172894,0.32269852010993055,2.184412771230838e-4,0.8195249948295611,517,170,TRUE,0,NA,0.2869776599367445,7.897874784722948e-5,0.3508988577081597,5.822697916874636e-7,TRUE
RCN3,strict_only,Unclassified,1.38830382924608,1.1960954281385732,1.6113994560608191,0.3280827352814816,2.184412771230838e-4,0.28526830349529436,517,170,TRUE,0,NA,0.34144728240695504,5.397649856628643e-6,0.3989840195268789,1.8637991022883436e-7,TRUE
RIT1,strict_only,Unclassified,0.7076472384954918,0.6047078111574867,0.8281100473826675,-0.3458095601691321,2.1989748865815375e-4,0.8124328374570702,517,170,TRUE,0,NA,-0.32274368555574695,2.628169776618675e-5,-0.3143671795279884,1.462242618168904e-5,TRUE
COBL,strict_only,Unclassified,0.7373308484174719,0.6419256756400383,0.8469154618032229,-0.30471857515275286,2.2034054458397397e-4,0.44279765739562327,517,170,TRUE,0,NA,-0.3244761864353136,3.4266428147535544e-6,-0.33259042684169166,2.065527242444781e-7,TRUE
PLVAP,strict_only,Unclassified,0.7116026152703511,0.6094634152759129,0.8308591941164485,-0.3402356479999774,2.204159716624937e-4,0.8925719363704728,517,170,TRUE,0,NA,-0.35571258571739606,4.3853660773269895e-6,-0.3770409172398405,8.208587169909952e-7,TRUE
CLEC14A,strict_only,Unclassified,0.7297366952195614,0.6322613115241819,0.8422398059850291,-0.3150715013845711,2.204159716624937e-4,0.6286741185282059,517,170,TRUE,0,NA,-0.3375691818622643,2.2006774492255113e-6,-0.33958500186760737,2.978662225647272e-6,TRUE
SEL1L3,strict_only,Unclassified,0.7410672255811015,0.6465356307896774,0.8494205217424802,-0.29966393501959926,2.204159716624937e-4,0.6065375428735484,517,170,TRUE,0,NA,-0.24003057009184625,5.826968286233932e-4,-0.2617659397536293,8.27639425685956e-5,TRUE
FLRT3,strict_only,Unclassified,0.7298725372879641,0.6323983125746674,0.8423708762256902,-0.3148853665400257,2.204159716624937e-4,0.49031932544278806,517,170,TRUE,0,NA,-0.3062695081583937,2.5012093609765552e-5,-0.3859868043243967,8.55010577626625e-8,TRUE
EIF4A1,strict_only,Unclassified,1.4209660993763584,1.2109719083783712,1.6673753054112763,0.3513369919523812,2.204159716624937e-4,0.0452441662784888,517,170,FALSE,0,NA,0.3281233764343224,3.902199932039939e-5,0.3497516898640021,1.343602307251977e-5,TRUE
FHOD1,strict_only,Unclassified,1.4948498351311426,1.244994868066795,1.7948475828349495,0.40202575706940746,2.204159716624937e-4,0.10141670826886189,517,170,TRUE,0,NA,0.4038324103245221,1.1840211464817704e-5,0.3374367409014217,7.901369659083913e-5,TRUE
ABCB1,strict_only,Immune,0.7262886539262727,0.6277757128295173,0.8402606186284355,-0.3198077482374948,2.2240805088516932e-4,0.9640846944009236,517,170,TRUE,0,NA,-0.3103499528399249,2.082094434265816e-5,-0.2939570516772822,3.1114160472967285e-5,TRUE
SLC17A2,strict_only,Unclassified,0.710614158760672,0.6081297161852078,0.8303696878995247,-0.341625670515367,2.2243745763650792e-4,0.6161401240913588,517,170,TRUE,0,NA,-0.3231812708388103,3.1459412730943137e-5,-0.32917627309665015,1.904283754721382e-5,TRUE
AGMAT,strict_only,Unclassified,0.7248428310073362,0.6258382521068746,0.8395094545499394,-0.3218004324461547,2.2484210230778415e-4,0.17663223103604436,517,170,TRUE,0,NA,-0.3233239110981459,9.098573586387027e-6,-0.27402397329912176,1.0300376566580467e-4,TRUE
DNASE1L3,strict_only,Unclassified,0.6954284770959919,0.5892155283247753,0.8207875446376202,-0.36322710957672566,2.2484210230778415e-4,0.4387126497744548,517,170,TRUE,0,NA,-0.39775088536670394,1.3999431015381451e-6,-0.41018126267004856,1.5786668155075432e-6,TRUE
ASNS,strict_only,Unclassified,1.3705167978247292,1.1868856711306786,1.5825587407508126,0.3151878933982715,2.2484210230778415e-4,0.29185332180141665,517,170,TRUE,0,NA,0.29577030174435515,3.950666143259091e-5,0.32393662626349506,1.4756010696978087e-5,TRUE
TMEM200A,strict_only,Unclassified,0.7525330600155873,0.6608421827350508,0.8569459111593528,-0.2843103497486262,2.2963638940524416e-4,0.4444222751773833,517,170,TRUE,0,NA,-0.25341812762619115,1.0840041348506412e-4,-0.25136306823074206,9.714287206732254e-5,TRUE
CCDC146,strict_only,Unclassified,0.688188855736177,0.5800161397020859,0.8165357284759804,-0.37369197910038354,2.3387657793575857e-4,0.9102043301860848,517,170,TRUE,0,NA,-0.377538446102646,1.6500639838047106e-5,-0.198645385952322,0.01484242156553119,TRUE
BTD,strict_only,Unclassified,0.6935358931008803,0.5865619600328327,0.8200191416987085,-0.36595228411252473,2.345759287157755e-4,0.2530820127418366,517,170,TRUE,0,NA,-0.3958255637453808,3.8516511693206106e-6,-0.4099887473814854,1.309973422876415e-7,TRUE
TRIM55,strict_only,Unclassified,0.7385206903940206,0.6427852573318763,0.8485148094466312,-0.3031061606204698,2.351008605304833e-4,0.7458677263080618,517,170,TRUE,0,NA,-0.31661318778384945,5.364347228709995e-6,-0.27878307116341117,3.589331400592114e-5,TRUE
ARHGAP4,strict_only,Unclassified,1.3774924449775308,1.1888136303682184,1.596116823948642,0.32026477744007775,2.52157516847464e-4,0.8606441724268655,517,170,TRUE,0,NA,0.3395372068383305,5.1905941051396995e-6,0.3632944541185966,4.7329306628547803e-7,TRUE
DNASE1,strict_only,Unclassified,1.3184683908364454,1.1608115535358374,1.4975375566686917,0.2764707529451042,2.5830858979217447e-4,0.39294441516884776,517,170,TRUE,0,NA,0.2391068931890142,2.559861318984708e-4,0.21351151213286904,4.243458068580055e-4,TRUE
C1orf210,strict_only,Unclassified,0.7332693234386544,0.635423870953565,0.8461814629174899,-0.31024221833352006,2.682671756953221e-4,0.28001197213197665,517,170,TRUE,0,NA,-0.3436479050931565,1.6240594719208213e-6,-0.35616315830429396,3.786130500526621e-7,TRUE
APOM,strict_only,Unclassified,0.7049140305291819,0.599788581509752,0.8284649053940304,-0.34967942611725966,2.6855154737320623e-4,0.6086588207658059,517,170,TRUE,0,NA,-0.3597406362387012,8.5286084335849e-6,-0.3139220431520359,7.842674289836073e-5,TRUE
L1CAM,strict_only,Unclassified,1.3444560491629172,1.172545502258114,1.5415709366073365,0.29598950683800535,2.716835411259628e-4,0.6338105278192598,517,170,TRUE,0,NA,0.30986510894068636,7.317961029524351e-6,0.34618715137434675,2.433299758712541e-7,TRUE
PLAUR,strict_only,ECM/EMT;Hypoxia;Immune,1.4033763643278434,1.1998596282736638,1.64141302327812,0.33888102197258285,2.7195543798220004e-4,0.6172784657977053,517,170,TRUE,0,NA,0.375705932592836,1.3689337725360698e-6,0.4313257713021278,7.74231856507183e-8,TRUE
PLIN2,strict_only,Hypoxia;Immune;Metabolism,0.722187433965104,0.6211308819646882,0.8396856522853621,-0.32547056995077034,2.781364805948283e-4,0.8963420131390417,517,170,TRUE,0,NA,-0.30394553755044124,4.322166874973566e-5,-0.3144595268774169,9.889731943569991e-6,TRUE
ALDH1L1,strict_only,Unclassified,0.7474230100298666,0.6529679242857624,0.855541497743807,-0.2911239756373744,2.856188905459524e-4,0.4247650368952471,517,170,TRUE,0,NA,-0.32352650322438925,1.7654595629243462e-6,-0.31305779563808134,2.095084079794464e-6,TRUE
HIBADH,strict_only,Unclassified,0.7236926102600283,0.6225568612195977,0.8412580870428072,-0.3233885482164534,3.0011506475538096e-4,0.7012007486942898,517,170,TRUE,0,NA,-0.31645060272906583,3.271437323344685e-5,-0.3254841287957898,1.5113983400173833e-5,TRUE
EPN3,strict_only,Unclassified,1.380544767782622,1.1871616243025678,1.6054291318350622,0.3224781805349448,3.200550044652227e-4,0.968283653870188,517,170,TRUE,0,NA,0.2640982630341735,3.5153305254627084e-4,0.19894309856932188,0.00611463082869963,TRUE
HYAL1,strict_only,Unclassified,0.7479385969022032,0.6528934456606934,0.8568199733877571,-0.2904343940801408,3.200550044652227e-4,0.2079526426523602,517,170,TRUE,0,NA,-0.3156753411117549,3.6876701343765385e-6,-0.3696424148817384,1.1664569594677156e-8,TRUE
DIRAS2,strict_only,Unclassified,0.7500432627315093,0.6555300498117909,0.8581832307007831,-0.28762439047340577,3.216399478160926e-4,0.5698359615457979,517,170,TRUE,0,NA,-0.26594471442318,7.223993535758914e-5,-0.3387562915329999,9.667756431047768e-8,TRUE
DOCK8,strict_only,Unclassified,0.7576040968488621,0.6650443363281627,0.8630461703217339,-0.27759432945743734,3.351868640346585e-4,0.2783273429364226,517,170,TRUE,0,NA,-0.28702240331595624,1.7003880793155143e-5,-0.30212889630116824,1.0916338292827394e-6,TRUE
LOXL3,strict_only,Unclassified,1.334142775719259,1.164889364541493,1.5279879791026183,0.2882889700416214,3.460259014910188e-4,0.1695516657784552,517,170,TRUE,0,NA,0.31921754835315913,2.122277587324504e-6,0.26507324400656407,4.1451440216941086e-5,TRUE
SCGN,strict_only,Unclassified,0.7217775878330659,0.6189978396448312,0.8416231090516203,-0.3260382376391935,3.5034018725861333e-4,0.7083154121657164,517,170,TRUE,0,NA,-0.335317515342843,1.0761194730514351e-5,-0.3516860941540332,1.0885000386939233e-5,TRUE
ADH6,strict_only,Unclassified,0.6995987395353889,0.5909343306017855,0.8282449859717561,-0.3572483375325823,3.665864409839603e-4,0.12280196177351568,517,170,TRUE,0,NA,-0.35443597365578783,2.7971511799661815e-5,-0.35704719753032715,9.773071166698791e-6,TRUE
HMGCS2,strict_only,Metabolism,0.7127752856292974,0.6073329093012612,0.8365240875691032,-0.33858907566387053,3.696950562450465e-4,0.5906014547230376,517,170,TRUE,0,NA,-0.3794873399264187,2.297759687948904e-6,-0.38543270611885344,1.312398968393748e-6,TRUE
CENPA,strict_only,Metabolism,1.3899664989084015,1.189527134180602,1.6241805777877696,0.3292796453474075,3.7004338147440693e-4,0.4020249721451909,517,170,TRUE,0,NA,0.35770447108794684,3.879771636005707e-6,0.4479458323460472,5.046854080511511e-10,TRUE
CYP4A11,strict_only,Metabolism,0.7114391685342077,0.6053907187781788,0.8360645031793124,-0.3404653625996782,3.829887073805207e-4,0.9874637912973628,517,170,TRUE,0,NA,-0.3615801674425622,6.574028878809591e-6,-0.3793838974220186,1.2076349164258531e-6,TRUE
HLA-E,strict_only,Immune,0.728336823621085,0.6264783610030802,0.8467563473271238,-0.31699166797494255,3.951463350284609e-4,0.4187628804687498,517,170,TRUE,0,NA,-0.3134260970351994,3.7909273517429645e-5,-0.2441023553627774,0.00134742022577642,TRUE
FKBP11,strict_only,Unclassified,1.394282216482107,1.1900856493828154,1.6335151173417115,0.332379742695921,4.1172649583754014e-4,0.9505286465497528,517,170,TRUE,0,NA,0.3712512869917846,1.7179685405041332e-6,0.4499191584972567,1.3225843921831303e-8,TRUE
PRG2,strict_only,Angiogenesis,1.3475711120831326,1.1689032541165842,1.5535485043143284,0.29830379575410415,4.139100497409775e-4,0.00356830459023435,517,170,FALSE,0,NA,0.2879795110919725,6.862019833379367e-5,0.33943284031771886,4.055052181750872e-6,TRUE
DNMT3L,strict_only,Unclassified,1.305754536641063,1.1495496990622618,1.483185034409175,0.2667810626847839,4.205403990037134e-4,0.7234305091919905,517,170,TRUE,0,NA,0.2662324936101806,3.940294544984053e-5,0.2274696023668522,4.767610401503091e-4,TRUE
PPARGC1A,strict_only,Hypoxia,0.7290165907631788,0.6266489306355856,0.8481067526420636,-0.31605878898391326,4.3619473869674016e-4,0.09437410787593407,517,170,TRUE,0,NA,-0.3340899848119356,1.1626414478776304e-5,-0.4187333865880116,5.737641661303037e-9,TRUE
CHEK2,strict_only,Unclassified,1.3911560249090618,1.1877892403088344,1.6293421593359318,0.3301350740910246,4.3619473869674016e-4,0.9264011951698888,517,170,TRUE,0,NA,0.3740614701253032,1.4972175868341317e-6,0.3704138651329976,3.297031907486988e-7,TRUE
RALGDS,strict_only,Unclassified,1.385271008761759,1.1849736311478434,1.6194248692749185,0.32589579469381924,4.412189177463921e-4,0.33681860309679745,517,170,TRUE,0,NA,0.3225221489361625,4.400808397844456e-5,0.354564090749163,8.475807523891249e-6,TRUE
SMPDL3A,strict_only,Immune,0.7564378686123078,0.6616865468523339,0.8647572657970728,-0.2791348791830181,4.4346519069795367e-4,0.8870246221421135,517,170,TRUE,0,NA,-0.286611864285881,3.11030789890248e-5,-0.23915392512829192,2.5785297428181124e-4,TRUE
EPHX2,strict_only,Metabolism,0.7358199499669709,0.6350969136024128,0.8525171311229918,-0.30676982337789277,4.490437720807719e-4,0.3292852287678009,517,170,TRUE,0,NA,-0.3369453325382868,5.441752620432455e-6,-0.4013377848115281,1.3370258786740438e-7,TRUE
NDC80,strict_only,Unclassified,1.428199426735053,1.203393956500462,1.6950007032261103,0.3564145087429678,4.587484157750977e-4,0.9630639115300924,517,170,TRUE,0,NA,0.3901325719145009,5.842515105071719e-6,0.48362739832300944,5.411917418878994e-10,TRUE
CGN,strict_only,Unclassified,0.7238270592022925,0.6195740075619655,0.845622323142792,-0.3232027836351669,4.683621130230116e-4,0.9180319608714772,517,170,TRUE,0,NA,-0.361922205766376,2.80425071575095e-6,-0.3671876128377392,2.548396113907091e-6,TRUE
PRC1,strict_only,Unclassified,1.3098696050513263,1.1502461687659185,1.4916445095210609,0.2699275941300534,4.711413110766161e-4,0.3633746495121444,517,170,TRUE,0,NA,0.25869469613169616,5.865252934458375e-5,0.28806397248139803,1.4204921381648826e-6,TRUE
ABAT,strict_only,Unclassified,0.7073862039033754,0.5986768575059684,0.8358352844261047,-0.3461785049406916,4.778923422878971e-4,0.7471833355498841,517,170,TRUE,0,NA,-0.3260505239948669,1.133526490978424e-4,-0.361724265869649,9.817806325170682e-6,TRUE
PPARA,strict_only,Metabolism,0.7278747072880771,0.6242934353693063,0.8486419358170814,-0.3176263509708008,4.994593918006563e-4,0.4112063564669384,517,170,TRUE,0,NA,-0.3461522293239449,9.372343667974994e-6,-0.30437420181570973,2.3363828305362447e-5,TRUE
POLE2,strict_only,Unclassified,1.3319442817557274,1.1593823458917505,1.530190256896859,0.2866397407295589,5.118246392703981e-4,0.44349632163340913,517,170,TRUE,0,NA,0.27959315145402036,8.058956964730876e-5,0.30857741504813285,2.1777380221017134e-6,TRUE
PABPC4L,strict_only,Unclassified,0.7188019256945751,0.6125549946482701,0.8434772598318385,-0.33016944503545487,5.171589486800386e-4,0.5502131319752596,517,170,TRUE,0,NA,-0.3553868393999069,6.428151208590948e-6,-0.34823573395919705,9.51528734410369e-6,TRUE
ABCA4,strict_only,Metabolism,1.320298995693556,1.1537074501871831,1.5109458101762183,0.27785822283739237,5.338875329924223e-4,0.5165552134049788,517,170,TRUE,0,NA,0.2562380244882451,1.5588163816672405e-4,0.25772202877270356,8.60592308597137e-5,TRUE
PLEKHG2,strict_only,Unclassified,1.4519784103003708,1.2111810245313015,1.7406492186370166,0.3729270473529219,5.456624129221495e-4,0.04217312635771244,517,170,FALSE,0,NA,0.3776348026590965,3.671285237208648e-5,0.3363024382399086,1.3332750998529892e-4,TRUE
EVL,strict_only,Unclassified,1.3471921265130342,1.165326611475985,1.5574402985957323,0.2980225201546979,5.486905650460096e-4,0.8239884355164918,517,170,TRUE,0,NA,0.31170581914480605,2.783080496406052e-5,0.2672528142043216,1.2272493007218127e-4,TRUE
IYD,strict_only,Unclassified,0.7241655661871511,0.6188650678330873,0.8473830476283987,-0.32273523016135797,5.50637999257256e-4,0.475436816050966,517,170,TRUE,0,NA,-0.348657704413668,1.1304770858127944e-5,-0.3423884352431284,9.872691015168354e-6,TRUE
MPP7,strict_only,Unclassified,0.6849517380522928,0.5696699431815085,0.8235626419759575,-0.3784068986001226,5.517512767843211e-4,0.44421107253275965,517,170,TRUE,0,NA,-0.41272681134070416,1.0237688134393469e-5,-0.4258218182528299,3.397042927278225e-6,TRUE
FAM107A,strict_only,Unclassified,0.7466281814773573,0.6472890191917873,0.8612128814918393,-0.2921879667937836,5.805132923354649e-4,0.113355614927043,517,170,TRUE,0,NA,-0.320750286808798,5.420911523490167e-6,-0.332232433271654,6.906810064648379e-6,TRUE
CXCL2,strict_only,Immune,1.3719788520111578,1.175550630587754,1.6012291783848775,0.3162541151988601,5.805132923354649e-4,0.22108409093092457,517,170,TRUE,0,NA,0.30802154804822074,6.597370921344668e-5,0.3342312003406207,1.5238100788724616e-5,TRUE
COL23A1,strict_only,Unclassified,0.7520289751190647,0.6541845251860904,0.8645077308390233,-0.28498042503115006,5.865738321078543e-4,0.7674470056158524,517,170,TRUE,0,NA,-0.2514130549568728,2.4607195773878845e-4,-0.2675037087754864,7.123903552635097e-5,TRUE
ACSM3,strict_only,Metabolism,0.7491195209020871,0.650387905065791,0.8628390107282291,-0.28885673422741537,5.86633279006829e-4,0.5217355945973006,517,170,TRUE,0,NA,-0.3037145049086206,2.5566844541179725e-5,-0.3014816009004778,5.3403489257275146e-5,TRUE
RBCK1,strict_only,Immune;Metabolism,1.3294306101261737,1.1564994230725076,1.5282201719089337,0.2847507378801752,5.87271605354595e-4,0.8597551947070172,517,170,TRUE,0,NA,0.3012648689805748,2.027626014119998e-5,0.3168685076767362,2.157016998845141e-6,TRUE
SLC43A3,strict_only,Unclassified,1.3541737952738948,1.1672173481489434,1.571075576210938,0.3031915231761511,5.951258438279548e-4,0.22625679772781865,517,170,TRUE,0,NA,0.3183142465396493,1.971520831628652e-5,0.3126978376988384,5.248367869460844e-6,TRUE
DPYS,strict_only,Unclassified,0.752304593560862,0.6539966335414643,0.8653900837807461,-0.2846139924119231,6.323307536610988e-4,0.6274898305814873,517,170,TRUE,0,NA,-0.27272827582372505,7.476171882452596e-5,-0.24702328267285684,4.211704382721587e-4,TRUE
IL10RB,strict_only,Immune,1.3510883350040743,1.1647065025529844,1.5672958680859088,0.30091044174365217,6.579672194887926e-4,0.44173835122593097,517,170,TRUE,0,NA,0.299583434494604,5.2081562628912235e-5,0.30830676562042697,3.443781874417955e-5,TRUE
CDKL2,strict_only,Unclassified,0.732772512816459,0.6282425754679923,0.854694629919593,-0.3109199761285938,6.915551557236501e-4,0.12842273103678742,517,170,TRUE,0,NA,-0.3362539790624811,1.248083437893621e-5,-0.4298049109384862,1.5950374545288445e-8,TRUE
SLC4A11,strict_only,Unclassified,1.3572732958463358,1.166698517994434,1.5789775775016146,0.3054777576615285,6.922557374631689e-4,0.8389624643046529,517,170,TRUE,0,NA,0.2555497635372565,7.112220241680584e-4,0.22437542540322183,0.00327912815092322,TRUE
SBNO2,strict_only,Unclassified,1.4553507857580126,1.2085299810023142,1.7525803603563304,0.37524696143401376,6.922557374631689e-4,0.5166201810356208,517,170,TRUE,0,NA,0.395246442876257,2.39612486094376e-5,0.39796493610914646,7.618721845553854e-6,TRUE
MYO5B,strict_only,Unclassified,0.7302132334130291,0.6248677119793089,0.8533188001705665,-0.31441868692697134,6.954034270320265e-4,0.06763357457933046,517,170,TRUE,0,NA,-0.3081723727018092,1.039492995994226e-4,-0.40875474780957183,1.2619204103431464e-7,TRUE
GLTPD2,strict_only,Unclassified,0.7294512502193606,0.6238750307016775,0.852893769202675,-0.31546273954513016,6.955983265012895e-4,0.4487765605703681,517,170,TRUE,0,NA,-0.31345847421826506,7.959941883897324e-5,-0.22812232682301825,0.00317883575061508,TRUE
HLA-DQB2,strict_only,Unclassified,0.7462017081092448,0.6453728256632454,0.8627834439928851,-0.2927593291207164,6.998193487129828e-4,0.5897574946102282,517,170,TRUE,0,NA,-0.260333658427602,4.674446075207266e-4,-0.234759237950482,9.958194139246491e-4,TRUE
RAB15,strict_only,Unclassified,1.358290459712775,1.1668731232395686,1.5811084651814005,0.30622689412494364,7.019874813141143e-4,0.1528777065677742,517,170,TRUE,0,NA,0.311058012927834,5.1385315429959344e-05,0.26179009385900204,7.109038405236311e-4,TRUE
CDH5,strict_only,Unclassified,0.7392426584470306,0.636274937738394,0.8588735398101123,-0.3021290513816767,7.043579370476914e-4,0.8088253092343337,517,170,TRUE,0,NA,-0.31745261989848367,2.560410125408192e-5,-0.3199896505497846,2.2677431194947796e-5,TRUE
KLHL13,strict_only,Unclassified,0.7188940598564666,0.6102186193594179,0.8469237956708651,-0.33004127584955795,7.055783959981079e-4,0.7879528710456648,517,170,TRUE,0,NA,-0.3023760636583686,2.2093745207701736e-4,-0.3875926715984522,2.3959407597753942e-6,TRUE
RDH12,strict_only,Unclassified,0.6875574183840941,0.5708024816749342,0.8281940228918235,-0.374609935279224,7.0622572007799e-4,0.4063393605648705,517,170,TRUE,0,NA,-0.3817587105336611,4.585106227074819e-5,-0.33252348505850393,3.3624887482011894e-4,TRUE
CDKN3,strict_only,Unclassified,1.3480414926745414,1.1618826604467276,1.5640270122229998,0.29865279293222446,7.200954253061749e-4,0.6176730130070927,517,170,TRUE,0,NA,0.3196037537376351,1.8227448966572134e-5,0.3889625828477593,2.913400167093269e-8,TRUE
HPGD,strict_only,Metabolism,0.7192947980682232,0.6104372740470001,0.8475645713734223,-0.3294839940712718,7.226228039456089e-4,0.5126287995017459,517,170,TRUE,0,NA,-0.3618341354170444,1.0790020499996105e-5,-0.2426505158638494,0.00250155092978272,TRUE
RASSF6,strict_only,Unclassified,0.7733229182363894,0.6803342640483176,0.8790213391739053,-0.25705857087835493,7.288342376733941e-4,0.842013543440263,517,170,TRUE,0,NA,-0.235684107870671,1.9342233965092057e-4,-0.2826654741534426,1.5087385409499713e-5,TRUE
RNF152,strict_only,Unclassified,0.7269765376353575,0.6200643558334141,0.8523226360301821,-0.31886107482310105,7.388006265445031e-4,0.5855065508318428,517,170,TRUE,0,NA,-0.3661156379462328,3.0037719238982004e-6,-0.3574282308394812,2.557090835890149e-6,TRUE
TFAP2A,strict_only,Unclassified,1.35935110513067,1.166015901022233,1.5847429056499116,0.3070074573055104,7.514725183221104e-4,0.31295984885559686,517,170,TRUE,0,NA,0.30182283519913655,8.335908684161325e-5,0.3829885094856237,6.518866865064664e-8,TRUE
CDC20,strict_only,Unclassified,1.3574202081681723,1.165152611628656,1.5814148319744514,0.3055859925851121,7.519019347991858e-4,0.38320722093751014,517,170,TRUE,0,NA,0.3345155850043099,1.4326609449911791e-5,0.4174164245425653,5.601127339857408e-9,TRUE
ENPP2,strict_only,Metabolism,0.7483582769932422,0.6471847981896401,0.8653480618068989,-0.28987343574444424,7.776367779307055e-4,0.38569648374520377,517,170,TRUE,0,NA,-0.3052583687499799,3.4319387475030314e-5,-0.29693409074251753,1.0982897098255148e-4,TRUE
TGFA,strict_only,Metabolism,0.7464415893174842,0.6445365997113204,0.8644583511818618,-0.2924379111225677,7.933699368957294e-4,0.7854692596800739,517,170,TRUE,0,NA,-0.2461025023129845,7.172937511603933e-4,-0.27537928867419065,4.134055101069736e-5,TRUE
PEPD,strict_only,Unclassified,0.7235130883643166,0.614860793581587,0.8513653732664141,-0.3236366427296289,8.098393467191897e-4,0.2405232187295173,517,170,TRUE,0,NA,-0.31309143032894654,1.2329489174962814e-4,-0.3447566208145116,3.17265381827108e-5,TRUE
MDK,strict_only,Unclassified,1.3783664879907926,1.1724931042951892,1.6203883573013755,0.320899093683273,8.417408285562801e-4,0.21714853758982683,517,170,TRUE,0,NA,0.3506940373503102,1.2276817747449852e-5,0.4151751269493045,3.578526295393844e-7,TRUE
DAO,strict_only,Unclassified,0.7284304005395199,0.6207129918805997,0.8548408932485074,-0.3168631959486481,8.579960544575306e-4,0.04546995449969505,517,170,FALSE,0,NA,-0.3243810645436113,6.455055957264612e-5,-0.325530071035803,3.7141078839491754e-5,TRUE
HAVCR2,strict_only,Unclassified,0.7262590700787929,0.6178714450353738,0.8536601603939081,-0.31984848197311677,8.639757722868085e-4,0.11691003167002918,517,170,TRUE,0,NA,-0.2546754414142587,0.00129639272850859,-0.2344572569988351,0.00224188202063113,TRUE
TGFBR3,strict_only,ECM/EMT,0.74419701829051,0.6408588365090836,0.8641984326054238,-0.2954494696746449,8.696326413331462e-4,0.454694772581909,517,170,TRUE,0,NA,-0.301624563707091,4.545298616524376e-5,-0.3683855646353653,9.597431614368133e-7,TRUE
FBXO21,strict_only,Unclassified,0.7011446364013122,0.5858912866101676,0.8390699988023971,-0.3550410845551849,8.696326413331462e-4,0.8486496138658541,517,170,TRUE,0,NA,-0.3759402707777357,3.0886159836346004e-5,-0.44552882260768256,2.68172415378095e-6,TRUE
ZNF83,strict_only,Unclassified,1.308697349556886,1.1420543940589454,1.4996560248327546,0.26903225282843984,8.750367654141636e-4,0.2185061009099621,517,170,TRUE,0,NA,0.26931406016791004,1.0813716275628908e-4,0.36323676770281954,7.659864377221439e-7,TRUE
PLG,strict_only,Immune;Metabolism,0.6876101684282706,0.5687266917169279,0.8313443884594133,-0.3745332172926916,8.859607759128442e-4,0.39171411551647106,517,170,TRUE,0,NA,-0.3875897169110907,5.148170388449351e-5,-0.46171545501622097,2.0277147950632874e-6,TRUE
CRYM,strict_only,Unclassified,0.75623639780008,0.6563321871244736,0.8713476202701926,-0.2794012561789022,8.91762589419385e-4,0.4334064159563382,517,170,TRUE,0,NA,-0.2728218377411872,1.344917249673364e-4,-0.3205953588880421,2.537245368099444e-6,TRUE
PRKD1,strict_only,Unclassified,0.7476735508595717,0.6448289836878943,0.8669209244563538,-0.2907888256027823,9.381340701995282e-4,0.8787236512320112,517,170,TRUE,0,NA,-0.315971721663286,1.9568175428505293e-5,-0.3721322815840469,3.538109014454641e-7,TRUE
EDN1,strict_only,Immune,0.7491920853427813,0.6466655379721534,0.8679738563158679,-0.28875987261271724,9.53298944501858e-4,0.6488764194341617,517,170,TRUE,0,NA,-0.30754710737854013,1.9803712997649037e-5,-0.2613146895771448,7.826961692198239e-4,TRUE
AOX1,strict_only,Metabolism,0.7428277600949419,0.6381054156364572,0.8647365586410214,-0.29729107796854803,9.958357369112443e-4,0.3604362138752843,517,170,TRUE,0,NA,-0.296559487030009,9.970904312593978e-5,-0.27435792653157937,1.755388877249068e-4,TRUE
ARPC1B,strict_only,Unclassified,1.359205230328184,1.161829944950919,1.5901112431987932,0.30690013946131245,9.965812398571394e-4,0.698242601685137,517,170,TRUE,0,NA,0.32005016576152534,3.534733151341946e-5,0.3577712289483713,6.890470379491371e-7,TRUE
FAM151A,strict_only,Unclassified,0.7358438993701346,0.6287885576026517,0.8611261093946493,-0.306737275995314,0.00103465017841477,0.8734395460282196,517,170,TRUE,0,NA,-0.3076462841115945,1.4394890302709928e-4,-0.26441303337549943,0.00115019551752344,TRUE
TLL1,strict_only,Unclassified,0.7542315112181872,0.652638873646133,0.8716385055894089,-0.2820559140466091,0.00104367457624734,0.6839920162208205,517,170,TRUE,0,NA,-0.28587490771177626,8.011914459981343e-5,-0.29115283060387276,4.456080198502829e-5,TRUE
IFI44,strict_only,Immune,1.3883751785944236,1.1728714943817304,1.6434755604263438,0.328134127140719,0.00106950687029025,0.2699928608119095,517,170,TRUE,0,NA,0.33552251393667687,8.535420749455509e-5,0.41851077455248287,6.444880549453959e-7,TRUE
TNFRSF25,strict_only,Unclassified,1.3700844577893532,1.1650402786572602,1.6112159003115234,0.314872385961298,0.00108810881755192,0.1454077860820622,517,170,TRUE,0,NA,0.31111690533608993,1.5803348217068955e-4,0.343107168842866,2.1459835491384724e-5,TRUE
FREM2,strict_only,Unclassified,0.7662265795470325,0.6679689920857704,0.8789377623219943,-0.26627735722717844,0.00110266516860882,0.5694511532100948,517,170,TRUE,0,NA,-0.2862209219044068,2.9979790546165204e-5,-0.3232453857199,1.1603877002927454e-6,TRUE
KIF4A,strict_only,Unclassified,1.3509780339410191,1.156253272123326,1.578496417864815,0.3008287997348663,0.00116443342101919,0.7857798508469024,517,170,TRUE,0,NA,0.33230312325995487,1.961281210811378e-5,0.418097874909864,1.101745200552254e-8,TRUE
NAPSA,strict_only,Unclassified,0.7387343892987014,0.6315353935789506,0.8641297122554729,-0.3028168417220492,0.00117175650664851,0.615507522393666,517,170,TRUE,0,NA,-0.3178232308743554,6.0535081867193494e-5,-0.320346831248735,4.9035383462497216e-5,TRUE
F2RL3,strict_only,Unclassified,0.7282795705019098,0.6179099102254629,0.8583632080231844,-0.3170702790896267,0.0011885083966443,0.7476185291872709,517,170,TRUE,0,NA,-0.35184477969902095,1.5439336661318024e-5,-0.35147330227399193,1.477179115025674e-5,TRUE
COL6A2,strict_only,ECM/EMT,1.381130631431114,1.168121295230825,1.6329826610175568,0.3229024618660871,0.00119824785364972,0.8928273871863679,517,170,TRUE,0,NA,0.35301130653682866,3.2229363726766506e-5,0.39089408921015073,3.2602077079511895e-6,TRUE
SNHG12,strict_only,Unclassified,1.3267831749256611,1.145744465819813,1.5364277513714488,0.28275734706798467,0.00119827628200974,0.9683157049887314,517,170,TRUE,0,NA,0.2958436751455023,8.646641427104945e-5,0.3298188954090878,1.0134786460299604e-5,TRUE
FNDC5,strict_only,Unclassified,1.318460255585699,1.1421762667655575,1.5219519929982197,0.2764645826979437,0.00120621703862405,0.2025066300564421,517,170,TRUE,0,NA,0.21610301419576572,0.00176221529332269,0.24677440552987132,7.768247577790493e-4,TRUE
ATP1B1,strict_only,Metabolism,0.7533297227664428,0.6501517293889165,0.872881891334457,-0.2832522681833084,0.00122942566923079,0.946435535788936,517,170,TRUE,0,NA,-0.28823005439749094,1.09547844713546e-4,-0.35738652962461553,4.378774687170104e-7,TRUE
DHDH,strict_only,Unclassified,0.7137568346691139,0.5988077694997704,0.8507718920588723,-0.3372129423392156,0.00124421347720969,0.4749695240310371,517,170,TRUE,0,NA,-0.3359925372526792,1.3076289937185448e-4,-0.3908352969387724,4.084037152719561e-6,TRUE
SCGB1D2,strict_only,Unclassified,0.7367076961681395,0.6283407432187499,0.8637641844027603,-0.30556407853357614,0.00124421347720969,0.5583744370564417,517,170,TRUE,0,NA,-0.32665792918475867,4.7425609371669926e-5,-0.30889977704745913,1.4953746564615858e-4,TRUE
GOT1,strict_only,Metabolism,0.7248827320670372,0.6129903778474743,0.8571993855664026,-0.32174538608327413,0.00125416210704172,0.14461174170883745,517,170,TRUE,0,NA,-0.34894293903747203,3.800006290591141e-5,-0.3995514181203085,2.8125687213302326e-6,TRUE
SCO2,strict_only,Unclassified,1.3292744972184938,1.1455188474704296,1.54250686739669,0.2846333025862585,0.00129562428871506,0.2351519288026851,517,170,TRUE,0,NA,0.284242285295533,1.7306326083616947e-4,0.3565152194025637,2.401439516137714e-6,TRUE
BNIP3,strict_only,Unclassified,0.7476119003605762,0.6421246833181303,0.8704283888801116,-0.29087128544211277,0.00130025765360672,0.3743915820578216,517,170,TRUE,0,NA,-0.2824005039620118,2.331270433778208e-4,-0.31400851806432106,5.040797163011969e-5,TRUE
KCNAB1,strict_only,Unclassified,0.7253675022266332,0.6132119986529903,0.8580360698131929,-0.3210768529347348,0.00130363999743425,0.23731770630164525,517,170,TRUE,0,NA,-0.33767641561831674,5.641251345178575e-5,-0.337520975959385,4.476261451771747e-5,TRUE
SLPI,strict_only,Unclassified,1.335422150775783,1.1477105528236888,1.5538345590663716,0.289247459675474,0.00132169173741441,0.5053923974609088,517,170,TRUE,0,NA,0.3144407960627689,3.37734968448246e-5,0.36124564328116626,1.3726861386345366e-6,TRUE
SLC22A8,strict_only,Unclassified,0.6911991244585449,0.569566067878259,0.8388073949559376,-0.3693273281908004,0.00132702372676489,0.2583395486727911,517,170,TRUE,0,NA,-0.3884959013274288,7.78562498026108e-5,-0.4622152925668838,2.282288893249596e-6,TRUE
TMEM44,strict_only,Unclassified,1.4009795954777875,1.1741134437493694,1.6716815886864849,0.3371717029931268,0.00132702372676489,0.3619843124714738,517,170,TRUE,0,NA,0.356993930867386,5.1787980372592776e-5,0.4469304842955088,1.4956613767469893e-7,TRUE
CYP8B1,strict_only,Metabolism,0.7509607977750954,0.6462405664974051,0.8726504478843671,-0.2864018286136334,0.00133563403906748,0.6058732974361851,517,170,TRUE,0,NA,-0.283700888578297,1.9079630215629607e-4,-0.22078940582276035,0.00596652805286347,TRUE
HADH,strict_only,Metabolism,0.6778606465904115,0.5526984170779367,0.8313666947433589,-0.3888135481695034,0.00135385680334459,0.04988844707663569,517,170,FALSE,0,NA,-0.4163289243337319,4.498328195524128e-5,-0.5180581464537298,3.2388959931675713e-7,TRUE
FECH,strict_only,Unclassified,0.7326419003915324,0.6221869588436711,0.8627055687680876,-0.31109823618130694,0.0013617911332184,0.29528926347912454,517,170,TRUE,0,NA,-0.32269853441410634,8.351043577669445e-5,-0.3909076204348445,1.633109286440603e-6,TRUE
SLC22A12,strict_only,Unclassified,0.7282900783520271,0.6165120074876416,0.8603343191764747,-0.317055850874504,0.0013641577058593,0.9950228392748636,517,170,TRUE,0,NA,-0.3224435295715804,1.0487700335840355e-4,-0.37657008469719816,3.118137899555651e-6,TRUE
TRIB3,strict_only,Unclassified,1.3637925990218922,1.1585838880105743,1.6053479358673004,0.31026949435695284,0.0013641577058593,0.882590377877202,517,170,TRUE,0,NA,0.32380819991906856,8.255796651401589e-5,0.33289855369291566,3.126260977622602e-5,TRUE
NNT,strict_only,Metabolism,0.6889746324021001,0.5664862854230779,0.8379479897542298,-0.3725508266403266,0.0013641577058593,0.1294502211607407,517,170,TRUE,0,NA,-0.3692664869347257,1.803670825683019e-4,-0.5194885883891223,6.257093650476872e-8,TRUE
ASGR1,strict_only,Unclassified,1.3300383813184793,1.1446775190109313,1.5454152513703618,0.28520779995146944,0.00138639000521457,0.4992705482534826,517,170,TRUE,0,NA,0.2734989206328491,3.57131473184443e-5,0.34323071968516045,3.2540367538897754e-6,TRUE
CARD9,strict_only,Unclassified,1.3761631739055036,1.1632393919714084,1.628061338263395,0.3192993181675643,0.00139145787008243,0.9846820326876414,517,170,TRUE,0,NA,0.3422716469280258,5.320332983678526e-5,0.3789637226774089,7.935196990621045e-6,TRUE
TF,strict_only,Unclassified,1.2812562907827985,1.1244447701225138,1.4599362514635847,0.24784107377178513,0.00140099142276629,0.6396611816822527,517,170,TRUE,0,NA,0.25997162128550205,7.816675694392949e-5,0.24767479803075987,5.743663718224626e-5,TRUE
GDPD5,strict_only,Unclassified,1.3749021858922748,1.1623611542445047,1.62630694760272,0.3183825910552492,0.00142481462148627,0.3647756217032396,517,170,TRUE,0,NA,0.3341398671919304,7.751409114514132e-5,0.34195824543189324,1.698961544803928e-5,TRUE
NRP1,strict_only,Angiogenesis;Immune,0.7509270862732645,0.6456158170863655,0.8734164714917785,-0.28644672078194316,0.00142481462148627,0.6807265896373962,517,170,TRUE,0,NA,-0.25050847828111905,9.185369446029602e-4,-0.2611077679633537,2.7666699361661304e-4,TRUE
SUSD4,strict_only,Unclassified,1.3214950783316242,1.1406706342160815,1.530984659085988,0.2787637307507874,0.00142951135374551,0.525384453989939,517,170,TRUE,0,NA,0.2912555627458611,7.800657683354568e-5,0.28132683089253435,7.067781428298842e-5,TRUE
XAF1,strict_only,Immune,1.3477372672587116,1.1513135549076523,1.5776725061694197,0.2984270878991239,0.00142951135374551,0.25182850219375336,517,170,TRUE,0,NA,0.30560825099819716,1.4281916183375877e-4,0.32266426493751105,6.771078626066432e-5,TRUE
NLGN1,strict_only,Unclassified,0.7641950214886644,0.6628868538084417,0.8809859895589669,-0.2689322586612406,0.00146542026881121,0.993679909843206,517,170,TRUE,0,NA,-0.21294041300947825,0.00230845357895986,-0.20484531208220444,0.00422032583883853,TRUE
SPC24,strict_only,Unclassified,1.3154984688355087,1.1377934642520864,1.52095813157629,0.27421565755645255,0.00147896703860422,0.670059123253715,517,170,TRUE,0,NA,0.2960189260058824,4.543171111450602e-5,0.3426027401125278,4.917774867326017e-8,TRUE
HSPB8,strict_only,Metabolism,0.7779397013721878,0.6809100859695532,0.8887960267313617,-0.2511062624703847,0.00152286986880204,0.4112138799264691,517,170,TRUE,0,NA,-0.21814504511339072,0.00146306479296247,-0.1974132866594819,0.00455994394323636,TRUE
CDS1,strict_only,Unclassified,0.754466537907239,0.6495192484046185,0.8763708823408718,-0.28174435178126483,0.00155891619966998,0.5381706002080278,517,170,TRUE,0,NA,-0.3101352523556232,4.036768185515358e-5,-0.3650238193764729,6.283338189005964e-7,TRUE
ADORA2B,strict_only,Hypoxia;Immune;Metabolism,1.3198767736261283,1.1386152900482531,1.529994118982796,0.2775383789270486,0.00158384712547982,0.17259256875963713,517,170,TRUE,0,NA,0.3077756231251053,4.560668610784136e-5,0.2692183935206153,3.759186496758525e-4,TRUE
ESRRG,strict_only,Unclassified,0.7499849358635212,0.643336164962971,0.8743133600371821,-0.2877021581688026,0.00161762512811548,0.981155421559663,517,170,TRUE,0,NA,-0.32047684057288284,3.703103266776872e-5,-0.312319701564205,2.5082207003359913e-5,TRUE
NDUFS1,strict_only,Metabolism,0.72146467387601,0.6061936129471954,0.8586551631918272,-0.3264718640237044,0.00161762512811548,0.08443620673394704,517,170,TRUE,0,NA,-0.3333763022788786,1.5646865967092088e-4,-0.38429071805989234,3.532519143909655e-6,TRUE
PDCD6,strict_only,Unclassified,1.3173382258992743,1.137223972502505,1.525979088883149,0.27561320520297916,0.00162137969444735,0.01648977892524905,517,170,FALSE,0,NA,0.2547564004059887,5.047393104121752e-4,0.21156168413731785,0.00436050878570152,TRUE
CHN2,strict_only,Unclassified,1.2795149561894297,1.1215947501961296,1.4596702800420145,0.24648106563843183,0.00165547406405913,0.9495431714583004,517,170,TRUE,0,NA,0.2380827796441757,2.647629760697187e-4,0.1825594041769149,0.00519022434153982,TRUE
SCD5,strict_only,Unclassified,0.7163915109299289,0.599338188287606,0.8563058502892991,-0.3335284584890025,0.00167209374797025,0.7466876888515747,517,170,TRUE,0,NA,-0.3321822305577396,2.028489594377411e-4,-0.3201134062739503,3.090477124787553e-4,TRUE
RNASEH2A,strict_only,Unclassified,1.2602038730298963,1.1134717662117035,1.426272178416066,0.2312735118665138,0.00168517506378291,0.8680753358007409,517,170,TRUE,0,NA,0.2225791315973204,3.711099566890431e-4,0.2037208720881908,7.097555338087767e-4,TRUE
COL4A5,strict_only,Unclassified,1.396888626455721,1.1678186670142954,1.6708911150650965,0.33424735372933295,0.00170559873603734,0.9560639991472552,517,170,TRUE,0,NA,0.32473677892842273,2.856984578334451e-4,0.3693191565586264,1.7462854603942653e-5,TRUE
FER1L4,strict_only,Unclassified,1.3643522945254696,1.1546347198392848,1.6121611030681744,0.3106798065165113,0.00176355398703021,0.04625481692549534,517,170,FALSE,0,NA,0.3242906166751252,1.2678360982015422e-4,0.35404532695898083,3.513209192087749e-5,TRUE
SLC41A2,strict_only,Unclassified,0.7427415129942717,0.6329025598106934,0.8716427933077527,-0.2974071911681536,0.00180198595736322,0.6772374434142585,517,170,TRUE,0,NA,-0.2261423595609555,0.00351453065116731,-0.1803278798582574,0.03037938148176847,TRUE
PEBP1,strict_only,Unclassified,0.7592412815978575,0.65459499424461,0.8806167611281023,-0.27543565803579706,0.0018145667617103,0.1961046481753406,517,170,TRUE,0,NA,-0.3070625565258524,4.1712749714306624e-5,-0.2703426161477947,4.713833236375823e-4,TRUE
MARVELD3,strict_only,Unclassified,0.7638105961762288,0.6606385548880415,0.8830950336072289,-0.2694354313146683,0.00181814422007755,0.9353233963823072,517,170,TRUE,0,NA,-0.2934248487152526,7.218655229872585e-5,-0.2307505538367988,0.00116854404253957,TRUE
MTMR10,strict_only,Unclassified,0.7294879194033648,0.6154325021712445,0.864680728882561,-0.31541247126146854,0.00183607390598035,0.8393908473468971,517,170,TRUE,0,NA,-0.353464126788646,3.3579901851317385e-5,-0.3857733741977156,6.9975635301065705e-6,TRUE
AKR7A3,strict_only,Unclassified,0.7609416565069518,0.6565400676831824,0.8819449613347279,-0.27319859093604804,0.00187657265941737,0.33453096660330556,517,170,TRUE,0,NA,-0.284010573642259,1.4132200309809872e-4,-0.3118553294511033,1.6737199487298976e-5,TRUE
XYLB,strict_only,Unclassified,0.7320068631663487,0.6185036741498557,0.8663393123074828,-0.31196538915446675,0.00187657265941737,0.4805451246472755,517,170,TRUE,0,NA,-0.2878953787172527,4.636320752834266e-4,-0.3476241856630299,1.1652798710995217e-5,TRUE
FMO4,strict_only,Unclassified,0.7483360902358118,0.6397894794504329,0.8752987067409369,-0.289903083423914,0.0018917854598763,0.45410410269001344,517,170,TRUE,0,NA,-0.3031588994346847,1.5160426695664026e-4,-0.26206223987198185,6.686025541313099e-4,TRUE
MS4A14,strict_only,Unclassified,1.343017312145825,1.1447534523250416,1.5756191842531833,0.29491880811015775,0.00193230087156204,0.3335191488987924,517,170,TRUE,0,NA,0.30496386922116797,1.5035112536758164e-4,0.3361236001899978,3.9549067524456774e-5,TRUE
ARHGEF10,strict_only,Unclassified,1.3182437650681131,1.134535304278741,1.5316990291859685,0.2763003697135689,0.00199957856947435,0.19539700346890268,517,170,TRUE,0,NA,0.26891455134185444,3.901281954080511e-4,0.2548999295206669,5.652324388770755e-4,TRUE
ETS1,strict_only,Hypoxia;Immune,0.7507795210398722,0.6423550744143718,0.8775051551149522,-0.28664325082735764,0.00204131870646597,0.8646941188536217,517,170,TRUE,0,NA,-0.2759257616746307,2.8411633892896806e-4,-0.27717219201316584,2.239663246985388e-4,TRUE
TWIST1,strict_only,Unclassified,1.3011457912016948,1.1268279003018475,1.5024302908264688,0.2632452541295688,0.0021416347631904,0.6847924498390436,517,170,TRUE,0,NA,0.2748623291502355,1.5177051896682437e-4,0.3477282460101065,1.6594536049310728e-6,TRUE
ANKDD1A,strict_only,Unclassified,1.3194833355627873,1.1338315771777805,1.5355334141967645,0.2772402475239972,0.00216334954718803,0.07968468415621052,517,170,TRUE,0,NA,0.28506295021612027,2.4757713336958287e-4,0.3196613835209529,3.393888008280372e-5,TRUE
ABCG1,strict_only,Unclassified,0.7789147607260818,0.6793532295908512,0.8930673735699567,-0.24985366050260693,0.002181056521856,0.35910336608478516,517,170,TRUE,0,NA,-0.2706367569052215,9.747160043487932e-5,-0.2497537249680174,9.847740143605508e-5,TRUE
ALDOB,strict_only,Hypoxia;Metabolism,0.7400385996551923,0.6275680900694066,0.872665671893944,-0.3010529324480899,0.00218872171368354,0.8967780812061837,517,170,TRUE,0,NA,-0.3144690702541219,1.3707756483115972e-4,-0.3804257284492581,4.9803457064982205e-6,TRUE
PTTG1,strict_only,Unclassified,1.325055425287292,1.1356144648343225,1.5460985523281794,0.2814542889688219,0.00221617907763867,0.7256505868741469,517,170,TRUE,0,NA,0.3123244844712385,4.9073462570535155e-5,0.4004019302182832,2.9083454374971032e-8,TRUE
IGDCC4,strict_only,Unclassified,1.3096863658183862,1.12922728767224,1.5189841722178024,0.26978769314280465,0.00228402573123765,0.11171217319288404,517,170,TRUE,0,NA,0.3058776384241516,4.1091377136869026e-5,0.3231153975467788,7.805963273452866e-6,TRUE
ABLIM1,strict_only,Unclassified,0.7726414451038862,0.6701756679055457,0.8907736154580279,-0.2579401865129744,0.00239381853778614,0.8779727261186582,517,170,TRUE,0,NA,-0.1916636506224065,0.00282058236033785,-0.2987039537970503,1.0196312846133207e-5,TRUE
FDX1,strict_only,Immune;Metabolism,0.7402411451140314,0.62700560689385,0.8739267191473454,-0.30077927409287836,0.00241194882238573,0.7513319931032628,517,170,TRUE,0,NA,-0.31923646672120454,1.5143633882046302e-4,-0.28402433900688306,4.716410543843649e-4,TRUE
PTGER3,strict_only,Metabolism,0.7551201350958741,0.6465593777930322,0.8819088207699586,-0.280878423058967,0.00243987191322936,0.2702009965994343,517,170,TRUE,0,NA,-0.3222375384347453,2.416607069143497e-5,-0.19928187083050716,0.01050702323454772,TRUE
HMGCR,strict_only,Unclassified,0.7407434018237263,0.6275047598140364,0.8744169327225441,-0.3001009999947604,0.00244894069558409,0.0528009455918414,517,170,TRUE,0,NA,-0.3240186727478647,1.118670583504804e-4,-0.34857126392564947,3.07171932992502e-5,TRUE
LCN2,strict_only,Unclassified,1.283439233694858,1.1178242683158977,1.4735914340712273,0.24954337598924176,0.00248907765267925,0.35427649251766297,517,170,TRUE,0,NA,0.24144687281954544,6.070392283928624e-4,0.2015767753370005,0.00243391203647549,TRUE
SLC25A30,strict_only,Unclassified,0.7519708754566498,0.6421324661723814,0.8805974270474616,-0.2850576852282461,0.00250165081069422,0.41243713766576695,517,170,TRUE,0,NA,-0.2999602420066526,1.890699476032488e-4,-0.3035939642082961,8.048687958825348e-5,TRUE
GALNT14,strict_only,Unclassified,0.7877438271354462,0.6901863152310093,0.8990910475851748,-0.23858233444597732,0.00251033825066123,0.3189129318304946,517,170,TRUE,0,NA,-0.20556086240653249,0.00200448077232962,-0.1885013524098584,0.00227810202420137,TRUE
DTX1,strict_only,Unclassified,1.3235450674674,1.1326374251603235,1.5466304632917487,0.280313793837346,0.00259942976194542,0.7970216942228516,517,170,TRUE,0,NA,0.29617851021662955,1.5958364499098204e-4,0.2582552702320051,6.311914434174926e-4,TRUE
PROX1,strict_only,Unclassified,1.2967978052022948,1.1223867591465502,1.4983111069986448,0.25989799896588506,0.00259946664524256,0.4572309543812329,517,170,TRUE,0,NA,0.26563311063601047,2.782414939453435e-4,0.2774175059042835,4.44687095151811e-5,TRUE
STRA6,strict_only,Unclassified,1.2674335214815666,1.1108863688806492,1.446041446159604,0.23699400657247555,0.00262255776603758,0.8333020566284236,517,170,TRUE,0,NA,0.2635439180378707,8.161058978535559e-5,0.2944192931899038,7.1437234263278585e-6,TRUE
IGF2BP2,strict_only,Unclassified,1.3009694427117937,1.123849189804768,1.5060041028848854,0.2631097117155568,0.00262255776603758,0.7897029592838224,517,170,TRUE,0,NA,0.2865445433118744,8.676337161591837e-5,0.36078467521790575,5.18673830159708e-7,TRUE
FUT3,strict_only,Unclassified,0.7370510823319294,0.6218910032543284,0.8735361906248762,-0.3050980780251979,0.00264815325850451,0.7302300927535452,517,170,TRUE,0,NA,-0.315576636983746,2.1838493643767075e-4,-0.323657176323854,9.28077255251168e-5,TRUE
EZH2,strict_only,Unclassified,1.3170192924182311,1.1296448901366312,1.5354735207026209,0.2753710714148475,0.00267284936541797,0.7404446915167282,517,170,TRUE,0,NA,0.30376286651572093,8.585665719118072e-5,0.37947136728028685,9.858579029116109e-7,TRUE
BEST1,strict_only,Immune,1.3145071629969955,1.1283009192292253,1.531443475868838,0.2734618143909021,0.00274895050314142,0.09004956649605038,517,170,TRUE,0,NA,0.280205670694206,3.411865252945701e-4,0.28280277825688394,1.9566144885334953e-4,TRUE
SPTBN2,strict_only,Unclassified,1.3089855423721115,1.1257718933923138,1.5220162807369926,0.26925244207846605,0.00281188352873887,0.16107711839452837,517,170,TRUE,0,NA,0.2508383401822414,6.762944903024132e-4,0.26182921432031014,3.6554376223681064e-4,TRUE
SLC17A1,strict_only,Unclassified,0.7647760494291779,0.6581571303460949,0.8886668225761488,-0.26817223385824235,0.00281188352873887,0.8031487067131883,517,170,TRUE,0,NA,-0.25289744762377386,6.04618377430871e-4,-0.2875948445489515,1.308885828316407e-4,TRUE
HLA-DRA,strict_only,Immune,0.7791132046755537,0.6774005598215643,0.8960981459178408,-0.24959892316161983,0.00282761109933517,0.9097669998995296,517,170,TRUE,0,NA,-0.21694670226038845,0.00256449254745282,-0.19838009733461287,0.00387453470237021,TRUE
PSAT1,strict_only,Unclassified,1.333512300659306,1.134293872477114,1.5677198820851022,0.2878162889388247,0.00293196536911871,0.4154879790051581,517,170,TRUE,0,NA,0.30812271508198896,1.085884356742802e-4,0.32029380645485234,9.85038333761564e-5,TRUE
KIF20A,strict_only,Metabolism,1.3401137161063217,1.136395246189553,1.5803522393446676,0.2927544731280909,0.00299950132565046,0.5803941535904713,517,170,TRUE,0,NA,0.3274395919915367,7.116126422253166e-5,0.4531442211921362,9.250703022230692e-9,TRUE
PRODH2,strict_only,Unclassified,0.7596270897776206,0.6505717492812808,0.8869633766936468,-0.274927637465573,0.00301866364756592,0.7674177507518369,517,170,TRUE,0,NA,-0.274979988915197,3.122482063699589e-4,-0.2326274564624252,0.00174065091583634,TRUE
AUH,strict_only,Metabolism,0.7413091587479582,0.6261817029835937,0.8776035234264961,-0.2993375224140528,0.00301866364756592,0.216466613538783,517,170,TRUE,0,NA,-0.3464209213309188,4.165175420341148e-5,-0.3815336468709295,4.184614591561758e-6,TRUE
CDCA8,strict_only,Unclassified,1.306356323830456,1.1236713992813805,1.5187419079129538,0.2672418296523321,0.00301866364756592,0.8500415018097198,517,170,TRUE,0,NA,0.29938758786809383,7.620736815573028e-5,0.379434440523596,5.20090432834052e-8,TRUE
TRIP13,strict_only,Unclassified,1.342586772359187,1.1371346098851498,1.585159070565899,0.29459818021655987,0.00301866364756592,0.7929856061917586,517,170,TRUE,0,NA,0.3448784069526791,3.385171992355189e-5,0.4037331460675798,1.006843172658538e-7,TRUE
KLHL8,strict_only,Unclassified,0.7594970254122301,0.6502809353284568,0.887056194133488,-0.27509887346190515,0.00304904634870763,0.9639989725171608,517,170,TRUE,0,NA,-0.2891144466817357,2.5000329499694e-4,-0.32789033487088076,5.2588981117473565e-5,TRUE
CEP55,strict_only,Unclassified,1.3396621112265583,1.135640355806153,1.5803370874241307,0.29241742636512486,0.00309045994718854,0.535271823788812,517,170,TRUE,0,NA,0.3404394941809542,3.5835213304542843e-5,0.4373982388289396,1.3664882748974637e-8,TRUE
COL5A1,strict_only,ECM/EMT;Hypoxia;Metabolism,1.3157332970078466,1.1266496185318455,1.5365505658369918,0.27439415051629723,0.00311296152073116,0.41599360886620435,517,170,TRUE,0,NA,0.29933764427273946,1.3150789777075723e-4,0.367884134359129,3.5239036288452e-6,TRUE
ZHX3,strict_only,Unclassified,0.7589954106448268,0.6492554919892932,0.8872840360808364,-0.2757595481860437,0.00317260945844969,0.4634194057394008,517,170,TRUE,0,NA,-0.273038349138875,6.719649451498487e-4,-0.30852393198099176,6.88706659317516e-5,TRUE
SPOCK2,strict_only,Immune,0.7556777031227115,0.6447529091763087,0.8856862572769916,-0.2801403123229749,0.00318643970801429,0.9778933725870196,517,170,TRUE,0,NA,-0.26822199274983366,5.627309960930931e-4,-0.1942191845462342,0.01586987314013615,TRUE
ESM1,strict_only,Unclassified,0.7624729316787562,0.6537792343847455,0.8892374382155234,-0.27118827056838707,0.00319095358698151,0.6325744413484103,517,170,TRUE,0,NA,-0.27514978745246105,4.381382223380359e-4,-0.27144839827645645,1.6691492086295002e-4,TRUE
B4GALNT1,strict_only,Unclassified,1.283248020616129,1.113794008152271,1.47848297832653,0.2493943799798827,0.00323906147483128,0.8222698773521885,517,170,TRUE,0,NA,0.25474087179857235,3.735548706193305e-4,0.23702734231350048,6.61815261093799e-4,TRUE
TPX2,strict_only,Unclassified,1.3366090218530378,1.1335312313697543,1.5760692143789516,0.29013582592469184,0.00324353687308299,0.7060694633316289,517,170,TRUE,0,NA,0.32801938365276173,6.165721015325792e-5,0.42049770967856087,4.996363561426063e-8,TRUE
ACLY,strict_only,Metabolism,0.7628078003321971,0.6537809013230196,0.8900164245699681,-0.27074917938760545,0.0033542149558637,0.37362442516320177,517,170,TRUE,0,NA,-0.2278098835470481,0.00311358813527056,-0.31670508270772585,2.7556894052097064e-6,TRUE
KLHL3,strict_only,Unclassified,1.3068482589708657,1.1219933793891883,1.5221590459873615,0.2676183291805042,0.00336549145696521,0.36409600433015377,517,170,TRUE,0,NA,0.23524793473129976,0.00210727666349391,0.14865787680263357,0.04067195219167422,TRUE
BARX2,strict_only,Unclassified,0.7760352524059787,0.6716060281429437,0.8967023637980706,-0.2535573314725349,0.00336786737284599,0.27431727765477104,517,170,TRUE,0,NA,-0.25442648637702014,4.114301460675138e-4,-0.26536806222008874,2.4893757113273536e-4,TRUE
CHST9,strict_only,Unclassified,0.7650283399444049,0.656604273447403,0.8913563078796725,-0.26784240016281474,0.0034078468790025,0.2706473364531703,517,170,TRUE,0,NA,-0.27520433450510623,2.887466137099369e-4,-0.3051790511325988,5.826474454704999e-5,TRUE
COL9A2,strict_only,Unclassified,1.3137184495092806,1.1240436359771593,1.5353996138065744,0.2728616273235224,0.00346716437053744,0.3256820554736882,517,170,TRUE,0,NA,0.25084711573111584,0.00135177472994696,0.35184957347778806,6.081575619036332e-6,TRUE
NR3C2,strict_only,Metabolism,0.7624135518714622,0.6529172912894232,0.8902726759300867,-0.27126615152275924,0.00346721830501979,0.7755383056376658,517,170,TRUE,0,NA,-0.3141270684603286,3.6297537275130834e-5,-0.35144236304668663,1.0714262965182344e-6,TRUE
ARL4D,strict_only,Unclassified,1.3233574042056893,1.1274154309385145,1.5533536008179127,0.2801719954416486,0.00349291601532813,0.9480687923129278,517,170,TRUE,0,NA,0.2287990760015899,0.00321980827453306,0.21116886920207853,0.00704370910179894,TRUE
SNX33,strict_only,Unclassified,0.7619525194265202,0.6520910859516135,0.8903229232357598,-0.27187103570075266,0.0035448695424761,0.7989282393723459,517,170,TRUE,0,NA,-0.22839875653151004,0.0031198457804084,-0.20394151348684417,0.00882284528759336,TRUE
GIMAP4,strict_only,Unclassified,0.7845955170454417,0.6827688790277787,0.9016083542711654,-0.2425869589045761,0.00356543179785612,0.6929927863419832,517,170,TRUE,0,NA,-0.2440960110957921,5.797867597950729e-4,-0.19310334797408815,0.00699934948758012,TRUE
CTSH,strict_only,Immune,0.7422872242870185,0.6257374905632033,0.8805454869641907,-0.2980190159901514,0.00356684287205942,0.7231682799740925,517,170,TRUE,0,NA,-0.2856283851688174,8.803692953858181e-4,-0.26975048728797446,0.00195653394080889,TRUE
CMTM3,strict_only,Unclassified,1.3166929223318722,1.1245276533897466,1.541696414928424,0.27512323105764996,0.00357660136612949,0.3953398665193372,517,170,TRUE,0,NA,0.3058612049804884,1.0270402244733744e-4,0.33625592469047755,1.2223886342522524e-5,TRUE
GLOD5,strict_only,Unclassified,0.7524829307375543,0.6390894168183049,0.8859958343080498,-0.284376966021622,0.00364466521040198,0.16810261313932623,517,170,TRUE,0,NA,-0.29531424002632817,2.9206920802656174e-4,-0.2882546627085501,4.995925840930404e-4,TRUE
SERPINA5,strict_only,Angiogenesis,1.308940428729292,1.1212707346696105,1.5280208365260377,0.26921797690005983,0.00367011103171932,0.5583117443679089,517,170,TRUE,0,NA,0.25295203824481904,9.025422880224664e-4,0.22249642110268156,0.00191272887622552,TRUE
UGT8,strict_only,Unclassified,0.7621071694916035,0.6517628579611358,0.891132918508739,-0.27166809080727033,0.00372297035163153,0.04987784617371881,517,170,FALSE,0,NA,-0.2999879501149347,1.2783279479486234e-4,-0.3333414364756148,1.2751313814986802e-5,TRUE
SLC11A1,strict_only,Unclassified,1.3038574190557564,1.119040732827712,1.5191977551441624,0.2653271163113641,0.00374697489778868,0.7489045706386541,517,170,TRUE,0,NA,0.2941429159065858,1.436160101679175e-4,0.36763661613835014,2.2166444531692786e-6,TRUE
LYZ,strict_only,Unclassified,0.7788867499283882,0.6742903946709344,0.8997081583967552,-0.24988962246246504,0.0038135072764569,0.8036010106559307,517,170,TRUE,0,NA,-0.2318634723650296,0.00179592588468028,-0.2420102357692509,5.345425069625537e-4,TRUE
MYL3,strict_only,Unclassified,0.7532853821930552,0.6395724261494364,0.8872159646437835,-0.28331112936590835,0.00385146571851921,0.31184187711750266,517,170,TRUE,0,NA,-0.305643808409734,2.2914796266770856e-4,-0.3775989344025217,3.965284911921192e-6,TRUE
UCHL1,strict_only,Unclassified,1.286754188860067,1.1123443903748271,1.4885105340361315,0.25212291492531314,0.00385271007498366,0.939872698502162,517,170,TRUE,0,NA,0.27011575391662124,1.845153633145707e-4,0.3208409243674358,1.982063977635121e-5,TRUE
HAPLN3,strict_only,Unclassified,1.3159131362637664,1.1222001787228992,1.5430646109522017,0.2745308248460446,0.0040291518360201,0.8139072515596107,517,170,TRUE,0,NA,0.29992397269308585,1.5942432889134986e-4,0.4116245982052984,4.258888046228245e-7,TRUE
TRPM3,strict_only,Unclassified,0.7742504757858627,0.6674207441751958,0.8981797531562451,-0.2558598456170825,0.00404418966776613,0.28896336940166784,517,170,TRUE,0,NA,-0.2714179125215035,2.30703785144748e-4,-0.3021876309389238,2.5356107776356388e-5,TRUE
NDRG1,strict_only,Hypoxia;Immune,0.7857723704429913,0.6831321141674176,0.9038342735564614,-0.24108813353092895,0.00406450184235816,0.8026714583691555,517,170,TRUE,0,NA,-0.23193719800284285,0.00110376613155229,-0.28134961766460354,1.4996998520204416e-5,TRUE
TTK,strict_only,Unclassified,1.3348868977027883,1.128727123258614,1.5787013468004525,0.28884656744131987,0.0040673043248494,0.6565750176038928,517,170,TRUE,0,NA,0.31581579049700736,1.5165563706778413e-4,0.4295307625604731,8.141343416908195e-8,TRUE
GRAMD1C,strict_only,Unclassified,0.7777290984936462,0.6720803147390741,0.8999855186631516,-0.25137701789062106,0.0040673043248494,0.9309553899525056,517,170,TRUE,0,NA,-0.2939742698249707,4.535587737322446e-5,-0.3220403372616397,8.10060832003335e-6,TRUE
TUBB6,strict_only,Unclassified,1.3735938032052006,1.1420949742771913,1.6520166699777483,0.3174305192377207,0.00411535478594726,0.2766176199825746,517,170,TRUE,0,NA,0.33284145031846424,3.311343479503935e-4,0.4109541980008781,9.240252494649586e-6,TRUE
PNMA2,strict_only,Unclassified,0.7794986971144866,0.6742315810627937,0.901201064840943,-0.24910426192317972,0.00419202831065843,0.490607277519587,517,170,TRUE,0,NA,-0.21101589673987176,0.00290548266715079,-0.2219990852006129,0.00133346336155282,TRUE
HS6ST2,strict_only,Metabolism,1.2687694531309244,1.1043693904036702,1.4576426503542788,0.23804749620740337,0.00423508031547361,0.04519138508416184,517,170,FALSE,0,NA,0.22697580154178904,0.00115733350632685,0.2112017897004234,0.00352998355794551,TRUE
ANKRD36B,strict_only,Unclassified,1.317989244843854,1.121657367917454,1.5486865233625515,0.2761072758375017,0.00432351947965076,0.28901188331097266,517,170,TRUE,0,NA,0.23501646294777265,0.00305046972901079,0.22368423440783047,0.00488810187885464,TRUE
C3orf70,strict_only,Unclassified,0.7681107345254902,0.6583476342245933,0.8961741028935077,-0.2638213706481412,0.0043430821269446,0.56448817116269,517,170,TRUE,0,NA,-0.2761022934212561,3.9270885156822687e-4,-0.2508537631511605,0.00126412881867674,TRUE
IGF2BP3,strict_only,Unclassified,1.2839432585360806,1.1092912921414282,1.4860932406292366,0.249936013120034,0.00437568063623567,0.6091111536049244,517,170,TRUE,0,NA,0.28338787069189814,9.641063755205376e-5,0.3737654538381943,1.855011781858877e-7,TRUE
FGFBP2,strict_only,Unclassified,0.7535175664617867,0.6385471410307586,0.8891884192762253,-0.2830029480330055,0.00437568063623567,0.4237744556641373,517,170,TRUE,0,NA,-0.26023425204201817,0.00184305157338536,-0.34635189571867325,1.9074812505887665e-5,TRUE
HK3,strict_only,Unclassified,1.3135426119437004,1.1195180178082025,1.5411937690559578,0.2727277711427092,0.00445020764425143,0.4990821824182493,517,170,TRUE,0,NA,0.30713560488598857,1.4756863230019603e-4,0.3680127947001402,2.0121365723049697e-5,TRUE
LYPD6B,strict_only,Unclassified,1.2909974169667504,1.1113313121497337,1.4997096836863577,0.25541511106215564,0.00449418121512353,0.5836068209821922,517,170,TRUE,0,NA,0.20702518416623608,0.00739307644910913,0.18213969148843143,0.01769184331187917,TRUE
PDGFRL,strict_only,Unclassified,1.2725262543816156,1.1046906287030254,1.4658611433969426,0.2410041013567077,0.00449418121512353,0.36557905785756256,517,170,TRUE,0,NA,0.2770453850860835,8.427700565737879e-5,0.29297169719226573,1.4802420821458424e-5,TRUE
CCNE2,strict_only,Unclassified,1.3160978230856455,1.1199713546327992,1.5465694481968937,0.2746711637922229,0.00453851026270031,0.802620701238907,517,170,TRUE,0,NA,0.28759556117546176,4.07635919146218e-4,0.3121789036509401,1.272862867210526e-4,TRUE
AFM,strict_only,Unclassified,0.7422999050696331,0.6229696400301356,0.8844879648384338,-0.2980019327454376,0.00458028999005998,0.5378175850268975,517,170,TRUE,0,NA,-0.31083574612368087,5.1519634811933e-4,-0.35972758127579246,2.4593477756838976e-5,TRUE
CDKL1,strict_only,Unclassified,0.7586551504220457,0.6448614617900533,0.8925291265882472,-0.2762079521035346,0.00459039945414642,0.8468554654489948,517,170,TRUE,0,NA,-0.31954488012138765,9.022451098237108e-5,-0.3334730390940106,3.7439276196370555e-5,TRUE
APLNR,strict_only,Immune,0.7676039910282693,0.6567861826412242,0.897119797303032,-0.26448131550271686,0.00467597866966298,0.9986074973274006,517,170,TRUE,0,NA,-0.29236301348136584,1.6894973987523562e-4,-0.29509224083812086,1.0698676046831668e-4,TRUE
SCG5,strict_only,Unclassified,1.2978378223174745,1.1126972052086683,1.513783808526674,0.260699666190252,0.00474364555149429,0.9608357999805056,517,170,TRUE,0,NA,0.297715630730598,1.3918715792873837e-4,0.2370394054444345,0.00121031265134689,TRUE
CXCL5,strict_only,Unclassified,1.2915373672127293,1.1101633277287295,1.5025435710612698,0.25583326632353226,0.00483568387674515,0.35002162551015814,517,170,TRUE,0,NA,0.2881997502461904,1.732800983902233e-4,0.3065190473188793,4.6125141680775174e-5,TRUE
ARHGAP22,strict_only,Unclassified,1.3328474912246042,1.1245099824082336,1.5797836058860353,0.28731762446713444,0.00483568387674515,0.2689878178272186,517,170,TRUE,0,NA,0.3330079412764816,8.235201548088028e-5,0.31889842816893216,1.6824721101079887e-4,TRUE
CCNA2,strict_only,Unclassified,1.3046259696644915,1.1147416462172872,1.5268550578501026,0.26591638640930504,0.00483568387674515,0.967686429738034,517,170,TRUE,0,NA,0.29784138120892606,1.632414319509274e-4,0.40746073877803896,8.669257723604539e-8,TRUE
BPHL,strict_only,Metabolism,0.7709196202367564,0.6607385141775224,0.8994739191278746,-0.2601711647618517,0.00493347180844153,0.6570791698194601,517,170,TRUE,0,NA,-0.28709766780788937,2.2864089301448244e-4,-0.37999387355341474,8.832486866818766e-7,TRUE
SLC38A3,strict_only,Unclassified,1.2776497133072688,1.1049159668696578,1.47738727546754,0.24502222864196296,0.00493347180844153,0.9748774908749434,517,170,TRUE,0,NA,0.20520232186887155,0.00296119365316791,0.2213758030784893,0.00174552735423593,TRUE
LDHA,strict_only,Hypoxia;Metabolism,0.772218971274979,0.6624939722703354,0.9001170796368444,-0.25848712762811954,0.0049339177395494,0.9178844523240042,517,170,TRUE,0,NA,-0.23134172116732424,0.0033312418886493,-0.1817407505687594,0.01623575451306655,TRUE
CLCNKA,strict_only,Unclassified,1.2915212562717937,1.1093965481482315,1.5035445695104137,0.2558207920104917,0.00504359774233627,0.573629022533747,517,170,TRUE,0,NA,0.2359658648506284,0.00145624602740921,0.18568975330429308,0.00876937194097711,TRUE
VCAM1,strict_only,ECM/EMT;Immune,0.7634402913881001,0.6503016916788243,0.8962625900758151,-0.2699203611954109,0.00504359774233627,0.9144571152787304,517,170,TRUE,0,NA,-0.19475561954348977,0.01346272765930559,-0.22849551762997905,0.00229490216819174,TRUE
CA2,strict_only,Immune;Metabolism,0.7600069388192184,0.6456056513199472,0.8946801284536909,-0.27442771571815133,0.00505816192707737,0.4179686793427645,517,170,TRUE,0,NA,-0.29676088586078964,2.611393008835e-4,-0.31864062494246304,1.1038231738481868e-4,TRUE
SLC25A4,strict_only,Metabolism,0.7379708161971736,0.6159555294339015,0.8841562410507819,-0.30385099961184103,0.00508306390546423,0.7301690866569563,517,170,TRUE,0,NA,-0.34301354507376053,1.4056740804560408e-4,-0.4329809640349008,2.31522703862169e-7,TRUE
PROM2,strict_only,Unclassified,1.2809459944686228,1.1054343952753438,1.4843238529198373,0.24759886314112664,0.00511145767985398,0.5568400649954296,517,170,TRUE,0,NA,0.22984928176244523,0.00168186242729344,0.30535694486521425,1.9452803172431516e-5,TRUE
GCGR,strict_only,Unclassified,1.2685391133426092,1.1010523829289098,1.4615031101421734,0.237865933907893,0.00511690870566056,0.7746890976099544,517,170,TRUE,0,NA,0.17618980445612945,0.01234562960856535,0.17388179006629803,0.01176556653310527,TRUE
ILDR1,strict_only,Unclassified,0.7756008026349785,0.6664205712214698,0.9026681213418144,-0.2541173207573184,0.00526611651791216,0.5738033418626811,517,170,TRUE,0,NA,-0.24833736396360212,0.00130926952394369,-0.28765446285825264,1.2890162190922288e-4,TRUE
HOXB5,strict_only,Unclassified,1.3005239195919192,1.111683573325866,1.5214423474573937,0.2627671983494373,0.00526611651791216,0.440549241545858,517,170,TRUE,0,NA,0.2266346826816932,0.00428310773625397,0.2092452242975168,0.00624241732017828,TRUE
PCK1,strict_only,Hypoxia,0.7667733720955485,0.6541490398530747,0.8987881481670191,-0.26556399442358786,0.00533981968252272,0.2195257632275289,517,170,TRUE,0,NA,-0.2869758193079856,3.0710319051640986e-4,-0.4015035557778434,2.776893649495039e-7,TRUE
GABRE,strict_only,Unclassified,1.308917845248545,1.1142036803101163,1.5376595463526386,0.26920072349793933,0.00534291705343202,0.1286439047288353,517,170,TRUE,0,NA,0.2525688966815119,0.00197161172693349,0.2789590256721487,4.704833051884554e-4,TRUE
POLQ,strict_only,Unclassified,1.311570462602392,1.115063255675717,1.542708065766743,0.27122524560851,0.00534578989861439,0.4647840331466103,517,170,TRUE,0,NA,0.3001218196929398,2.181634145909883e-4,0.3555918293011741,5.104807271901066e-6,TRUE
TNFRSF11B,strict_only,ECM/EMT,0.791514126260494,0.6881584809044612,0.9103929246741218,-0.2338075523655091,0.00534578989861439,0.7469545545501397,517,170,TRUE,0,NA,-0.2210902542705521,0.0019366377658563,-0.1957203790298712,0.00701204195333422,TRUE
DIAPH2,strict_only,Unclassified,0.7804842653347737,0.6725881701851313,0.9056889720012324,-0.24784069895468577,0.00552132827149434,0.9080746656717548,517,170,TRUE,0,NA,-0.2171472398603154,0.00248062102503043,-0.2217604378292375,0.00183697285014176,TRUE
HLA-DPA1,strict_only,Unclassified,0.7843434023910439,0.6778155176704982,0.90761358634669,-0.24290834127764932,0.00556220510141762,0.5738875652281107,517,170,TRUE,0,NA,-0.21380185369113203,0.00400873445556018,-0.1819071718109821,0.01197978937762094,TRUE
PLAU,strict_only,Immune,1.272385016808788,1.1008754257433506,1.4706147427228808,0.24089310528814417,0.00556220510141762,0.4005227363428773,517,170,TRUE,0,NA,0.26822064947484325,2.19160810692888e-4,0.2874969008885454,6.456497982800686e-5,TRUE
CXCL1,strict_only,ECM/EMT;Immune,1.2700092299247363,1.0999757974458828,1.4663263026688325,0.23902416810136337,0.00557262964993499,0.05708698864376023,517,170,TRUE,0,NA,0.265370302518779,2.739513127099274e-4,0.2880030084324088,4.848961512444846e-5,TRUE
DYNLL2,strict_only,Unclassified,0.7530711914456775,0.6347335647413137,0.893471293922421,-0.2835955118986626,0.00569613120763504,0.1854899946796106,517,170,TRUE,0,NA,-0.3012820063284942,5.415452111511888e-4,-0.37556000111764226,4.202418796494887e-6,TRUE
GRB10,strict_only,Unclassified,0.764193683733071,0.6497787379584556,0.8987551487024174,-0.2689340092049195,0.00571210739022298,0.745646708549157,517,170,TRUE,0,NA,-0.29632575136204314,2.3397264530015296e-4,-0.3480069137880022,9.139144988715007e-6,TRUE
CD93,strict_only,Unclassified,0.7742750776867127,0.6633215979634995,0.9037876917732348,-0.2558280710030998,0.00583693389005343,0.8429002892100234,517,170,TRUE,0,NA,-0.2574880257946934,0.00102366094913428,-0.29016681425391,1.9233064667652025e-4,TRUE
NRM,strict_only,Unclassified,1.357482945040382,1.1283363902680863,1.6331653946193117,0.30563220924086776,0.0058593231781927,0.940131690189928,517,170,TRUE,0,NA,0.3050806182011215,0.00103697147674705,0.3111088736919602,2.452226843951791e-4,TRUE
DYSF,strict_only,Unclassified,0.7764575314459558,0.6662328736902808,0.9049182679920084,-0.25301333016730077,0.00587063077522811,0.6513570459767908,517,170,TRUE,0,NA,-0.2612497313029833,6.508584880241065e-4,-0.2806863418980305,5.045726906119669e-5,TRUE
NPNT,strict_only,Unclassified,0.7719353070413154,0.6598610841838084,0.9030447961543716,-0.25885453163798794,0.00596213092755537,0.9460177028841608,517,170,TRUE,0,NA,-0.28051193962396187,4.280582491482829e-4,-0.32817916223016036,4.726658589112445e-5,TRUE
CTDSPL,strict_only,Unclassified,0.7369758355488337,0.6124287517814243,0.8868515408576797,-0.3052001749167108,0.00600479136567457,0.08836136660390118,517,170,TRUE,0,NA,-0.356014387354378,1.1915725385394338e-4,-0.3995288447651038,1.6295357268501183e-5,TRUE
GIMAP7,strict_only,Unclassified,0.7816652511647854,0.673063460007959,0.907790425692225,-0.24632869764811385,0.00604858449932291,0.7010028491569082,517,170,TRUE,0,NA,-0.2610903661712086,5.262519072722221e-4,-0.2116095684294236,0.0046990397836493,TRUE
HECW2,strict_only,Unclassified,0.7816427873481608,0.6729685544369276,0.907866263565014,-0.24635743647126665,0.00607424112649827,0.4901661880220732,517,170,TRUE,0,NA,-0.26256805905658226,4.840168506295088e-4,-0.29330894445560834,8.005011300220783e-5,TRUE
CTXN3,strict_only,Unclassified,0.7571274417384625,0.6392447647504924,0.8967487801909093,-0.2782236886725726,0.00613018389170043,0.8981995742810878,517,170,TRUE,0,NA,-0.2986337143469349,6.543480284888962e-4,-0.3106891233055049,4.22930323754285e-4,TRUE
GBGT1,strict_only,Unclassified,1.3133290768627437,1.1121237276287668,1.550936484208262,0.2725651936690267,0.0062915624377526,0.20931381613684352,517,170,TRUE,0,NA,0.2898352610598209,4.7757995457392696e-4,0.27935825189475505,8.46110334997427e-4,TRUE
GNG7,strict_only,Unclassified,0.7545016290176635,0.6353075346029752,0.8960584869280126,-0.28169784170742773,0.00631636879053751,0.04618996422324634,517,170,FALSE,0,NA,-0.29579526437468745,7.225341069559045e-4,-0.33747336828102326,3.589061587757325e-5,TRUE
ARHGEF3,strict_only,Unclassified,0.7684030727589842,0.654136130689027,0.9026305909803698,-0.2634408491902336,0.00638393518407013,0.7219547693207294,517,170,TRUE,0,NA,-0.2900801834835842,4.1584400504077537e-4,-0.3013936545912648,1.1495529576209603e-4,TRUE
ALDH4A1,strict_only,Unclassified,0.7765330682707136,0.6652935626515941,0.9063722241871656,-0.25291605098888054,0.00639505778721305,0.03960148221824593,517,170,FALSE,0,NA,-0.25750163528096864,0.00126012272171914,-0.2517150885008612,0.0011889852012601,TRUE
HLA-DOA,strict_only,Immune,0.7824553091662846,0.6734344139254284,0.909125370166041,-0.24531847108536908,0.00642389664028664,0.6219544027168337,517,170,TRUE,0,NA,-0.18041516883149805,0.01450286681996986,-0.2143837503196793,0.00384106881125236,TRUE
NPDC1,strict_only,Unclassified,1.342832240017342,1.1207268656530602,1.6089544028011218,0.29478099538075364,0.00659789194526411,0.9320058258806526,517,170,TRUE,0,NA,0.2538306890887649,0.00474968705017207,0.19919403553413784,0.02114667149525458,TRUE
PIK3R6,strict_only,Unclassified,1.2762514775859972,1.0988232335193824,1.4823292631186529,0.24392724825199147,0.00661575931143735,0.28645463228271023,517,170,TRUE,0,NA,0.2710946960192388,2.480440127533138e-4,0.2869905201993793,1.053929043194333e-4,TRUE
SEMA5B,strict_only,Unclassified,0.7734128515039429,0.6604626149874652,0.9056794817717466,-0.2569422830554259,0.006689305400309,0.9410477099497102,517,170,TRUE,0,NA,-0.2243985250570386,0.00332507209241788,-0.2652215511815502,3.4426845178505707e-4,TRUE
IL18R1,strict_only,Immune,0.7879084083109913,0.6804655543194871,0.9123160694122168,-0.23837342898772815,0.00673229719160171,0.6426607410419426,517,170,TRUE,0,NA,-0.2208574257522482,0.00206267889809212,-0.18175683023846012,0.01096563058641588,TRUE
CENPF,strict_only,Unclassified,1.3290642260274097,1.1155212459389,1.5834854991211778,0.2844751051453652,0.00680583687762996,0.2772257713289747,517,170,TRUE,0,NA,0.3331162725171508,1.2637802962645037e-4,0.4007908090735211,1.7990277362599835e-6,TRUE
TEX11,strict_only,Unclassified,0.7807953274781817,0.6703292960916295,0.9094654626707932,-0.24744222817602993,0.00687165501948386,0.9387706472754912,517,170,TRUE,0,NA,-0.20660838733981,0.00724987248908727,-0.25652300798687017,5.775169781274812e-4,TRUE
ALDH5A1,strict_only,Unclassified,0.7712547263861177,0.6571250438799393,0.905206487734479,-0.25973657556592933,0.00687199022161461,0.6124245231719869,517,170,TRUE,0,NA,-0.27331192912526914,7.783324364492237e-4,-0.3124710425544734,8.827544479445495e-5,TRUE
EVC,strict_only,Unclassified,0.7944883461231877,0.6891429340466251,0.9159373200260552,-0.2300569613027656,0.00705984606353972,0.10814266574442112,517,170,TRUE,0,NA,-0.2408257966568955,7.808522252815087e-4,-0.24736264203003452,9.36619915751087e-5,TRUE
SUCLG2,strict_only,Metabolism,0.7565769908041718,0.6366771963150585,0.8990564548679713,-0.2789509785538996,0.00707663563317936,0.03041015959831008,517,170,FALSE,0,NA,-0.2674941375067858,0.00187293516428473,-0.3446954292099707,7.498878033641305e-5,TRUE
PCDH17,strict_only,Unclassified,0.7763553499476094,0.6637445200481694,0.9080717221567924,-0.2531449384244427,0.00711344410675059,0.989349003685408,517,170,TRUE,0,NA,-0.2632749361773885,8.998949120560013e-4,-0.30221989996773707,7.453431289377159e-5,TRUE
NAPEPLD,strict_only,Unclassified,0.7509078359056587,0.6288472261322786,0.8966606746324594,-0.28647235657895725,0.00712481932620113,0.8805252085956196,517,170,TRUE,0,NA,-0.2881500105026643,0.00145402080531869,-0.3763551900927026,3.4625890567370963e-6,TRUE
DTX2,strict_only,Unclassified,1.3073876981096992,1.1074083925846434,1.5434798983049358,0.26803102272106144,0.00713062036929267,0.9695852710821932,517,170,TRUE,0,NA,0.30111858929963403,2.7666418120897267e-4,0.35166592278199016,1.0573416331035588e-5,TRUE
BSPRY,strict_only,Unclassified,0.7635579517730914,0.6457142510326602,0.902908283011442,-0.269766254423185,0.00736827664335497,0.1644037757873806,517,170,TRUE,0,NA,-0.307534565169469,2.117601204272965e-4,-0.33174543379881927,5.614126825362883e-5,TRUE
AFF3,strict_only,Unclassified,0.782673198749231,0.6718625849117649,0.911759859526636,-0.24504004080536065,0.00755578973330214,0.5547368592837495,517,170,TRUE,0,NA,-0.2075371601322357,0.00626592509692162,-0.25038289716123596,3.522235112144173e-4,TRUE
ENAM,strict_only,Unclassified,0.7762755042320123,0.6629237076440339,0.909009063218239,-0.25324779058077135,0.00758288810960351,0.3930756212327227,517,170,TRUE,0,NA,-0.28260187672248216,4.5009994122666586e-4,-0.3537659451948364,2.948367317618197e-6,TRUE
COL5A3,strict_only,ECM/EMT,1.3103043277312736,1.1071005849783229,1.550805278731672,0.27025942147822835,0.00759220246712642,0.1151763226946565,517,170,TRUE,0,NA,0.274610269548347,0.00138458434914899,0.2547443270814468,0.00186657020381182,TRUE
ADAM19,strict_only,Immune,1.2879648761077327,1.099977271779627,1.5080798164160134,0.2530633572076338,0.00759220246712642,0.7735702263400499,517,170,TRUE,0,NA,0.28373049577451837,3.4465544396334506e-4,0.3551854515521175,1.4620071146174309e-5,TRUE
TIMP1,strict_only,Angiogenesis;ECM/EMT;Immune,1.3015455136034788,1.1042547060260977,1.534085129759282,0.2635524149551257,0.00759662207615264,0.5092161967068066,517,170,TRUE,0,NA,0.29925512463717563,2.219021715879274e-4,0.37264305395977704,1.9488271533126483e-6,TRUE
GAL3ST1,strict_only,Metabolism,0.7833068570604376,0.6725814518445764,0.9122607092942666,-0.2442307605805717,0.00762415262008257,0.5272744072131241,517,170,TRUE,0,NA,-0.1892015551456072,0.01561336152275891,-0.20706261462748063,0.00885873251504907,TRUE
NUSAP1,strict_only,Unclassified,1.2593466117060226,1.090482543007871,1.4543597222940523,0.230593024325464,0.00766010263982421,0.6401758508162614,517,170,TRUE,0,NA,0.2213252941080706,0.00223355525330708,0.27470939360283564,4.490644853085557e-5,TRUE
CYP27B1,strict_only,Unclassified,1.256236470595589,1.089307389470369,1.4487463183571747,0.2281203230921025,0.00771503514826919,0.2211875417170439,517,170,TRUE,0,NA,0.20488096687697488,0.00504157710301439,0.21553962527499343,0.00229666162539398,TRUE
PTP4A3,strict_only,Unclassified,1.3283537906711471,1.1117719876702892,1.5871274081009672,0.28394042421167454,0.00793741975972269,0.04841640682086944,517,170,FALSE,0,NA,0.30355191825338673,7.279034449047383e-4,0.2954022790257649,8.11338205101036e-4,TRUE
CD44,strict_only,ECM/EMT;Immune;Metabolism,1.2787690902020454,1.095929964747804,1.4921121227235277,0.24589796697151928,0.00801231952884583,0.9121846551580411,517,170,TRUE,0,NA,0.28785419527957357,1.324877293641082e-4,0.32178737441106403,6.365549625086246e-5,TRUE
ZNRF3,strict_only,Unclassified,0.7911901953921897,0.6829800107664491,0.9165450165697328,-0.23421689082297809,0.00806393364486427,0.14050291246319643,517,170,TRUE,0,NA,-0.26196710739473933,3.338199448800603e-4,-0.3010295301974817,6.15007213778362e-5,TRUE
GPR34,strict_only,Unclassified,0.7826021851720792,0.6708489734006676,0.9129717783294796,-0.24513077701437527,0.00813907805619825,0.6577868449937518,517,170,TRUE,0,NA,-0.22919855387759291,0.00392479153641554,-0.18150850306064817,0.01312569317562028,TRUE
KIF13B,strict_only,Unclassified,0.7525271186410161,0.6292608986515467,0.8999400177314005,-0.28431824494731067,0.00820347008404554,0.25577190933768185,517,170,TRUE,0,NA,-0.2947321860060439,0.00105642176501514,-0.4013809169552059,3.7295629390600857e-6,TRUE
PLXNA3,strict_only,Unclassified,1.27376876571117,1.092905203002691,1.484563221076881,0.24198003809488552,0.00869708793326726,0.917760590552296,517,170,TRUE,0,NA,0.2479144479994448,0.00162664094498252,0.30210213191763585,1.4549074873599016e-4,TRUE
JUP,strict_only,Metabolism,0.7822526423860082,0.6690960965978898,0.9145460564353588,-0.24557751850851095,0.0091449600445652,0.7241075778838911,517,170,TRUE,0,NA,-0.2762451437892596,3.9605577114534623e-4,-0.2745752751729168,3.765973095400733e-4,TRUE
PLEKHO1,strict_only,Unclassified,1.283973224956802,1.0948648020211005,1.5057450375267418,0.2499593522129643,0.00928387385454754,0.9024253215844924,517,170,TRUE,0,NA,0.2796504223626574,4.07314946618445e-4,0.3336367266884466,2.3983869793259e-5,TRUE
OSM,strict_only,Immune,1.2906610465820283,1.0968631212753783,1.5186999223998885,0.2551545263323202,0.00930492434482474,0.39712822759765753,517,170,TRUE,0,NA,0.2886739564245236,3.94428524039996e-4,0.2971697201330783,2.333304379697371e-4,TRUE
MYO3A,strict_only,Unclassified,0.7807719353765807,0.6666874693716097,0.9143786902823868,-0.247472187950622,0.00939020794729414,0.8077073062467285,517,170,TRUE,0,NA,-0.2220236884591981,0.00399300828206579,-0.2286995057306152,0.00309497151351722,TRUE
PHYH,strict_only,Metabolism,0.750579345387744,0.6247730293670288,0.901718427719993,-0.2869099101288619,0.00951081852910871,0.33101424416272146,517,170,TRUE,0,NA,-0.32028432298932596,5.315891525467971e-4,-0.4123986092148958,6.173988637508481e-6,TRUE
AGXT,strict_only,Metabolism,0.7639676648637935,0.6431170490581184,0.9075277880009888,-0.2692298141879902,0.0095248420809971,0.958951513709285,517,170,TRUE,0,NA,-0.2763236083077878,0.00149972148957564,-0.24867775116030447,0.00259761248895309,TRUE
PREX1,strict_only,Unclassified,0.7909337152974664,0.680581734180108,0.9191785653017572,-0.23454111333834143,0.00964063251357424,0.7835925022374826,517,170,TRUE,0,NA,-0.22162758352214124,0.00345446956007851,-0.23955805400062324,9.541323258817954e-4,TRUE
SERPINH1,strict_only,ECM/EMT,1.2728866019156329,1.0901834607592251,1.4862088443425474,0.24128723620104783,0.00984153066181853,0.6467909623161364,517,170,TRUE,0,NA,0.2730834649803196,4.41920419349372e-4,0.34304498465063454,4.5683767432353695e-6,TRUE
ANGPTL4,strict_only,Hypoxia;Metabolism,0.7796316015629762,0.6643761130879474,0.9148815289739198,-0.24893377655845544,0.00987926554174806,0.9563202363809246,517,170,TRUE,0,NA,-0.1818771819739848,0.01850783798660499,-0.1851018296774644,0.01894445418688417,TRUE
SAA1,strict_only,Unclassified,1.2753229493096494,1.0908400784800147,1.4910055627055518,0.24319944011318315,0.00987926554174806,0.6102905636094382,517,170,TRUE,0,NA,0.284616269577395,2.1952354965385304e-4,0.3630444910967987,8.804010478359095e-7,TRUE
FATE1,strict_only,Unclassified,0.7782869656780825,0.6625052471844686,0.9143030995130166,-0.2506599723263958,0.00987926554174806,0.4968526792934519,517,170,TRUE,0,NA,-0.2594811948943729,0.00145497811160051,-0.2273165255916268,0.00438366915955021,TRUE
SLC6A3,strict_only,Unclassified,0.7948496125599067,0.6856197133615759,0.9214815360092312,-0.2296023488133738,0.0100577256572325,0.5489450225794159,517,170,TRUE,0,NA,-0.2398550196981796,9.0920682310445e-4,-0.21209833012912185,0.00470048865035216,TRUE
ALAD,strict_only,Metabolism,0.7898779168858869,0.6781874058154369,0.919962709767246,-0.23587688105040897,0.01041479294384782,0.02863340704932616,517,170,FALSE,0,NA,-0.2605295766903957,5.768968051382557e-4,-0.2926954150716656,3.306636513416255e-5,TRUE
ANGPTL3,strict_only,Metabolism,0.7624697509359818,0.6397161235825671,0.9087782840873524,-0.27119244219111194,0.01051529419128084,0.13364670149034644,517,170,TRUE,0,NA,-0.27868631472443256,0.0019257765731858,-0.3056129314078052,3.185288927116526e-4,TRUE
FHL1,strict_only,Unclassified,0.7792102141837977,0.6629617227524099,0.915842554782176,-0.24947441818762636,0.01055598333007227,0.3314806718156804,517,170,TRUE,0,NA,-0.19447850743554015,0.01626820780561264,-0.19351381277677465,0.01262082464664735,TRUE
NEK6,strict_only,Unclassified,0.7960347282060135,0.6866869242841026,0.9227950410889918,-0.22811246568993052,0.01056752752607001,0.0546052114305171,517,170,TRUE,0,NA,-0.1749982834367308,0.01720536535475286,-0.22372802959974175,4.800624662135598e-4,TRUE
PRR11,strict_only,Unclassified,1.2977723667575982,1.095983513522569,1.5367139150719862,0.2606492306046886,0.01065215364629778,0.6227253015539621,517,170,TRUE,0,NA,0.2982790237396332,3.606252076049687e-4,0.35693164235378194,8.528489015804125e-6,TRUE
AQP3,strict_only,Unclassified,0.7818387071683425,0.6663909232464248,0.9172870498426984,-0.24610681652866517,0.01077485536930158,0.8710924100504731,517,170,TRUE,0,NA,-0.2601778727261158,0.00137558258361017,-0.1642066774834498,0.03382395372396519,TRUE
COL1A1,strict_only,ECM/EMT,1.272019697063152,1.0874575736343093,1.4879055044962568,0.240605949910578,0.01105361587440704,0.626646176425856,517,170,TRUE,0,NA,0.27017906205627806,6.240321096618373e-4,0.31386975973496134,7.279908377945785e-5,TRUE
HMOX1,strict_only,Hypoxia;Immune;Metabolism,0.7830151965806009,0.6676037239055292,0.9183783375104676,-0.24460317503075404,0.01108703569224816,0.845417845070431,517,170,TRUE,0,NA,-0.1783705652829062,0.02280107247108871,-0.2395703794441164,0.00190760993902298,TRUE
SCN4B,strict_only,Unclassified,0.7824319568453184,0.6667901454462934,0.9181295963560452,-0.24534831645694968,0.01108703569224816,0.18655659701517235,517,170,TRUE,0,NA,-0.26371324029293675,9.718185416908464e-4,-0.3248453748399379,2.7174259730456697e-5,TRUE
BMP7,strict_only,Unclassified,1.257643751730826,1.0830296291511308,1.460410466800696,0.2292399319499498,0.01109916389637261,0.8255087860165308,517,170,TRUE,0,NA,0.206371427348212,0.00507467665592304,0.22611459949860385,0.00277033524278435,TRUE
MIOX,strict_only,Metabolism,0.7888127086021688,0.6757141829825887,0.9208412446010816,-0.2372263645124313,0.01113734758528713,0.1969882448151311,517,170,TRUE,0,NA,-0.24342758536677217,0.00155766718367604,-0.2680585814029021,2.6327535735094315e-4,TRUE
CENPE,strict_only,Unclassified,1.271271251743725,1.0864525409830406,1.4875298593786297,0.24001738544343867,0.01140637808366456,0.27900030981984786,517,170,TRUE,0,NA,0.2652875210431099,8.057815149287626e-4,0.3647784886427048,1.6017615511771352e-6,TRUE
FLI1,strict_only,Unclassified,0.7989566530707116,0.6898034147902334,0.9253821013339976,-0.22444858616348237,0.01140637808366456,0.6272576526291777,517,170,TRUE,0,NA,-0.22415650987254485,0.00240622662094642,-0.21060226723502012,0.00307528530945589,TRUE
BID,strict_only,Unclassified,1.2676759497986787,1.085410167171421,1.48054842519656,0.23718526325830896,0.01140637808366456,0.7529327932062626,517,170,TRUE,0,NA,0.2724874435475718,4.428877136894166e-4,0.3428112064395042,2.3731023724409775e-6,TRUE
MALL,strict_only,Unclassified,0.7940321477985904,0.6827251793410122,0.9234858634424592,-0.230631330143312,0.0114339150774648,0.29697327813581353,517,170,TRUE,0,NA,-0.24196154696204503,0.00168265632757919,-0.26160466728361953,5.601768416839786e-4,TRUE
LYPD3,strict_only,Unclassified,1.26016779626011,1.0827338216974616,1.4666789222871333,0.23124488373183957,0.01162090782970013,0.9668634860952028,517,170,TRUE,0,NA,0.21743742358442916,0.00435217818413248,0.276977462786406,9.412920554356042e-5,TRUE
PPP1R1A,strict_only,Unclassified,1.25523323231067,1.0806380255855226,1.4580372244844697,0.22732139779579447,0.01204072786405626,0.7809988026630771,517,170,TRUE,0,NA,0.2613168792254286,4.778794125328825e-4,0.29973736742322254,1.0299800155492968e-4,TRUE
SFXN2,strict_only,Unclassified,0.7805626708989365,0.6629134681021676,0.9190914237195436,-0.24774024641554832,0.01213187892538752,0.8846675993443045,517,170,TRUE,0,NA,-0.25427248254701595,0.00218669954851014,-0.30965147557288786,1.877602098294607e-4,TRUE
RAB25,strict_only,Unclassified,1.2677660368736636,1.0841091272738603,1.4825359217221568,0.2372563254837484,0.01213731005331941,0.5086103492870145,517,170,TRUE,0,NA,0.18078782204463084,0.02052953438493756,0.15575521286098876,0.03856537596739576,TRUE
NCF4,strict_only,Immune,1.2794662997442665,1.0874246276463808,1.5054229696125956,0.24644303765752656,0.01213731005331941,0.745970679471013,517,170,TRUE,0,NA,0.2854843084514002,4.282555944878645e-4,0.30859540713858147,2.9205607687647427e-4,TRUE
CHODL,strict_only,Unclassified,0.7798511830635324,0.6618631252637286,0.918872565204865,-0.24865216844559632,0.01213731005331941,0.7050864371976862,517,170,TRUE,0,NA,-0.26260564816443155,0.00185675006084382,-0.1615859070778477,0.04006467462080786,TRUE
HLA-DPB1,strict_only,Unclassified,0.7951286713312873,0.683444020087571,0.9250642121238394,-0.22925132669304268,0.0121393350300189,0.92860172066354,517,170,TRUE,0,NA,-0.1719345863476036,0.02175196853327775,-0.17464484192047147,0.01899966130694376,TRUE
LDHD,strict_only,Unclassified,0.7710457911121144,0.6491951010077902,0.9157672494274912,-0.260007515337927,0.01233309493820427,0.6682044624213094,517,170,TRUE,0,NA,-0.2677269551740382,0.00197473531577441,-0.3767512149193984,1.9821864118695176e-5,TRUE
HOXD8,strict_only,Unclassified,0.7887725916945274,0.6741268827365507,0.9229155776771524,-0.23727722313496336,0.01238092148831499,0.5300966272356513,517,170,TRUE,0,NA,-0.2793066121640484,2.507450246056726e-4,-0.24881588186529455,0.00101079690964552,TRUE
HAMP,strict_only,Unclassified,1.266222787869573,1.0825816483399266,1.4810154513322742,0.2360382860197848,0.01266558932413458,0.5211378668701488,517,170,TRUE,0,NA,0.2822816841494531,2.756223329000119e-4,0.36885571169979614,2.4680987964970787e-6,TRUE
CDH6,strict_only,ECM/EMT,0.7897119003807065,0.6746563911960906,0.9243889092894444,-0.23608708309650603,0.01313494669271542,0.39091008309567093,517,170,TRUE,0,NA,-0.1833197553627789,0.0220470118330389,-0.1888650514032902,0.01053993792501609,TRUE
GBP4,strict_only,Immune,0.7926904697610075,0.6786426177616458,0.9259043926867264,-0.23232246171538817,0.01340079612622248,0.7280037248629067,517,170,TRUE,0,NA,-0.2321536505735111,0.00326606919259653,-0.1682026335511499,0.0271807656813072,TRUE
GPX3,strict_only,Metabolism,0.7951284422554509,0.682099686679719,0.9268868642369632,-0.22925161479216125,0.0134202292415493,0.9969304952373612,517,170,TRUE,0,NA,-0.24316572786026255,0.00189986771738125,-0.2667233268220293,8.565776783058797e-4,TRUE
ENO2,strict_only,ECM/EMT;Hypoxia;Metabolism,1.3051839555556124,1.0913743289993765,1.56088072861458,0.2663439929520122,0.01387937587329951,0.30630708670543516,517,170,TRUE,0,NA,0.2821126176596307,0.00164293679532387,0.2541439096234704,0.00639748576439754,TRUE
IGFBP2,strict_only,ECM/EMT,1.253887105785731,1.0771265998720791,1.459654672201427,0.2262484108739238,0.01387937587329951,0.35682208798904647,517,170,TRUE,0,NA,0.2410813057613351,0.00190472442288361,0.16684801936271632,0.02589606823073844,TRUE
TSPAN6,strict_only,Unclassified,0.7973395318665071,0.6848166555158509,0.9283511491089682,-0.226474678529875,0.01387937587329951,0.946491469653374,517,170,TRUE,0,NA,-0.24277750686112645,0.00165748457410305,-0.21424198550077625,0.00866535174155838,TRUE
TLCD1,strict_only,Unclassified,1.2769738146825966,1.0831099325889042,1.5055370413669198,0.24449307150155625,0.0141668657442341,0.5646907506487708,517,170,TRUE,0,NA,0.2503359602763018,0.00229234070267025,0.33609791128069594,1.0126791748345872e-5,TRUE
MYCN,strict_only,Unclassified,0.7814858622852446,0.6616986766184954,0.9229580994066656,-0.24655821977017195,0.01442127032234105,0.907015526674483,517,170,TRUE,0,NA,-0.2726614520664651,0.00117153790261831,-0.2324865789192652,0.00474733919306249,TRUE
ZNF395,strict_only,Unclassified,0.7899505378307285,0.6736501598051325,0.926329257310009,-0.23578494582202897,0.01452459716347757,0.1377176075932593,517,170,TRUE,0,NA,-0.2163866520198834,0.0059166265492083,-0.2915509098309358,1.873082407705397e-4,TRUE
CRHBP,strict_only,Unclassified,0.7474330478137826,0.6138093804314569,0.910146014014174,-0.29111054587085794,0.01473533387853763,0.3002685520747872,517,170,TRUE,0,NA,-0.3304725272350807,8.379722624947213e-4,-0.4016226210996875,4.4865021446019485e-5,TRUE
LILRB3,strict_only,Unclassified,1.2709295702351997,1.0805675277020557,1.4948274227093044,0.23974857779643532,0.01476203791255115,0.954170621562036,517,170,TRUE,0,NA,0.27692953836795525,6.546948163482336e-4,0.3244871711258495,8.974160760366011e-5,TRUE
MYOZ1,strict_only,Unclassified,0.7856666749515477,0.6671511226997888,0.9252358320727688,-0.24122265416908245,0.01490233358815059,0.4650811450600743,517,170,TRUE,0,NA,-0.2667328192971882,0.00134003009649427,-0.1986038992434349,0.01336480445403019,TRUE
MEX3B,strict_only,Unclassified,1.2592631589845624,1.0770720838333794,1.4722725873016782,0.23052675544771903,0.01490233358815059,0.5968373557108502,517,170,TRUE,0,NA,0.26806011668068547,6.666521716424969e-4,0.3014294126258619,4.841841901620913e-5,TRUE
BTG2,strict_only,Immune,0.7837195070178091,0.6641584667439405,0.9248037877036396,-0.24370409430823667,0.01513138799615776,0.33213707341645077,517,170,TRUE,0,NA,-0.21449353586726705,0.00940916986172943,-0.25026240392842664,0.00291892899980747,TRUE
PCK2,strict_only,Unclassified,0.7811459602975936,0.6604132511887282,0.9239502844482966,-0.2469932576186268,0.01522285048892762,0.5344969428645029,517,170,TRUE,0,NA,-0.25495561604693256,0.00284223644774456,-0.2829184727474102,2.8314971289952414e-4,TRUE
SPARCL1,strict_only,Metabolism,0.7983630612484274,0.6849736082327518,0.9305228258508016,-0.22519182102659452,0.01526684157626023,0.6668920636084661,517,170,TRUE,0,NA,-0.2550915772024606,9.37858514333726e-4,-0.2491384483051052,0.00126587701623958,TRUE
TBX15,strict_only,Unclassified,1.2691191580863876,1.079195122962069,1.4924673056352495,0.23832308352524767,0.01526684157626023,0.7621877489251804,517,170,TRUE,0,NA,0.26370029626430297,0.0011843917422526,0.26633290703432655,7.259676980007113e-4,TRUE
PFKP,strict_only,Hypoxia;Immune;Metabolism,0.7952293399132687,0.6803605316597493,0.929492046689083,-0.22912472805122228,0.0153652560931278,0.894854200845925,517,170,TRUE,0,NA,-0.1882987236766048,0.01292658353616366,-0.24529076240450215,4.507294660391203e-4,TRUE
ANXA13,strict_only,Unclassified,0.7998900144096278,0.6868926960613669,0.9314759624333998,-0.22328104275368985,0.01555917501640921,0.8443486451426474,517,170,TRUE,0,NA,-0.220794069771161,0.00397769724100537,-0.210883492810422,0.00367219298992519,TRUE
RGS5,strict_only,Unclassified,0.7939783835895152,0.6782528052717611,0.9294494157747436,-0.23069904280394368,0.01568576023224678,0.5608260361608778,517,170,TRUE,0,NA,-0.23901750634339392,0.00240750030064545,-0.22942719096355096,0.00343586001495202,TRUE
HAVCR1,strict_only,Unclassified,0.797454877157328,0.683222459851355,0.930786557046684,-0.22633002629085364,0.01571566456108607,0.8188611117688476,517,170,TRUE,0,NA,-0.19339197393327703,0.01218571334455659,-0.2158053618104315,0.00333442296762621,TRUE
GM2A,strict_only,Unclassified,0.78426394390989,0.6640938821376321,0.9261791898116344,-0.24300965213968156,0.01594033067369231,0.9039463955122272,517,170,TRUE,0,NA,-0.1616771531913542,0.03976714855562251,-0.26584416002603173,0.00209505996267779,TRUE
CENPM,strict_only,Unclassified,1.2571054673966835,1.07476460426263,1.4703816537043937,0.22881183014300285,0.01601918620913132,0.733320930132234,517,170,TRUE,0,NA,0.24456553361589747,0.00192601979869837,0.3041965805952962,1.4241110994661534e-5,TRUE
CA4,strict_only,Metabolism,0.7806016338836758,0.6586938303042752,0.9250715321568866,-0.2476903311252384,0.01609005077955156,0.25784957049498314,517,170,TRUE,0,NA,-0.2884466803752502,6.556435263087556e-4,-0.33123982839850935,1.0294276381866208e-4,TRUE
THOC6,strict_only,Unclassified,1.2611098998402956,1.075682638172877,1.478501300510534,0.2319922061116704,0.01609005077955156,0.8577856358768396,517,170,TRUE,0,NA,0.2469074377578626,0.00216800957580372,0.27825954697263794,4.467046873223616e-4,TRUE
UHRF1,strict_only,Unclassified,1.268525085233706,1.0775190573590825,1.49338972789131,0.23785487537109196,0.01617250226839369,0.9532362256524316,517,170,TRUE,0,NA,0.2777662319415754,5.556655307456142e-4,0.34483945845896746,6.834765070049306e-6,TRUE
ANLN,strict_only,Unclassified,1.2697529083002728,1.0778397720652453,1.4958368487810867,0.23882232114768528,0.01617250226839369,0.5260871486235063,517,170,TRUE,0,NA,0.2835399729709531,5.359659724583391e-4,0.33120281819483977,2.6192182634378736e-5,TRUE
EGLN3,strict_only,Metabolism,0.7812979834066739,0.6593394278923351,0.9258153131030608,-0.2467986610570381,0.01637006643317658,0.1902955469108223,517,170,TRUE,0,NA,-0.18593922527772516,0.01949041614515732,-0.24556952584191055,0.00200400015543979,TRUE
PCDH12,strict_only,Unclassified,0.7913790600312521,0.6736786124729839,0.929643312197422,-0.23397820978034845,0.01644721598100012,0.9052793305625298,517,170,TRUE,0,NA,-0.25835948332935815,0.00127787092313835,-0.2413314034069386,0.00205814718462824,TRUE
TBC1D4,strict_only,Unclassified,0.7888700270162047,0.6697600367433798,0.9291625140109536,-0.2371537029908629,0.01680176779716268,0.6368165055337088,517,170,TRUE,0,NA,-0.27131646162815615,9.82425612500858e-4,-0.2818677861022758,6.346533786055469e-4,TRUE
SCTR,strict_only,Unclassified,0.7961569134881578,0.6795832624730666,0.9327272549183944,-0.22795898506714052,0.01749686608854334,0.10769417464205856,517,170,TRUE,0,NA,-0.20576704370857812,0.01078572967602355,-0.23853211079528655,0.00180225942417324,TRUE
SLC22A7,strict_only,Unclassified,0.7886833055937497,0.6685361688185224,0.9304228933814572,-0.2373904257937846,0.01782146469701218,0.25074295650086226,517,170,TRUE,0,NA,-0.2558134582862067,0.00219654465068352,-0.30251866823515644,2.853987098547673e-4,TRUE
PROZ,strict_only,Unclassified,1.2507369562620925,1.0701013340133512,1.4618642964333,0.22373294259871152,0.01799699237137358,0.15913041574653097,517,170,TRUE,0,NA,0.16037726634083352,0.04258864451940494,0.1513039864286619,0.041585962872243,TRUE
ULBP2,strict_only,Unclassified,1.259142095117486,1.071789564391706,1.479244497586304,0.23043061217056193,0.01834235716891748,0.2506496713885779,517,170,TRUE,0,NA,0.24434919009998723,0.00270981929414835,0.2617236802838857,0.0013898022280673,TRUE
CD36,strict_only,Immune;Metabolism,0.7967020098826472,0.6794974571595007,0.9341228371985746,-0.2272745598393061,0.01853656454735956,0.8059588684588833,517,170,TRUE,0,NA,-0.2356920704296128,0.00315847866302139,-0.25882788637197335,0.00135886364626569,TRUE
FKBP10,strict_only,Unclassified,1.2888407334028245,1.0788051741179074,1.539768695896874,0.2537431580630721,0.0186841047836128,0.3129513877623154,517,170,TRUE,0,NA,0.30044194017279047,7.804450171243417e-4,0.33203910169880346,7.860800597415855e-5,TRUE
ATP6V1A,strict_only,Unclassified,0.7398678575031568,0.5989956201278797,0.9138705328921202,-0.30128367967129066,0.0186841047836128,0.955093429621794,517,170,TRUE,0,NA,-0.31459804697909405,0.00295692054035271,-0.35766144206943695,5.425443282283982e-4,TRUE
SHROOM3,strict_only,Unclassified,0.7888492300317246,0.6678232227067981,0.9318081291025316,-0.23718006634339012,0.01893150625122849,0.8287044590434741,517,170,TRUE,0,NA,-0.27107567449748904,0.00126445365974542,-0.2649604134459444,7.426992616426956e-4,TRUE
SLC17A4,strict_only,Unclassified,0.7996692883899544,0.6834267514103242,0.935683260092584,-0.2235570262957668,0.01896706885592594,0.3521009783527445,517,170,TRUE,0,NA,-0.23046034117243905,0.00294192944046873,-0.2773210576073033,2.5592558854220813e-4,TRUE
SLC44A4,strict_only,Unclassified,0.7740200103622277,0.6465428515564972,0.9266315063245132,-0.25615755254542494,0.01896706885592594,0.5722995929693863,517,170,TRUE,0,NA,-0.2859773544421639,0.0014433297785954,-0.3260653339617918,2.4057682141466068e-4,TRUE
CYP3A4,strict_only,Unclassified,0.7634822697984484,0.6309526641519531,0.9238492987109552,-0.2698653768610041,0.0197091996008786,0.5605072300805036,517,170,TRUE,0,NA,-0.3052334243458762,0.00150972456007996,-0.2970431215745868,0.00127964514202636,TRUE
DPYSL3,strict_only,ECM/EMT,1.282565215068056,1.0756548653615596,1.5292763356298715,0.2488621467255716,0.01979539283310528,0.3825562833624961,517,170,TRUE,0,NA,0.27964428867921,0.00160912680404393,0.3286322013732308,1.0458914646737772e-4,TRUE
FXYD5,strict_only,Unclassified,1.276235653475842,1.072727600654249,1.5183513896813403,0.24391484927848597,0.02084561027509616,0.7237042990664565,517,170,TRUE,0,NA,0.2768574053328802,0.0012418748071703,0.2999103297500988,5.360529864860207e-4,TRUE
NCOA7,strict_only,Immune,0.7921621758017316,0.6706765235325498,0.9356536135567868,-0.23298914070327031,0.02130135237747941,0.8182127805323414,517,170,TRUE,0,NA,-0.2677884616532999,0.00122482577523961,-0.2846765554963952,6.212646833617635e-4,TRUE
BUB1,strict_only,Unclassified,1.2523603640036718,1.0644189977909768,1.473485990556702,0.22503006193646455,0.02294934333487348,0.9363504095033984,517,170,TRUE,0,NA,0.27160893319454654,8.00489567702745e-4,0.3144975852842942,3.780313394846959e-5,TRUE
SPRY1,strict_only,Unclassified,0.7915121574601378,0.6682782607179224,0.9374710090586674,-0.2338100397535917,0.02318345058460424,0.6080705877800786,517,170,TRUE,0,NA,-0.25939050596979396,0.00219753468283982,-0.27771202362297137,0.0014717677509394,TRUE
IL4R,strict_only,Immune,1.3053872764328809,1.0753441989228134,1.5846423342217395,0.2664997602991644,0.02396076026345602,0.5136610272531255,517,170,TRUE,0,NA,0.2634564257616219,0.00489927096396701,0.30988669235703253,8.276610420089298e-4,TRUE
TREH,strict_only,Unclassified,0.798794426386523,0.6780618163508536,0.9410241370913778,-0.22465165494789055,0.02439542384952372,0.5534949359648459,517,170,TRUE,0,NA,-0.22672186986753656,0.00659337405263694,-0.2442922566458401,0.00173759952930793,TRUE
PLXDC1,strict_only,Unclassified,1.2580396476547513,1.064056887177075,1.4873864115198494,0.2295546742003381,0.02439906756339182,0.07130968323893483,517,170,TRUE,0,NA,0.2429768076748,0.0043924531238907,0.255871789236897,0.00198984167009466,TRUE
RAB33A,strict_only,Unclassified,0.79985888489698,0.6795296695747681,0.9414956614756704,-0.2233199607522148,0.02451529009797786,0.2916458064566334,517,170,TRUE,0,NA,-0.21569323240085544,0.00758598014176639,-0.1665841154197473,0.03357713588237259,TRUE
GRAMD1B,strict_only,Unclassified,1.260013757391257,1.0629457912830422,1.4936177195817857,0.2311226394682694,0.02581044909274681,0.08226128717889233,517,170,TRUE,0,NA,0.2836194414475932,7.994312434240595e-4,0.2602289219464092,0.00287832464955636,TRUE
C1R,strict_only,Immune,1.274964684722459,1.065711780808209,1.5253044740264332,0.24291847996989063,0.02629285937515675,0.4579638255332342,517,170,TRUE,0,NA,0.2939421221104199,8.483119108041856e-4,0.3851848624506752,1.8796579607465983e-5,TRUE
COBLL1,strict_only,Unclassified,0.7844633414154965,0.6556571945377732,0.9385739059244212,-0.2427554364980648,0.02642753467806929,0.4071021816105353,517,170,TRUE,0,NA,-0.2637636443798731,0.00374163704062431,-0.27204573608311783,0.00321893052550096,TRUE
RRM2,strict_only,Unclassified,1.253852397566773,1.060624699965942,1.4822828800181895,0.22622072999326295,0.02659458389373535,0.8547975779371068,517,170,TRUE,0,NA,0.27168231634146756,0.00116364973847239,0.35697434019840163,7.292294001343833e-6,TRUE
GFOD1,strict_only,Unclassified,0.7989540935165069,0.6763708833049988,0.943753877203699,-0.22445178978947983,0.02721026522475009,0.6889609295331556,517,170,TRUE,0,NA,-0.2499472928386334,0.00232280048273567,-0.256084911362022,0.00151394734272703,TRUE
MELK,strict_only,Unclassified,1.265910445113935,1.0625088107764,1.5082503211220952,0.23579158276329432,0.02732277606259752,0.3170122184192888,517,170,TRUE,0,NA,0.2759539449817134,0.00157958149398309,0.3927203117188117,3.192560215647538e-6,TRUE
CROT,strict_only,Metabolism,0.7906569371912086,0.6625435594124341,0.9435430824849862,-0.23489111301575183,0.02976118604185854,0.7914740935681387,517,170,TRUE,0,NA,-0.2411867445840836,0.00650321603842977,-0.3118058474257219,3.962513530287187e-4,TRUE
SLC34A1,strict_only,Unclassified,0.7816074610717262,0.6484281224967993,0.9421402342184898,-0.24640263240387736,0.0310265728776929,0.4989578819801187,517,170,TRUE,0,NA,-0.2314472339394532,0.01290812333072093,-0.3103612100916111,6.870129050797674e-4,TRUE
NCAPG,strict_only,Unclassified,1.2572271093767426,1.055329128121315,1.4977507608129814,0.22890858900559544,0.03272519089356011,0.26019127883792026,517,170,TRUE,0,NA,0.2710974031034647,0.00182469618261405,0.4001174365513721,1.9483543879736306e-6,TRUE
CKAP2L,strict_only,Unclassified,1.2523836868713196,1.0539670111972437,1.4881536921726963,0.2250486848912852,0.03307785345005896,0.5260027221706769,517,170,TRUE,0,NA,0.26596637589867655,0.00216060734487247,0.3688721838833098,1.71193364273382e-5,TRUE
ASPM,strict_only,Unclassified,1.257226386854036,1.0538917266383918,1.499791817176292,0.2289080143099744,0.03424935744008031,0.5642235171298806,517,170,TRUE,0,NA,0.27157169319762703,0.00211309068375251,0.38091652570576096,1.0230702249911918e-5,TRUE
SLC22A13,strict_only,Unclassified,0.7954854317461132,0.6658368862237477,0.9503785164399184,-0.22880274470182543,0.0359740535557078,0.5199477682671576,517,170,TRUE,0,NA,-0.21942963949716873,0.01377915787649596,-0.34614464182583554,8.214383179792763e-5,TRUE
IDI1,strict_only,Metabolism,0.7866599622222449,0.6523702423279925,0.9485930779969152,-0.23995919226574977,0.03650649659787258,0.5096920508409473,517,170,TRUE,0,NA,-0.27912484897719264,0.00288218651760385,-0.30218744234169065,8.441516709083787e-4,TRUE
NDRG2,strict_only,Metabolism,0.798242260503894,0.6686517108502468,0.9529485920915768,-0.22534314301346003,0.03814176016698224,0.8716951043883786,517,170,TRUE,0,NA,-0.2828023656164424,0.00102848469178708,-0.28306551506322086,8.992693671208698e-4,TRUE
SIPA1,strict_only,Unclassified,1.2549115497790726,1.0483127869539166,1.5022262604893148,0.2270650918363505,0.03989832184135557,0.6919360564188013,517,170,TRUE,0,NA,0.2478398565240152,0.0059884873414273,0.2976195032724243,5.726856702220256e-4,TRUE
CPNE6,strict_only,Unclassified,0.7873746497051564,0.6488856533183929,0.9554207830422144,-0.23905109592960933,0.04463945714371968,0.4798265473923377,517,170,TRUE,0,NA,-0.2569253710799582,0.0094354461017499,-0.22262936774805783,0.0159880083910139,TRUE
SCOC,strict_only,Unclassified,0.7707623156206305,0.6233705698315102,0.9530038406231592,-0.26037523359474535,0.04647348055175344,0.9863047487900348,517,170,TRUE,0,NA,-0.27435435136607084,0.00858665934291653,-0.286381964919753,0.00448416477406711,TRUE
PLAGL1,strict_only,Immune,1.2508936877135894,1.039892777702753,1.5047080348210409,0.22385824602995905,0.04954916080420675,0.00239474930327466,517,170,FALSE,0,NA,0.2442812615169819,0.00840110601766384,0.2413951086978634,0.00790472220262873,TRUE
CYFIP2,high_confidence,Metabolism,0.6438254130397608,0.5681984587921453,0.7295182802096486,-0.4403276873957715,1.6496039075833828e-8,0.11023851345074288,517,170,TRUE,0,NA,-0.4525244848724998,8.924582102425175e-13,-0.5011742289302678,4.254750648053571e-17,TRUE
CRYL1,high_confidence,Unclassified,0.6336584562310958,0.5553780413163518,0.7229724787128592,-0.4562451822719112,1.975230044002204e-8,0.18056452806814727,517,170,TRUE,0,NA,-0.4686872323445526,1.4712438518090338e-12,-0.4659200899864024,3.3367597606598973e-13,TRUE
HHLA2,high_confidence,Unclassified,0.6271860813603375,0.5467164714494546,0.7194997794912849,-0.46651200190082415,3.0568553030833886e-8,0.05642705568169961,517,170,TRUE,0,NA,-0.46045983091712855,1.815883649237417e-11,-0.38122638206946663,1.1074236655683729e-8,TRUE
RBM47,high_confidence,Unclassified,0.6662811548295828,0.5877760949953241,0.7552715754535306,-0.406043543125073,1.2074892654362825e-7,0.03994246936590942,517,170,FALSE,0,NA,-0.422463091946278,1.911708415934919e-11,-0.4257494764272216,4.813885198581292e-12,TRUE
PANK1,high_confidence,Unclassified,0.6229800994979866,0.5346008349615079,0.7259700677393544,-0.4732407037257613,4.4522162039132833e-7,0.3007884399605408,517,170,TRUE,0,NA,-0.4986741199540799,9.28069633019936e-11,-0.5352030465217477,1.8282416580646612e-12,TRUE
GJB1,high_confidence,Unclassified,0.6522841669888453,0.566609703096362,0.7509130750483677,-0.4272749730657404,7.54660946779054e-7,0.05705100752767134,517,170,TRUE,0,NA,-0.413226381090322,3.180041343504904e-9,-0.4129555060983059,1.093798590866854e-9,TRUE
KL,high_confidence,Unclassified,0.6607655357615693,0.5761717289518554,0.7577794454520288,-0.4143562134600067,7.828983753766447e-7,0.1948643174723704,517,170,TRUE,0,NA,-0.43199741095291744,2.1823132181701675e-10,-0.40961791516422486,4.171845926800827e-10,TRUE
ACADM,high_confidence,Metabolism,0.6386401528369687,0.5500624814917955,0.7414816653364318,-0.4484141243283115,9.375513631424824e-7,0.23934569085226448,517,170,TRUE,0,NA,-0.4662070721762217,5.900910624131833e-10,-0.4638276377426374,5.948195830008001e-11,TRUE
DDC,high_confidence,Metabolism,0.6589895215186183,0.5731264634596904,0.7577161711393926,-0.4170476451847731,9.44690794637647e-7,0.15749640782673807,517,170,TRUE,0,NA,-0.4155695358933498,1.99992444193278e-9,-0.37592167673655097,2.032339727944992e-8,TRUE
KNTC1,high_confidence,Unclassified,1.5116159762374974,1.3040485850216854,1.7522221839445078,0.41317926152804135,4.08255487434012e-6,0.6471389094840807,517,170,TRUE,0,NA,0.4050758691100193,5.2504145353415367e-8,0.4744295201707827,2.8903379235868056e-10,TRUE
TMEM140,high_confidence,Immune,0.6654162909588421,0.5748103731873818,0.7703041923515904,-0.4073424327415841,4.415510186849692e-6,0.5361685228911856,517,170,TRUE,0,NA,-0.3985110645431239,1.2033425733369406e-7,-0.3269205459324186,1.56563694356937e-5,TRUE
C1QTNF6,high_confidence,Unclassified,1.5451173085341128,1.3213432727629684,1.8067882482495268,0.43509983532112984,4.415510186849692e-6,0.12634156331541554,517,170,TRUE,0,NA,0.4565766856851785,7.767345238491417e-9,0.4642935256848007,8.73601630319934e-10,TRUE
CLCN5,high_confidence,Unclassified,0.6585899594030037,0.5664515776071813,0.7657154676109622,-0.4176541545204886,4.710585633141151e-6,0.8247506220942223,517,170,TRUE,0,NA,-0.44203368937327303,6.231818368473172e-9,-0.459375020714434,4.28409952283586e-10,TRUE
CADPS2,high_confidence,Unclassified,0.6635798973149913,0.5719974046469152,0.7698256609964659,-0.41010601450174866,4.925349015628294e-6,0.4780768221578261,517,170,TRUE,0,NA,-0.42509189426389193,1.5175055584996462e-8,-0.40412892350631446,2.5036960202833383e-8,TRUE
TNIP1,high_confidence,Immune,0.6603760283363156,0.5668610973597337,0.7693180936784177,-0.414945866298316,6.172755083068598e-6,0.196338897046363,517,170,TRUE,0,NA,-0.39440197510186903,3.243242052490607e-7,-0.36515824973066585,1.849829516855788e-6,TRUE
PODXL,high_confidence,Unclassified,0.6616927622037673,0.56698031580525,0.7722266529324141,-0.41295393620776416,8.773091522225725e-6,0.3994800387810609,517,170,TRUE,0,NA,-0.4249013519786907,1.4869431930285052e-8,-0.4327660692927539,6.866197097673142e-9,TRUE
LRBA,high_confidence,Unclassified,0.6548353143328662,0.5569838044772544,0.769877481985089,-0.42337150345977026,1.304810499897916e-5,0.3720772639550102,517,170,TRUE,0,NA,-0.4290871666379401,1.584120700271455e-7,-0.4989753296913121,1.9237172909879278e-10,TRUE
TCIRG1,high_confidence,Metabolism,1.5307428510495755,1.2969294628206305,1.8067086477805248,0.4257531411377312,1.8968273730796864e-5,0.45938014299413377,517,170,TRUE,0,NA,0.4523916244741637,8.188437228125462e-8,0.522759531059695,1.3381249624799769e-10,TRUE
LTB4R,high_confidence,Unclassified,1.51472649876826,1.2854153332917455,1.7849455398942262,0.4152348937982004,2.3639185338214345e-5,0.02855283755200092,517,170,FALSE,0,NA,0.4119666771997216,8.055760170537091e-7,0.4478818914281634,1.5801460873316434e-8,TRUE
GRAMD1A,high_confidence,Unclassified,1.500439489350083,1.2729667057699907,1.7685605216511633,0.4057580580941821,3.76711391744721e-5,0.5509716961738,517,170,TRUE,0,NA,0.43203826769781506,1.8241692027408624e-7,0.435955073965395,1.4261085253392341e-8,TRUE
IFFO1,high_confidence,Unclassified,1.504784652050967,1.2733964721982216,1.7782182521200418,0.4086497996244981,4.320803847783538e-5,0.2786771755480993,517,170,TRUE,0,NA,0.4141733461290005,9.279605179868564e-7,0.4702784999415414,1.1257832516195608e-8,TRUE
HIBCH,high_confidence,Metabolism,0.6636752205059637,0.5602259989563562,0.786226985420492,-0.4099623749107515,5.252857699169451e-5,0.30512006682564013,517,170,TRUE,0,NA,-0.4469703347312199,1.882732466541709e-7,-0.5121753569520837,8.995115680020637e-10,TRUE
TNFAIP2,high_confidence,Immune,1.533090319816186,1.2711470564855143,1.849011817100392,0.42728551519013547,1.3418549757050055e-4,0.7479525657773048,517,170,TRUE,0,NA,0.43570679960393177,5.196809714355277e-6,0.4157899829080451,7.394958248562116e-6,TRUE
