path,bytes,md5,provenance
data/metadata/tcga_kirc_clinical.csv,356821,61ad4dffc54628737410af4123200c25,cached public input; original retrieval date unknown
data/metadata/tcga_kirc_coldata.csv,463552,352baa4e655732335b6cb0829be38759,cached public input; original retrieval date unknown
data/processed/gse29609_series_matrix.rds,18461336,dc539a07d8adfcb5283edcab83f1e09c,cached public input; original retrieval date unknown
data/processed/gse40435_series_matrix.rds,48849393,22010f9a97491024a9146e9a0ecb7d5c,cached public input; original retrieval date unknown
data/processed/gse53757_series_matrix.rds,51522499,99cdebf55fa9e1a55a43d7ef48e89c7c,cached public input; original retrieval date unknown
data/processed/tcga_kirc_counts.rds,43387852,9924408e4ccf056861c0c9e844d9959c,cached public input; original retrieval date unknown
data/processed/tcga_kirc_star_counts_se.rds,386673109,40d514360c71ab6316fb7caf73230105,cached public input; original retrieval date unknown
data/raw/TCGA-KIRC/Transcriptome_Profiling/Gene_Expression_Quantification/000d81dd-9ba4-4852-9090-2bf22f6483f0/09755ce8-ed89-411a-a42f-b3edc4e41eeb.rna_seq.augmented_star_gene_counts.tsv,4235200,e5fd923a393a590c23ce048a7c18ef73,cached public input; original retrieval date unknown
data/raw/TCGA-KIRC/Transcriptome_Profiling/Gene_Expression_Quantification/00174492-1adc-4310-8147-a622befbb466/84e40c7e-2f60-4461-b14c-0859697295a4.rna_seq.augmented_star_gene_counts.tsv,4254675,b79fada02ab04f7e0aa77bd3b2629a86,cached public input; original retrieval date unknown
data/raw/TCGA-KIRC/Transcriptome_Profiling/Gene_Expression_Quantification/00252d7f-e222-462f-badc-b97e8dce2021/5abd235a-829b-4457-8f47-ecd1adab30ca.rna_seq.augmented_star_gene_counts.tsv,4240970,b239c31eb7b209a7657430eb632978f2,cached public input; original retrieval date unknown
data/raw/TCGA-KIRC/Transcriptome_Profiling/Gene_Expression_Quantification/00ddbdd1-f29d-438b-820b-aacb111a3ec4/e635dbc7-ef8d-45e2-acd2-b961f0c8b600.rna_seq.augmented_star_gene_counts.tsv,4246312,3f46ec5b6db0e07d2e56469d5c3c98bd,cached public input; original retrieval date unknown
data/raw/TCGA-KIRC/Transcriptome_Profiling/Gene_Expression_Quantification/017de1fe-6f36-4324-a20a-9d9ee3439d8f/1b366431-2a13-45a5-a21e-931d473de6d4.rna_seq.augmented_star_gene_counts.tsv,4250539,6efc553ea2bad97e073df20c37701754,cached public input; original retrieval date unknown
data/raw/TCGA-KIRC/Transcriptome_Profiling/Gene_Expression_Quantification/01851b83-f8c4-4108-99c9-248fe29e39e9/6dd12311-581d-46fd-9b98-6523b67ec2e4.rna_seq.augmented_star_gene_counts.tsv,4245998,d2832e32406b7302c3cec58a1c49060a,cached public input; original retrieval date unknown
data/raw/TCGA-KIRC/Transcriptome_Profiling/Gene_Expression_Quantification/02669516-0c84-46b4-9ff1-ab147ff1ddcc/5adfce9d-f650-4dd3-8382-28e475427cd1.rna_seq.augmented_star_gene_counts.tsv,4243660,7c5bcdba0d1186840a6c3d1e16a0bcc1,cached public input; original retrieval date unknown
data/raw/TCGA-KIRC/Transcriptome_Profiling/Gene_Expression_Quantification/02c1c266-473f-437d-b768-20f685349ecb/8a31c02d-a429-4d4e-a461-8024bea95b1a.rna_seq.augmented_star_gene_counts.tsv,4232393,99830576f6aa4d8d8acea444c22df0d1,cached public input; original retrieval date unknown
data/raw/TCGA-KIRC/Transcriptome_Profiling/Gene_Expression_Quantification/02f13d48-a03a-42e8-917d-e5d9025e2898/c56a5910-5ae3-434a-9093-a4b264a644fd.rna_seq.augmented_star_gene_counts.tsv,4246134,13f0fc182ec59658b3dc2f039067767f,cached public input; original retrieval date unknown
data/raw/TCGA-KIRC/Transcriptome_Profiling/Gene_Expression_Quantification/03c6d5d2-1a33-4ae7-9421-f43b14fc97bd/d03c971c-8baa-46bc-8b0a-1ff8b29a8f75.rna_seq.augmented_star_gene_counts.tsv,4245706,b4650e5ee653c4684eeda5df7baf4335,cached public input; original retrieval date unknown
data/raw/TCGA-KIRC/Transcriptome_Profiling/Gene_Expression_Quantification/040bcb51-b1dd-4666-819f-3ffed0b5ebb0/4ef51bd6-d020-4a5f-9142-9d8349308146.rna_seq.augmented_star_gene_counts.tsv,4249249,975acc12664b7610818fa23a35ae4613,cached public input; original retrieval date unknown
data/raw/TCGA-KIRC/Transcriptome_Profiling/Gene_Expression_Quantification/040e6555-b1a3-43ca-ae2b-a972fc01fa19/975ca807-d276-43f7-95e6-4b04bf2409c8.rna_seq.augmented_star_gene_counts.tsv,4240383,5e450e3b922b332c609f964a4d11ca29,cached public input; original retrieval date unknown
data/raw/TCGA-KIRC/Transcriptome_Profiling/Gene_Expression_Quantification/0461aca8-2256-4954-9c65-1b2a92c2b2a1/cf53a086-f74f-4155-9766-5761cf983177.rna_seq.augmented_star_gene_counts.tsv,4251732,0c1f7b63155cba1008053286824a2606,cached public input; original retrieval date unknown
data/raw/TCGA-KIRC/Transcriptome_Profiling/Gene_Expression_Quantification/0498e4e5-f3cc-4fa5-9686-099ab9e435f4/59fe9111-5941-4230-9795-7df8064015a5.rna_seq.augmented_star_gene_counts.tsv,4250426,0bdb772bf36e1eecca7213f21e09a472,cached public input; original retrieval date unknown
data/raw/TCGA-KIRC/Transcriptome_Profiling/Gene_Expression_Quantification/04f48a21-1ab5-45d0-ba8a-8b6cd53ca1ff/e4e10f53-b72d-489e-81ac-d6588e869e4c.rna_seq.augmented_star_gene_counts.tsv,4241181,4350d66a88ea917b2d1aa9cc6364d5ec,cached public input; original retrieval date unknown
data/raw/TCGA-KIRC/Transcriptome_Profiling/Gene_Expression_Quantification/0558db50-149d-4b8f-9994-4e0c3451ae8e/cb638ca1-8f91-4e47-81d3-f340bb2f06cc.rna_seq.augmented_star_gene_counts.tsv,4230781,435366bede0b493c1d437a53a1467071,cached public input; original retrieval date unknown
data/raw/TCGA-KIRC/Transcriptome_Profiling/Gene_Expression_Quantification/056c67e7-03b3-40cc-8c19-d6938ad634aa/343ac8e1-8afa-4e36-a373-ca28c3e7a713.rna_seq.augmented_star_gene_counts.tsv,4240709,ec6467578450ff189def10b0fad52215,cached public input; original retrieval date unknown
data/raw/TCGA-KIRC/Transcriptome_Profiling/Gene_Expression_Quantification/05aedbb7-c56c-4756-b8e8-302afaedcb4c/666b7828-2433-452a-9ae4-f93d8bb1dc07.rna_seq.augmented_star_gene_counts.tsv,4232427,e1acfcf0da7ae789abc0b39cb8b0b527,cached public input; original retrieval date unknown
data/raw/TCGA-KIRC/Transcriptome_Profiling/Gene_Expression_Quantification/05becc45-68e1-4706-a225-3a805bd7ba56/ff7cdc45-a66a-4b2c-b96c-70756f32f74b.rna_seq.augmented_star_gene_counts.tsv,4233011,dc463c1edc686dbf7edaa24a5fc3b1fc,cached public input; original retrieval date unknown
data/raw/TCGA-KIRC/Transcriptome_Profiling/Gene_Expression_Quantification/0626d61a-3222-49c5-b6f0-4b59c5835d29/4252d504-9d47-4e8a-8aa0-f3af157e5679.rna_seq.augmented_star_gene_counts.tsv,4231095,503c2075736f8622564786133cfceb8e,cached public input; original retrieval date unknown
data/raw/TCGA-KIRC/Transcriptome_Profiling/Gene_Expression_Quantification/063830a5-bb8f-4d58-98d6-c49ea4f1f66d/8ab025fe-d2bc-4ea0-9b76-c70c80c96a31.rna_seq.augmented_star_gene_counts.tsv,4241456,796e9852127cba025a80c48eb4055c8a,cached public input; original retrieval date unknown
data/raw/TCGA-KIRC/Transcriptome_Profiling/Gene_Expression_Quantification/06632416-4901-4939-b250-35cd1b8b8323/a8776da2-d821-41c3-8530-0bbb29536a43.rna_seq.augmented_star_gene_counts.tsv,4225812,e3f92f6e38a3209f6902d4b8b8d5a5b8,cached public input; original retrieval date unknown
data/raw/TCGA-KIRC/Transcriptome_Profiling/Gene_Expression_Quantification/0666c919-fe81-415e-84ea-c782234e3aa0/fcfd97d0-70ee-4b14-8953-63e96f62f04a.rna_seq.augmented_star_gene_counts.tsv,4228854,d345467277f9b1820fd791fd479351bc,cached public input; original retrieval date unknown
data/raw/TCGA-KIRC/Transcriptome_Profiling/Gene_Expression_Quantification/0699530d-22a4-4fb0-a17c-ff78397c5316/29c9d4b8-b879-49d8-82e6-fd5ac79c2e6c.rna_seq.augmented_star_gene_counts.tsv,4241561,c72c3d1dfbb4f317e2732bf21b7f650c,cached public input; original retrieval date unknown
data/raw/TCGA-KIRC/Transcriptome_Profiling/Gene_Expression_Quantification/06f37a68-0ffa-494c-9b43-00fc1e8b9ad2/60138dcd-4d62-4768-8b01-7d215d06858a.rna_seq.augmented_star_gene_counts.tsv,4244800,108f90b12cf5d5d28636c759d2142895,cached public input; original retrieval date unknown
data/raw/TCGA-KIRC/Transcriptome_Profiling/Gene_Expression_Quantification/07857799-d6eb-4a80-83b5-aad368e6cd3c/fe2ff90c-705c-4322-bcc2-641eb4c14c46.rna_seq.augmented_star_gene_counts.tsv,4228097,25cfac37e4c64108f24b4ba0929029f9,cached public input; original retrieval date unknown
data/raw/TCGA-KIRC/Transcriptome_Profiling/Gene_Expression_Quantification/07868319-1d09-49ca-b198-5677d151d36d/267adf6f-194c-4071-b80a-66258a68be8e.rna_seq.augmented_star_gene_counts.tsv,4229461,b1709b95bfd825f080840f7687a373c9,cached public input; original retrieval date unknown
data/raw/TCGA-KIRC/Transcriptome_Profiling/Gene_Expression_Quantification/07b09d0e-fac2-42a7-9cac-ac1e38a92298/e7da171a-02e6-4369-a961-885bc2f7e0ba.rna_seq.augmented_star_gene_counts.tsv,4238090,b42e322a2ee3afc2f59467f9acf2519e,cached public input; original retrieval date unknown
data/raw/TCGA-KIRC/Transcriptome_Profiling/Gene_Expression_Quantification/0897b313-4bb5-4b3c-8146-6b90b58b904c/3e0685e1-e0b3-4f7e-9f30-4c3b0457db77.rna_seq.augmented_star_gene_counts.tsv,4230883,e597832f8c3a3eacbf21c0179eda7a50,cached public input; original retrieval date unknown
data/raw/TCGA-KIRC/Transcriptome_Profiling/Gene_Expression_Quantification/08e51a10-bb34-448d-bc76-c02834852933/d3a67b19-5e2e-48ec-a887-a2d605861717.rna_seq.augmented_star_gene_counts.tsv,4240997,b2166e719155da90eff65e01cb8aa66a,cached public input; original retrieval date unknown
data/raw/TCGA-KIRC/Transcriptome_Profiling/Gene_Expression_Quantification/09b9e5e0-8901-452c-8c4b-baca1faddddc/62166c5e-1359-40e2-a83f-5a5b8447f15c.rna_seq.augmented_star_gene_counts.tsv,4263382,75fd6cb0280ae5df82122a51ebab40fd,cached public input; original retrieval date unknown
data/raw/TCGA-KIRC/Transcriptome_Profiling/Gene_Expression_Quantification/09c297be-f824-4a0b-ae20-57ecf089a7d5/4b03eb21-6063-4248-8372-d06c76047db0.rna_seq.augmented_star_gene_counts.tsv,4247283,2faf6ad493738ec94388f937c3f48596,cached public input; original retrieval date unknown
data/raw/TCGA-KIRC/Transcriptome_Profiling/Gene_Expression_Quantification/0a98d561-9c8c-40d2-aaaf-cad735533329/bf9bece0-fb79-4722-a830-308cc5403c0f.rna_seq.augmented_star_gene_counts.tsv,4233898,b36efd8192fc81a4c1ac75164d533553,cached public input; original retrieval date unknown
data/raw/TCGA-KIRC/Transcriptome_Profiling/Gene_Expression_Quantification/0af91fa3-3ad9-4ba3-9e29-8bd565871d69/2e7eb4b8-4f9a-48ff-9d0a-d54af72e50b1.rna_seq.augmented_star_gene_counts.tsv,4230661,1cf64ee29e3a7dd1d61cac29b5721ae3,cached public input; original retrieval date unknown
data/raw/TCGA-KIRC/Transcriptome_Profiling/Gene_Expression_Quantification/0b4cbedf-b064-4d5a-aa85-8726640d9c63/2b4ee053-96f0-467d-9873-d4de666c4200.rna_seq.augmented_star_gene_counts.tsv,4222551,cf351c12a97835a196cd9c0bc8716c5a,cached public input; original retrieval date unknown
data/raw/TCGA-KIRC/Transcriptome_Profiling/Gene_Expression_Quantification/0bbde4ab-4f9d-478b-a168-055e489b53f2/06a9adb9-0cc7-4e06-abbe-894f1883ed9f.rna_seq.augmented_star_gene_counts.tsv,4247601,11ecfc20c0de0c722c8237ad7123432f,cached public input; original retrieval date unknown
data/raw/TCGA-KIRC/Transcriptome_Profiling/Gene_Expression_Quantification/0c1c9170-9092-449e-afc2-0ef1d28ae07e/c0ef5bce-a76c-4fe7-99a6-9e3045eedea6.rna_seq.augmented_star_gene_counts.tsv,4245483,cee6b18ce39fe57451932efe07956f74,cached public input; original retrieval date unknown
data/raw/TCGA-KIRC/Transcriptome_Profiling/Gene_Expression_Quantification/0c25f495-ae84-45a3-8c7a-5521ddcccf70/91b22fd4-4b09-4b8c-9ee6-08c66b8ad324.rna_seq.augmented_star_gene_counts.tsv,4225946,2d07c253647edd5cee0ee7451bca7fb0,cached public input; original retrieval date unknown
data/raw/TCGA-KIRC/Transcriptome_Profiling/Gene_Expression_Quantification/0c5ce27e-46a9-4868-880d-c7e87391cdf9/e1cfed22-6157-4030-971a-8a9fa033aa8d.rna_seq.augmented_star_gene_counts.tsv,4238911,4fc82eb0b7ae3ac59ffa4b6efa414f3b,cached public input; original retrieval date unknown
data/raw/TCGA-KIRC/Transcriptome_Profiling/Gene_Expression_Quantification/0cb86c23-556d-4c56-b6cd-96dbbaff1441/3562d885-15d7-415a-bdf7-731c8bbae36b.rna_seq.augmented_star_gene_counts.tsv,4240756,912eaeb89eab661e15e2780a38007fd5,cached public input; original retrieval date unknown
data/raw/TCGA-KIRC/Transcriptome_Profiling/Gene_Expression_Quantification/0e7e953c-82c3-4887-86b5-584d41cfe518/4551fe9f-b4ff-4556-a2ae-bd7234a979ba.rna_seq.augmented_star_gene_counts.tsv,4249804,1d42f4505aa3e6836aa54bebe51f5420,cached public input; original retrieval date unknown
data/raw/TCGA-KIRC/Transcriptome_Profiling/Gene_Expression_Quantification/0f8d808c-2f62-4720-b32c-b5e76adab4ba/f995acfb-82fc-47ae-bba9-de699337ee15.rna_seq.augmented_star_gene_counts.tsv,4249841,67029f0599eb48fbca2b0e3807a15750,cached public input; original retrieval date unknown
data/raw/TCGA-KIRC/Transcriptome_Profiling/Gene_Expression_Quantification/0fbdc947-5a9e-47de-b4fa-bbbf1ba4fd6b/5c1d9af2-e798-4e2f-83af-05c27225e3e0.rna_seq.augmented_star_gene_counts.tsv,4246293,a6fcd8d81c7eb941ac5a08b9424f0d39,cached public input; original retrieval date unknown
data/raw/TCGA-KIRC/Transcriptome_Profiling/Gene_Expression_Quantification/1078f9da-8238-45d4-ac09-a4b5d3b75743/92e7f40f-841b-4c2f-90f5-36f5ce6bb364.rna_seq.augmented_star_gene_counts.tsv,4217450,b25e9d67ec135874dc44962f326497c1,cached public input; original retrieval date unknown
data/raw/TCGA-KIRC/Transcriptome_Profiling/Gene_Expression_Quantification/114e63e4-03a5-409e-835f-afa8af005d03/7dd55f05-23aa-407f-8214-5584d1130569.rna_seq.augmented_star_gene_counts.tsv,4241529,b0338351a944121e8812a35d7e60dd18,cached public input; original retrieval date unknown
data/raw/TCGA-KIRC/Transcriptome_Profiling/Gene_Expression_Quantification/1164d793-7d50-42c9-9b8c-74affd93964d/002049e1-5d2b-4019-a9ed-61a90fd952ce.rna_seq.augmented_star_gene_counts.tsv,4244542,61ae135adf65a31548ce0ea56036d4a9,cached public input; original retrieval date unknown
data/raw/TCGA-KIRC/Transcriptome_Profiling/Gene_Expression_Quantification/1263f317-119b-428c-96b1-c187e54bb275/92cb59ee-23f2-412b-a039-e4040218c207.rna_seq.augmented_star_gene_counts.tsv,4245460,816f9e5ee5179b522e76feb0cb39b7dd,cached public input; original retrieval date unknown
data/raw/TCGA-KIRC/Transcriptome_Profiling/Gene_Expression_Quantification/12e9affd-cc06-49d9-b485-47e7034be973/fb7d8768-9749-4d8d-a50b-384c5a726b57.rna_seq.augmented_star_gene_counts.tsv,4247777,eec99ac71f0312fbef8c6988606b232f,cached public input; original retrieval date unknown
data/raw/TCGA-KIRC/Transcriptome_Profiling/Gene_Expression_Quantification/12eadc69-863d-46fe-bb19-f8b38b05471b/ec23954c-4aca-41e5-b1ee-0c1bde8d63ed.rna_seq.augmented_star_gene_counts.tsv,4248726,84d476af1deb7abc2aee8a9bf2ae027f,cached public input; original retrieval date unknown
data/raw/TCGA-KIRC/Transcriptome_Profiling/Gene_Expression_Quantification/1317fb5d-608b-4c79-8198-f2ec68766224/1ad08c93-155b-4db8-9b88-a4e60cad9022.rna_seq.augmented_star_gene_counts.tsv,4226090,a8bb3e65e33fdc6fb9369f2f8d36f6df,cached public input; original retrieval date unknown
data/raw/TCGA-KIRC/Transcriptome_Profiling/Gene_Expression_Quantification/131cc059-cc0f-43df-a19e-5f854a769181/af4b5ee7-1229-4209-b1a5-dd96682f8293.rna_seq.augmented_star_gene_counts.tsv,4263556,3f72bcea95374bda4ca90819fa77814b,cached public input; original retrieval date unknown
data/raw/TCGA-KIRC/Transcriptome_Profiling/Gene_Expression_Quantification/134f1661-5f67-4184-bab4-bc9c6f80c789/5d56bce7-d006-4a7c-aeb3-c99302c41b23.rna_seq.augmented_star_gene_counts.tsv,4199656,b1989d578c0b876c1285f4f56e374ca6,cached public input; original retrieval date unknown
data/raw/TCGA-KIRC/Transcriptome_Profiling/Gene_Expression_Quantification/13b48a2d-dde2-4cd1-b26d-22621a002f5b/5a1b700e-a479-498a-87f5-e53f59e01a44.rna_seq.augmented_star_gene_counts.tsv,4226962,382113d36656c25024fd6d69e246f130,cached public input; original retrieval date unknown
data/raw/TCGA-KIRC/Transcriptome_Profiling/Gene_Expression_Quantification/152893a4-2d02-4941-bbe9-eb038cce9ef2/9de0347a-a669-400d-93f7-d471527e05fc.rna_seq.augmented_star_gene_counts.tsv,4240819,00d5b55c47a76c9ba2cfdaffdfbf987b,cached public input; original retrieval date unknown
data/raw/TCGA-KIRC/Transcriptome_Profiling/Gene_Expression_Quantification/158ed2cd-7be5-4191-89b6-0d034a6426c1/84c9a188-9500-4f03-b0be-c0bdf5b2d19d.rna_seq.augmented_star_gene_counts.tsv,4234602,ba7d12cc724267a38c8b990d06cbf994,cached public input; original retrieval date unknown
data/raw/TCGA-KIRC/Transcriptome_Profiling/Gene_Expression_Quantification/160f9fb3-e1e0-4f32-ab86-9555e838a0a0/b0e4b742-75f5-4270-9180-8c55f1cdbef5.rna_seq.augmented_star_gene_counts.tsv,4249555,f7ee091a5d06cd76b85edb84d8123c04,cached public input; original retrieval date unknown
data/raw/TCGA-KIRC/Transcriptome_Profiling/Gene_Expression_Quantification/16349fe9-a2c9-4577-8b34-6761dd22ee61/ef92fd44-a351-4d89-b39f-3e56f54ea86f.rna_seq.augmented_star_gene_counts.tsv,4246620,81feb4f6bbee1aa479597bf0ebeabe51,cached public input; original retrieval date unknown
data/raw/TCGA-KIRC/Transcriptome_Profiling/Gene_Expression_Quantification/164a6eaa-7f88-4687-a7e1-b907c468766e/4b04816b-80fa-410b-95d7-9b1f815b59e7.rna_seq.augmented_star_gene_counts.tsv,4254810,51c32ad60fd5d7e0cd5e2d6f06791a5b,cached public input; original retrieval date unknown
data/raw/TCGA-KIRC/Transcriptome_Profiling/Gene_Expression_Quantification/16574f32-3388-42a3-a5ca-9248e75fd522/5c14dcc2-dc8b-4cb5-8e3c-2069022da488.rna_seq.augmented_star_gene_counts.tsv,4223595,93db686d3313b497536369616d0d5913,cached public input; original retrieval date unknown
data/raw/TCGA-KIRC/Transcriptome_Profiling/Gene_Expression_Quantification/17a7a252-7530-4f12-8cd8-50a049a1e653/97ed0f9c-f670-4da8-92d6-163ad4088402.rna_seq.augmented_star_gene_counts.tsv,4236629,253781ba8dfac68cf8a7656f493f66c6,cached public input; original retrieval date unknown
data/raw/TCGA-KIRC/Transcriptome_Profiling/Gene_Expression_Quantification/18913801-b38a-4439-8b34-25a7138e8fdd/c2fc96b4-551d-46ff-bd1d-65e1a8c5df2a.rna_seq.augmented_star_gene_counts.tsv,4243944,7a1f74fb303d23633f7eec3fffc4bc70,cached public input; original retrieval date unknown
data/raw/TCGA-KIRC/Transcriptome_Profiling/Gene_Expression_Quantification/19062abb-b733-43e2-a9f2-81bca6d65a1e/04b616ae-93cd-46c3-9bd5-7f0c9151afd5.rna_seq.augmented_star_gene_counts.tsv,4240708,d74f98dd3fb9cb7337a314d5ee80c5fc,cached public input; original retrieval date unknown
data/raw/TCGA-KIRC/Transcriptome_Profiling/Gene_Expression_Quantification/192e08f8-1c39-462a-8762-7e2c7f4d5eb0/28be9b76-f97a-467d-a4dd-0b511523dde4.rna_seq.augmented_star_gene_counts.tsv,4240522,75854084f2ab92211fe98cb91c9741fe,cached public input; original retrieval date unknown
data/raw/TCGA-KIRC/Transcriptome_Profiling/Gene_Expression_Quantification/1a106eaf-ff8d-43eb-8720-8be7ba8d9888/40b404b9-cc48-4c9f-8206-61fc10e5674a.rna_seq.augmented_star_gene_counts.tsv,4233101,b60af1d7099a1e9ebf044a0c0c99461c,cached public input; original retrieval date unknown
data/raw/TCGA-KIRC/Transcriptome_Profiling/Gene_Expression_Quantification/1a351079-31b5-4080-a03d-62ea7065d7a8/392b3f33-b57d-4751-a01c-4d6748106917.rna_seq.augmented_star_gene_counts.tsv,4240117,52f429b0f3a6e43ad932ef5395f14424,cached public input; original retrieval date unknown
data/raw/TCGA-KIRC/Transcriptome_Profiling/Gene_Expression_Quantification/1a9ee264-40bf-4a12-bcee-bd0f989e0798/7394e752-6d32-4f9a-b97b-f3c94820e542.rna_seq.augmented_star_gene_counts.tsv,4257538,050ad1b159f4a9ea181e9c453cb48494,cached public input; original retrieval date unknown
data/raw/TCGA-KIRC/Transcriptome_Profiling/Gene_Expression_Quantification/1b242926-e8c1-4f9b-88fa-40211585207e/98967392-eeb4-4c7f-8578-1faf0e5dc3d6.rna_seq.augmented_star_gene_counts.tsv,4211495,269f500b985c0449416a3a70f8f5eb12,cached public input; original retrieval date unknown
data/raw/TCGA-KIRC/Transcriptome_Profiling/Gene_Expression_Quantification/1b70671f-61a5-4a23-ab6b-2120e80d1698/6e57f7b0-a3c6-4d46-ae9d-44d6a26a82a5.rna_seq.augmented_star_gene_counts.tsv,4241717,53f16b867ef4f1383773d61f133f5f21,cached public input; original retrieval date unknown
data/raw/TCGA-KIRC/Transcriptome_Profiling/Gene_Expression_Quantification/1bce44b6-268e-4858-8b49-747045752331/3daeeb64-4231-46a8-b950-360fbdd908f3.rna_seq.augmented_star_gene_counts.tsv,4242156,11fec7e771e59556f054610f83017aed,cached public input; original retrieval date unknown
data/raw/TCGA-KIRC/Transcriptome_Profiling/Gene_Expression_Quantification/1bd902eb-9e76-406a-bfe9-b0b5861bcdfb/e238e3a1-0301-4e93-9082-4422519763b6.rna_seq.augmented_star_gene_counts.tsv,4248589,d3b0dddeede485b6dc3332a4d974b1ba,cached public input; original retrieval date unknown
data/raw/TCGA-KIRC/Transcriptome_Profiling/Gene_Expression_Quantification/1be72033-3da7-4266-9b58-2fff2dbaa48b/eedd5d50-066a-41d4-a0ba-4348ea680bf2.rna_seq.augmented_star_gene_counts.tsv,4231976,f47050d9977f53c521a98e2f97cf4193,cached public input; original retrieval date unknown
data/raw/TCGA-KIRC/Transcriptome_Profiling/Gene_Expression_Quantification/1c38241a-2cdc-4b93-8845-87182a998ef4/f82540cb-5394-454c-b97a-23e36e7ebe07.rna_seq.augmented_star_gene_counts.tsv,4243079,d49acec2dc2de45a61b41aabcfa4c168,cached public input; original retrieval date unknown
data/raw/TCGA-KIRC/Transcriptome_Profiling/Gene_Expression_Quantification/1c5ca894-35e2-40f0-9d1a-38d25f6d6d78/ffce7349-cdf4-48b0-9238-da324d638e95.rna_seq.augmented_star_gene_counts.tsv,4247137,572ebb987b219095497086a530224322,cached public input; original retrieval date unknown
data/raw/TCGA-KIRC/Transcriptome_Profiling/Gene_Expression_Quantification/1d4c5088-5f7a-4ac9-8a04-46288af80215/fe5832d5-4e3e-4f0a-b31d-1c3f97fa821f.rna_seq.augmented_star_gene_counts.tsv,4228696,60cadecf3571f2fdcdae72d60b6b4c06,cached public input; original retrieval date unknown
data/raw/TCGA-KIRC/Transcriptome_Profiling/Gene_Expression_Quantification/1e1f9cde-c6e0-4925-944f-12d354ef858e/9369d3f6-e196-49a8-b42c-68a29c637425.rna_seq.augmented_star_gene_counts.tsv,4238541,ece2713e6d18e20359454f97418a6ad4,cached public input; original retrieval date unknown
data/raw/TCGA-KIRC/Transcriptome_Profiling/Gene_Expression_Quantification/1eb01cfb-4b8b-472b-a20b-61239ad14ab6/d3cfb40a-d28c-4202-9fc7-2569dfdd64d7.rna_seq.augmented_star_gene_counts.tsv,4240767,18a403720e466264a45204cf808d163a,cached public input; original retrieval date unknown
data/raw/TCGA-KIRC/Transcriptome_Profiling/Gene_Expression_Quantification/1fbf38d0-bc11-4d81-81a3-2a558afa4db5/e7ecb3a4-a955-4aba-a369-7c21e85779ab.rna_seq.augmented_star_gene_counts.tsv,4244395,7171d99b84dc41917dddbde2c315d2c7,cached public input; original retrieval date unknown
data/raw/TCGA-KIRC/Transcriptome_Profiling/Gene_Expression_Quantification/200dfa9f-ed6f-4434-9dde-7833f4d3b275/8283ab27-1a92-41f4-af55-6c115308d5bc.rna_seq.augmented_star_gene_counts.tsv,4253057,42a7c80edc573133a91441a368eb2443,cached public input; original retrieval date unknown
data/raw/TCGA-KIRC/Transcriptome_Profiling/Gene_Expression_Quantification/206a4211-c6c8-4f43-be95-1f36289d7bd6/dfbacd3b-4403-447b-a904-d5bad78aaad9.rna_seq.augmented_star_gene_counts.tsv,4248564,4ea0b83c0627629bb83c93eca6062958,cached public input; original retrieval date unknown
data/raw/TCGA-KIRC/Transcriptome_Profiling/Gene_Expression_Quantification/213b2ef0-57cb-4fa3-9d56-2bda451006c9/5f580a37-a7b6-495f-b2a0-aea58c4d303a.rna_seq.augmented_star_gene_counts.tsv,4249459,185b0af5a48b09be44da0589a9ce59a6,cached public input; original retrieval date unknown
data/raw/TCGA-KIRC/Transcriptome_Profiling/Gene_Expression_Quantification/21702617-18af-41b6-98fa-54395bfd0d9a/c3b9c2b0-bd3d-43ff-a17f-797122d5ac3c.rna_seq.augmented_star_gene_counts.tsv,4228535,2ba3d2c621a7156e735f0665c3f12e67,cached public input; original retrieval date unknown
data/raw/TCGA-KIRC/Transcriptome_Profiling/Gene_Expression_Quantification/24ec3d48-d4c2-4f0c-b188-87ebc1f3123e/9453eb6e-d3cf-4030-8eb3-cff627903c1a.rna_seq.augmented_star_gene_counts.tsv,4245450,7dbbf5fabaf369e4d233942341827227,cached public input; original retrieval date unknown
data/raw/TCGA-KIRC/Transcriptome_Profiling/Gene_Expression_Quantification/24f33eec-e332-4d33-a628-a366f2a18d52/071098de-0fcd-4155-a735-5dbcc0054e6b.rna_seq.augmented_star_gene_counts.tsv,4226516,c004f2994d1b2e949cbccc418bcf77c3,cached public input; original retrieval date unknown
data/raw/TCGA-KIRC/Transcriptome_Profiling/Gene_Expression_Quantification/24f43a2c-0df0-464c-a4ef-80be1aa203df/4010f503-1d92-4e60-b9e0-5da0bab1fe76.rna_seq.augmented_star_gene_counts.tsv,4250160,a00d8027a727b68e81e83f2ddd6b566a,cached public input; original retrieval date unknown
data/raw/TCGA-KIRC/Transcriptome_Profiling/Gene_Expression_Quantification/255d2ed8-2b59-486a-bfe2-0ba938b9aeb6/274f9dc8-eac5-4a19-8e22-f3af2201f50f.rna_seq.augmented_star_gene_counts.tsv,4235343,ce5ee4f6f74a6a35aee57857c5d71bd9,cached public input; original retrieval date unknown
data/raw/TCGA-KIRC/Transcriptome_Profiling/Gene_Expression_Quantification/2562285c-fe56-4011-a9e9-9e17bb78becb/bbedd02c-32d6-462d-9c08-280626ff0d37.rna_seq.augmented_star_gene_counts.tsv,4237298,e20923911b4a15046aedfd3b5fb1c584,cached public input; original retrieval date unknown
data/raw/TCGA-KIRC/Transcriptome_Profiling/Gene_Expression_Quantification/2670a02b-5a81-45b7-8b6c-f94b21bd2aa1/9391a2ca-3305-4030-b806-a9d9ea612af8.rna_seq.augmented_star_gene_counts.tsv,4242078,0456141c9704cc6dd5e8e43e2d0fb2b2,cached public input; original retrieval date unknown
data/raw/TCGA-KIRC/Transcriptome_Profiling/Gene_Expression_Quantification/2693e892-e285-4d51-b84a-7498437b6956/7a0d5bd0-e053-4438-be82-dc4be659f020.rna_seq.augmented_star_gene_counts.tsv,4253328,87df1b4628fcf2edfab986cbadb70e3f,cached public input; original retrieval date unknown
data/raw/TCGA-KIRC/Transcriptome_Profiling/Gene_Expression_Quantification/27023402-b661-4cda-98ef-f9b68b3f8c59/7f5dbe11-51b1-4eeb-ab26-e19c7af6f68d.rna_seq.augmented_star_gene_counts.tsv,4249723,fad5216377f6593aaee3201dc7e34061,cached public input; original retrieval date unknown
data/raw/TCGA-KIRC/Transcriptome_Profiling/Gene_Expression_Quantification/27918218-c6a5-4f1d-b25c-bdf08d4146bd/b146fd10-1cf3-4432-aad1-2181e1797163.rna_seq.augmented_star_gene_counts.tsv,4243338,b3179047307b0130e8507dcc29012044,cached public input; original retrieval date unknown
data/raw/TCGA-KIRC/Transcriptome_Profiling/Gene_Expression_Quantification/298544f7-b010-45cc-a518-619b8e04e4fc/d8e04fb0-455b-441f-946e-b6a9760b7811.rna_seq.augmented_star_gene_counts.tsv,4241930,87c7a22c8acacb5f2e4acc25d7b5a2c7,cached public input; original retrieval date unknown
data/raw/TCGA-KIRC/Transcriptome_Profiling/Gene_Expression_Quantification/2a8ed8a3-37a6-4492-823c-a86f392d0c44/3fe12cfa-5042-4625-ac9a-c1be80013643.rna_seq.augmented_star_gene_counts.tsv,4254360,62433ac7e48ccedcad44b1b35581b192,cached public input; original retrieval date unknown
data/raw/TCGA-KIRC/Transcriptome_Profiling/Gene_Expression_Quantification/2a9c1676-cb34-430b-8111-6a28c563065b/1ad9938d-af14-4214-b017-af062995d46b.rna_seq.augmented_star_gene_counts.tsv,4218010,6e94a8558182e53974ef502646fa19c9,cached public input; original retrieval date unknown
data/raw/TCGA-KIRC/Transcriptome_Profiling/Gene_Expression_Quantification/2afa2c24-7bbf-4855-acb8-feaa22dc4c33/27ea00ff-5f53-4110-9e56-8674a8e0ae40.rna_seq.augmented_star_gene_counts.tsv,4234515,ca342db167d4f657cb535565318a050e,cached public input; original retrieval date unknown
data/raw/TCGA-KIRC/Transcriptome_Profiling/Gene_Expression_Quantification/2b0106c5-7e32-423b-957f-06c9f2e7751b/f8e2a017-323b-44ef-9199-1f368231bd63.rna_seq.augmented_star_gene_counts.tsv,4265635,0ed8c45c3a9669bdc97ff6f90f446205,cached public input; original retrieval date unknown
data/raw/TCGA-KIRC/Transcriptome_Profiling/Gene_Expression_Quantification/2b2ee0d4-4834-47a8-8362-6e95d83919ad/a35a6a12-5c15-4259-a0d5-b229f69368aa.rna_seq.augmented_star_gene_counts.tsv,4239453,b5dcde79cf6975b9c7fd263489f8e87d,cached public input; original retrieval date unknown
data/raw/TCGA-KIRC/Transcriptome_Profiling/Gene_Expression_Quantification/2b393323-81e3-49e2-9acd-18eb8ab0c563/d96fc441-a213-4f24-b2b1-a23d63883532.rna_seq.augmented_star_gene_counts.tsv,4229140,1ad92ea205ed7df4163dfe60ad5e57df,cached public input; original retrieval date unknown
data/raw/TCGA-KIRC/Transcriptome_Profiling/Gene_Expression_Quantification/2b5b6593-4fe2-4c8a-92c6-5bd5a6c26320/0416ba1c-a9d5-4e25-a95b-7cb73bfeeb65.rna_seq.augmented_star_gene_counts.tsv,4253460,ce4e2504eb6c38ede5747e6defb75908,cached public input; original retrieval date unknown
data/raw/TCGA-KIRC/Transcriptome_Profiling/Gene_Expression_Quantification/2c1dfe31-3404-4bd8-b003-f3f649e21ecb/8c1a6145-2dc9-4776-a120-423c676964d0.rna_seq.augmented_star_gene_counts.tsv,4254227,96acdad60555c08c15e769fa7dbf9a1d,cached public input; original retrieval date unknown
data/raw/TCGA-KIRC/Transcriptome_Profiling/Gene_Expression_Quantification/2d6da3de-d9be-4037-9fd7-e64d5c91ba1e/a3f7a66c-4b4a-4264-848d-8a2e1293ea8d.rna_seq.augmented_star_gene_counts.tsv,4247923,df566522d08112c103415edaa5ffbe36,cached public input; original retrieval date unknown
data/raw/TCGA-KIRC/Transcriptome_Profiling/Gene_Expression_Quantification/2d6dd901-d11e-459e-ba2e-8a587e72633e/edfaa504-ee18-4988-ba3c-23d820c1cead.rna_seq.augmented_star_gene_counts.tsv,4237969,9ac570a358ed58d1a97bde2e824dd6dd,cached public input; original retrieval date unknown
data/raw/TCGA-KIRC/Transcriptome_Profiling/Gene_Expression_Quantification/2e4b4712-a733-4599-8119-926aa5934be9/8db02654-0d3f-4fac-b5f3-2550160dba5e.rna_seq.augmented_star_gene_counts.tsv,4248049,e7b74295b2e91209845818d4a0b1aab5,cached public input; original retrieval date unknown
data/raw/TCGA-KIRC/Transcriptome_Profiling/Gene_Expression_Quantification/2e5ca57e-8530-43b5-806f-8915d421552f/6cc17f1f-5acf-4b48-b919-56b9db01f3be.rna_seq.augmented_star_gene_counts.tsv,4242794,0b35cd93bf00aa60b1904079bb160c0b,cached public input; original retrieval date unknown
data/raw/TCGA-KIRC/Transcriptome_Profiling/Gene_Expression_Quantification/2f9b9698-edc6-4049-809c-9733f05f5c2b/ed920009-6bce-4300-b928-14d0ec474ac6.rna_seq.augmented_star_gene_counts.tsv,4240094,ad090898aaad08b7d31c1724dcd7a81b,cached public input; original retrieval date unknown
data/raw/TCGA-KIRC/Transcriptome_Profiling/Gene_Expression_Quantification/2faa29c8-49e9-4fda-baea-f73583f3a27f/11c9e0b9-c94c-466f-877a-65325a76dcaf.rna_seq.augmented_star_gene_counts.tsv,4240617,3534bda464ff3afaaaca8e72c9c91606,cached public input; original retrieval date unknown
data/raw/TCGA-KIRC/Transcriptome_Profiling/Gene_Expression_Quantification/2fb6d7bd-f6df-45a4-b8a7-8de33119d52f/bfeb8843-342b-4369-bbf2-55534c3f1bbf.rna_seq.augmented_star_gene_counts.tsv,4221391,4c41c81c17da686baf76523e1e62fcb1,cached public input; original retrieval date unknown
data/raw/TCGA-KIRC/Transcriptome_Profiling/Gene_Expression_Quantification/304948c1-e699-44b0-814d-defc3a1119f3/02ea1ad2-181d-4357-a895-2754436c31d7.rna_seq.augmented_star_gene_counts.tsv,4225009,d775c4c42df21d51a73bea019ec4923d,cached public input; original retrieval date unknown
data/raw/TCGA-KIRC/Transcriptome_Profiling/Gene_Expression_Quantification/307fc027-0530-452b-8fa9-d46f7fc73d0e/9cc9f5b7-bbbb-4d3b-8d98-9bf4425a214b.rna_seq.augmented_star_gene_counts.tsv,4239266,25c62ef245b078dc980f9cc9c4844bdf,cached public input; original retrieval date unknown
data/raw/TCGA-KIRC/Transcriptome_Profiling/Gene_Expression_Quantification/32d5318e-4553-4f8d-81bb-82f59885fc60/c23298c9-3d14-41bb-a14b-4ce8bcfaf89e.rna_seq.augmented_star_gene_counts.tsv,4253256,3f758a0984494e6dbb71e484a0c6cc05,cached public input; original retrieval date unknown
data/raw/TCGA-KIRC/Transcriptome_Profiling/Gene_Expression_Quantification/32fb5b1c-5eac-4afc-9eac-fdde0dfe60d8/cf882991-9d69-40f0-8b94-2e192b861acc.rna_seq.augmented_star_gene_counts.tsv,4230965,6930c08479472766b706aa3c52da6a08,cached public input; original retrieval date unknown
data/raw/TCGA-KIRC/Transcriptome_Profiling/Gene_Expression_Quantification/330a912b-ae31-4a54-8611-f32b098ba946/0f89d64f-bd06-445e-a788-20670ccca558.rna_seq.augmented_star_gene_counts.tsv,4247139,dfa579563d24e2ef26f97ccee20b5ed4,cached public input; original retrieval date unknown
data/raw/TCGA-KIRC/Transcriptome_Profiling/Gene_Expression_Quantification/331a54d0-3061-4e9e-93c7-3fb0f9a96254/c8462133-86a7-4be2-a689-07cebed4cc78.rna_seq.augmented_star_gene_counts.tsv,4259275,9a56ad04b493b45a220635490daad4e9,cached public input; original retrieval date unknown
data/raw/TCGA-KIRC/Transcriptome_Profiling/Gene_Expression_Quantification/3324e6df-28f9-42d8-8465-0fcc2d618004/f08c47f7-7b61-46a2-a961-d5fced8ebde5.rna_seq.augmented_star_gene_counts.tsv,4236104,7856dad36155485af83ab4a94df9cfc6,cached public input; original retrieval date unknown
data/raw/TCGA-KIRC/Transcriptome_Profiling/Gene_Expression_Quantification/336a927a-fe7a-4c77-8fcb-5307cfd145c4/5899ee97-f282-4f7d-b6f3-26d3cc78606b.rna_seq.augmented_star_gene_counts.tsv,4237650,c4a057fc1b333bc025ad88fe54ab2979,cached public input; original retrieval date unknown
data/raw/TCGA-KIRC/Transcriptome_Profiling/Gene_Expression_Quantification/342bcdf8-2b01-45b8-9bb7-48f151345ac2/69050be8-52e8-42f9-8b49-9a6b36fad585.rna_seq.augmented_star_gene_counts.tsv,4241544,393ac68fbdab2701ccffacfc633f703d,cached public input; original retrieval date unknown
data/raw/TCGA-KIRC/Transcriptome_Profiling/Gene_Expression_Quantification/343ba69a-e983-4966-9084-3bf576a08701/e4f0b08d-a91e-4adb-ba40-b91047da3a33.rna_seq.augmented_star_gene_counts.tsv,4245492,f5d5f540de4e0f850c815996a2bf38ec,cached public input; original retrieval date unknown
data/raw/TCGA-KIRC/Transcriptome_Profiling/Gene_Expression_Quantification/34a71e25-c1fa-4f7a-9407-600964534fc5/30089c34-1338-4817-86d1-0e7536f6c379.rna_seq.augmented_star_gene_counts.tsv,4239750,f986cfe1814e8dd1b577d7c6f1a2169e,cached public input; original retrieval date unknown
data/raw/TCGA-KIRC/Transcriptome_Profiling/Gene_Expression_Quantification/34bd0526-91b2-4b99-a33b-5d4bc8c68d39/e501f4c1-736f-469d-b7f3-fb03a3b96b86.rna_seq.augmented_star_gene_counts.tsv,4248522,258e249a51763c2c1cc63351025f5e11,cached public input; original retrieval date unknown
data/raw/TCGA-KIRC/Transcriptome_Profiling/Gene_Expression_Quantification/34fd315d-cfd8-4d85-8114-22311d55a1fc/30478577-87f7-4906-9eec-1cba0d2cac85.rna_seq.augmented_star_gene_counts.tsv,4242838,74504eb462545a1b89af6f6feb8aca19,cached public input; original retrieval date unknown
data/raw/TCGA-KIRC/Transcriptome_Profiling/Gene_Expression_Quantification/3537c794-46e2-4756-b1d5-f32896e24536/a57f68a2-225b-4be1-97b6-cab305c36ef1.rna_seq.augmented_star_gene_counts.tsv,4254673,869573acdbd5ccbd70c53f936723053b,cached public input; original retrieval date unknown
data/raw/TCGA-KIRC/Transcriptome_Profiling/Gene_Expression_Quantification/3545f947-1a52-4e14-a98d-e400a6cb5e60/71710ac2-38e7-43a2-b5dd-62d22c853c20.rna_seq.augmented_star_gene_counts.tsv,4244471,dc90b5b09b4c138a55ae14af0bc4932c,cached public input; original retrieval date unknown
data/raw/TCGA-KIRC/Transcriptome_Profiling/Gene_Expression_Quantification/3629b10d-fb7e-47a0-b2d2-4320de98fa17/6cabddd1-7dc6-45d2-9141-8133784c9605.rna_seq.augmented_star_gene_counts.tsv,4240097,9ed99a3c60bd0bbf5f1993ec0394bce5,cached public input; original retrieval date unknown
data/raw/TCGA-KIRC/Transcriptome_Profiling/Gene_Expression_Quantification/363d5bdc-23e6-40b0-929c-0805d86471eb/8ea9d251-2a7d-4e6f-b262-fdbf17702c39.rna_seq.augmented_star_gene_counts.tsv,4248450,fe06d823c832227901ff55be425452f7,cached public input; original retrieval date unknown
data/raw/TCGA-KIRC/Transcriptome_Profiling/Gene_Expression_Quantification/36513c94-fb14-4008-838a-13d23d609382/ac27a479-b614-4615-aa33-91bb554d6813.rna_seq.augmented_star_gene_counts.tsv,4257191,730a59518832654bc78a219fe834efbb,cached public input; original retrieval date unknown
data/raw/TCGA-KIRC/Transcriptome_Profiling/Gene_Expression_Quantification/369d7929-e499-436c-b1cc-231715d11635/e7993655-5901-4649-8a05-96ad9448369b.rna_seq.augmented_star_gene_counts.tsv,4247208,24a2a6833f95d3942641435281e73263,cached public input; original retrieval date unknown
data/raw/TCGA-KIRC/Transcriptome_Profiling/Gene_Expression_Quantification/36e0d06c-4153-4bc3-b415-3f18306218e3/a15fd9b5-6691-49c8-a4a2-715acb36dd2f.rna_seq.augmented_star_gene_counts.tsv,4242741,1f2bcdecedc6e71e9fdc0c6f0ebb7a84,cached public input; original retrieval date unknown
data/raw/TCGA-KIRC/Transcriptome_Profiling/Gene_Expression_Quantification/375080ea-cbbe-4dfb-8da3-cbef10418a2d/e802e3da-f1a3-42e2-97c2-ed8d29a57210.rna_seq.augmented_star_gene_counts.tsv,4244999,78dd4fdef60dc6735536be00ef63454e,cached public input; original retrieval date unknown
data/raw/TCGA-KIRC/Transcriptome_Profiling/Gene_Expression_Quantification/378d47c4-4eda-40d5-ae71-6601a9e63191/094e72f9-a3fe-48bb-90f8-9ad0f7a40afa.rna_seq.augmented_star_gene_counts.tsv,4225817,84c6a905783eff455094c7b18db7aa8a,cached public input; original retrieval date unknown
data/raw/TCGA-KIRC/Transcriptome_Profiling/Gene_Expression_Quantification/37faaa8d-fcc6-4feb-beae-cfe8155b03c2/ed302602-af2b-400c-9210-af5dd4ca01f5.rna_seq.augmented_star_gene_counts.tsv,4245781,4d2aeeba253b10a5c9e071c35ef12ae7,cached public input; original retrieval date unknown
data/raw/TCGA-KIRC/Transcriptome_Profiling/Gene_Expression_Quantification/396123b0-8914-42db-a9f3-4fdf987c5faf/ee899e2d-7689-4327-9886-a73160ffc702.rna_seq.augmented_star_gene_counts.tsv,4249184,dc2bb9cdca6bae0163a035e0f536e504,cached public input; original retrieval date unknown
data/raw/TCGA-KIRC/Transcriptome_Profiling/Gene_Expression_Quantification/39b522e7-162a-42e6-bdcc-a156016b9a81/f96a4c25-e675-451e-8c8e-9548d1355318.rna_seq.augmented_star_gene_counts.tsv,4235331,399ef377f1bba5bf2668353b550308c3,cached public input; original retrieval date unknown
data/raw/TCGA-KIRC/Transcriptome_Profiling/Gene_Expression_Quantification/39c94a70-a68c-405c-bfbf-9675fbb1411a/d05527b8-f63e-4d0d-900a-6a237d8d4b7d.rna_seq.augmented_star_gene_counts.tsv,4250235,e9f4c7279725fb3d43b737d4fee7d593,cached public input; original retrieval date unknown
data/raw/TCGA-KIRC/Transcriptome_Profiling/Gene_Expression_Quantification/39fd293e-c269-4de9-ae9e-4e68f8c20897/54386366-8d10-41b7-98b1-86d861669157.rna_seq.augmented_star_gene_counts.tsv,4241846,abfc8f1546e82a435d65aa89fbf706e4,cached public input; original retrieval date unknown
data/raw/TCGA-KIRC/Transcriptome_Profiling/Gene_Expression_Quantification/3a6bb1dd-89ba-4f26-b7d7-c0c174c0bdf1/1de44fab-3e0a-4e2c-a84b-880cd724bbe4.rna_seq.augmented_star_gene_counts.tsv,4236401,47fe32a89a7c438fc0e12f2e5e6d0f17,cached public input; original retrieval date unknown
data/raw/TCGA-KIRC/Transcriptome_Profiling/Gene_Expression_Quantification/3a9cb52e-6bc0-475c-9eee-230527a3e305/21273777-9444-4ea4-9e68-9ff6303e9997.rna_seq.augmented_star_gene_counts.tsv,4246920,d18b76c160ea916eb3f166f85c1b4499,cached public input; original retrieval date unknown
data/raw/TCGA-KIRC/Transcriptome_Profiling/Gene_Expression_Quantification/3b473c49-9140-4d1d-b9f9-0c9056e93d8a/0f9a5433-ed93-4d87-b9b5-4f7ec4d8992c.rna_seq.augmented_star_gene_counts.tsv,4227510,d592b9ec18939c157e45a5ff8bba9890,cached public input; original retrieval date unknown
data/raw/TCGA-KIRC/Transcriptome_Profiling/Gene_Expression_Quantification/3bca5269-8bb3-4826-bc22-e7b068853f45/44dce722-f50f-4b75-bcf4-aac9afd39e41.rna_seq.augmented_star_gene_counts.tsv,4261628,21b898c27d7114774b3fe1bd3656b911,cached public input; original retrieval date unknown
data/raw/TCGA-KIRC/Transcriptome_Profiling/Gene_Expression_Quantification/3bfbdcb6-1e9a-43e9-9015-d55b279dc559/10ef264c-4000-4286-860a-5a6f633ecb29.rna_seq.augmented_star_gene_counts.tsv,4254105,7946a84c82ffb0ca618d5d00a68f43bb,cached public input; original retrieval date unknown
data/raw/TCGA-KIRC/Transcriptome_Profiling/Gene_Expression_Quantification/3c0ebda3-32a1-43ca-9b7b-0cb4c8caa33f/07d27a21-8ff2-48b1-81f4-94568d777837.rna_seq.augmented_star_gene_counts.tsv,4244171,3f0965b9b6f6e1bcf9dfca93f854fd18,cached public input; original retrieval date unknown
data/raw/TCGA-KIRC/Transcriptome_Profiling/Gene_Expression_Quantification/3c5c707d-2046-4dcd-a566-bea1eaf24f74/69003cd5-2aeb-4d84-a490-76667572ca0f.rna_seq.augmented_star_gene_counts.tsv,4250626,8d0ce3a27e891768675600cb4df19936,cached public input; original retrieval date unknown
data/raw/TCGA-KIRC/Transcriptome_Profiling/Gene_Expression_Quantification/3c7b458e-ecca-4d6a-b1c7-48152e184c0b/469940c4-270b-4ea2-b341-b211ceb54eac.rna_seq.augmented_star_gene_counts.tsv,4257980,c3445bcb0693cd8fe5904d98784ad91a,cached public input; original retrieval date unknown
data/raw/TCGA-KIRC/Transcriptome_Profiling/Gene_Expression_Quantification/3ce8971c-7d06-4da7-af07-efaf4c9f6a75/742a828a-1f14-422d-97c7-1fa496c6da2d.rna_seq.augmented_star_gene_counts.tsv,4240144,f1bc48b871a0b45c52c85c826f43388b,cached public input; original retrieval date unknown
data/raw/TCGA-KIRC/Transcriptome_Profiling/Gene_Expression_Quantification/3de35a77-f963-45ff-bfad-a5f24dda75ef/732dff9f-5bcf-43c2-8ce4-062e2f49165a.rna_seq.augmented_star_gene_counts.tsv,4257008,78b6e46823750888607a7ef45186aa24,cached public input; original retrieval date unknown
data/raw/TCGA-KIRC/Transcriptome_Profiling/Gene_Expression_Quantification/3dff6d1d-98ca-49b9-a6e4-5a4da59fb2f8/12debe80-71c0-43a9-bdf8-a859a57a9638.rna_seq.augmented_star_gene_counts.tsv,4240147,aaf89664d561aa7f525070f3ce934d45,cached public input; original retrieval date unknown
data/raw/TCGA-KIRC/Transcriptome_Profiling/Gene_Expression_Quantification/3e2569b7-b145-4bda-9bdf-24105aefe42c/a7ed91c1-2933-4a5b-99a1-175fed1a2da3.rna_seq.augmented_star_gene_counts.tsv,4269672,eb6db9440486a3ab4eb291785ab40d31,cached public input; original retrieval date unknown
data/raw/TCGA-KIRC/Transcriptome_Profiling/Gene_Expression_Quantification/3f22ab0f-057b-4d34-8722-63ec8c8d1d33/b7a978df-db12-4e0e-a720-0a03f753d239.rna_seq.augmented_star_gene_counts.tsv,4221758,b958502700aad7ed80d174e7afd94719,cached public input; original retrieval date unknown
data/raw/TCGA-KIRC/Transcriptome_Profiling/Gene_Expression_Quantification/3f311bca-c591-4dbe-bfb2-fc513259f21c/3b86d9c3-51a8-40b8-ae46-7f09de8041cb.rna_seq.augmented_star_gene_counts.tsv,4244158,f2c94ab486488e4e47bcf62d488085c2,cached public input; original retrieval date unknown
data/raw/TCGA-KIRC/Transcriptome_Profiling/Gene_Expression_Quantification/3f5f2871-02ed-48d4-9d26-e4fe823c7df0/529f4ec4-a6e5-4fad-a00a-75d2f060b356.rna_seq.augmented_star_gene_counts.tsv,4244915,92375ac92f742af4080e556515452432,cached public input; original retrieval date unknown
data/raw/TCGA-KIRC/Transcriptome_Profiling/Gene_Expression_Quantification/3fcab96a-b477-48f8-8acd-5c8b76e0c952/01d5f6a9-fd9b-4472-aa39-a4367105c661.rna_seq.augmented_star_gene_counts.tsv,4245259,11258b73db4a02ad836e09f9806532d9,cached public input; original retrieval date unknown
data/raw/TCGA-KIRC/Transcriptome_Profiling/Gene_Expression_Quantification/409aef9c-9085-4e66-a304-fc2aaabaf0d7/fad212ad-def1-4a4d-9e87-877b77d2f852.rna_seq.augmented_star_gene_counts.tsv,4244681,89b83bed681be7e3e122d6cb01ac307d,cached public input; original retrieval date unknown
data/raw/TCGA-KIRC/Transcriptome_Profiling/Gene_Expression_Quantification/40b17492-39d1-4ce2-8f91-9e1cba32f42a/aa06d89c-4a87-44b7-92c9-698d8dfb306f.rna_seq.augmented_star_gene_counts.tsv,4258631,f588163203bcc38bc4777b20efe78dcc,cached public input; original retrieval date unknown
data/raw/TCGA-KIRC/Transcriptome_Profiling/Gene_Expression_Quantification/4134fa64-6365-4a43-b990-48342be44405/2a0d7ffd-21a2-4c9f-b420-9f78e9b8689b.rna_seq.augmented_star_gene_counts.tsv,4214996,46a1b09a77703f30d0990dfacc1923ad,cached public input; original retrieval date unknown
data/raw/TCGA-KIRC/Transcriptome_Profiling/Gene_Expression_Quantification/41954992-a111-4fbb-b6e2-d5ac8f564bf6/3e6f757e-efc5-414d-ae8d-5e4e0278ebe0.rna_seq.augmented_star_gene_counts.tsv,4229691,3a176d8b18770113a02b643d0ace68c4,cached public input; original retrieval date unknown
data/raw/TCGA-KIRC/Transcriptome_Profiling/Gene_Expression_Quantification/41cc637e-36ce-4e10-8175-f24909ff0472/87ac9e43-f50d-432d-9fc1-929f1eb8cae7.rna_seq.augmented_star_gene_counts.tsv,4242354,18b89aa2a126ff867a271d53649171af,cached public input; original retrieval date unknown
data/raw/TCGA-KIRC/Transcriptome_Profiling/Gene_Expression_Quantification/421291fd-adda-42ab-8574-209da13d33a6/12ebe3f6-41f7-4239-a6b5-325c33468eca.rna_seq.augmented_star_gene_counts.tsv,4239579,af06925009a343343655d5f1f3609b1e,cached public input; original retrieval date unknown
data/raw/TCGA-KIRC/Transcriptome_Profiling/Gene_Expression_Quantification/424b672b-e409-4b9c-821f-b9d16cc3f454/858bd794-e93f-45ac-a5b9-be348fe61c2d.rna_seq.augmented_star_gene_counts.tsv,4256929,f0b1e7a66b8e7271ae5b49f76eb4370b,cached public input; original retrieval date unknown
data/raw/TCGA-KIRC/Transcriptome_Profiling/Gene_Expression_Quantification/429ed057-ecc0-41e3-8774-afffe246bcee/86b19fed-9fed-493b-afc2-49104cedfcc2.rna_seq.augmented_star_gene_counts.tsv,4251313,36807b0940e710e934553ffbfbd5ee54,cached public input; original retrieval date unknown
data/raw/TCGA-KIRC/Transcriptome_Profiling/Gene_Expression_Quantification/432ac91a-657b-4630-a5c8-0499aed1b13c/23a6e0fb-4184-4059-a0a9-ffa2b96c6024.rna_seq.augmented_star_gene_counts.tsv,4227509,252683c2f7255005642054c054c09ad8,cached public input; original retrieval date unknown
data/raw/TCGA-KIRC/Transcriptome_Profiling/Gene_Expression_Quantification/4488f655-ed4d-44d1-acad-20d9c530f84d/57e4c187-b93b-4870-9b3c-29e8098d371e.rna_seq.augmented_star_gene_counts.tsv,4242682,6784166dbc391c92b6e4c564a70426ed,cached public input; original retrieval date unknown
data/raw/TCGA-KIRC/Transcriptome_Profiling/Gene_Expression_Quantification/44c858ac-1ce0-491a-aef5-979224aa09f5/144cc9bb-bd29-4986-89a7-5855168dac8e.rna_seq.augmented_star_gene_counts.tsv,4228675,b0f0565c1241c71c59ef841b045f2a0d,cached public input; original retrieval date unknown
data/raw/TCGA-KIRC/Transcriptome_Profiling/Gene_Expression_Quantification/44dade70-3ecc-4be0-88a8-772cb763d5bb/e4497835-a45f-488e-905c-b06d578efef8.rna_seq.augmented_star_gene_counts.tsv,4231641,d199c5212d05d4700b3e453962b787da,cached public input; original retrieval date unknown
data/raw/TCGA-KIRC/Transcriptome_Profiling/Gene_Expression_Quantification/44f16ded-c9e7-422c-a03c-1ec124acd76c/2ec949e3-0412-4303-bc39-cd59cbf6f7f6.rna_seq.augmented_star_gene_counts.tsv,4242191,5d59ae56a2fed77350bf7fed0f0f7b01,cached public input; original retrieval date unknown
data/raw/TCGA-KIRC/Transcriptome_Profiling/Gene_Expression_Quantification/450ec77d-c822-4d53-9a2b-bd6e4b6b9a62/c655f295-56e4-4008-acf2-d58664750178.rna_seq.augmented_star_gene_counts.tsv,4236794,d1578c10f26a0142279469da03a4f938,cached public input; original retrieval date unknown
data/raw/TCGA-KIRC/Transcriptome_Profiling/Gene_Expression_Quantification/451091ae-1364-4e63-b2c6-82e72aae9458/74a834ab-a968-463b-9cb6-4c9504047eac.rna_seq.augmented_star_gene_counts.tsv,4243981,1b6fdfe2b19f80ef9934bedbc4c17d1b,cached public input; original retrieval date unknown
data/raw/TCGA-KIRC/Transcriptome_Profiling/Gene_Expression_Quantification/457ef116-5df9-4a29-b802-65622d6ca5e9/9aae9ce6-45b5-4a4b-a17c-f0d89cbbcd50.rna_seq.augmented_star_gene_counts.tsv,4214682,b692a105925255131d147e0d1a2f2a4a,cached public input; original retrieval date unknown
data/raw/TCGA-KIRC/Transcriptome_Profiling/Gene_Expression_Quantification/460999dc-ccec-4f00-bdf5-cf285375fade/b4d2a445-007a-405d-a55f-d8ad0213fd48.rna_seq.augmented_star_gene_counts.tsv,4251335,2e4463ce323cd7c3b5fe79ebac681f8d,cached public input; original retrieval date unknown
data/raw/TCGA-KIRC/Transcriptome_Profiling/Gene_Expression_Quantification/466888ef-7b80-471e-822c-bf355ef474b8/c61e31b4-5c74-4d86-97cb-16be49b8a5b1.rna_seq.augmented_star_gene_counts.tsv,4256508,fe1c708b1490ac68b7d04ededbeebb16,cached public input; original retrieval date unknown
data/raw/TCGA-KIRC/Transcriptome_Profiling/Gene_Expression_Quantification/46b3a547-c7a4-4499-9a77-29eb56f0a570/7a1e8ebe-3614-40bb-a489-6a96f10ceaa9.rna_seq.augmented_star_gene_counts.tsv,4239866,b53ea08bbe6e06924062541c83fb2b2c,cached public input; original retrieval date unknown
data/raw/TCGA-KIRC/Transcriptome_Profiling/Gene_Expression_Quantification/4845a010-e208-4c1b-85b1-99fbd155edf2/49c74a84-f031-447e-bd7f-73f76b7cfcd8.rna_seq.augmented_star_gene_counts.tsv,4247550,3ba3953575831ce2576bc6cee6e45bb0,cached public input; original retrieval date unknown
data/raw/TCGA-KIRC/Transcriptome_Profiling/Gene_Expression_Quantification/4850ae76-fede-466d-9362-c0d2e16335ad/06f4ee9f-fc42-43cb-afa5-25af6e7533b6.rna_seq.augmented_star_gene_counts.tsv,4261262,1ec72bebda850756ffed8ee2f050160c,cached public input; original retrieval date unknown
data/raw/TCGA-KIRC/Transcriptome_Profiling/Gene_Expression_Quantification/485e84af-cd91-4096-a2e4-d2594481e5bf/2122974f-374d-4ede-b52b-e53af658818c.rna_seq.augmented_star_gene_counts.tsv,4242281,26176146e2cb35cfee8442d47a68d27e,cached public input; original retrieval date unknown
data/raw/TCGA-KIRC/Transcriptome_Profiling/Gene_Expression_Quantification/486f1d07-6c9a-445d-b603-129238a55dbb/0c4b52ed-af53-4fcd-87b4-8e16bcb1eab9.rna_seq.augmented_star_gene_counts.tsv,4233004,14dc1ff2bd5c14d426aad58263c699c4,cached public input; original retrieval date unknown
data/raw/TCGA-KIRC/Transcriptome_Profiling/Gene_Expression_Quantification/489b2714-26c8-4889-9ca9-378957da1a6c/2729fb2c-5d3d-42c7-b60e-8fc166e35f73.rna_seq.augmented_star_gene_counts.tsv,4200392,5cf267af0d66215bbd588040dac39ca6,cached public input; original retrieval date unknown
data/raw/TCGA-KIRC/Transcriptome_Profiling/Gene_Expression_Quantification/4962d196-c54d-442d-b7b3-dd34f8082781/e328dc67-2ba2-408a-a137-75792cc02e52.rna_seq.augmented_star_gene_counts.tsv,4234881,f9530cef77aa82b49da83c14ba3ffb14,cached public input; original retrieval date unknown
data/raw/TCGA-KIRC/Transcriptome_Profiling/Gene_Expression_Quantification/499d7906-265e-4836-b2b5-55203bf08e2d/230c0566-f0a7-43e2-b247-cee9fd1cb6a2.rna_seq.augmented_star_gene_counts.tsv,4252040,6961d67c70bd6b6aa2559f3f70b0bc3f,cached public input; original retrieval date unknown
data/raw/TCGA-KIRC/Transcriptome_Profiling/Gene_Expression_Quantification/49ddcd56-df4a-4136-a743-c21bb6bfd8a6/b26e23f9-4a71-4ba3-96a1-e44bb154f3aa.rna_seq.augmented_star_gene_counts.tsv,4239004,c879c4caed59a5fc68ba83ec129eeb65,cached public input; original retrieval date unknown
data/raw/TCGA-KIRC/Transcriptome_Profiling/Gene_Expression_Quantification/4a0d03ae-65be-4168-89c9-0a756f0e47fc/3e330807-a35c-468a-9a1d-4d406457bd73.rna_seq.augmented_star_gene_counts.tsv,4239778,cd01d8048c1ef95caa738067b4024bad,cached public input; original retrieval date unknown
data/raw/TCGA-KIRC/Transcriptome_Profiling/Gene_Expression_Quantification/4a29721a-1de3-4e14-b905-f39aacb1bd53/1fced4a1-6992-4189-84d9-fddce3e3b937.rna_seq.augmented_star_gene_counts.tsv,4260833,9eaa62903907b3001326a9237901176b,cached public input; original retrieval date unknown
data/raw/TCGA-KIRC/Transcriptome_Profiling/Gene_Expression_Quantification/4a2da9f0-b75d-466c-b9f0-2e910ee24365/2cf32f8f-0698-453d-a96b-c66a48617d2d.rna_seq.augmented_star_gene_counts.tsv,4228585,ec34e29f6cfe1b0f5278024c0202fccf,cached public input; original retrieval date unknown
data/raw/TCGA-KIRC/Transcriptome_Profiling/Gene_Expression_Quantification/4a63eb90-d580-40d0-9136-a7baf34d3627/0d480f67-4325-465f-8f1d-d315ac63f663.rna_seq.augmented_star_gene_counts.tsv,4251534,779051accfcff5c7930d52c332f8a548,cached public input; original retrieval date unknown
data/raw/TCGA-KIRC/Transcriptome_Profiling/Gene_Expression_Quantification/4ab7002a-08f8-4187-96cd-8f3183336a5a/014cd25b-c543-4bad-ab82-017127a3f736.rna_seq.augmented_star_gene_counts.tsv,4245053,1e9b996a4f5e8114f3e4dae7ff9734af,cached public input; original retrieval date unknown
data/raw/TCGA-KIRC/Transcriptome_Profiling/Gene_Expression_Quantification/4ab781c9-0569-4b74-b233-a8d898392f66/e9f0cec9-e987-45ad-96a7-7c9aed6c3f78.rna_seq.augmented_star_gene_counts.tsv,4270051,aa57e67f714bee44c13a855e7e953c76,cached public input; original retrieval date unknown
data/raw/TCGA-KIRC/Transcriptome_Profiling/Gene_Expression_Quantification/4b2c1bf1-9a07-4b71-8a9a-c60c9564b686/617ca133-bc23-4e60-92dc-f6b9d320ec66.rna_seq.augmented_star_gene_counts.tsv,4223295,fffaeae8d2dd7ca4d7a52f0c7774f2ad,cached public input; original retrieval date unknown
data/raw/TCGA-KIRC/Transcriptome_Profiling/Gene_Expression_Quantification/4b758e7e-870c-4b60-8cb6-dac730bd9faf/9a99a8f3-6a9f-45dc-b9cb-b233c6d6db60.rna_seq.augmented_star_gene_counts.tsv,4252894,a0ed548803e0a80e53d02ee1d6ac75fb,cached public input; original retrieval date unknown
data/raw/TCGA-KIRC/Transcriptome_Profiling/Gene_Expression_Quantification/4b881bd7-355b-4b47-8c00-41734f8e01d2/36cd2f44-687f-4894-a41d-5d01ee45de7c.rna_seq.augmented_star_gene_counts.tsv,4255418,73f44722ff870f40a2a40121687210bb,cached public input; original retrieval date unknown
data/raw/TCGA-KIRC/Transcriptome_Profiling/Gene_Expression_Quantification/4bc67f13-2c7c-4be8-8bfe-1c2fffecf694/4b62c9b2-a3f4-4db4-8a79-434a1e28ed20.rna_seq.augmented_star_gene_counts.tsv,4239039,83144a61a306d89555effc85c8f5fd9f,cached public input; original retrieval date unknown
data/raw/TCGA-KIRC/Transcriptome_Profiling/Gene_Expression_Quantification/4caac446-75ef-4e21-ab99-216a5962f956/612d5432-0750-4bc4-a0b8-d29511554be6.rna_seq.augmented_star_gene_counts.tsv,4233578,fa66438148658fec1dbc49ee4609b1ca,cached public input; original retrieval date unknown
data/raw/TCGA-KIRC/Transcriptome_Profiling/Gene_Expression_Quantification/4cc1c81c-7e39-4d3a-a142-3f64698d6c24/3aa59b3f-e62a-4aa5-8b98-2596b9ea6b0e.rna_seq.augmented_star_gene_counts.tsv,4247543,34bcc26d85613d40bb36c2d0c9b4768f,cached public input; original retrieval date unknown
data/raw/TCGA-KIRC/Transcriptome_Profiling/Gene_Expression_Quantification/4d4db765-51e5-4549-a559-114bae985a88/58aca312-0c99-480d-896d-85f22ba98bdc.rna_seq.augmented_star_gene_counts.tsv,4251391,6198be5fe32d072adf239647246d5f2a,cached public input; original retrieval date unknown
data/raw/TCGA-KIRC/Transcriptome_Profiling/Gene_Expression_Quantification/4d6e5f5f-ab63-49a6-9a53-a89b7ef76783/1f0ba713-8b78-47bd-bd5e-d727abe27640.rna_seq.augmented_star_gene_counts.tsv,4248914,a59c283ba652c1968c41ff56220bcdc1,cached public input; original retrieval date unknown
data/raw/TCGA-KIRC/Transcriptome_Profiling/Gene_Expression_Quantification/4d986c3f-bde2-4e66-836d-30b701d0781c/bd2fccd5-e584-4616-8962-1f563d2bf36f.rna_seq.augmented_star_gene_counts.tsv,4257252,03336ff5248f21c0666163ad207dac61,cached public input; original retrieval date unknown
data/raw/TCGA-KIRC/Transcriptome_Profiling/Gene_Expression_Quantification/4d9d7601-1c03-422d-8dc1-1857593c49a5/96e2892d-515f-4412-8f4a-5947028dde90.rna_seq.augmented_star_gene_counts.tsv,4238797,78ab13d51d3c0a273c7b953bff2e45d9,cached public input; original retrieval date unknown
data/raw/TCGA-KIRC/Transcriptome_Profiling/Gene_Expression_Quantification/4dcd0f2b-a6c0-4732-92eb-37a593afd93a/5a430bfd-9123-496e-b77c-220f47f1fdc5.rna_seq.augmented_star_gene_counts.tsv,4242004,641f5f51998cb59f4ded9ebd919bfeeb,cached public input; original retrieval date unknown
data/raw/TCGA-KIRC/Transcriptome_Profiling/Gene_Expression_Quantification/4e760e7b-84cb-42ea-9ea9-259abe362af3/4a264576-6740-4319-b96c-f9280b65429e.rna_seq.augmented_star_gene_counts.tsv,4244642,5b840db4d25ee92868c8974c756d644f,cached public input; original retrieval date unknown
data/raw/TCGA-KIRC/Transcriptome_Profiling/Gene_Expression_Quantification/4ea0bf83-1d7e-41da-a34d-221add8155b2/7afb81f7-f9b0-4d0b-a4bd-18c15043c73f.rna_seq.augmented_star_gene_counts.tsv,4253724,a1a95aa249c908c63610172e15757344,cached public input; original retrieval date unknown
data/raw/TCGA-KIRC/Transcriptome_Profiling/Gene_Expression_Quantification/4f836d31-425e-43d4-8052-5e4a1d770efd/83c40f12-7f21-4198-8912-831f7e7338ff.rna_seq.augmented_star_gene_counts.tsv,4250561,deada1aa43c50feb1fd62e657180747a,cached public input; original retrieval date unknown
data/raw/TCGA-KIRC/Transcriptome_Profiling/Gene_Expression_Quantification/4f8bfa46-5071-4cd4-9626-b91221550dd7/ee1c9d0c-1bc3-4343-ba2e-597ae0752470.rna_seq.augmented_star_gene_counts.tsv,4240814,971c2017caeb354327a8c96a981d6244,cached public input; original retrieval date unknown
data/raw/TCGA-KIRC/Transcriptome_Profiling/Gene_Expression_Quantification/4fc55db0-591e-4931-91c3-75d515504117/370d3ba9-88b4-463a-9f0d-6f0a53007261.rna_seq.augmented_star_gene_counts.tsv,4238543,6a3c44c96f73f1b42cc9469b8ba509d7,cached public input; original retrieval date unknown
data/raw/TCGA-KIRC/Transcriptome_Profiling/Gene_Expression_Quantification/5013520a-e7b1-4171-865c-f5a624741432/963bb3df-5b6e-424f-acb2-ffee1424d6f8.rna_seq.augmented_star_gene_counts.tsv,4232085,4c150f8d6f55466b1f294c3075d89c60,cached public input; original retrieval date unknown
data/raw/TCGA-KIRC/Transcriptome_Profiling/Gene_Expression_Quantification/5030b65c-c5f2-4bb8-afb6-1bd4c5b1abd4/7a82e30f-d736-41d9-a07f-275377f8fef1.rna_seq.augmented_star_gene_counts.tsv,4238530,1b52f17d7c38f01939022c241312b877,cached public input; original retrieval date unknown
data/raw/TCGA-KIRC/Transcriptome_Profiling/Gene_Expression_Quantification/512aef07-f542-4aa6-b3e6-8f74ae1ce224/aa29ee77-4fa4-47ef-aadf-b277ba908c98.rna_seq.augmented_star_gene_counts.tsv,4241424,4c203d300b0be29e56a1701ad9c8b68e,cached public input; original retrieval date unknown
data/raw/TCGA-KIRC/Transcriptome_Profiling/Gene_Expression_Quantification/51a2c5e1-ba04-4178-a5b0-0ac50c870c4e/4e762ebb-963c-4a44-b239-5d9e4d699fad.rna_seq.augmented_star_gene_counts.tsv,4233491,74ca764e4310a9ce437f4748cf21c618,cached public input; original retrieval date unknown
data/raw/TCGA-KIRC/Transcriptome_Profiling/Gene_Expression_Quantification/51a84b87-eddd-40a9-ad8a-46f3682b9318/6b83beed-ece3-4b90-afc4-fa89ac42e42a.rna_seq.augmented_star_gene_counts.tsv,4229064,a2cdc11d2c473672d6870e9e63e4b6fa,cached public input; original retrieval date unknown
data/raw/TCGA-KIRC/Transcriptome_Profiling/Gene_Expression_Quantification/52258ebc-d3ba-4795-83c9-6457386fea2b/4ab7d102-f5eb-4922-be66-9b516bebaf0a.rna_seq.augmented_star_gene_counts.tsv,4250513,5edb1e6e13001e9a285fbac3c6e23860,cached public input; original retrieval date unknown
data/raw/TCGA-KIRC/Transcriptome_Profiling/Gene_Expression_Quantification/5226aa23-2d1c-4b1a-b967-e473b0ea042a/fc5261cf-419c-4d34-acf3-7730663056b4.rna_seq.augmented_star_gene_counts.tsv,4246857,c695b07b4dc01335b84c98e3f04a2141,cached public input; original retrieval date unknown
data/raw/TCGA-KIRC/Transcriptome_Profiling/Gene_Expression_Quantification/52433ea4-d6cc-4d21-a1af-d62c3e9c5d77/53b3c5df-2ab2-4a03-b0af-ef7e2bed6f76.rna_seq.augmented_star_gene_counts.tsv,4240529,d27ed8a8f55934e86d8affe9d5fe696a,cached public input; original retrieval date unknown
data/raw/TCGA-KIRC/Transcriptome_Profiling/Gene_Expression_Quantification/52f4db86-9951-464d-a9c2-520a3681a9a8/527340de-0762-4d46-a004-9881b73bacc8.rna_seq.augmented_star_gene_counts.tsv,4245695,bf4ff229aa8f2f1cc7cae5d7e36bc8c8,cached public input; original retrieval date unknown
data/raw/TCGA-KIRC/Transcriptome_Profiling/Gene_Expression_Quantification/539f5a17-442a-4c07-9606-b8f88c731504/2558773d-bb91-4172-b560-0dcb6a9a41c1.rna_seq.augmented_star_gene_counts.tsv,4232670,baec13a41bcbb540f7a570976f996f59,cached public input; original retrieval date unknown
data/raw/TCGA-KIRC/Transcriptome_Profiling/Gene_Expression_Quantification/53a4f1ae-7669-4580-b054-0a5b58e76520/93e371ff-7d30-46fc-bd9a-23cf8db80cb8.rna_seq.augmented_star_gene_counts.tsv,4246480,ac34b5864817dc211d24781c445aa83d,cached public input; original retrieval date unknown
data/raw/TCGA-KIRC/Transcriptome_Profiling/Gene_Expression_Quantification/5474fa69-b83c-44b9-8e1b-1b16406a42ed/ffc8654f-1fef-49cf-ab0e-004b87fba769.rna_seq.augmented_star_gene_counts.tsv,4242236,0a87b4abc08913408e2a124a1af9674b,cached public input; original retrieval date unknown
data/raw/TCGA-KIRC/Transcriptome_Profiling/Gene_Expression_Quantification/54813ceb-f5c7-4c62-8b0a-047145bb6bae/470b4dea-6773-4a43-8c72-0ca82fbab681.rna_seq.augmented_star_gene_counts.tsv,4263713,daf165ea9b2c6078d7734fc8df2f614b,cached public input; original retrieval date unknown
data/raw/TCGA-KIRC/Transcriptome_Profiling/Gene_Expression_Quantification/54bccab4-c77e-4848-b698-b62941d96289/36d5c99d-e58c-4d8f-b7c6-33adeaf6ad6d.rna_seq.augmented_star_gene_counts.tsv,4243763,f6a5b7fae27dabb8190723d4c0c226d4,cached public input; original retrieval date unknown
data/raw/TCGA-KIRC/Transcriptome_Profiling/Gene_Expression_Quantification/5544a704-6f67-4c0d-b4ad-9becaab27512/cdb18792-38d4-4f6d-9229-e63ad796c704.rna_seq.augmented_star_gene_counts.tsv,4246828,705d70c26fee6dd76ea961c2127585c1,cached public input; original retrieval date unknown
data/raw/TCGA-KIRC/Transcriptome_Profiling/Gene_Expression_Quantification/5576ae8b-e6e9-496d-854a-8c696bd965c9/acb3e553-8eef-49a4-9499-136a5039720d.rna_seq.augmented_star_gene_counts.tsv,4247513,02c734b32eefbdb5dd2c8da81ed6fb64,cached public input; original retrieval date unknown
data/raw/TCGA-KIRC/Transcriptome_Profiling/Gene_Expression_Quantification/563b7a76-4875-41e3-a39f-c36f4476c159/dc3d0ed5-1073-4786-b50d-0a5cda44b2b5.rna_seq.augmented_star_gene_counts.tsv,4256482,87dc86bfbd64ace78482909f6e57a3f3,cached public input; original retrieval date unknown
data/raw/TCGA-KIRC/Transcriptome_Profiling/Gene_Expression_Quantification/56c82934-f740-406c-afad-f9d8bd17aff3/195e0fec-c626-4070-a7cd-3cfe6284a24c.rna_seq.augmented_star_gene_counts.tsv,4244833,c8946591da4560cf719e5acfddb451fc,cached public input; original retrieval date unknown
data/raw/TCGA-KIRC/Transcriptome_Profiling/Gene_Expression_Quantification/572cfe32-d1b4-44f7-98f4-a9079f3e376c/e0dc37ca-8fb7-470b-b899-4ac49c4bf190.rna_seq.augmented_star_gene_counts.tsv,4235543,d542c381b4807966b4885117b06e8999,cached public input; original retrieval date unknown
data/raw/TCGA-KIRC/Transcriptome_Profiling/Gene_Expression_Quantification/572fb090-3796-4170-829d-7b77c1e8127d/09d935a2-a969-4c13-a3ee-8905644c1a77.rna_seq.augmented_star_gene_counts.tsv,4236188,0e80e73a36b2bc803bbd5e1d86c467c8,cached public input; original retrieval date unknown
data/raw/TCGA-KIRC/Transcriptome_Profiling/Gene_Expression_Quantification/5741a507-2543-4c6e-a927-2441813632b6/23bbf00e-f0af-450e-a95b-fa5feac64a5f.rna_seq.augmented_star_gene_counts.tsv,4252463,1d018d211e89d17cc5e506b96ee39701,cached public input; original retrieval date unknown
data/raw/TCGA-KIRC/Transcriptome_Profiling/Gene_Expression_Quantification/577d7013-8d37-427c-82b0-24e46b891a34/4e586300-3127-4e57-9b8b-4d1178598974.rna_seq.augmented_star_gene_counts.tsv,4246694,4a20563fb736cf90536d9a1babe34250,cached public input; original retrieval date unknown
data/raw/TCGA-KIRC/Transcriptome_Profiling/Gene_Expression_Quantification/578db3bb-5ca7-413d-a38b-79876d4b98ac/dbc81626-bcbc-4e80-9bfe-818ee7bb1ac3.rna_seq.augmented_star_gene_counts.tsv,4239612,31f0074fcf7f00c3f221952a77605cea,cached public input; original retrieval date unknown
data/raw/TCGA-KIRC/Transcriptome_Profiling/Gene_Expression_Quantification/58585ab6-9163-4bfb-ae55-9529ad1bc3aa/e50d64a6-92ef-4354-8d13-480a5cc74f78.rna_seq.augmented_star_gene_counts.tsv,4247368,496ab2e5514fc45cc60627c58f9589de,cached public input; original retrieval date unknown
data/raw/TCGA-KIRC/Transcriptome_Profiling/Gene_Expression_Quantification/588a43e3-60a0-416b-9b79-48d863d054bf/c5f86371-23c9-4e7f-ba64-b5f4ec240a18.rna_seq.augmented_star_gene_counts.tsv,4251522,87d8dfdfabc1069b29f9cc84394dbfff,cached public input; original retrieval date unknown
data/raw/TCGA-KIRC/Transcriptome_Profiling/Gene_Expression_Quantification/58cdb5fa-ab1d-4b7c-a790-4c81cd86efc4/45d0eb73-f560-4c46-8c49-3e67790ee5a2.rna_seq.augmented_star_gene_counts.tsv,4232192,ed5c3ae534ae873f37063370ba4ada48,cached public input; original retrieval date unknown
data/raw/TCGA-KIRC/Transcriptome_Profiling/Gene_Expression_Quantification/58eee6a5-aaae-486e-b4ec-ba191af5fcb5/f637da65-d455-440f-8342-47b6a3c3d189.rna_seq.augmented_star_gene_counts.tsv,4243647,c2c20cb1b32f57e3cf060ab21d4e8c93,cached public input; original retrieval date unknown
data/raw/TCGA-KIRC/Transcriptome_Profiling/Gene_Expression_Quantification/59f744da-4e53-4cca-a7f1-48a27f91aba1/6a0c3088-3411-4332-9b5e-73658117bf58.rna_seq.augmented_star_gene_counts.tsv,4255676,0dd40097976c594dd7f435f9e45d4baf,cached public input; original retrieval date unknown
data/raw/TCGA-KIRC/Transcriptome_Profiling/Gene_Expression_Quantification/5a1cd867-8bad-4e36-908a-c82b6ae64083/0cd8ea32-8f53-4bcd-a778-4a4cc0ca6fa6.rna_seq.augmented_star_gene_counts.tsv,4240667,5d2c6c6c757ec1c43c0f207247363eea,cached public input; original retrieval date unknown
data/raw/TCGA-KIRC/Transcriptome_Profiling/Gene_Expression_Quantification/5acfa9e0-c339-40aa-ab9f-0492fbc6db91/6189d0a9-6d52-40b3-81ac-a840738cfc71.rna_seq.augmented_star_gene_counts.tsv,4230444,5640405ad9bf043a73a61b8cd9fef92a,cached public input; original retrieval date unknown
data/raw/TCGA-KIRC/Transcriptome_Profiling/Gene_Expression_Quantification/5b7970e3-9272-4919-beaa-176127e7be10/1d1b1257-df14-4a53-a25c-4ee63782d762.rna_seq.augmented_star_gene_counts.tsv,4237891,b53320c2c016ce5ed0d81aa4c0cbf630,cached public input; original retrieval date unknown
data/raw/TCGA-KIRC/Transcriptome_Profiling/Gene_Expression_Quantification/5cbfa01a-86a9-467e-9efa-7ae47bce3587/a1d86150-a5a5-4396-93d1-b1096e2bd53d.rna_seq.augmented_star_gene_counts.tsv,4243766,a76fe82e69b7eec5b7c955c14df0260d,cached public input; original retrieval date unknown
data/raw/TCGA-KIRC/Transcriptome_Profiling/Gene_Expression_Quantification/5cd2f5f2-1325-454e-94a3-253d475205ef/9849d0e7-d13b-4f3b-b73d-d67e635a96ed.rna_seq.augmented_star_gene_counts.tsv,4233018,98bb2f1488dd12dd03a977996930be43,cached public input; original retrieval date unknown
data/raw/TCGA-KIRC/Transcriptome_Profiling/Gene_Expression_Quantification/5d1a0224-01c6-4843-baab-12f1a56b767a/914d92bc-d41c-4dcb-9137-ec672618ffd0.rna_seq.augmented_star_gene_counts.tsv,4231264,cd1e950cbec645fc4d6ff6c582a1cbfe,cached public input; original retrieval date unknown
data/raw/TCGA-KIRC/Transcriptome_Profiling/Gene_Expression_Quantification/5d803708-5262-42a8-a390-71a3d800347d/147bf43c-c4f9-4cb2-9ccd-b468117ed7e5.rna_seq.augmented_star_gene_counts.tsv,4261484,e435801719e43f759ff97154268fc529,cached public input; original retrieval date unknown
data/raw/TCGA-KIRC/Transcriptome_Profiling/Gene_Expression_Quantification/5d956a24-693e-47ad-b315-180c86a0528e/3e1cc145-6719-4320-8b66-0deeaa864a6a.rna_seq.augmented_star_gene_counts.tsv,4266063,05757af13cce2618b1816878665b664a,cached public input; original retrieval date unknown
data/raw/TCGA-KIRC/Transcriptome_Profiling/Gene_Expression_Quantification/5d9c87af-9ac3-42a7-a0c3-84a490957188/4b2025a1-962d-42d4-8578-ff29e74a826d.rna_seq.augmented_star_gene_counts.tsv,4245258,fd71a28f572bd19dc5fa1915534a7077,cached public input; original retrieval date unknown
data/raw/TCGA-KIRC/Transcriptome_Profiling/Gene_Expression_Quantification/5df50268-5981-49b7-8604-1dfe1af21cb9/8f9ecd05-a00b-4203-a052-bc1fc1cd0a9d.rna_seq.augmented_star_gene_counts.tsv,4243874,8de1172988916108de224937c46116da,cached public input; original retrieval date unknown
data/raw/TCGA-KIRC/Transcriptome_Profiling/Gene_Expression_Quantification/5e794eb4-35eb-4932-9cae-8130fd8b5804/81d4496c-4bc1-4dc5-ac71-f83929d14c0f.rna_seq.augmented_star_gene_counts.tsv,4219640,6874e0b927ec36416fb8be1a6cb2fb26,cached public input; original retrieval date unknown
data/raw/TCGA-KIRC/Transcriptome_Profiling/Gene_Expression_Quantification/5eae461a-399f-4f2b-ab9a-e92aba32ce14/57d50969-8fb1-4e32-9564-55f328de3eb5.rna_seq.augmented_star_gene_counts.tsv,4231334,782deed03290b13b2a476f28c6f14bc1,cached public input; original retrieval date unknown
data/raw/TCGA-KIRC/Transcriptome_Profiling/Gene_Expression_Quantification/5eb4cdf7-10ee-4e24-801c-7297b5b3ebd7/b0c1691d-d2bd-4958-9444-f5ab10f172db.rna_seq.augmented_star_gene_counts.tsv,4207439,dd60ab7a50bb3ea8074f4d896d7d71d2,cached public input; original retrieval date unknown
data/raw/TCGA-KIRC/Transcriptome_Profiling/Gene_Expression_Quantification/5f006edb-0f66-45eb-9a36-e31bbcdf8147/b0618ea2-708e-4dc4-ac9f-afd267a08863.rna_seq.augmented_star_gene_counts.tsv,4232214,152ab4f4383d97d5179fb9e4a9536c05,cached public input; original retrieval date unknown
data/raw/TCGA-KIRC/Transcriptome_Profiling/Gene_Expression_Quantification/5f2edb2e-9b7f-44d6-af6c-ff958631cf6a/26de8d84-baea-40ed-8187-aa61aa31b2fd.rna_seq.augmented_star_gene_counts.tsv,4242479,9beb4755a890a8e006f5f5547252eb5f,cached public input; original retrieval date unknown
data/raw/TCGA-KIRC/Transcriptome_Profiling/Gene_Expression_Quantification/5fc65294-257d-41eb-83b5-1cb566b1743f/5e9708b3-e612-44df-9220-5afa3b51727b.rna_seq.augmented_star_gene_counts.tsv,4235535,8f2647855a5b893d0e1d5cc4b048694f,cached public input; original retrieval date unknown
data/raw/TCGA-KIRC/Transcriptome_Profiling/Gene_Expression_Quantification/6054b034-7dfc-4bb6-973f-ab26ff94c578/100dd369-2080-45a8-8d28-e4ab24eb34bf.rna_seq.augmented_star_gene_counts.tsv,4239401,925c08cef4aec5b0c775ede4ab0f7e0c,cached public input; original retrieval date unknown
data/raw/TCGA-KIRC/Transcriptome_Profiling/Gene_Expression_Quantification/60ae8b09-673e-418f-abda-7e3ce228c808/63031ef8-ece4-4472-a07c-8177f6089455.rna_seq.augmented_star_gene_counts.tsv,4254074,09009b796642d5e0a09ed608e7ac4006,cached public input; original retrieval date unknown
data/raw/TCGA-KIRC/Transcriptome_Profiling/Gene_Expression_Quantification/617f7aad-7b59-4e20-8e1c-fa324cc1bef4/4b5e11df-e5b0-42b7-8239-7169a8b7b5ec.rna_seq.augmented_star_gene_counts.tsv,4237060,76531f8546bbfd21107b02a472063659,cached public input; original retrieval date unknown
data/raw/TCGA-KIRC/Transcriptome_Profiling/Gene_Expression_Quantification/61894bd0-9fdb-4bb1-b32c-f52dbc10c850/1e28caa3-197f-4deb-95c1-f6d8a41756ca.rna_seq.augmented_star_gene_counts.tsv,4238585,b3e0ce9b0e25e7857aaa86accc93dfb2,cached public input; original retrieval date unknown
data/raw/TCGA-KIRC/Transcriptome_Profiling/Gene_Expression_Quantification/61e2977f-ac86-4a5a-819d-3fba1af9253a/863db1ca-ce1d-4e62-b81a-0282b832447f.rna_seq.augmented_star_gene_counts.tsv,4241349,b64e79e390e59621cd83a4d63ed50739,cached public input; original retrieval date unknown
data/raw/TCGA-KIRC/Transcriptome_Profiling/Gene_Expression_Quantification/61e85059-9ba2-43ba-9246-4731ace197e4/51403924-9524-4de8-ac91-1aad525b8d0e.rna_seq.augmented_star_gene_counts.tsv,4247705,e59c5612229d3bc360762f3176c947fa,cached public input; original retrieval date unknown
data/raw/TCGA-KIRC/Transcriptome_Profiling/Gene_Expression_Quantification/61ee46ed-0cb0-428d-806b-db92f33e0c93/86b79a14-7254-49cb-b04c-b255fb052d42.rna_seq.augmented_star_gene_counts.tsv,4245305,7ebb018d07e23e052682a5ec5228a759,cached public input; original retrieval date unknown
data/raw/TCGA-KIRC/Transcriptome_Profiling/Gene_Expression_Quantification/61ffeb1c-0382-40bb-bd32-a071b2b4c39d/51f52dbe-cb60-4495-9896-09db6176ac5f.rna_seq.augmented_star_gene_counts.tsv,4242915,958e96e2b026e1cc55702797503689e2,cached public input; original retrieval date unknown
data/raw/TCGA-KIRC/Transcriptome_Profiling/Gene_Expression_Quantification/62482815-63b6-4df9-8698-44a2d5cdafaf/3a3c4890-7697-47b1-9ecb-06bebfde7159.rna_seq.augmented_star_gene_counts.tsv,4242371,d522f3c93ddd582c1125abc55275a4a3,cached public input; original retrieval date unknown
data/raw/TCGA-KIRC/Transcriptome_Profiling/Gene_Expression_Quantification/626f256f-7057-47c3-8775-cda761910b1f/50ef3b8f-2e43-4d63-a17c-59804bf40aa4.rna_seq.augmented_star_gene_counts.tsv,4257551,a9d6a869728809c342ae976e9f59ccb3,cached public input; original retrieval date unknown
data/raw/TCGA-KIRC/Transcriptome_Profiling/Gene_Expression_Quantification/6304f098-1ae4-4c6c-93c7-ac5b15b307a7/fb231a6f-eb93-4dce-b4cd-9f06bbe05911.rna_seq.augmented_star_gene_counts.tsv,4242820,246d85e697ccfd6a7d1246bd608279f9,cached public input; original retrieval date unknown
data/raw/TCGA-KIRC/Transcriptome_Profiling/Gene_Expression_Quantification/633fef2c-c9ce-4b76-ae7b-0dfcc4123a6f/ba0e046d-ea06-4a64-9847-14b35eb72aee.rna_seq.augmented_star_gene_counts.tsv,4247048,bf4387c37a6fe6e05a8b3f19bb57edf2,cached public input; original retrieval date unknown
data/raw/TCGA-KIRC/Transcriptome_Profiling/Gene_Expression_Quantification/636b709e-402e-4c0c-8ee3-a5dff383abfd/0c5b632c-cbe7-4267-826e-effd601cbd98.rna_seq.augmented_star_gene_counts.tsv,4231965,f772575cf3298e12a47e45da719303a8,cached public input; original retrieval date unknown
data/raw/TCGA-KIRC/Transcriptome_Profiling/Gene_Expression_Quantification/637c8c48-42f9-43d7-8281-c014f4170109/68dea349-39d0-4140-a458-9ce5b5835105.rna_seq.augmented_star_gene_counts.tsv,4227409,9262a17aae69e23b932b326a8ac8a8f1,cached public input; original retrieval date unknown
data/raw/TCGA-KIRC/Transcriptome_Profiling/Gene_Expression_Quantification/66b1f91a-937c-4e1f-b4ab-07d1ef9fe1db/94b39932-9777-4fdc-b56c-65c3c3e11053.rna_seq.augmented_star_gene_counts.tsv,4243348,6222c0a06514a48a6afac961b365bfd9,cached public input; original retrieval date unknown
data/raw/TCGA-KIRC/Transcriptome_Profiling/Gene_Expression_Quantification/6838acd3-3b0b-4ba4-b9da-1d0ffe9c5640/5d61bbe4-613f-4d2c-9fd3-c9740308bd6c.rna_seq.augmented_star_gene_counts.tsv,4234971,00c523bda0c911913f2425b028373aec,cached public input; original retrieval date unknown
data/raw/TCGA-KIRC/Transcriptome_Profiling/Gene_Expression_Quantification/68aef922-b430-4183-baf0-fd980deaeaa0/af8472e3-030e-428f-aa2d-6bb409a1b58a.rna_seq.augmented_star_gene_counts.tsv,4239901,4887a3fa75ae199fb463e0e25cbb9ec9,cached public input; original retrieval date unknown
data/raw/TCGA-KIRC/Transcriptome_Profiling/Gene_Expression_Quantification/69c0795b-d68f-4262-9e00-39eff5b66814/67b48fde-8db7-453a-ac70-c338fef76d1c.rna_seq.augmented_star_gene_counts.tsv,4246318,5273eee091b7fbe88db32902a82cad61,cached public input; original retrieval date unknown
data/raw/TCGA-KIRC/Transcriptome_Profiling/Gene_Expression_Quantification/6a1c052c-21bb-4688-96db-3d605b0fa93a/0d2c3895-1674-4653-822f-2ab67d02a3b9.rna_seq.augmented_star_gene_counts.tsv,4251515,92cc4b5b431e5ffb9900c251d0890259,cached public input; original retrieval date unknown
data/raw/TCGA-KIRC/Transcriptome_Profiling/Gene_Expression_Quantification/6a2325f0-0fe8-4fab-8af3-ab89e8aa47f0/5bf57535-1a6d-4417-9963-cb63883eb924.rna_seq.augmented_star_gene_counts.tsv,4249565,c68c9227b6cdcaf25b6f60478037ea75,cached public input; original retrieval date unknown
data/raw/TCGA-KIRC/Transcriptome_Profiling/Gene_Expression_Quantification/6a408551-3028-49cd-b896-6bfcb1abde4b/ff62bead-1df4-40b5-8d0b-92c1ad3a2645.rna_seq.augmented_star_gene_counts.tsv,4239933,db87885aef0532a752c5bf854639f502,cached public input; original retrieval date unknown
data/raw/TCGA-KIRC/Transcriptome_Profiling/Gene_Expression_Quantification/6ae1ed76-5b6f-41a6-917b-cc713f874a03/b8e400b0-9d4f-426d-ad7f-8083e182ce95.rna_seq.augmented_star_gene_counts.tsv,4238890,b28f182b4cca13e1c600730d8ba36e44,cached public input; original retrieval date unknown
data/raw/TCGA-KIRC/Transcriptome_Profiling/Gene_Expression_Quantification/6b920c35-ec0c-4772-9163-a22f4cb27c9f/d9a2ac5c-4489-4654-9564-639a60161663.rna_seq.augmented_star_gene_counts.tsv,4249380,b3cabc00a0bbd67bbf69d01341695b52,cached public input; original retrieval date unknown
data/raw/TCGA-KIRC/Transcriptome_Profiling/Gene_Expression_Quantification/6b95e135-1a51-4d0c-bd2c-ab55273a3eb7/7a6b27cb-f41f-4d57-9116-179c76283d6f.rna_seq.augmented_star_gene_counts.tsv,4260534,1cf9c4531fad35e5feaf60c462122a87,cached public input; original retrieval date unknown
data/raw/TCGA-KIRC/Transcriptome_Profiling/Gene_Expression_Quantification/6b9f9688-4bd2-4e54-9744-ac31665650b2/c2f8f5ae-8aa2-4101-9da6-6ab3d605f892.rna_seq.augmented_star_gene_counts.tsv,4235801,bef36bf4555ef70e768a8706924f25f6,cached public input; original retrieval date unknown
data/raw/TCGA-KIRC/Transcriptome_Profiling/Gene_Expression_Quantification/6d0df9bf-69d6-447f-b2d9-76391e95d61d/9e2b50ae-2a14-4825-918b-88488c9b3d82.rna_seq.augmented_star_gene_counts.tsv,4256500,2bcb712fc7b5b9cc453e66488516b0bd,cached public input; original retrieval date unknown
data/raw/TCGA-KIRC/Transcriptome_Profiling/Gene_Expression_Quantification/6d1cfff6-d608-4ae2-ab75-9dd095323a40/b0ff1b60-0508-4fcc-913d-451c15fba2b6.rna_seq.augmented_star_gene_counts.tsv,4251121,0bd327dc8c5386479a595e0900b7fd62,cached public input; original retrieval date unknown
data/raw/TCGA-KIRC/Transcriptome_Profiling/Gene_Expression_Quantification/6d47118e-cd8a-4d75-970f-2f0f3aff712c/c2d35a69-8954-4316-a4d7-37ed64d6e85d.rna_seq.augmented_star_gene_counts.tsv,4248433,fdec78a51cbd21b5adfd0f4ae3aa0cda,cached public input; original retrieval date unknown
data/raw/TCGA-KIRC/Transcriptome_Profiling/Gene_Expression_Quantification/6d481b79-8322-4ac0-93ba-aaa34fd41ed9/a0b36c13-f9bc-4067-81ca-229299667745.rna_seq.augmented_star_gene_counts.tsv,4226410,30f15cf57d3b02aa709a997b96c308fd,cached public input; original retrieval date unknown
data/raw/TCGA-KIRC/Transcriptome_Profiling/Gene_Expression_Quantification/6d560c49-6d99-467b-b2a9-5d236eff9f87/1f758d8e-3f2c-4f10-b80b-ce3daba6e0d9.rna_seq.augmented_star_gene_counts.tsv,4260164,d458195254e53c4ddf9185fd4a1368e6,cached public input; original retrieval date unknown
data/raw/TCGA-KIRC/Transcriptome_Profiling/Gene_Expression_Quantification/6d8bf03c-2f7c-45b1-b81c-1de9d5085960/4a818b3c-9b63-4d78-9969-38e513f46d5a.rna_seq.augmented_star_gene_counts.tsv,4226971,2aba84f1c5f1055e1ea96f8fb2f5d4e2,cached public input; original retrieval date unknown
data/raw/TCGA-KIRC/Transcriptome_Profiling/Gene_Expression_Quantification/6dc1b313-81c8-4b4d-8fcd-07ad3fe499f7/95bd9ee8-3c36-40e7-9fbe-780421c93702.rna_seq.augmented_star_gene_counts.tsv,4249340,db3fb807a5e3cfe229616b4cf15d890f,cached public input; original retrieval date unknown
data/raw/TCGA-KIRC/Transcriptome_Profiling/Gene_Expression_Quantification/6df1efd7-bd1b-4c00-8cbb-eb1b6b7c78b6/777fc549-47cf-4c3b-9931-e58c9f3fcc6b.rna_seq.augmented_star_gene_counts.tsv,4246678,2c8c411e9ca3cc893daa3594799bdbdf,cached public input; original retrieval date unknown
data/raw/TCGA-KIRC/Transcriptome_Profiling/Gene_Expression_Quantification/6e837fc7-1583-4fde-af30-fe955e7651bf/25dbc6db-791d-409d-8739-f0b50aaf572f.rna_seq.augmented_star_gene_counts.tsv,4253463,8c6635bd96da75cfc19222f7f5c04e53,cached public input; original retrieval date unknown
data/raw/TCGA-KIRC/Transcriptome_Profiling/Gene_Expression_Quantification/6ebb7461-432b-4ca5-b709-54ea97a634cc/9bed5145-8113-46d4-9f34-04e595e71136.rna_seq.augmented_star_gene_counts.tsv,4243934,a46cb48dc709b6d85c0d681291bfd56f,cached public input; original retrieval date unknown
data/raw/TCGA-KIRC/Transcriptome_Profiling/Gene_Expression_Quantification/6ec7b719-0f95-4108-8e26-a7049e29d495/ae21852f-75e2-4333-a624-0875028252d3.rna_seq.augmented_star_gene_counts.tsv,4232420,625bb69e3f5175e27f3ad941b3a42f39,cached public input; original retrieval date unknown
data/raw/TCGA-KIRC/Transcriptome_Profiling/Gene_Expression_Quantification/6f2cbdf8-24b9-4b9c-9a73-4e872852e6ac/5c5642f0-08aa-4e0f-a991-e872d44e5b66.rna_seq.augmented_star_gene_counts.tsv,4245352,1f5912817f341de4375a80cf3db8c432,cached public input; original retrieval date unknown
data/raw/TCGA-KIRC/Transcriptome_Profiling/Gene_Expression_Quantification/6f5c8394-3144-428a-a38d-eb39be4379b5/a64f85a7-8fee-46fe-965e-cdce62f3393f.rna_seq.augmented_star_gene_counts.tsv,4243581,8f5512a5703012c62bd90148861239f2,cached public input; original retrieval date unknown
data/raw/TCGA-KIRC/Transcriptome_Profiling/Gene_Expression_Quantification/6faba44d-0367-4d54-a41e-1f2969760558/27fb6050-b8b6-4cae-800d-429d63093d67.rna_seq.augmented_star_gene_counts.tsv,4252065,de284cfe573d16a9a1af4380012d6237,cached public input; original retrieval date unknown
data/raw/TCGA-KIRC/Transcriptome_Profiling/Gene_Expression_Quantification/70060c00-5e4c-41f0-abff-f573881194aa/3410d45f-d7d8-4aa6-8f47-eac9404d5a7f.rna_seq.augmented_star_gene_counts.tsv,4257068,d429a8799c93cdf24d58f9965c8bc4a7,cached public input; original retrieval date unknown
data/raw/TCGA-KIRC/Transcriptome_Profiling/Gene_Expression_Quantification/714163fc-e8ac-44f4-9ea6-5ce42e628290/85d24c0f-9fc5-4ef7-bbc1-78b62abb3b30.rna_seq.augmented_star_gene_counts.tsv,4244933,f6a2d2428c19d4463e3dafc7f113abd2,cached public input; original retrieval date unknown
data/raw/TCGA-KIRC/Transcriptome_Profiling/Gene_Expression_Quantification/71b8a9c9-4822-4b40-be0b-0c06b485975a/171a77bb-69df-4976-82ff-0cd674258fc3.rna_seq.augmented_star_gene_counts.tsv,4237929,93416beaaad19a21e5f324a100db4d7b,cached public input; original retrieval date unknown
data/raw/TCGA-KIRC/Transcriptome_Profiling/Gene_Expression_Quantification/72595e5d-dab6-4d89-8332-6b0a599e218b/78fee080-1a9e-4f7b-a6a3-1173ce9cd775.rna_seq.augmented_star_gene_counts.tsv,4252345,c907f794203d2c16edf80ddac3492d61,cached public input; original retrieval date unknown
data/raw/TCGA-KIRC/Transcriptome_Profiling/Gene_Expression_Quantification/726754a2-6158-4eae-a2ce-5f880d33823e/e941ade9-6e68-481f-ab7d-1d520dc8830d.rna_seq.augmented_star_gene_counts.tsv,4246434,8ad6443a4fbf0a8a62e5fb5f1caea429,cached public input; original retrieval date unknown
data/raw/TCGA-KIRC/Transcriptome_Profiling/Gene_Expression_Quantification/73b5e567-d5a8-4fe7-b60e-fd4654d56fb5/af515665-ebc5-4825-b331-c6cd92d32a48.rna_seq.augmented_star_gene_counts.tsv,4233060,36546cf5851febb5670bb781006c91ab,cached public input; original retrieval date unknown
data/raw/TCGA-KIRC/Transcriptome_Profiling/Gene_Expression_Quantification/73d97d28-fb60-4380-8ba0-34e79da74af2/fb312dd9-da8b-4190-999e-37cad1d683d5.rna_seq.augmented_star_gene_counts.tsv,4230543,9f3a3103d84c175462cdf119e338bdd1,cached public input; original retrieval date unknown
data/raw/TCGA-KIRC/Transcriptome_Profiling/Gene_Expression_Quantification/742932b6-cf2c-4750-9a0c-145ec93d1da0/7c23340d-783e-4bea-972f-daec4d9a8bf1.rna_seq.augmented_star_gene_counts.tsv,4244704,82be2df4844d0bb498f0f4ba9042817d,cached public input; original retrieval date unknown
data/raw/TCGA-KIRC/Transcriptome_Profiling/Gene_Expression_Quantification/7437d3a0-976d-4151-8f89-b30a4a092a60/b649c743-c5bd-4c00-a6dc-422021ac538e.rna_seq.augmented_star_gene_counts.tsv,4235072,d995ea875e7ad4cf2ffd3b89f5234db3,cached public input; original retrieval date unknown
data/raw/TCGA-KIRC/Transcriptome_Profiling/Gene_Expression_Quantification/743a0026-5df2-4a13-8abf-aa45798ec131/a6ada133-ba5e-4d1d-ad3c-e315b44d3e79.rna_seq.augmented_star_gene_counts.tsv,4232517,35c1952ceb3953bae8a86664cf55cc51,cached public input; original retrieval date unknown
data/raw/TCGA-KIRC/Transcriptome_Profiling/Gene_Expression_Quantification/7560bd39-ffd0-45ae-95c9-451bccc8ccc4/0b4d3e72-85b5-4c23-9dbe-bff0bdbc5d43.rna_seq.augmented_star_gene_counts.tsv,4242011,880ccf67696a83b61693bd5b30ed8c26,cached public input; original retrieval date unknown
data/raw/TCGA-KIRC/Transcriptome_Profiling/Gene_Expression_Quantification/77cfb44f-6e99-4c0b-bd54-6ab249fd54ef/65dac5c8-ea5a-4ba4-932f-bf60a83cbe86.rna_seq.augmented_star_gene_counts.tsv,4249237,c0ba213ae8eacd7bfa31c41000c5f7e3,cached public input; original retrieval date unknown
data/raw/TCGA-KIRC/Transcriptome_Profiling/Gene_Expression_Quantification/78beabfc-8b98-4f21-94c2-cd6c21255f66/d78b8689-b4f9-4ff6-8f67-9d9fd46c8672.rna_seq.augmented_star_gene_counts.tsv,4245940,d8a8f348dd298a188995f8a37b6e3c57,cached public input; original retrieval date unknown
data/raw/TCGA-KIRC/Transcriptome_Profiling/Gene_Expression_Quantification/7947afe8-e62c-4d32-81d6-5eb44fd1cea6/742d5f44-39ea-43c1-8b3c-428142ed4c8f.rna_seq.augmented_star_gene_counts.tsv,4244472,a87d2216b2486a3cf9c0085cca2e23fd,cached public input; original retrieval date unknown
data/raw/TCGA-KIRC/Transcriptome_Profiling/Gene_Expression_Quantification/79b49079-070b-4b97-80b9-838bbd32f33c/a2f07423-e34f-43d0-b063-3c9838206135.rna_seq.augmented_star_gene_counts.tsv,4245880,4fcabcd7d2547ca982ea40b10634dc05,cached public input; original retrieval date unknown
data/raw/TCGA-KIRC/Transcriptome_Profiling/Gene_Expression_Quantification/79b8911f-fabb-416e-9b80-2f55080192c3/1fec5f1c-60b6-4162-8e22-0ef60cca90bc.rna_seq.augmented_star_gene_counts.tsv,4249854,0cc3b8c0fa0236c3345d56d0f7fdefa4,cached public input; original retrieval date unknown
data/raw/TCGA-KIRC/Transcriptome_Profiling/Gene_Expression_Quantification/7a16bbe0-eed5-45f2-8400-8874924a6eda/d278e333-b5e0-4ce8-9511-6c31d29c8957.rna_seq.augmented_star_gene_counts.tsv,4206578,c26189706ec06be691b989635c9d744f,cached public input; original retrieval date unknown
data/raw/TCGA-KIRC/Transcriptome_Profiling/Gene_Expression_Quantification/7a3b5b7d-67cc-4048-9bd9-9db08bad1601/fdfae45c-40bb-4499-a8fa-72af3c9e8654.rna_seq.augmented_star_gene_counts.tsv,4232549,2b81c445cb5614e38bd273c27477f08f,cached public input; original retrieval date unknown
data/raw/TCGA-KIRC/Transcriptome_Profiling/Gene_Expression_Quantification/7af3ee8b-cb9e-47b9-9ddb-16006b20cb17/ac870378-2167-47c8-b906-fb18c59e1bcb.rna_seq.augmented_star_gene_counts.tsv,4256396,057bd4ce6269f162c9a5acc2f4d6e7da,cached public input; original retrieval date unknown
data/raw/TCGA-KIRC/Transcriptome_Profiling/Gene_Expression_Quantification/7b34b9d4-8526-4738-87b4-f9435a1c7ae1/598575d0-6dc4-4d59-be17-5dff01e6ca52.rna_seq.augmented_star_gene_counts.tsv,4244120,88f90a817d5098bc844a189a5e79f2ff,cached public input; original retrieval date unknown
data/raw/TCGA-KIRC/Transcriptome_Profiling/Gene_Expression_Quantification/7b3da303-63a6-4bd7-ab94-cf6e38dfe1e0/311272c7-bfd6-470e-a108-854c7f30576f.rna_seq.augmented_star_gene_counts.tsv,4251260,c7a8f232e491b21894624f89acdfbd4d,cached public input; original retrieval date unknown
data/raw/TCGA-KIRC/Transcriptome_Profiling/Gene_Expression_Quantification/7bb02e2f-67db-4527-959a-4f38da4edd7a/c6548d55-538d-49fa-a1f7-485915ee8f4b.rna_seq.augmented_star_gene_counts.tsv,4243994,d8eecb6d3a8f2f4794d25003d0934025,cached public input; original retrieval date unknown
data/raw/TCGA-KIRC/Transcriptome_Profiling/Gene_Expression_Quantification/7c7bfa90-8754-4170-b009-ba858bddcb38/8618f2c5-a266-45b5-be0b-8eaa64151ee2.rna_seq.augmented_star_gene_counts.tsv,4260117,15acd3c70cb78251cf90eb913b799247,cached public input; original retrieval date unknown
data/raw/TCGA-KIRC/Transcriptome_Profiling/Gene_Expression_Quantification/7c90bf9b-74c9-459c-9cd7-944ea4535a6d/9124c3d4-eed6-44d5-b38a-ce8646537907.rna_seq.augmented_star_gene_counts.tsv,4243654,d8046aab5e7aad6a4c67a888fddd2842,cached public input; original retrieval date unknown
data/raw/TCGA-KIRC/Transcriptome_Profiling/Gene_Expression_Quantification/7d7719e1-5451-4ec0-a3d6-99aaaf640bcd/d7df3edb-bb4a-47a2-8066-fc2f700c6102.rna_seq.augmented_star_gene_counts.tsv,4256615,7f0b278a0a7a9ff08d7e20ae543850c1,cached public input; original retrieval date unknown
data/raw/TCGA-KIRC/Transcriptome_Profiling/Gene_Expression_Quantification/7e479a5b-d557-4838-b415-3ceb31d1a139/e3d35334-289e-432d-9d15-a88753817cf1.rna_seq.augmented_star_gene_counts.tsv,4223363,233fbf8d6684d0ce11cdce14f51504bd,cached public input; original retrieval date unknown
data/raw/TCGA-KIRC/Transcriptome_Profiling/Gene_Expression_Quantification/7e74a46c-7ff4-4d46-b9a8-b10aa076f448/456fdd80-fdfa-4437-a0ba-e565c109780d.rna_seq.augmented_star_gene_counts.tsv,4233165,0bdfa7379b0ca6522e14fc6ab39b7dd2,cached public input; original retrieval date unknown
data/raw/TCGA-KIRC/Transcriptome_Profiling/Gene_Expression_Quantification/7ef1199e-aedb-4470-81a1-70d93655154b/f98c5dd2-eec7-477a-9de4-a268b6701f04.rna_seq.augmented_star_gene_counts.tsv,4238647,f09814a1164d976adf614fddfe556828,cached public input; original retrieval date unknown
data/raw/TCGA-KIRC/Transcriptome_Profiling/Gene_Expression_Quantification/7f16d20f-07e2-4901-ae00-4da70125e8a3/0cf6e899-af6e-44ac-a6c7-5f3fa68ea255.rna_seq.augmented_star_gene_counts.tsv,4235987,d6c74042c47065e9065bbf3ec9516c8c,cached public input; original retrieval date unknown
data/raw/TCGA-KIRC/Transcriptome_Profiling/Gene_Expression_Quantification/7f6b6886-84b6-4cb9-8b01-b2d10f55b8c9/91ef4b66-e9a9-48f4-a647-4a3e51805951.rna_seq.augmented_star_gene_counts.tsv,4229371,effe8eefc7a595459daf7834b984d24e,cached public input; original retrieval date unknown
data/raw/TCGA-KIRC/Transcriptome_Profiling/Gene_Expression_Quantification/7fc459c0-68f0-414f-ad41-737b4de021be/2d767431-3ebd-4b2a-a6c3-a21772eb17e3.rna_seq.augmented_star_gene_counts.tsv,4235956,9b864b04ba83fb9b700cb2ded3a7f75b,cached public input; original retrieval date unknown
data/raw/TCGA-KIRC/Transcriptome_Profiling/Gene_Expression_Quantification/80156b04-f280-4915-8bc0-1667c178aa37/0d1cbb9d-5c1d-4395-b932-46e5a0789e55.rna_seq.augmented_star_gene_counts.tsv,4243514,94e311d39a2e46ea7f5ec508a23db53c,cached public input; original retrieval date unknown
data/raw/TCGA-KIRC/Transcriptome_Profiling/Gene_Expression_Quantification/80472422-c0f4-4814-be44-fb1c9e821409/a734dc4a-3abe-4f5b-9ba9-790562d08a9b.rna_seq.augmented_star_gene_counts.tsv,4252321,fc9e95800bc1646b3df35a709de27488,cached public input; original retrieval date unknown
data/raw/TCGA-KIRC/Transcriptome_Profiling/Gene_Expression_Quantification/80a63e36-0f14-4d11-880b-c9c425034d5b/7f61f0f6-bf10-4119-96ba-7a92017bad6b.rna_seq.augmented_star_gene_counts.tsv,4248237,155e8bd2b5b7ab04e51d5efe1694caad,cached public input; original retrieval date unknown
data/raw/TCGA-KIRC/Transcriptome_Profiling/Gene_Expression_Quantification/80bd1a2f-c729-40f3-b50f-8a3b766e0231/c80995bd-d6b7-4780-8a1c-486234f12313.rna_seq.augmented_star_gene_counts.tsv,4239684,0bee1adcda25dd6188b329372a8fbaad,cached public input; original retrieval date unknown
data/raw/TCGA-KIRC/Transcriptome_Profiling/Gene_Expression_Quantification/80ef1b28-350f-4ca8-8da5-a5afcaa0f2b8/655579e9-5419-4472-856d-00095588384d.rna_seq.augmented_star_gene_counts.tsv,4240859,f4dc492ea30f31c3713458de85a9b094,cached public input; original retrieval date unknown
data/raw/TCGA-KIRC/Transcriptome_Profiling/Gene_Expression_Quantification/813cb150-7ef6-4fa7-9a64-c70f9401513c/6834bc84-328c-49be-b78e-61ffec46ef97.rna_seq.augmented_star_gene_counts.tsv,4247961,308a4ca0dec476c0e45aabc4f9871b9f,cached public input; original retrieval date unknown
data/raw/TCGA-KIRC/Transcriptome_Profiling/Gene_Expression_Quantification/81cbdf35-12a2-435d-bec9-0f52c47f7a0f/7c51fb1c-73f6-4a42-ad83-ef1b1e780733.rna_seq.augmented_star_gene_counts.tsv,4230092,792227ede24862173237ef3edad0dc3e,cached public input; original retrieval date unknown
data/raw/TCGA-KIRC/Transcriptome_Profiling/Gene_Expression_Quantification/8225b9d3-d25a-4f08-b369-d0ac81a8748c/7d4e2838-abcf-4a45-8996-4cba6f88fdd6.rna_seq.augmented_star_gene_counts.tsv,4234983,1459516a7cfb753338b259d2ffef96b2,cached public input; original retrieval date unknown
data/raw/TCGA-KIRC/Transcriptome_Profiling/Gene_Expression_Quantification/822bf4fe-8d43-47c8-9906-5d38c4a21f27/d6fea6a8-b471-41f2-81dc-4ea813897107.rna_seq.augmented_star_gene_counts.tsv,4223283,5cbb9c887f2f5ed3e0551bfc278b8ebb,cached public input; original retrieval date unknown
data/raw/TCGA-KIRC/Transcriptome_Profiling/Gene_Expression_Quantification/828b7513-8452-4541-8576-8c2f66e79892/658d6096-cbc1-4bb1-988a-465b3e54b94c.rna_seq.augmented_star_gene_counts.tsv,4247883,239bdc89ace9ccc372c7ca4a10c0f508,cached public input; original retrieval date unknown
data/raw/TCGA-KIRC/Transcriptome_Profiling/Gene_Expression_Quantification/831bedf9-e67d-4a2a-b0a7-6d6c92edf77a/827a8cb3-423c-471e-abc6-c62329a5ec16.rna_seq.augmented_star_gene_counts.tsv,4245697,04c22ddcca747431ed5d4c190e16a86c,cached public input; original retrieval date unknown
data/raw/TCGA-KIRC/Transcriptome_Profiling/Gene_Expression_Quantification/83300c43-0958-4165-99cf-e956cb47d38b/0f056a98-454e-41cf-8cb1-0b280b0b8b24.rna_seq.augmented_star_gene_counts.tsv,4234508,977a68ffc23ef0d4d36a3affaf405381,cached public input; original retrieval date unknown
data/raw/TCGA-KIRC/Transcriptome_Profiling/Gene_Expression_Quantification/83395208-40ec-4a57-a3ea-5f9dd8491998/863d3b39-5c73-4638-ace9-7206d6e00d43.rna_seq.augmented_star_gene_counts.tsv,4255921,bbbf5224e2bb7629ac0a6f7b0d94c7f5,cached public input; original retrieval date unknown
data/raw/TCGA-KIRC/Transcriptome_Profiling/Gene_Expression_Quantification/8398a735-962c-4b4c-87b6-cf1e0a07ce91/72cb55a7-9cf6-439f-8ac8-a36ca59858ea.rna_seq.augmented_star_gene_counts.tsv,4248827,856c6072ebcfa50fbff50fc2e974a896,cached public input; original retrieval date unknown
data/raw/TCGA-KIRC/Transcriptome_Profiling/Gene_Expression_Quantification/83eb5df9-30fa-4c4f-a062-5ffe6d7f2c3d/a4a7cba2-0351-4b86-8716-60976dbf6fcc.rna_seq.augmented_star_gene_counts.tsv,4254751,9d46bf16d4dd6789dd802a2e5dbb5b6d,cached public input; original retrieval date unknown
data/raw/TCGA-KIRC/Transcriptome_Profiling/Gene_Expression_Quantification/843f5279-d6a2-4616-a3e7-985f26247cc7/35632244-558b-434f-8b94-b00523ee731a.rna_seq.augmented_star_gene_counts.tsv,4243845,e3df0e1e3b44db17cfc4e7bf2e18e4f1,cached public input; original retrieval date unknown
data/raw/TCGA-KIRC/Transcriptome_Profiling/Gene_Expression_Quantification/84541c24-ecb8-47a6-9e6f-45a6fe854d93/44bdb239-7467-4690-8fc1-9edc635f6bb7.rna_seq.augmented_star_gene_counts.tsv,4244396,75e8ecb50b28a168ac02ed32b3ab35d6,cached public input; original retrieval date unknown
data/raw/TCGA-KIRC/Transcriptome_Profiling/Gene_Expression_Quantification/8522fa29-c1b0-4e41-9bcb-2e0bc7c8e2d0/cf6a083e-953e-4fb7-834d-15424028927a.rna_seq.augmented_star_gene_counts.tsv,4242679,ec423cce2554aa1138bde69de107c657,cached public input; original retrieval date unknown
data/raw/TCGA-KIRC/Transcriptome_Profiling/Gene_Expression_Quantification/85746e9c-d9b1-419f-8f17-3b7927cc3c2b/173935db-f67f-4c16-bb7a-bccb7b52601e.rna_seq.augmented_star_gene_counts.tsv,4245106,e1a634668cbe086a91e8c008ad85ad46,cached public input; original retrieval date unknown
data/raw/TCGA-KIRC/Transcriptome_Profiling/Gene_Expression_Quantification/862e5c87-bed8-4310-b9ed-1018568bdc78/7d160562-b94b-4cd9-9905-d15dadbb394a.rna_seq.augmented_star_gene_counts.tsv,4259740,ee37e0c5d82097175f355b8cdd2aaeff,cached public input; original retrieval date unknown
data/raw/TCGA-KIRC/Transcriptome_Profiling/Gene_Expression_Quantification/86e14130-79ee-4cbf-8328-3dd9c65d61dd/d0b56d64-2260-4e42-a6d0-ffafaeb289e5.rna_seq.augmented_star_gene_counts.tsv,4237013,f4c88f82c75e3f9b7f695851a8b1f99f,cached public input; original retrieval date unknown
data/raw/TCGA-KIRC/Transcriptome_Profiling/Gene_Expression_Quantification/86f25e09-9bdb-478d-b929-6f570418af6c/7972dca5-b8db-4ed7-a4d7-056df9d0d37c.rna_seq.augmented_star_gene_counts.tsv,4238118,de62a8ece550f68ab7d149197cf4e2f1,cached public input; original retrieval date unknown
data/raw/TCGA-KIRC/Transcriptome_Profiling/Gene_Expression_Quantification/86fef024-a657-476b-89c5-adb5477597ea/1e5dfb49-a6e6-4099-a3ef-828592d40c6d.rna_seq.augmented_star_gene_counts.tsv,4231725,0ab477bc7460fc8a124bfe68fe782035,cached public input; original retrieval date unknown
data/raw/TCGA-KIRC/Transcriptome_Profiling/Gene_Expression_Quantification/88aade97-0051-480d-be54-bce61b4e5b91/8bd01b90-18ff-481f-ae57-48eec05dfbd2.rna_seq.augmented_star_gene_counts.tsv,4247467,2cda6422a410d723dc12ec13349f51fe,cached public input; original retrieval date unknown
data/raw/TCGA-KIRC/Transcriptome_Profiling/Gene_Expression_Quantification/89bb336a-c128-4492-9109-e657f8f2011b/0c069613-79f5-433f-a897-5810632f78b0.rna_seq.augmented_star_gene_counts.tsv,4238109,6688af4280bfaad0e7be458d01f41b6e,cached public input; original retrieval date unknown
data/raw/TCGA-KIRC/Transcriptome_Profiling/Gene_Expression_Quantification/89cf5c7f-c4af-4eb6-97a5-cc086fe76bbb/a32a3156-95e7-446d-9fc7-94a3cf8323b4.rna_seq.augmented_star_gene_counts.tsv,4245521,38086cb554563b2b5013d130efca571b,cached public input; original retrieval date unknown
data/raw/TCGA-KIRC/Transcriptome_Profiling/Gene_Expression_Quantification/8a56004e-52fb-4a5e-afa0-e466ca53d57b/4081a993-2233-4ab8-8cc0-e6967266a180.rna_seq.augmented_star_gene_counts.tsv,4247937,c8fc6c82740362ff7cd2d0a28d3c0c67,cached public input; original retrieval date unknown
data/raw/TCGA-KIRC/Transcriptome_Profiling/Gene_Expression_Quantification/8af84f63-5974-4e14-b818-73eb8678eaab/2f966351-8cdc-4e14-a646-f5a0262fdbf3.rna_seq.augmented_star_gene_counts.tsv,4236149,605527cb105627d536136bf913c3c002,cached public input; original retrieval date unknown
data/raw/TCGA-KIRC/Transcriptome_Profiling/Gene_Expression_Quantification/8b3d23b8-cf1f-49ed-bd33-f340984cca9b/9a4a60b4-9790-424c-87e9-a2fd2b55361a.rna_seq.augmented_star_gene_counts.tsv,4231379,4f2d4ba1764e1a4342fb619aea92801f,cached public input; original retrieval date unknown
data/raw/TCGA-KIRC/Transcriptome_Profiling/Gene_Expression_Quantification/8bbda4a1-af04-496f-b047-1d74c29ec19a/34a5db13-6ea3-4f76-88dd-edddc9d6f057.rna_seq.augmented_star_gene_counts.tsv,4224787,1ae95a4365b3eea3abd140d30c3f4562,cached public input; original retrieval date unknown
data/raw/TCGA-KIRC/Transcriptome_Profiling/Gene_Expression_Quantification/8bec131b-088c-41f6-95d1-3eece690b53f/c9d44ef9-12c6-4822-8b7c-fbb6581e3e77.rna_seq.augmented_star_gene_counts.tsv,4231968,197e9adcda3d9df0244fb437e175f526,cached public input; original retrieval date unknown
data/raw/TCGA-KIRC/Transcriptome_Profiling/Gene_Expression_Quantification/8c2d01a0-7df8-465a-9739-b25d96f98ddd/516b3755-74d6-4a8a-90c1-90097a61f63d.rna_seq.augmented_star_gene_counts.tsv,4240071,a4138d84832fc5482fd96e7855d6264e,cached public input; original retrieval date unknown
data/raw/TCGA-KIRC/Transcriptome_Profiling/Gene_Expression_Quantification/8c4bd061-8371-4313-bfdc-1b2213daea12/d85f1c60-f3f3-4355-9f31-6c0e5d53360b.rna_seq.augmented_star_gene_counts.tsv,4251244,d05bd7184ee897638c099a331715b669,cached public input; original retrieval date unknown
data/raw/TCGA-KIRC/Transcriptome_Profiling/Gene_Expression_Quantification/8cd89112-70a7-4f63-9b41-e3379589cb5e/fb4bcf7f-6893-4f39-86b0-8e4a370237c6.rna_seq.augmented_star_gene_counts.tsv,4239553,b3f504cacdc9a90b6b10b642eb3e7ed7,cached public input; original retrieval date unknown
data/raw/TCGA-KIRC/Transcriptome_Profiling/Gene_Expression_Quantification/8ceb5f0b-cbfb-400d-93b8-df005bb46e31/054f5722-e1b9-43bb-9746-5c29be04a5a3.rna_seq.augmented_star_gene_counts.tsv,4253952,7e8a3db8d9e125bf514d90290815fa9e,cached public input; original retrieval date unknown
data/raw/TCGA-KIRC/Transcriptome_Profiling/Gene_Expression_Quantification/8d116906-c391-48f2-9eb4-94945197d90b/00d95185-c29a-4c70-b5d3-dc0b9efc24fe.rna_seq.augmented_star_gene_counts.tsv,4246861,41a814ffbca2e6e66f326d612b642181,cached public input; original retrieval date unknown
data/raw/TCGA-KIRC/Transcriptome_Profiling/Gene_Expression_Quantification/8d2de4ab-6e9a-40e6-b9ec-8c3c78e7f19c/cc7fca3c-f2a0-4cfd-9572-3d25e2897025.rna_seq.augmented_star_gene_counts.tsv,4252466,01a8c6aaf64f761499fd6865ddaf2910,cached public input; original retrieval date unknown
data/raw/TCGA-KIRC/Transcriptome_Profiling/Gene_Expression_Quantification/8e10e799-ae5c-49f7-a249-2d16d796066c/dfd48886-e56e-4361-b080-342e1ff7e84a.rna_seq.augmented_star_gene_counts.tsv,4247842,17136e79ac427d833c136dde3e99e05f,cached public input; original retrieval date unknown
data/raw/TCGA-KIRC/Transcriptome_Profiling/Gene_Expression_Quantification/8e4480b4-e56b-4937-94c7-617b4125615c/38b4f727-90e3-405a-9d58-7399267a5845.rna_seq.augmented_star_gene_counts.tsv,4237872,a029ddf2ba8c5e671d0318ed799388ac,cached public input; original retrieval date unknown
data/raw/TCGA-KIRC/Transcriptome_Profiling/Gene_Expression_Quantification/8e4576b0-ae52-47fa-b4a0-eaaed1fefcd2/3cc8533e-836e-487b-abe6-c9b755921fab.rna_seq.augmented_star_gene_counts.tsv,4244173,936674fb2f90f096f52975ae94bae435,cached public input; original retrieval date unknown
data/raw/TCGA-KIRC/Transcriptome_Profiling/Gene_Expression_Quantification/8e95a2b4-3110-4dd6-b3c9-b3e83c563282/c6dca0c8-bd9d-4299-9d18-a1054fe15aeb.rna_seq.augmented_star_gene_counts.tsv,4248412,7dc2839acf475c95831c3deac1c7a0f6,cached public input; original retrieval date unknown
data/raw/TCGA-KIRC/Transcriptome_Profiling/Gene_Expression_Quantification/8eb67e14-ab2d-4d8c-a945-fbdc6ad6a7be/c1b13e89-976f-4aff-9bff-054118b30b92.rna_seq.augmented_star_gene_counts.tsv,4230502,e1a1e9844d0321cb8b68e578d4569b1a,cached public input; original retrieval date unknown
data/raw/TCGA-KIRC/Transcriptome_Profiling/Gene_Expression_Quantification/8ebdb262-631c-4ac0-af24-16dca92d8c45/c045b9d4-b4d6-4826-9db7-664ca443c8bc.rna_seq.augmented_star_gene_counts.tsv,4243590,7b384d7873f483d7e15ed8490f53359e,cached public input; original retrieval date unknown
data/raw/TCGA-KIRC/Transcriptome_Profiling/Gene_Expression_Quantification/8ebf5653-96f8-4adc-a251-d8c059d699b0/3ef50760-e801-4f8c-b693-deb0adaa6314.rna_seq.augmented_star_gene_counts.tsv,4238778,04d2f060b73dff2cbcdad2d24a1c1c6e,cached public input; original retrieval date unknown
data/raw/TCGA-KIRC/Transcriptome_Profiling/Gene_Expression_Quantification/8fc7b6c7-aa50-4a13-a898-35a6bce2d32f/b10257dc-bba9-48d7-8595-735c042dcc16.rna_seq.augmented_star_gene_counts.tsv,4231604,2877182591cf8e89f69d46efc2f056e7,cached public input; original retrieval date unknown
data/raw/TCGA-KIRC/Transcriptome_Profiling/Gene_Expression_Quantification/8fe484cf-e146-4b6f-a852-b2510c7eac4b/90498d57-88da-475a-944e-8d3bc3910fd6.rna_seq.augmented_star_gene_counts.tsv,4229010,b58a53a5b4651ad68e25e5842ef957c7,cached public input; original retrieval date unknown
data/raw/TCGA-KIRC/Transcriptome_Profiling/Gene_Expression_Quantification/900aa358-a422-4edc-a65e-4b99f4b7625a/da3c2aa9-bdd6-4b4a-b0d6-0fc5f49002f4.rna_seq.augmented_star_gene_counts.tsv,4240306,ad6e433e446546890679b41651d714ba,cached public input; original retrieval date unknown
data/raw/TCGA-KIRC/Transcriptome_Profiling/Gene_Expression_Quantification/902fddff-c332-4871-bf4e-c9fa0445f2a2/8622d9cd-2f0a-4969-a857-0f2892007e8e.rna_seq.augmented_star_gene_counts.tsv,4255321,4e2862d1c7a32926c9fe9f3dab234dc6,cached public input; original retrieval date unknown
data/raw/TCGA-KIRC/Transcriptome_Profiling/Gene_Expression_Quantification/90dddb30-1084-4127-b1fe-42ccbece28d5/05df1e60-428c-4bd7-97a6-081ddeb42b64.rna_seq.augmented_star_gene_counts.tsv,4230778,245861fb0da338a98a5e1ac61b116009,cached public input; original retrieval date unknown
data/raw/TCGA-KIRC/Transcriptome_Profiling/Gene_Expression_Quantification/915bec49-700e-44fc-af01-e96ab507aab3/3e8b587b-10c9-4e13-b4b9-c10dc8239ff8.rna_seq.augmented_star_gene_counts.tsv,4235856,1681a32ab92dfc3ee17f107ee59e2b8c,cached public input; original retrieval date unknown
data/raw/TCGA-KIRC/Transcriptome_Profiling/Gene_Expression_Quantification/929af903-a778-4a8c-9d04-de3c9d9df5eb/b6acbf64-7f21-4723-b89b-afd58a4a77cf.rna_seq.augmented_star_gene_counts.tsv,4241651,5449edae46cde37e138c861308a03729,cached public input; original retrieval date unknown
data/raw/TCGA-KIRC/Transcriptome_Profiling/Gene_Expression_Quantification/9315dffd-edea-4710-92a8-810998e08cb1/0f7c2f99-0524-4b94-840f-abac69f702e6.rna_seq.augmented_star_gene_counts.tsv,4240417,379be859d00826f3ba1df9493267def4,cached public input; original retrieval date unknown
data/raw/TCGA-KIRC/Transcriptome_Profiling/Gene_Expression_Quantification/961f4263-5071-4dfd-b626-346f916b4c9d/56255cc6-b68d-41f6-9c5f-4368ded4f094.rna_seq.augmented_star_gene_counts.tsv,4239925,272e863814ef59c80b4d9599e3fc53ef,cached public input; original retrieval date unknown
data/raw/TCGA-KIRC/Transcriptome_Profiling/Gene_Expression_Quantification/9651c36d-8d1e-411a-9d5a-42550b73b426/356dea2a-5d2f-4fb5-825a-7018c7af6508.rna_seq.augmented_star_gene_counts.tsv,4240694,c8882fbad9dbd6108d4168c30aff41e5,cached public input; original retrieval date unknown
data/raw/TCGA-KIRC/Transcriptome_Profiling/Gene_Expression_Quantification/96ae86b9-6d2a-4b13-9765-a0a5b71519c4/574c80f2-2b56-4102-8a3f-58886075ad1d.rna_seq.augmented_star_gene_counts.tsv,4246578,f620fce14f579ac6ba5136d99c65edf1,cached public input; original retrieval date unknown
data/raw/TCGA-KIRC/Transcriptome_Profiling/Gene_Expression_Quantification/976e2956-36c4-4451-94bc-19a9e7bb861c/c1969e52-8262-4d02-9e30-59c59702b906.rna_seq.augmented_star_gene_counts.tsv,4246736,68a61795eee5255dab6b939447e4b855,cached public input; original retrieval date unknown
data/raw/TCGA-KIRC/Transcriptome_Profiling/Gene_Expression_Quantification/977c19ab-f472-4956-869f-e640960f1351/acc65c02-8a2b-4cd1-8a02-5187da1df978.rna_seq.augmented_star_gene_counts.tsv,4216617,8ea446815f54633e09f3375405c70f15,cached public input; original retrieval date unknown
data/raw/TCGA-KIRC/Transcriptome_Profiling/Gene_Expression_Quantification/9845de96-d57a-4613-89db-6a6c4e2eca4b/2440ba02-462d-4471-8751-065f468790ef.rna_seq.augmented_star_gene_counts.tsv,4237885,581f44f39eea50a50062a27ef92d5f13,cached public input; original retrieval date unknown
data/raw/TCGA-KIRC/Transcriptome_Profiling/Gene_Expression_Quantification/9848e118-7372-41e5-8c64-71ec86c9c563/db8c4894-8622-4ab5-947e-bee473b47c96.rna_seq.augmented_star_gene_counts.tsv,4252064,9e81d5f18978f11c5d186bf0b1728abb,cached public input; original retrieval date unknown
data/raw/TCGA-KIRC/Transcriptome_Profiling/Gene_Expression_Quantification/986759bd-7232-46a9-84f3-0e71026a01fd/05791785-80ef-46cd-970b-5bd0c0d1b8e3.rna_seq.augmented_star_gene_counts.tsv,4246462,4acc7f75fd24a17e910ce7e4d7deb579,cached public input; original retrieval date unknown
data/raw/TCGA-KIRC/Transcriptome_Profiling/Gene_Expression_Quantification/98ca487a-a503-459a-8665-11a3caf8bce5/e7face74-33fc-4183-ac7f-d38af1dbc54b.rna_seq.augmented_star_gene_counts.tsv,4250348,394b3f9b20312c500f50aede839e1a92,cached public input; original retrieval date unknown
data/raw/TCGA-KIRC/Transcriptome_Profiling/Gene_Expression_Quantification/996511b1-d236-4060-a307-81557721cfe5/21e626a0-d885-475a-9ce0-51d00300cd7e.rna_seq.augmented_star_gene_counts.tsv,4240211,50f854006f825c9aa6c14439c9e272fa,cached public input; original retrieval date unknown
data/raw/TCGA-KIRC/Transcriptome_Profiling/Gene_Expression_Quantification/9998fd9d-b7a9-4a9d-b572-19a30a6ff775/7fb4be82-1d4c-40c3-9d1b-d5ced8d3c9ca.rna_seq.augmented_star_gene_counts.tsv,4240175,2601936fb2e148fe32ecd02e34376970,cached public input; original retrieval date unknown
data/raw/TCGA-KIRC/Transcriptome_Profiling/Gene_Expression_Quantification/99ad8f7e-a32c-4fbc-af00-8765d524cd73/6a8e01b5-1f73-43b6-b26e-0ce39242b628.rna_seq.augmented_star_gene_counts.tsv,4251551,dbb4c984ff2fe59ce40fcece282e459f,cached public input; original retrieval date unknown
data/raw/TCGA-KIRC/Transcriptome_Profiling/Gene_Expression_Quantification/99b8979a-d55a-4c42-9df1-58c9a3f70a92/fd7c0d6e-da15-4ddb-b755-37eb7638ab27.rna_seq.augmented_star_gene_counts.tsv,4232965,699db85d007c18f96b4c444bc358f220,cached public input; original retrieval date unknown
data/raw/TCGA-KIRC/Transcriptome_Profiling/Gene_Expression_Quantification/9b794c4e-3176-4cdf-b59b-2b1a13bd603a/544d8dce-d2ab-4680-9b43-138b3c7a85c4.rna_seq.augmented_star_gene_counts.tsv,4243751,824d4af362dce8ed707ea0732f07b976,cached public input; original retrieval date unknown
data/raw/TCGA-KIRC/Transcriptome_Profiling/Gene_Expression_Quantification/9b962201-6959-487b-a125-730322128939/54c89a1f-7b78-4569-8850-c25260fe8555.rna_seq.augmented_star_gene_counts.tsv,4243030,854ca377341af9794c83cb3a89df04c4,cached public input; original retrieval date unknown
data/raw/TCGA-KIRC/Transcriptome_Profiling/Gene_Expression_Quantification/9bb09a78-1bcb-43af-8cd9-d0adee31d5d4/fbf2b081-dd9f-49ed-b5bd-7ef3dfb3144d.rna_seq.augmented_star_gene_counts.tsv,4228023,b9d00550e8412ffe5b4432586a0a4772,cached public input; original retrieval date unknown
data/raw/TCGA-KIRC/Transcriptome_Profiling/Gene_Expression_Quantification/9befd66c-7e2b-4081-b933-3c69d94cad96/63e63d84-237e-429b-a97f-be55bb8cd563.rna_seq.augmented_star_gene_counts.tsv,4259231,0820b6d4d71472b3de36f09ae3e5785c,cached public input; original retrieval date unknown
data/raw/TCGA-KIRC/Transcriptome_Profiling/Gene_Expression_Quantification/9c146666-fd40-4251-9b57-ee537addac17/093b3b97-0c32-487b-bc62-c06b98718fc0.rna_seq.augmented_star_gene_counts.tsv,4246566,7fdc3ecbae153dcd33f49bb949a31a23,cached public input; original retrieval date unknown
data/raw/TCGA-KIRC/Transcriptome_Profiling/Gene_Expression_Quantification/9c622d7a-d739-4d5d-824a-923414f13f6f/f6df6ae0-003e-4ba2-8a55-06734b4cbed3.rna_seq.augmented_star_gene_counts.tsv,4251902,90108338ef8a143b77dc31c40bee3289,cached public input; original retrieval date unknown
data/raw/TCGA-KIRC/Transcriptome_Profiling/Gene_Expression_Quantification/9e969cab-9be7-4aa5-957f-5868071cd1c7/3aab23a2-8dab-434e-8a9c-65ead8d76cbc.rna_seq.augmented_star_gene_counts.tsv,4241060,f05772b050a1e4d8595cf8090473fb10,cached public input; original retrieval date unknown
data/raw/TCGA-KIRC/Transcriptome_Profiling/Gene_Expression_Quantification/9ea5c78a-10b6-4e76-a588-4a169817d01c/e11d7b56-c167-4239-804f-bd182a1af98d.rna_seq.augmented_star_gene_counts.tsv,4239973,ac440a9a267e0f5330ea266108e57e7c,cached public input; original retrieval date unknown
data/raw/TCGA-KIRC/Transcriptome_Profiling/Gene_Expression_Quantification/9f112190-6fc5-456b-a1f6-d7440529a66b/a9ab4029-44d9-4c69-bcb9-7f7c870d4269.rna_seq.augmented_star_gene_counts.tsv,4249563,808f30f4650147c53dadb9e0db782c7f,cached public input; original retrieval date unknown
data/raw/TCGA-KIRC/Transcriptome_Profiling/Gene_Expression_Quantification/9fc9bcd9-af84-44b8-bf83-f130d247e9a1/087d6f00-a74c-4d15-a84e-f0154760ba9e.rna_seq.augmented_star_gene_counts.tsv,4251590,bc56790a967acd532120d03c699f7155,cached public input; original retrieval date unknown
data/raw/TCGA-KIRC/Transcriptome_Profiling/Gene_Expression_Quantification/9fcf3bdd-e137-4f93-83f4-24b883ca62c3/ee318550-06bc-4c55-b7fe-054b19ed3db9.rna_seq.augmented_star_gene_counts.tsv,4240926,3129409c722c7c9b9b0535d70ac7204e,cached public input; original retrieval date unknown
data/raw/TCGA-KIRC/Transcriptome_Profiling/Gene_Expression_Quantification/a059cc98-e8d4-4428-b326-ac59b5445f67/562609cc-970c-4535-a6d7-aa7a380c8340.rna_seq.augmented_star_gene_counts.tsv,4250701,7593e37dd7d692eb77a6f0e0c7e0b967,cached public input; original retrieval date unknown
data/raw/TCGA-KIRC/Transcriptome_Profiling/Gene_Expression_Quantification/a09990aa-76c9-4041-a2f5-317be4c5ab09/6e9dbe91-43a5-4536-8188-7fd35f6281d6.rna_seq.augmented_star_gene_counts.tsv,4249030,ae9b605479203c5fd9d960887ba7df13,cached public input; original retrieval date unknown
data/raw/TCGA-KIRC/Transcriptome_Profiling/Gene_Expression_Quantification/a136ae8b-1e0d-4843-a461-ce554ad77458/5936a5df-ef92-4293-a01e-840b3a620561.rna_seq.augmented_star_gene_counts.tsv,4249140,7fb397066077fee02883a0d983f85909,cached public input; original retrieval date unknown
data/raw/TCGA-KIRC/Transcriptome_Profiling/Gene_Expression_Quantification/a1f29e81-e426-4cc5-813b-fcf83a595303/43fa77f1-48e8-4d05-b726-e8cb8e2a5a37.rna_seq.augmented_star_gene_counts.tsv,4256883,0b0afa583b9815b8163c0873a56187b3,cached public input; original retrieval date unknown
data/raw/TCGA-KIRC/Transcriptome_Profiling/Gene_Expression_Quantification/a2c1332c-f9e9-4d41-bad5-e58ebf809800/be992b6a-3878-46dd-8e18-9fd0ee7e7b00.rna_seq.augmented_star_gene_counts.tsv,4249057,846d606eaf802c6c9aab02e8e9fc1cff,cached public input; original retrieval date unknown
data/raw/TCGA-KIRC/Transcriptome_Profiling/Gene_Expression_Quantification/a33333fb-31f7-4874-aefd-a004be0d943e/d19de25c-e12f-428d-afb7-994e6180ef36.rna_seq.augmented_star_gene_counts.tsv,4251859,9b52ffab1327002e115b89b9ea234c98,cached public input; original retrieval date unknown
data/raw/TCGA-KIRC/Transcriptome_Profiling/Gene_Expression_Quantification/a34f90d2-32b4-44e7-a820-07f3d48823ce/862104a6-f318-4617-8ddb-72c767394ce5.rna_seq.augmented_star_gene_counts.tsv,4245380,3df4a704829daa273d9a9de3b1e23fd4,cached public input; original retrieval date unknown
data/raw/TCGA-KIRC/Transcriptome_Profiling/Gene_Expression_Quantification/a379934c-2794-4a0f-b9f2-f029aa938f35/80a4a852-fbcf-43da-b67a-c65683d33c54.rna_seq.augmented_star_gene_counts.tsv,4237764,bd1018c276a2d922e7cc41cd0b52fa8a,cached public input; original retrieval date unknown
data/raw/TCGA-KIRC/Transcriptome_Profiling/Gene_Expression_Quantification/a3bdc783-f9de-42d6-b0ad-eadec504b7d8/e9ddb0a3-1e6f-4870-a951-f9def2302245.rna_seq.augmented_star_gene_counts.tsv,4255157,58411c563f38d59d81b653b23efc0036,cached public input; original retrieval date unknown
data/raw/TCGA-KIRC/Transcriptome_Profiling/Gene_Expression_Quantification/a3c824d5-5d92-453e-820b-bf879fa38e59/64647547-2b18-4a7c-8135-e18b5a14bea6.rna_seq.augmented_star_gene_counts.tsv,4242760,d57a28165703ecf9b90f0a86d6ca7541,cached public input; original retrieval date unknown
data/raw/TCGA-KIRC/Transcriptome_Profiling/Gene_Expression_Quantification/a3cac4bf-4b70-4fc8-b0a5-8bda5b6d405c/9642c424-4dca-4f0a-b513-059748247045.rna_seq.augmented_star_gene_counts.tsv,4245813,fb766dec7c165e48292f10f95e9653bf,cached public input; original retrieval date unknown
data/raw/TCGA-KIRC/Transcriptome_Profiling/Gene_Expression_Quantification/a41454c8-c8c2-4d33-9ff8-402fd89d2163/16bee60c-36ed-491a-8a93-fe2cbdaad11e.rna_seq.augmented_star_gene_counts.tsv,4261170,765b8727558b775dd762b6248277643a,cached public input; original retrieval date unknown
data/raw/TCGA-KIRC/Transcriptome_Profiling/Gene_Expression_Quantification/a56c9911-e164-4572-aef8-37754ee056e3/2bc0030c-7f9d-47ee-9b0a-82c6bf99192a.rna_seq.augmented_star_gene_counts.tsv,4248868,c660b31122cae4ec6359c4dc5ed6e64e,cached public input; original retrieval date unknown
data/raw/TCGA-KIRC/Transcriptome_Profiling/Gene_Expression_Quantification/a57d26d5-0255-4bd1-bcd6-ebfb9d35055d/6a376f41-b8f4-4a0e-aca6-89dd33f4baff.rna_seq.augmented_star_gene_counts.tsv,4216125,c4de191f62ecbc69cff45bffc60c6ccf,cached public input; original retrieval date unknown
data/raw/TCGA-KIRC/Transcriptome_Profiling/Gene_Expression_Quantification/a5dd6162-2bca-4bbb-a068-94d122a52cc5/25b02484-448e-4e54-b072-794ad0aa938c.rna_seq.augmented_star_gene_counts.tsv,4239697,c84fa468717a6964e95f0f393dd0be04,cached public input; original retrieval date unknown
data/raw/TCGA-KIRC/Transcriptome_Profiling/Gene_Expression_Quantification/a5f24f1a-a847-41da-a4ad-9f55b12ce08e/96c9038d-b3ba-409c-b389-91904457d242.rna_seq.augmented_star_gene_counts.tsv,4239195,f65ccdcffa65f5b06ff41d64ebfd1019,cached public input; original retrieval date unknown
data/raw/TCGA-KIRC/Transcriptome_Profiling/Gene_Expression_Quantification/a78e44f3-6e93-47f4-9653-2ce1b1d7d25d/59fd41dc-60c7-4975-8c63-194c4e613af4.rna_seq.augmented_star_gene_counts.tsv,4238856,5ecb0b0090026128ba681931f1763c82,cached public input; original retrieval date unknown
data/raw/TCGA-KIRC/Transcriptome_Profiling/Gene_Expression_Quantification/a7ce93ac-964a-4d4e-980a-7fb987bf58b7/8135269e-d063-415d-b778-8288dee66cd1.rna_seq.augmented_star_gene_counts.tsv,4246046,edd6e4aeb072bf23f89ad51f68d7f3b8,cached public input; original retrieval date unknown
data/raw/TCGA-KIRC/Transcriptome_Profiling/Gene_Expression_Quantification/a810deed-122b-4c57-9d6f-8146c5064712/c7fcc566-c577-4b0e-b2de-f8dabf5d8d66.rna_seq.augmented_star_gene_counts.tsv,4226540,030f8f954b7f4829fe6ac8823d7c957e,cached public input; original retrieval date unknown
data/raw/TCGA-KIRC/Transcriptome_Profiling/Gene_Expression_Quantification/a89b3ab8-977d-4c4d-8323-ca8d6df792e4/f1171117-057d-4260-a664-d8d96511c5c6.rna_seq.augmented_star_gene_counts.tsv,4251784,025e640273e9a360905db65803448a0c,cached public input; original retrieval date unknown
data/raw/TCGA-KIRC/Transcriptome_Profiling/Gene_Expression_Quantification/a936147d-36de-4749-9f38-c80e955c7186/dc9587a9-101c-4a7f-972f-0f84ab9b5067.rna_seq.augmented_star_gene_counts.tsv,4257282,c67f1d18906cd0a3420d67cc812aabcf,cached public input; original retrieval date unknown
data/raw/TCGA-KIRC/Transcriptome_Profiling/Gene_Expression_Quantification/aa2b77af-1803-4f20-8a29-5fa8c40c319a/1b4cfcf8-1915-4a17-87f8-ec0030ac98c0.rna_seq.augmented_star_gene_counts.tsv,4244155,8611a88c3b265d41fa3fd45286e38bfe,cached public input; original retrieval date unknown
data/raw/TCGA-KIRC/Transcriptome_Profiling/Gene_Expression_Quantification/ab53ebb6-2f7e-42ed-a46a-b2a541472fe7/2b714678-3d78-4a5e-aa1f-4c55594c875e.rna_seq.augmented_star_gene_counts.tsv,4257368,0f571ee51d71ea2ef4db422bc779fe33,cached public input; original retrieval date unknown
data/raw/TCGA-KIRC/Transcriptome_Profiling/Gene_Expression_Quantification/ab55b80d-abac-431c-bd6e-e5e1ed46210f/d1d3a640-c81d-4636-ae22-cc0e6c1d289d.rna_seq.augmented_star_gene_counts.tsv,4257711,a61ab37309c0fd95f59f5cdc7894359a,cached public input; original retrieval date unknown
data/raw/TCGA-KIRC/Transcriptome_Profiling/Gene_Expression_Quantification/ab718baf-6521-4738-a8cc-44b7fabf4be1/34b926af-5184-4ded-885a-5455aa85d212.rna_seq.augmented_star_gene_counts.tsv,4248072,c7fce12edbc2e1063e2c30e7db4208cb,cached public input; original retrieval date unknown
data/raw/TCGA-KIRC/Transcriptome_Profiling/Gene_Expression_Quantification/ac6da4db-868b-4b98-9c12-4c1930d08a5e/7bc968a4-4469-4318-882b-420eeb02b5d1.rna_seq.augmented_star_gene_counts.tsv,4229550,216734d3d8fe91d5535d67e19b2e52f1,cached public input; original retrieval date unknown
data/raw/TCGA-KIRC/Transcriptome_Profiling/Gene_Expression_Quantification/ace1e7fa-7e2f-4bcc-a2cb-afb7f321ec1d/3ea7f9db-1aa9-4092-9761-b17df393ecf9.rna_seq.augmented_star_gene_counts.tsv,4244760,51d61f0f695548b6b5b3a752649fdaf1,cached public input; original retrieval date unknown
data/raw/TCGA-KIRC/Transcriptome_Profiling/Gene_Expression_Quantification/acf622b2-9d9f-45c4-992d-28165321a955/caa1cdb5-44e2-4dec-a1e2-923173895ed5.rna_seq.augmented_star_gene_counts.tsv,4228313,19a4d7c71d9a00f15513754fe82d3b15,cached public input; original retrieval date unknown
data/raw/TCGA-KIRC/Transcriptome_Profiling/Gene_Expression_Quantification/ad0887f1-524a-4351-9ec3-8cbd380bbf9c/1df2f155-9e73-43fa-b63a-5f858242da8b.rna_seq.augmented_star_gene_counts.tsv,4263668,3138a62abf69bc308c15f27f8dcd0193,cached public input; original retrieval date unknown
data/raw/TCGA-KIRC/Transcriptome_Profiling/Gene_Expression_Quantification/adb0fc04-0e35-4637-b3e2-6d9299b97069/0fc73ff6-0368-4151-8de3-322e3b2fa6e0.rna_seq.augmented_star_gene_counts.tsv,4231707,fc9b634ac4ffb059d1cf695a59585c5a,cached public input; original retrieval date unknown
data/raw/TCGA-KIRC/Transcriptome_Profiling/Gene_Expression_Quantification/adc843d6-31ae-4803-ace4-48d1c198a8bb/af2ab584-0e7a-4eb0-95a9-232e628f3bcd.rna_seq.augmented_star_gene_counts.tsv,4229584,156e6f5e998b466780d0c9afcabb2fc9,cached public input; original retrieval date unknown
data/raw/TCGA-KIRC/Transcriptome_Profiling/Gene_Expression_Quantification/adfade14-1572-4e3a-b4eb-64de445b9678/7906f763-5dfc-4fd7-9a97-75dc86840c89.rna_seq.augmented_star_gene_counts.tsv,4246305,4ad7edcd1320f6a917b2a07b21750253,cached public input; original retrieval date unknown
data/raw/TCGA-KIRC/Transcriptome_Profiling/Gene_Expression_Quantification/af5c089d-33a6-49a3-bc6e-bd5e2db921d8/4c1f14b3-71d1-4391-af37-c6d61e04dbc9.rna_seq.augmented_star_gene_counts.tsv,4239264,a2b1122593f9f3517d1a9386c6df6113,cached public input; original retrieval date unknown
data/raw/TCGA-KIRC/Transcriptome_Profiling/Gene_Expression_Quantification/afb1e9c1-aa37-40d4-a2b0-5996c023d30b/0f6509d2-4bda-4eee-89f6-848d6b94c881.rna_seq.augmented_star_gene_counts.tsv,4238429,9a48d2fde879cb6915af295530933449,cached public input; original retrieval date unknown
data/raw/TCGA-KIRC/Transcriptome_Profiling/Gene_Expression_Quantification/afe6bf7f-c463-4077-9c5c-3d00ce6ee8a8/7184f4fd-1df1-4ac9-942e-32c0468ee6f2.rna_seq.augmented_star_gene_counts.tsv,4220221,9c2401f7fb78a82c678608661c811b63,cached public input; original retrieval date unknown
data/raw/TCGA-KIRC/Transcriptome_Profiling/Gene_Expression_Quantification/afe81650-e131-41ab-81e9-0ecb888b1420/bbae6694-4c62-4ac2-a024-248c12da7104.rna_seq.augmented_star_gene_counts.tsv,4249550,badcc0d5c64ae9f4b514847abc4d142c,cached public input; original retrieval date unknown
data/raw/TCGA-KIRC/Transcriptome_Profiling/Gene_Expression_Quantification/b0b5583a-d348-4a65-bea4-d4046eac0f76/9fc87bb1-4c55-455d-8959-aa2c8b8cf66b.rna_seq.augmented_star_gene_counts.tsv,4212258,cb230842855405b80e4159b2091944f4,cached public input; original retrieval date unknown
data/raw/TCGA-KIRC/Transcriptome_Profiling/Gene_Expression_Quantification/b10d2838-f728-467e-8582-369ad21a98a2/2e1aaa41-3914-432f-b170-4a0904fca443.rna_seq.augmented_star_gene_counts.tsv,4241988,71738db668c38b8f349fca8acbe33d76,cached public input; original retrieval date unknown
data/raw/TCGA-KIRC/Transcriptome_Profiling/Gene_Expression_Quantification/b2a87553-0fb8-4e1f-9e6e-cc0510b07c8a/1c86477f-ce4f-4848-824d-4c76c2bff39a.rna_seq.augmented_star_gene_counts.tsv,4221058,12b108f073e276240c49c98ddc2e6164,cached public input; original retrieval date unknown
data/raw/TCGA-KIRC/Transcriptome_Profiling/Gene_Expression_Quantification/b2c3a163-384f-4246-880f-ae2caebf0d17/d96c15e3-28ba-448c-bee7-1ed38ccabbec.rna_seq.augmented_star_gene_counts.tsv,4239751,5903852fb6e37fc1363950ab59a9dd4d,cached public input; original retrieval date unknown
data/raw/TCGA-KIRC/Transcriptome_Profiling/Gene_Expression_Quantification/b3ec1f99-73cb-4414-b6b2-c075dc3b5589/3a500794-25b1-423f-b3a3-a3830e82b1ca.rna_seq.augmented_star_gene_counts.tsv,4234925,dbcf04028134910d1ffccca19c974caa,cached public input; original retrieval date unknown
data/raw/TCGA-KIRC/Transcriptome_Profiling/Gene_Expression_Quantification/b437c402-fc0d-4268-811e-d9a5a8280aca/c3b95983-1a8d-48f2-8782-fb6f22886cec.rna_seq.augmented_star_gene_counts.tsv,4243517,ca2520707d95db6031af54e8acb29556,cached public input; original retrieval date unknown
data/raw/TCGA-KIRC/Transcriptome_Profiling/Gene_Expression_Quantification/b43e8a88-6ed9-4a7a-ade7-91f340ad5465/b25c28e1-8e51-4708-92e7-19f323ff7799.rna_seq.augmented_star_gene_counts.tsv,4235289,2562110edc6faf3ed2efebba482bd07c,cached public input; original retrieval date unknown
data/raw/TCGA-KIRC/Transcriptome_Profiling/Gene_Expression_Quantification/b4499ca2-b2fa-430b-95f5-8d1e2ca14dc0/5132a9e4-cf46-40af-ad41-64e936920827.rna_seq.augmented_star_gene_counts.tsv,4245237,1d5492fd5e67748ad4918ed2dd634320,cached public input; original retrieval date unknown
data/raw/TCGA-KIRC/Transcriptome_Profiling/Gene_Expression_Quantification/b59e21e2-af42-41ff-9423-0b3b0af05ccd/6f249b59-5a06-4397-8528-fe207be7a2f2.rna_seq.augmented_star_gene_counts.tsv,4255774,f175814884ab591925ff32907b853fe3,cached public input; original retrieval date unknown
data/raw/TCGA-KIRC/Transcriptome_Profiling/Gene_Expression_Quantification/b605224a-cf9c-4092-beb4-5ed43c1179de/78855102-69a0-454f-b67a-c0919dc154fb.rna_seq.augmented_star_gene_counts.tsv,4238896,8204dfa7f15942e2939f46baa0933d26,cached public input; original retrieval date unknown
data/raw/TCGA-KIRC/Transcriptome_Profiling/Gene_Expression_Quantification/b65b4ebc-e8b9-4926-8761-56b99fbd9e9a/19f6bda2-39bb-4733-8efc-a4626afb6bd1.rna_seq.augmented_star_gene_counts.tsv,4237600,80e4eba0693baeaac637a9f001fc03cc,cached public input; original retrieval date unknown
data/raw/TCGA-KIRC/Transcriptome_Profiling/Gene_Expression_Quantification/b766e689-e3ff-4d0c-8eb0-d81c1df638d4/df73d40c-8630-4922-9a5f-eb2a45b94efc.rna_seq.augmented_star_gene_counts.tsv,4242934,1f05fea3d11a17eb7d1b4c0b604cc5c9,cached public input; original retrieval date unknown
data/raw/TCGA-KIRC/Transcriptome_Profiling/Gene_Expression_Quantification/b81e79c9-7f6d-498c-9591-2b7e8b3bc466/33da1573-ffd0-41e0-a3fa-65c08b86d8e3.rna_seq.augmented_star_gene_counts.tsv,4250636,ef99befaf4e76998c644f77c9ed41aaa,cached public input; original retrieval date unknown
data/raw/TCGA-KIRC/Transcriptome_Profiling/Gene_Expression_Quantification/b8a61143-0c20-4db9-a4fd-9c8b375ba841/1010820f-5cf6-4e90-82d9-f4bfc7299217.rna_seq.augmented_star_gene_counts.tsv,4238716,3dd95420e5b89fa06e8f57862c8a8862,cached public input; original retrieval date unknown
data/raw/TCGA-KIRC/Transcriptome_Profiling/Gene_Expression_Quantification/b8f8504c-1d5e-48b3-a54f-88250da4264f/dbaa5305-a8c3-42e9-9ffa-812d01bac6ad.rna_seq.augmented_star_gene_counts.tsv,4241699,2dd534fae22205ff072b11a8353d0251,cached public input; original retrieval date unknown
data/raw/TCGA-KIRC/Transcriptome_Profiling/Gene_Expression_Quantification/b9015212-73c0-4247-9848-95ac288ffb3c/33aef257-2e86-4ee3-8d3f-e48ff0e714f3.rna_seq.augmented_star_gene_counts.tsv,4241858,268d7e59070bdf3fb7f3b242fbd8adab,cached public input; original retrieval date unknown
data/raw/TCGA-KIRC/Transcriptome_Profiling/Gene_Expression_Quantification/b98e59fc-120a-45c4-aade-3b59ca4a1a86/c276c214-acd9-44b3-b932-971c77c4fa91.rna_seq.augmented_star_gene_counts.tsv,4243885,cc0e6c36dde0716ae05462d176e3ff6c,cached public input; original retrieval date unknown
data/raw/TCGA-KIRC/Transcriptome_Profiling/Gene_Expression_Quantification/b9a7cd9a-ff3d-4862-a03b-71f60e42ddea/129bb7a2-f494-42f1-9627-47a574f28de5.rna_seq.augmented_star_gene_counts.tsv,4251608,a277ef6bb50df4d69a4fdc6d01cdfb91,cached public input; original retrieval date unknown
data/raw/TCGA-KIRC/Transcriptome_Profiling/Gene_Expression_Quantification/ba209e1e-87f1-47a9-a858-d60953ef4528/28089de8-830d-4774-937f-97d6dd7cfa0a.rna_seq.augmented_star_gene_counts.tsv,4249477,a339fd2a091fcbcc80556df747e75d70,cached public input; original retrieval date unknown
data/raw/TCGA-KIRC/Transcriptome_Profiling/Gene_Expression_Quantification/ba3ab6f6-109b-485c-b600-d6cf3edb4b28/5f783279-0c7a-4039-8ecd-f0f545d99894.rna_seq.augmented_star_gene_counts.tsv,4247843,7dfaa24691b10bd5d01589a658dd0a81,cached public input; original retrieval date unknown
data/raw/TCGA-KIRC/Transcriptome_Profiling/Gene_Expression_Quantification/ba6dfcd5-be76-481f-9e8e-19421cf23695/11da21cd-5029-491e-b7a1-d6f4d9306f3e.rna_seq.augmented_star_gene_counts.tsv,4254134,2e536c0b171b14dbac612c31ba2da6bc,cached public input; original retrieval date unknown
data/raw/TCGA-KIRC/Transcriptome_Profiling/Gene_Expression_Quantification/ba97a1ce-36b3-4212-960b-b64a7cc2ea82/fc8c105f-9904-4f9b-8af8-61c49c1a3261.rna_seq.augmented_star_gene_counts.tsv,4249507,bfaf447464565b3849da4b94a753dd0d,cached public input; original retrieval date unknown
data/raw/TCGA-KIRC/Transcriptome_Profiling/Gene_Expression_Quantification/bacd130e-c30f-40aa-8e9e-ef8076f7a6db/758795ed-2f5a-429a-ac99-c2696d64caca.rna_seq.augmented_star_gene_counts.tsv,4243406,cc04e13fc16fe4f74766286b248ebb70,cached public input; original retrieval date unknown
data/raw/TCGA-KIRC/Transcriptome_Profiling/Gene_Expression_Quantification/baec403c-9fb4-4b2e-898b-ef8399d0157e/4044b5b9-b308-492c-8280-e9c8b66782f9.rna_seq.augmented_star_gene_counts.tsv,4244902,880ae4e8dc0f57ef7d2f111260f6e8c7,cached public input; original retrieval date unknown
data/raw/TCGA-KIRC/Transcriptome_Profiling/Gene_Expression_Quantification/bb4ec992-dd81-4758-b4f2-7560fbc4cf2b/c8e4e659-7477-44ce-9f69-52d916efd8ef.rna_seq.augmented_star_gene_counts.tsv,4246009,09a215ad24012641d8f5702b26712077,cached public input; original retrieval date unknown
data/raw/TCGA-KIRC/Transcriptome_Profiling/Gene_Expression_Quantification/bb9e4d64-ffbc-40b6-a3e5-d05aa7a51717/0d608ac8-82bc-4501-afe7-be9db97be1d6.rna_seq.augmented_star_gene_counts.tsv,4252855,f805ece7056d32fe3136266d83ec9eb0,cached public input; original retrieval date unknown
data/raw/TCGA-KIRC/Transcriptome_Profiling/Gene_Expression_Quantification/bbb17751-e367-45a2-b561-9607d02d03c3/f09af03e-597b-4a6c-bd12-20c5d9ede033.rna_seq.augmented_star_gene_counts.tsv,4244304,20c9fcb5e68f0d9901387468883a879e,cached public input; original retrieval date unknown
data/raw/TCGA-KIRC/Transcriptome_Profiling/Gene_Expression_Quantification/bc8cef4d-5c5c-4d5b-bbbc-553e8940ced1/7bcfdaa5-0d48-45a4-86e1-28d8fb2f26d3.rna_seq.augmented_star_gene_counts.tsv,4264420,1bd65b12496ce1fe0c77be0c850cd2ff,cached public input; original retrieval date unknown
data/raw/TCGA-KIRC/Transcriptome_Profiling/Gene_Expression_Quantification/bd1ebebf-1e32-4c8e-a476-a429bfbc3d46/8d99f02d-c434-41ee-b974-633a23874bce.rna_seq.augmented_star_gene_counts.tsv,4245156,08a92db5dd3a2de948630effba6549c8,cached public input; original retrieval date unknown
data/raw/TCGA-KIRC/Transcriptome_Profiling/Gene_Expression_Quantification/bdb74506-8766-42e1-922e-e03da4637a70/dc6421de-439b-4764-87bf-c1922cfeba3c.rna_seq.augmented_star_gene_counts.tsv,4216924,b4b3437ec7d8a7d47e2d7620ede02643,cached public input; original retrieval date unknown
data/raw/TCGA-KIRC/Transcriptome_Profiling/Gene_Expression_Quantification/bdcb4d2f-7d86-4a59-8dbd-8b7300b45b72/141b1a1a-53ba-4736-a8cb-d599f17370f1.rna_seq.augmented_star_gene_counts.tsv,4255745,30bf294d4faab342290a49b7f00d373d,cached public input; original retrieval date unknown
data/raw/TCGA-KIRC/Transcriptome_Profiling/Gene_Expression_Quantification/bddf0976-c04a-4391-b302-732051d506c5/810a4548-128f-40df-b18c-3d9d4e87aa8f.rna_seq.augmented_star_gene_counts.tsv,4237249,c814a8950ca91f8587a4520370eddf5f,cached public input; original retrieval date unknown
data/raw/TCGA-KIRC/Transcriptome_Profiling/Gene_Expression_Quantification/be6fa48c-95e0-4a7f-aa05-362d1b7a5a4a/c8d944e8-b5cf-4d9f-b256-c78784ec963b.rna_seq.augmented_star_gene_counts.tsv,4240360,e7e81032a0540717d7f64e041c3bd026,cached public input; original retrieval date unknown
data/raw/TCGA-KIRC/Transcriptome_Profiling/Gene_Expression_Quantification/bed26808-c053-4ad1-ba5c-68819d4a6fd1/c59cc280-d219-4a96-8f48-f68ee7a1429f.rna_seq.augmented_star_gene_counts.tsv,4246035,c154195d2df7a70abc176d57280e3bf1,cached public input; original retrieval date unknown
data/raw/TCGA-KIRC/Transcriptome_Profiling/Gene_Expression_Quantification/bf080139-5562-4d85-8a56-19bc15e80357/01b48ab6-4c3b-4b40-89a6-55d64017770d.rna_seq.augmented_star_gene_counts.tsv,4248310,c867540424ac8c6ba5dda4e35fa2c99d,cached public input; original retrieval date unknown
data/raw/TCGA-KIRC/Transcriptome_Profiling/Gene_Expression_Quantification/c04d9806-d86b-4afd-9481-89037aa621d1/f941959c-af60-4649-9212-1ce4b8f84b52.rna_seq.augmented_star_gene_counts.tsv,4247870,0bdf8fb4c600dcdee4cc765a25080689,cached public input; original retrieval date unknown
data/raw/TCGA-KIRC/Transcriptome_Profiling/Gene_Expression_Quantification/c0a56cd2-b888-4ced-9f5c-0e450d539045/734923a0-f5ce-43b0-855b-aa36bd90653b.rna_seq.augmented_star_gene_counts.tsv,4234375,9544b96e274dece6eea7a9636a121f4a,cached public input; original retrieval date unknown
data/raw/TCGA-KIRC/Transcriptome_Profiling/Gene_Expression_Quantification/c0ab320a-1952-4875-af3e-9f30dcc2406b/1f3497e8-96ac-484f-88c7-21f65eab025c.rna_seq.augmented_star_gene_counts.tsv,4241169,f3436e16dca6572a554c67c9fe89b753,cached public input; original retrieval date unknown
data/raw/TCGA-KIRC/Transcriptome_Profiling/Gene_Expression_Quantification/c0d545e4-ab23-41f8-a29f-7a9df01c4abd/0090732e-6960-4e46-a400-61a16c810afe.rna_seq.augmented_star_gene_counts.tsv,4254915,714a2bd5a21e0f466b269c5fda9d1974,cached public input; original retrieval date unknown
data/raw/TCGA-KIRC/Transcriptome_Profiling/Gene_Expression_Quantification/c0dc2255-258a-463b-bd10-f6ee1771860d/001cd1f1-f1d1-45c5-bf3d-62f4a40ab1f8.rna_seq.augmented_star_gene_counts.tsv,4251812,ff2265cd01dc1c187c3dd75da46b23ca,cached public input; original retrieval date unknown
data/raw/TCGA-KIRC/Transcriptome_Profiling/Gene_Expression_Quantification/c116495e-d80b-4f43-90ed-7103a83a284c/b4523c94-6642-4eca-acc6-53bbb95438f2.rna_seq.augmented_star_gene_counts.tsv,4230637,2d44980b2db0527ff2416156906be1df,cached public input; original retrieval date unknown
data/raw/TCGA-KIRC/Transcriptome_Profiling/Gene_Expression_Quantification/c1215d68-5b15-44c3-9d25-73a77b0b5f31/55599384-574d-44e9-aa61-96d27b54aff1.rna_seq.augmented_star_gene_counts.tsv,4229992,fdc22fe3a0a24efb0b34113a68c81f55,cached public input; original retrieval date unknown
data/raw/TCGA-KIRC/Transcriptome_Profiling/Gene_Expression_Quantification/c1873d0a-2c67-44c7-97ba-9a10cd7ed962/e9d3cb06-8a78-4e3e-8582-234f5bb23f6c.rna_seq.augmented_star_gene_counts.tsv,4238000,5f72fa7a8818ccad1e9a61d6c6356ede,cached public input; original retrieval date unknown
data/raw/TCGA-KIRC/Transcriptome_Profiling/Gene_Expression_Quantification/c2bbfd1c-59bb-42a8-8987-1d36865ec762/66ff55cf-f1a5-46e7-aca6-22a5d659731d.rna_seq.augmented_star_gene_counts.tsv,4253858,358ea25b1d219d8f41bf51a8016629ba,cached public input; original retrieval date unknown
data/raw/TCGA-KIRC/Transcriptome_Profiling/Gene_Expression_Quantification/c2c34b18-7f7a-47ac-9f42-b7700562d006/8053b830-a7a9-4511-974c-5320e4337dda.rna_seq.augmented_star_gene_counts.tsv,4237522,f65f6de15c8910f3844513de2fea654a,cached public input; original retrieval date unknown
data/raw/TCGA-KIRC/Transcriptome_Profiling/Gene_Expression_Quantification/c35af344-001b-434d-8756-e410748e8df1/6a3698b3-8d75-4dbc-a2ee-26911899fe89.rna_seq.augmented_star_gene_counts.tsv,4249819,e598d7fa40ed507be8a303d5b767b7e1,cached public input; original retrieval date unknown
data/raw/TCGA-KIRC/Transcriptome_Profiling/Gene_Expression_Quantification/c35bcaa8-f2f8-4c08-af74-910f73e5bc94/e51ccbf9-cdf0-4708-90bf-3db9ffaadab6.rna_seq.augmented_star_gene_counts.tsv,4251836,c7dfba642b4322c2980621cfee3b385a,cached public input; original retrieval date unknown
data/raw/TCGA-KIRC/Transcriptome_Profiling/Gene_Expression_Quantification/c4143095-ebf5-4ce2-91fe-6aea9cc62cc7/e4e6d880-0752-4ec8-bd07-e550f20f8f29.rna_seq.augmented_star_gene_counts.tsv,4258375,80214fc061b3a802aecbadec3ea3be58,cached public input; original retrieval date unknown
data/raw/TCGA-KIRC/Transcriptome_Profiling/Gene_Expression_Quantification/c51b2e7b-b9e7-44a5-b09f-ba3377f1fc5e/5c2f4718-95d2-4390-a81c-734ed48b9493.rna_seq.augmented_star_gene_counts.tsv,4229310,e33c32e29e9394635830b2c4bbbbb8db,cached public input; original retrieval date unknown
data/raw/TCGA-KIRC/Transcriptome_Profiling/Gene_Expression_Quantification/c551e586-8040-47d7-928b-fe6b242ed81f/f91876eb-9bff-4ccc-b75c-85b4d237d2b8.rna_seq.augmented_star_gene_counts.tsv,4252325,854a0d9e0ca2e545cf28e9777309d9a2,cached public input; original retrieval date unknown
data/raw/TCGA-KIRC/Transcriptome_Profiling/Gene_Expression_Quantification/c55cb5e4-8428-4a52-9a84-101b6e823265/22743fbf-493d-4adb-9130-632882dfae03.rna_seq.augmented_star_gene_counts.tsv,4256935,9c2090f924c7b9a86438f84fe55d8efc,cached public input; original retrieval date unknown
data/raw/TCGA-KIRC/Transcriptome_Profiling/Gene_Expression_Quantification/c59faf4c-0b9f-4c20-acd2-0804a8c9d96c/91809cb1-8d57-40b3-a6b4-6fb01fa0f889.rna_seq.augmented_star_gene_counts.tsv,4231075,023ee521ef9d6becaea8c4195149d37b,cached public input; original retrieval date unknown
data/raw/TCGA-KIRC/Transcriptome_Profiling/Gene_Expression_Quantification/c64293ef-e723-4fe6-8cfa-fe36d07bad81/126834f1-1053-4cc8-ac8c-27255fc4166e.rna_seq.augmented_star_gene_counts.tsv,4236443,9fac49d6c36a912fd0e5c3de6d253768,cached public input; original retrieval date unknown
data/raw/TCGA-KIRC/Transcriptome_Profiling/Gene_Expression_Quantification/c68fded5-978b-4d7a-9077-89c2c6b35f47/569b828a-c2a7-4131-94f7-585f07b06e97.rna_seq.augmented_star_gene_counts.tsv,4245371,c85942e1b6f07ae3806fd7ca7c5c6462,cached public input; original retrieval date unknown
data/raw/TCGA-KIRC/Transcriptome_Profiling/Gene_Expression_Quantification/c69d9c36-61e3-4985-b17b-b64bd7ed3821/eb8069ea-756b-4d4c-9c14-dd2b8b2a7af6.rna_seq.augmented_star_gene_counts.tsv,4244146,c64cddb1608ac0c88fe715c8912259fd,cached public input; original retrieval date unknown
data/raw/TCGA-KIRC/Transcriptome_Profiling/Gene_Expression_Quantification/c6bede90-50d8-4bf5-97e3-6fffe14e723d/ccc45217-72ba-4c8e-ac08-ca14cf523174.rna_seq.augmented_star_gene_counts.tsv,4232323,4626d425652ee1098fd01cd48cb8846f,cached public input; original retrieval date unknown
data/raw/TCGA-KIRC/Transcriptome_Profiling/Gene_Expression_Quantification/c8134951-c924-4789-93bc-9af9b79933cb/14ac6128-df5d-423f-859b-0299bcc4e7fc.rna_seq.augmented_star_gene_counts.tsv,4237967,2c4647a71918fd5974b59e7875692df0,cached public input; original retrieval date unknown
data/raw/TCGA-KIRC/Transcriptome_Profiling/Gene_Expression_Quantification/c830413d-ad40-4e2a-b2a5-56407eed5ca3/8a72f375-c293-436a-b03c-24d2e2e134a1.rna_seq.augmented_star_gene_counts.tsv,4251073,08fc598d06862e21c594d46e9a7b87c8,cached public input; original retrieval date unknown
data/raw/TCGA-KIRC/Transcriptome_Profiling/Gene_Expression_Quantification/c85688fc-f98a-4672-b66d-8a28ea94d40b/02a502f9-4db3-41ea-a163-48cb43b1eaad.rna_seq.augmented_star_gene_counts.tsv,4245759,669fc566161634c664770a0e84556a5e,cached public input; original retrieval date unknown
data/raw/TCGA-KIRC/Transcriptome_Profiling/Gene_Expression_Quantification/c876a9c8-43b4-47ed-ba9d-727439ab8ef5/6749ec3d-aae3-4d53-b0d3-5732e48e720a.rna_seq.augmented_star_gene_counts.tsv,4240513,ff5073095eb0b395995bd935a5ea8e0e,cached public input; original retrieval date unknown
data/raw/TCGA-KIRC/Transcriptome_Profiling/Gene_Expression_Quantification/c8c7259b-9f5e-4dfc-b915-d98b02eba28b/e895bcd8-5a29-4666-ab19-7e29840375cc.rna_seq.augmented_star_gene_counts.tsv,4254918,ffc9e2492ec172b04def3143394b91c3,cached public input; original retrieval date unknown
data/raw/TCGA-KIRC/Transcriptome_Profiling/Gene_Expression_Quantification/c909d244-ad90-42b8-8cb9-b12a878bdbfa/7109300e-d920-4baf-9507-69acf2eac917.rna_seq.augmented_star_gene_counts.tsv,4228607,1c1907a60474db3670ada573822887e4,cached public input; original retrieval date unknown
data/raw/TCGA-KIRC/Transcriptome_Profiling/Gene_Expression_Quantification/ca47a7ca-d9aa-4140-a74b-4a1c75fe9ad9/bb71d96c-d14e-4e9c-be07-17534f4b541b.rna_seq.augmented_star_gene_counts.tsv,4235920,9ed70bd9d9eddf64ed7521e76f5470cb,cached public input; original retrieval date unknown
data/raw/TCGA-KIRC/Transcriptome_Profiling/Gene_Expression_Quantification/cac6d56b-22df-46a8-b98f-f59fa9257f5e/b72fae78-e0cd-47d7-a5cb-e179e1bc90b6.rna_seq.augmented_star_gene_counts.tsv,4248639,870f0c4b74cd6a87bf7640c25a6f1c10,cached public input; original retrieval date unknown
data/raw/TCGA-KIRC/Transcriptome_Profiling/Gene_Expression_Quantification/cbabaf06-c15c-4655-a6c2-89a523ec7a9e/9b0359cf-82be-4073-8360-5456ec05d6db.rna_seq.augmented_star_gene_counts.tsv,4244989,e568f71260177da68b00f109aa6060e7,cached public input; original retrieval date unknown
data/raw/TCGA-KIRC/Transcriptome_Profiling/Gene_Expression_Quantification/cbe040e0-9ed9-4af4-a177-392a0b63a40b/b7638728-f287-4ec3-a3c7-a78b1f8825e0.rna_seq.augmented_star_gene_counts.tsv,4237168,25a2bb74f5b49555ab17a0e6b346fb36,cached public input; original retrieval date unknown
data/raw/TCGA-KIRC/Transcriptome_Profiling/Gene_Expression_Quantification/cc455312-98ef-40a7-b2f6-6ee31380b06e/c3fa5261-0033-4ceb-a9ef-d33455c0f302.rna_seq.augmented_star_gene_counts.tsv,4222566,7e634e351000baee41b5d879966a8ead,cached public input; original retrieval date unknown
data/raw/TCGA-KIRC/Transcriptome_Profiling/Gene_Expression_Quantification/cc4d6b44-ae57-4f0c-affe-ba411b9fba9b/9b432efc-fbd9-40fe-b5c9-1bf67a03b191.rna_seq.augmented_star_gene_counts.tsv,4245997,ec68493a51684e20604d2c641e801e76,cached public input; original retrieval date unknown
data/raw/TCGA-KIRC/Transcriptome_Profiling/Gene_Expression_Quantification/cc8c7c7e-a682-43ca-af76-08b49bf3512a/8e794306-7ade-4081-b98a-3e577dc3a85c.rna_seq.augmented_star_gene_counts.tsv,4228801,c47ce0baebe37da26c913e7b9dcde717,cached public input; original retrieval date unknown
data/raw/TCGA-KIRC/Transcriptome_Profiling/Gene_Expression_Quantification/ccb3a294-e4b3-439a-b168-18c3ae05d3b8/ec029899-15b9-48e6-a716-c3093ac6167b.rna_seq.augmented_star_gene_counts.tsv,4228709,e8a9de02ce4aa12689413bfe44609ac8,cached public input; original retrieval date unknown
data/raw/TCGA-KIRC/Transcriptome_Profiling/Gene_Expression_Quantification/cce6300b-bad4-411f-912d-7cb1d9fb9733/3125a35d-7ba6-4171-a7c8-d8ac7e7d2a28.rna_seq.augmented_star_gene_counts.tsv,4248912,030814f294345d5003f6769718ab2a0a,cached public input; original retrieval date unknown
data/raw/TCGA-KIRC/Transcriptome_Profiling/Gene_Expression_Quantification/cd18a3e0-c431-478a-b5fa-4b75a17a33a7/25dd3b28-da34-4c9a-b4ba-e4c091250dc1.rna_seq.augmented_star_gene_counts.tsv,4263380,228ed266cf77594d0b8fa5dc95c1b844,cached public input; original retrieval date unknown
data/raw/TCGA-KIRC/Transcriptome_Profiling/Gene_Expression_Quantification/cd6333d6-6973-4278-8c7d-ad89e71bd508/f6d0e395-2af2-4d6c-9c75-d693ff742fa4.rna_seq.augmented_star_gene_counts.tsv,4248098,10c99ff65048bdc62a0c5dddf0fdefe9,cached public input; original retrieval date unknown
data/raw/TCGA-KIRC/Transcriptome_Profiling/Gene_Expression_Quantification/cdc162f6-6ee3-45bb-a764-88458b87bf7b/3a5ade10-5fb5-402a-9223-2b4172caf99f.rna_seq.augmented_star_gene_counts.tsv,4220549,eefae2917958dda5830ee592117c3663,cached public input; original retrieval date unknown
data/raw/TCGA-KIRC/Transcriptome_Profiling/Gene_Expression_Quantification/cdcfd140-d0a5-4c55-ba0c-64af335a1ff6/eb51e925-78bf-4d46-8505-c994b90f1ca6.rna_seq.augmented_star_gene_counts.tsv,4235468,dea2063621ed3e35017417eaab27bb2c,cached public input; original retrieval date unknown
data/raw/TCGA-KIRC/Transcriptome_Profiling/Gene_Expression_Quantification/ce71f29f-134d-4749-bf42-c9620e5c8651/84182188-2ce6-447c-9c83-304f44960f52.rna_seq.augmented_star_gene_counts.tsv,4260499,090f33752043a069ff6eefefa04a5c9e,cached public input; original retrieval date unknown
data/raw/TCGA-KIRC/Transcriptome_Profiling/Gene_Expression_Quantification/ceaf66d6-7fcf-47d6-ae3f-99323057c910/33dfa933-8daa-44a1-8c7c-cf3335dc8275.rna_seq.augmented_star_gene_counts.tsv,4256277,1ec78a7c0e4909c112f0e04f4820beb5,cached public input; original retrieval date unknown
data/raw/TCGA-KIRC/Transcriptome_Profiling/Gene_Expression_Quantification/cfcc7db1-9369-4151-9f31-2d7ef06f8ea3/d28a9806-ce0f-45da-a272-56a77b1a00b5.rna_seq.augmented_star_gene_counts.tsv,4239641,9221d69c9edd30259cf6d41a53d6f2b1,cached public input; original retrieval date unknown
data/raw/TCGA-KIRC/Transcriptome_Profiling/Gene_Expression_Quantification/d014104d-47ca-441c-9756-66672008cb14/511fe1c3-6bc0-4610-8a3a-00ca018a04df.rna_seq.augmented_star_gene_counts.tsv,4258406,6e3a3bf7a84daaac0b95dd92fee5a7c8,cached public input; original retrieval date unknown
data/raw/TCGA-KIRC/Transcriptome_Profiling/Gene_Expression_Quantification/d07320f0-36a4-4dab-83bb-faaaf21a2bcb/f9d2e820-d505-4140-a3a4-d5075538640d.rna_seq.augmented_star_gene_counts.tsv,4238723,0d20450465b350ca9c0f74dda49fb77c,cached public input; original retrieval date unknown
data/raw/TCGA-KIRC/Transcriptome_Profiling/Gene_Expression_Quantification/d1280122-4cf1-4e12-9783-4a7038a28ac0/0fffe51a-2bac-4552-b731-3f496c41dad7.rna_seq.augmented_star_gene_counts.tsv,4244919,b42937b869ba473005606edf15cb3c51,cached public input; original retrieval date unknown
data/raw/TCGA-KIRC/Transcriptome_Profiling/Gene_Expression_Quantification/d19fa0dd-5832-46a8-a7a0-142075684a55/911e92db-84e1-495f-9406-c9538be909f3.rna_seq.augmented_star_gene_counts.tsv,4227809,10943b2338102a54fd7a81aa96bfa958,cached public input; original retrieval date unknown
data/raw/TCGA-KIRC/Transcriptome_Profiling/Gene_Expression_Quantification/d1cd1a00-c44a-4581-ad07-e234303a65b9/c7a06148-da7d-4638-950f-9f85ab57cc0f.rna_seq.augmented_star_gene_counts.tsv,4243065,d1a182953d1ab91279ffb7864242d16c,cached public input; original retrieval date unknown
data/raw/TCGA-KIRC/Transcriptome_Profiling/Gene_Expression_Quantification/d1d341bd-1a8e-4162-a63c-92ecc78e9c82/628efe45-6269-4c4b-8f50-15be89877383.rna_seq.augmented_star_gene_counts.tsv,4240810,41c0f040df3de3f26784f8a54c8b3673,cached public input; original retrieval date unknown
data/raw/TCGA-KIRC/Transcriptome_Profiling/Gene_Expression_Quantification/d1e1f6c5-e3af-418c-89ed-8b68f8157f36/1bba75de-1a96-48aa-9900-12de3c95c9e6.rna_seq.augmented_star_gene_counts.tsv,4222224,02ba288590991f0f82652d635dd20628,cached public input; original retrieval date unknown
data/raw/TCGA-KIRC/Transcriptome_Profiling/Gene_Expression_Quantification/d2e585d1-2b92-44f3-b2f4-1351e7c529ac/bd74a2f2-2986-4c15-a327-048ddbf7860f.rna_seq.augmented_star_gene_counts.tsv,4247589,11c3ace82c234c609c76346176baf9ee,cached public input; original retrieval date unknown
data/raw/TCGA-KIRC/Transcriptome_Profiling/Gene_Expression_Quantification/d2f080ca-6e8b-4b9c-b64d-376ca8a8beed/77b65c25-f82c-4140-9eb1-8f5956cd2e17.rna_seq.augmented_star_gene_counts.tsv,4229511,469dc5bc32e73f15edad3724d1791805,cached public input; original retrieval date unknown
data/raw/TCGA-KIRC/Transcriptome_Profiling/Gene_Expression_Quantification/d499f1d6-3d58-406e-9ed5-98141e774ddc/49f90402-948d-4fe2-8c8e-4f1c37fe41e7.rna_seq.augmented_star_gene_counts.tsv,4225826,499a53dc937a6c9835d33f81f676b4e4,cached public input; original retrieval date unknown
data/raw/TCGA-KIRC/Transcriptome_Profiling/Gene_Expression_Quantification/d4afe781-4959-40a7-8556-b60a150ea6b0/bd753feb-44bd-42a7-925f-397159aaec9f.rna_seq.augmented_star_gene_counts.tsv,4230287,b7331ea0ec27ae4277d8479eb7b68a34,cached public input; original retrieval date unknown
data/raw/TCGA-KIRC/Transcriptome_Profiling/Gene_Expression_Quantification/d514c3bc-c1e1-4028-9822-90ad703a3a8d/d5340889-fb1c-411d-922c-a9f69e1ac405.rna_seq.augmented_star_gene_counts.tsv,4214702,d534c6e1d5c94346da1bfec6b2125594,cached public input; original retrieval date unknown
data/raw/TCGA-KIRC/Transcriptome_Profiling/Gene_Expression_Quantification/d5c03bc2-fb49-457d-8445-f8177008554b/ffbdc67f-4167-4519-b0f3-7376413957e7.rna_seq.augmented_star_gene_counts.tsv,4224148,5213cafc0efe8814fee82a2d33632e16,cached public input; original retrieval date unknown
data/raw/TCGA-KIRC/Transcriptome_Profiling/Gene_Expression_Quantification/d5f6a32f-e1b7-4e45-ad6b-c97ade3b1294/9ae701e2-e7c7-460b-9957-914230394a32.rna_seq.augmented_star_gene_counts.tsv,4240001,1d0e2ad1621477d443c10447b6635323,cached public input; original retrieval date unknown
data/raw/TCGA-KIRC/Transcriptome_Profiling/Gene_Expression_Quantification/d6a8b3be-0ea5-4d4f-bf62-27ec684d4705/21aaa4c9-e933-4e64-b3d9-8d2d1b9a9ea6.rna_seq.augmented_star_gene_counts.tsv,4235816,cbe772260992e02926bb75bb5876568a,cached public input; original retrieval date unknown
data/raw/TCGA-KIRC/Transcriptome_Profiling/Gene_Expression_Quantification/d6ad13eb-3ed8-4b4a-ac50-37061cf8236a/b2de4a7f-7e10-4b71-a681-baa48aeaf514.rna_seq.augmented_star_gene_counts.tsv,4211445,a83ca2f81d622039db55e15403fdf63e,cached public input; original retrieval date unknown
data/raw/TCGA-KIRC/Transcriptome_Profiling/Gene_Expression_Quantification/d70aa630-d9c6-49e0-858b-a5a8e268a92b/651937e1-dbc2-46cb-b101-ed0d9b6b8b7f.rna_seq.augmented_star_gene_counts.tsv,4245239,64277cd825eb052585e2a8e2704c23b2,cached public input; original retrieval date unknown
data/raw/TCGA-KIRC/Transcriptome_Profiling/Gene_Expression_Quantification/d782f777-5651-47a6-bbb3-4d871a6b3a27/cd7a8848-af76-46b6-ad93-86dea30bea04.rna_seq.augmented_star_gene_counts.tsv,4254522,a7ded4625471d4c8da6dcccc772b823d,cached public input; original retrieval date unknown
data/raw/TCGA-KIRC/Transcriptome_Profiling/Gene_Expression_Quantification/d7b28bbe-cf7d-4634-8a48-f42d58be4a55/d3581b20-8dd6-4939-b4be-7fc6adaedffc.rna_seq.augmented_star_gene_counts.tsv,4245464,61b1c2dd0cbf84bb45cd19f7c2794da3,cached public input; original retrieval date unknown
data/raw/TCGA-KIRC/Transcriptome_Profiling/Gene_Expression_Quantification/d81180fa-51d8-4499-aed4-bbad365f67e1/6ff3d64c-4f44-483d-beee-8fa36aad7468.rna_seq.augmented_star_gene_counts.tsv,4242521,e4a487b53318331ce932fbafc51aa166,cached public input; original retrieval date unknown
data/raw/TCGA-KIRC/Transcriptome_Profiling/Gene_Expression_Quantification/d91f4d1a-4628-446c-a696-8839c8f62d90/7a0cc9fc-e0b0-4b97-b817-2f4b3f427eef.rna_seq.augmented_star_gene_counts.tsv,4211239,82ee85cc944f07d70788b68cc10b3a66,cached public input; original retrieval date unknown
data/raw/TCGA-KIRC/Transcriptome_Profiling/Gene_Expression_Quantification/d9735236-6587-4453-8c8d-2d39ca495cce/2bd9d548-4ddf-45d0-8830-f4c076bebdf9.rna_seq.augmented_star_gene_counts.tsv,4243224,5ede35856721b310dfc480100ed00b6d,cached public input; original retrieval date unknown
data/raw/TCGA-KIRC/Transcriptome_Profiling/Gene_Expression_Quantification/d98b9775-6abc-48fa-a229-39442a7291d7/b5c24f07-b63c-4bcb-95a3-10a8efea960e.rna_seq.augmented_star_gene_counts.tsv,4242383,ea0adfb656fff9ad26d218617d249491,cached public input; original retrieval date unknown
data/raw/TCGA-KIRC/Transcriptome_Profiling/Gene_Expression_Quantification/d9979174-ee0c-42bb-b928-a4f642845db7/fa6338f3-d9e1-463c-8d80-85d2e6e347d9.rna_seq.augmented_star_gene_counts.tsv,4231463,f341e707bc5fe96b2ab9a404ebf1d4fb,cached public input; original retrieval date unknown
data/raw/TCGA-KIRC/Transcriptome_Profiling/Gene_Expression_Quantification/d99b2ce2-38a1-4d13-b8dd-7db33bfd360a/53daf7ed-88a6-4891-839c-71f5dbfd7694.rna_seq.augmented_star_gene_counts.tsv,4245193,5ac74f75160eeb8d952fc891370b316a,cached public input; original retrieval date unknown
data/raw/TCGA-KIRC/Transcriptome_Profiling/Gene_Expression_Quantification/d9da2793-4334-4b17-b234-172705dca082/920024b5-2535-4fa1-b016-48adaddff54f.rna_seq.augmented_star_gene_counts.tsv,4227813,8f3212f3388584e94ef97fe5f1b77e7e,cached public input; original retrieval date unknown
data/raw/TCGA-KIRC/Transcriptome_Profiling/Gene_Expression_Quantification/dab754d3-54c4-4941-879a-dc107def74d8/abd77d33-2cca-43e3-91dc-60eafa9c099f.rna_seq.augmented_star_gene_counts.tsv,4250253,55b236a26e2d74bc7eeba48a077e116b,cached public input; original retrieval date unknown
data/raw/TCGA-KIRC/Transcriptome_Profiling/Gene_Expression_Quantification/db24671d-74b5-4647-be36-d865aa923ffa/f05b8220-8415-4ea9-87a5-4805768c2bab.rna_seq.augmented_star_gene_counts.tsv,4252816,fe3ce8e8137445b073ad9fb5b4d1b83e,cached public input; original retrieval date unknown
data/raw/TCGA-KIRC/Transcriptome_Profiling/Gene_Expression_Quantification/db99b502-b286-4b36-a0a5-28b6b413b81a/eaa703f3-b044-4ee4-a3ea-61b1b41c35fb.rna_seq.augmented_star_gene_counts.tsv,4245417,25ca40ebb48bcdead6e9fe6ecdb2c872,cached public input; original retrieval date unknown
data/raw/TCGA-KIRC/Transcriptome_Profiling/Gene_Expression_Quantification/db9d1bc8-9c20-4fbd-bfac-cf1faf1cad11/f701ac18-597c-47e3-ba03-1901724b02e5.rna_seq.augmented_star_gene_counts.tsv,4232813,40d25bab0f0868caa6e1fe0718a6e768,cached public input; original retrieval date unknown
data/raw/TCGA-KIRC/Transcriptome_Profiling/Gene_Expression_Quantification/dbe1371f-dbf9-46b1-b603-a9e560fb75df/d46f2d5f-0e4a-4c0c-8904-44b95a1dcbd0.rna_seq.augmented_star_gene_counts.tsv,4251307,15871dee753b71c14766f10ab33fa8f0,cached public input; original retrieval date unknown
data/raw/TCGA-KIRC/Transcriptome_Profiling/Gene_Expression_Quantification/dbe50f57-74d7-4b5f-a996-dfc8d9874d55/12bba991-4912-435f-b6ad-e4814e79fe98.rna_seq.augmented_star_gene_counts.tsv,4254091,782afdae9e9be4d821439ecdbdbbe716,cached public input; original retrieval date unknown
data/raw/TCGA-KIRC/Transcriptome_Profiling/Gene_Expression_Quantification/dcc70515-99c2-4867-b39a-e4c3e3a66430/86f3f0b9-56f4-4239-8162-6d24c108d880.rna_seq.augmented_star_gene_counts.tsv,4249733,a77dc465f579f16d8df2a3b547c8e4c7,cached public input; original retrieval date unknown
data/raw/TCGA-KIRC/Transcriptome_Profiling/Gene_Expression_Quantification/dcead401-3e21-4718-9ce1-863177be3f10/288cad88-f92f-4e58-824a-7c352838643e.rna_seq.augmented_star_gene_counts.tsv,4250693,6d07c41e96dcfa68c6bfc01a3c58c3f4,cached public input; original retrieval date unknown
data/raw/TCGA-KIRC/Transcriptome_Profiling/Gene_Expression_Quantification/dd32c44d-eaf7-4739-94aa-430be880964d/d32d3857-8311-4338-b0f8-2813221bf1cc.rna_seq.augmented_star_gene_counts.tsv,4237448,a512109cca76ea25b1b0efd267b21f72,cached public input; original retrieval date unknown
data/raw/TCGA-KIRC/Transcriptome_Profiling/Gene_Expression_Quantification/dd7f3972-e7c6-422b-84ed-a8038645a52b/56a452e7-275e-45ed-957d-70f49a1291ad.rna_seq.augmented_star_gene_counts.tsv,4261084,46896509dcfe11cf9c396c3935615d97,cached public input; original retrieval date unknown
data/raw/TCGA-KIRC/Transcriptome_Profiling/Gene_Expression_Quantification/de6772b8-dd18-4584-880e-b4080e2e0f8d/5ef92df8-2f33-4cb3-9270-bc3e89b0b1c3.rna_seq.augmented_star_gene_counts.tsv,4261538,fa6549d7b129d66b36ab80f7f1a0c932,cached public input; original retrieval date unknown
data/raw/TCGA-KIRC/Transcriptome_Profiling/Gene_Expression_Quantification/df48958f-3172-45ec-a6fb-88fc66ff6ae4/b87fe250-4800-4a9f-945e-7544057449d9.rna_seq.augmented_star_gene_counts.tsv,4254453,e0e5fa65dc6aabd84eb6329966c53673,cached public input; original retrieval date unknown
data/raw/TCGA-KIRC/Transcriptome_Profiling/Gene_Expression_Quantification/df630d23-f007-4cc4-9910-edb44046d556/a40c1d70-1750-45d0-a85b-688331b029ea.rna_seq.augmented_star_gene_counts.tsv,4197333,9e07990dc14e850ad8f3b42d0169ca29,cached public input; original retrieval date unknown
data/raw/TCGA-KIRC/Transcriptome_Profiling/Gene_Expression_Quantification/e0999ea7-e0c9-487f-b8a7-3eda87ab8601/297e8576-6af1-4f8d-b709-a14355728c0c.rna_seq.augmented_star_gene_counts.tsv,4241575,311a19eb7034eb2dc3c4522bc04e52c7,cached public input; original retrieval date unknown
data/raw/TCGA-KIRC/Transcriptome_Profiling/Gene_Expression_Quantification/e0ab8fc2-a369-4e2b-a07a-67794bf6955b/ebf6fd51-b536-4d85-896f-8b14e2394583.rna_seq.augmented_star_gene_counts.tsv,4237472,08b408d9b2370c9ca0b4d04d6a15034a,cached public input; original retrieval date unknown
data/raw/TCGA-KIRC/Transcriptome_Profiling/Gene_Expression_Quantification/e0f18f8e-b8e0-4bf2-916c-69a38fc64fd8/f07087a6-4684-407b-97d8-115f595272ad.rna_seq.augmented_star_gene_counts.tsv,4211619,a55ca1349dc976706d682c61771b05e8,cached public input; original retrieval date unknown
data/raw/TCGA-KIRC/Transcriptome_Profiling/Gene_Expression_Quantification/e11c27d0-d5a0-4e7f-83e6-83b79f64d962/3c966504-93ff-48b0-bb34-16ef7a00ec63.rna_seq.augmented_star_gene_counts.tsv,4250352,17b992383584715afa47623c1f076bcc,cached public input; original retrieval date unknown
data/raw/TCGA-KIRC/Transcriptome_Profiling/Gene_Expression_Quantification/e1beebe9-dc24-4f9d-a89f-87001fcf25c7/b93e9aab-9d4c-4e1e-9a04-b2b858b32fa8.rna_seq.augmented_star_gene_counts.tsv,4252757,b41ae0abf159d5d5cccbf8a9fd7eebee,cached public input; original retrieval date unknown
data/raw/TCGA-KIRC/Transcriptome_Profiling/Gene_Expression_Quantification/e20633e3-526f-4ac5-9cb0-202a028462b0/d2c2fafe-048d-4584-8136-4e607465d72d.rna_seq.augmented_star_gene_counts.tsv,4241075,39dc851163fc18a1966ffc001a9eec8b,cached public input; original retrieval date unknown
data/raw/TCGA-KIRC/Transcriptome_Profiling/Gene_Expression_Quantification/e35730b8-672e-4fdc-945f-84edaf143298/1d4f3d41-40bc-41ac-aeb0-b902c44bc7c4.rna_seq.augmented_star_gene_counts.tsv,4249382,709f341925c9f22b35ef0e263461f358,cached public input; original retrieval date unknown
data/raw/TCGA-KIRC/Transcriptome_Profiling/Gene_Expression_Quantification/e3fc3546-680c-44fa-ac79-918668443800/43837751-a62f-4f01-8eda-dd08e8017080.rna_seq.augmented_star_gene_counts.tsv,4220044,35bf598fcfe0ff84f6e9f4f190fc5e35,cached public input; original retrieval date unknown
data/raw/TCGA-KIRC/Transcriptome_Profiling/Gene_Expression_Quantification/e4240172-1921-44aa-95da-781be3485a1e/2a78e2d5-0d9f-4269-a5d2-f1a83e8f4cf8.rna_seq.augmented_star_gene_counts.tsv,4244004,9e66aceb255cf78bd039f9c73b4038b9,cached public input; original retrieval date unknown
data/raw/TCGA-KIRC/Transcriptome_Profiling/Gene_Expression_Quantification/e44dbaa1-6ef0-48ba-bf0f-3cfa502cbd14/61b5d1b4-7126-4b3d-b469-7a532f55f61c.rna_seq.augmented_star_gene_counts.tsv,4240702,614056dbb7506ac0ba03391e8f119346,cached public input; original retrieval date unknown
data/raw/TCGA-KIRC/Transcriptome_Profiling/Gene_Expression_Quantification/e4747f6d-4c5c-4d49-886f-2c69fe206879/5e545b8a-8a66-4e9a-912b-9cbcbf813a4c.rna_seq.augmented_star_gene_counts.tsv,4237646,7bbd454a5e0627225e6bddafd800fe1b,cached public input; original retrieval date unknown
data/raw/TCGA-KIRC/Transcriptome_Profiling/Gene_Expression_Quantification/e47ee1c9-13c8-4c78-b1d6-8a6795bebee8/c2330486-1e49-48c7-8898-c8fd19f2a47b.rna_seq.augmented_star_gene_counts.tsv,4230516,7c7aa607380ab57b863cf33c0b996989,cached public input; original retrieval date unknown
data/raw/TCGA-KIRC/Transcriptome_Profiling/Gene_Expression_Quantification/e59a58f3-d886-45a8-a296-263297839a63/164ed40d-5a15-43c4-9398-40dc4507d4a7.rna_seq.augmented_star_gene_counts.tsv,4263833,72430d2b3ab081ce955b8f7d42aa0866,cached public input; original retrieval date unknown
data/raw/TCGA-KIRC/Transcriptome_Profiling/Gene_Expression_Quantification/e673a5b6-c070-4068-b667-c7e81adfb4cf/58221495-6cdb-4363-aa29-8f0b1c42a6f5.rna_seq.augmented_star_gene_counts.tsv,4251414,53891b1f343853e402a57af21ac67a2e,cached public input; original retrieval date unknown
data/raw/TCGA-KIRC/Transcriptome_Profiling/Gene_Expression_Quantification/e6a09aba-4d6e-4079-9b34-0e9caf705885/05468136-c936-455f-b5dd-75062f8df0fd.rna_seq.augmented_star_gene_counts.tsv,4260474,54ac4c10cbb1171e029ac99d0ea17901,cached public input; original retrieval date unknown
data/raw/TCGA-KIRC/Transcriptome_Profiling/Gene_Expression_Quantification/e71c8e45-ab52-4796-ab72-e8add8868291/c95943e9-c8c4-44e1-9080-afddcbfb6174.rna_seq.augmented_star_gene_counts.tsv,4215866,d584ed7722762ad1bc890177be5b5fe7,cached public input; original retrieval date unknown
data/raw/TCGA-KIRC/Transcriptome_Profiling/Gene_Expression_Quantification/e79eb779-6742-452b-87d4-35e67d30de92/27fe2b74-28b3-4279-b66a-89ed2abc6891.rna_seq.augmented_star_gene_counts.tsv,4245818,2c4bd1fc352509cbce4dfbc30c3c9984,cached public input; original retrieval date unknown
data/raw/TCGA-KIRC/Transcriptome_Profiling/Gene_Expression_Quantification/e8871fd9-41a0-4c1f-b44c-ea7beea35ebe/ece6656a-f021-4b50-91ef-cc81f42978b7.rna_seq.augmented_star_gene_counts.tsv,4233392,1e8cbe700ccaafb38ea4af5e69c2b7e5,cached public input; original retrieval date unknown
data/raw/TCGA-KIRC/Transcriptome_Profiling/Gene_Expression_Quantification/e8a098f6-ed3e-46a8-ae16-2f130a5fb715/e153d3a3-b0d6-4658-bb1b-33cd3315d7a8.rna_seq.augmented_star_gene_counts.tsv,4241418,64eae6e988107bff5b885c44a786d3df,cached public input; original retrieval date unknown
data/raw/TCGA-KIRC/Transcriptome_Profiling/Gene_Expression_Quantification/ea7e9f5a-844c-4cf4-8f0a-7deab41b5233/6808a3b5-b9cd-45e7-a888-47ebeb735010.rna_seq.augmented_star_gene_counts.tsv,4242226,62cb0722c962ef77a51d9cc1c5385d52,cached public input; original retrieval date unknown
data/raw/TCGA-KIRC/Transcriptome_Profiling/Gene_Expression_Quantification/eb921878-4c02-4b11-9c4d-84df7926ef70/fd00a68d-f7e8-43ca-90f9-999ec13dbbb6.rna_seq.augmented_star_gene_counts.tsv,4229155,5629a1f08adabff4f2d036689296206a,cached public input; original retrieval date unknown
data/raw/TCGA-KIRC/Transcriptome_Profiling/Gene_Expression_Quantification/ebd01ba8-06cd-417a-b41d-05379e430fd2/82a0446c-baf9-4d27-bc14-73e00dc729ab.rna_seq.augmented_star_gene_counts.tsv,4216844,2ea8804f5e9635ef7ef591108dbed245,cached public input; original retrieval date unknown
data/raw/TCGA-KIRC/Transcriptome_Profiling/Gene_Expression_Quantification/ed4e33b6-e610-40f6-a9cb-68d27b24b7ea/1b42fc61-0ec5-4da2-907e-39388ec70382.rna_seq.augmented_star_gene_counts.tsv,4253346,5962f682d6d354ca5c428ad1b778c259,cached public input; original retrieval date unknown
data/raw/TCGA-KIRC/Transcriptome_Profiling/Gene_Expression_Quantification/edc7b71d-a551-463e-a76a-dc135373cb43/1a3165db-b776-4c16-82a1-8a82f386ab7d.rna_seq.augmented_star_gene_counts.tsv,4234785,6e94557d3a8f016d9b58d1c748e6f3d3,cached public input; original retrieval date unknown
data/raw/TCGA-KIRC/Transcriptome_Profiling/Gene_Expression_Quantification/edf83523-a278-4657-88f9-230494fae0b9/cee42193-cd5a-45c0-9563-1dc461a6974c.rna_seq.augmented_star_gene_counts.tsv,4255547,2a82c605bc042f7c648b427e57965a51,cached public input; original retrieval date unknown
data/raw/TCGA-KIRC/Transcriptome_Profiling/Gene_Expression_Quantification/ee6d69a8-5bb0-4271-b349-3bcad539b275/0ec95e8a-4cdc-48a0-925d-0ef00136e359.rna_seq.augmented_star_gene_counts.tsv,4225875,2c5483c6d255ab969bda1d8d04062b2c,cached public input; original retrieval date unknown
data/raw/TCGA-KIRC/Transcriptome_Profiling/Gene_Expression_Quantification/ee7ecfb9-1ec5-4553-ba37-19c2b5f0da0f/8da80836-efa4-4ee0-9809-02459a4cf833.rna_seq.augmented_star_gene_counts.tsv,4246014,e8d1eb99482edebebe8601c0c89384dc,cached public input; original retrieval date unknown
data/raw/TCGA-KIRC/Transcriptome_Profiling/Gene_Expression_Quantification/eeb25b36-1272-4092-848e-9807eaed9d4e/eafedf8f-3ef0-4cde-9193-700200f5a930.rna_seq.augmented_star_gene_counts.tsv,4236946,19e0a4a1ced7641085465d76d6bb4966,cached public input; original retrieval date unknown
data/raw/TCGA-KIRC/Transcriptome_Profiling/Gene_Expression_Quantification/eeb522fe-ab63-4e1f-b2cf-de74af6b64f2/7c73fcc1-2a68-4c8a-ac89-0c16875e4724.rna_seq.augmented_star_gene_counts.tsv,4240863,6413eed189103bc2f7f5ae6dad31f358,cached public input; original retrieval date unknown
data/raw/TCGA-KIRC/Transcriptome_Profiling/Gene_Expression_Quantification/efb66622-cf03-4f74-98e5-8c38d87a90f7/df656853-7a02-4bd9-b700-dfb374b767de.rna_seq.augmented_star_gene_counts.tsv,4244529,747c022e0f4ab5d596c9cbe03a8f9580,cached public input; original retrieval date unknown
data/raw/TCGA-KIRC/Transcriptome_Profiling/Gene_Expression_Quantification/efde0fd9-7f08-4c33-9e2b-8d9b8cfccf50/acffe97d-bcaf-4c3c-877f-a48d9f5e81db.rna_seq.augmented_star_gene_counts.tsv,4256145,8593cd04ca58bb332aaea8d5230f532e,cached public input; original retrieval date unknown
data/raw/TCGA-KIRC/Transcriptome_Profiling/Gene_Expression_Quantification/f007e19e-984c-4c94-b1d0-e4c298d9faa9/de7040ae-3995-4cb1-8f87-a3e4bfb4792f.rna_seq.augmented_star_gene_counts.tsv,4231462,670e2ac1877e222380708f97b1ad6734,cached public input; original retrieval date unknown
data/raw/TCGA-KIRC/Transcriptome_Profiling/Gene_Expression_Quantification/f13427f3-3d78-4fc1-9523-64b4ae583494/5f685c09-1f01-4ae6-a8e9-5ecfdf1877d9.rna_seq.augmented_star_gene_counts.tsv,4228953,0bcbeef3e4c60c7798c083a2dab55619,cached public input; original retrieval date unknown
data/raw/TCGA-KIRC/Transcriptome_Profiling/Gene_Expression_Quantification/f13ca22a-ad44-45c0-806b-678bacee6135/1a012c07-15ee-4457-8ce3-5be03de22f94.rna_seq.augmented_star_gene_counts.tsv,4245288,aedd89866210275cffa5e459a9b017ea,cached public input; original retrieval date unknown
data/raw/TCGA-KIRC/Transcriptome_Profiling/Gene_Expression_Quantification/f1525d22-a7b0-48b6-ab6e-737b5ebb1a39/df1678c7-4d27-4d19-a02d-3e7fa04f4d64.rna_seq.augmented_star_gene_counts.tsv,4263891,7a519619ffa96ad49f201a9d938318c3,cached public input; original retrieval date unknown
data/raw/TCGA-KIRC/Transcriptome_Profiling/Gene_Expression_Quantification/f18443d3-f207-4c05-9738-d70e10d60cfc/e0e0e283-6d06-42be-a864-3f2d8cddbc65.rna_seq.augmented_star_gene_counts.tsv,4249627,c8f34f102727c9b2edf50b781b6cbec3,cached public input; original retrieval date unknown
data/raw/TCGA-KIRC/Transcriptome_Profiling/Gene_Expression_Quantification/f1aa53c8-fb44-431d-9bb9-ba7647cd9ead/1e2a58d2-411f-4f24-812d-5e58483f61a3.rna_seq.augmented_star_gene_counts.tsv,4265570,44b1f92b6b5fa456a15913763ed89c7b,cached public input; original retrieval date unknown
data/raw/TCGA-KIRC/Transcriptome_Profiling/Gene_Expression_Quantification/f1d244a9-f031-4286-b433-572de7ed8d42/bedbb480-0785-4bd2-86da-d029b57e1033.rna_seq.augmented_star_gene_counts.tsv,4242473,ea55855a43aea9e4d8733b13d2db89b6,cached public input; original retrieval date unknown
data/raw/TCGA-KIRC/Transcriptome_Profiling/Gene_Expression_Quantification/f34985d8-172b-4fae-8d06-989e7dc4dc06/a5a4db2a-7906-4519-9223-0f47cd377fb5.rna_seq.augmented_star_gene_counts.tsv,4240107,540de27401eb91530c54efd45246a003,cached public input; original retrieval date unknown
data/raw/TCGA-KIRC/Transcriptome_Profiling/Gene_Expression_Quantification/f41b182b-f528-49bf-9d7e-912614796b77/b1f681a4-fef8-4359-afbd-ccf43e262bb1.rna_seq.augmented_star_gene_counts.tsv,4244349,43709f3a70677f4fb62d717b243eba16,cached public input; original retrieval date unknown
data/raw/TCGA-KIRC/Transcriptome_Profiling/Gene_Expression_Quantification/f43cfd22-5e58-4369-9ea0-a0b6cc63a7db/0fbbba07-b97b-4e50-b768-d3f4ec578a96.rna_seq.augmented_star_gene_counts.tsv,4243075,d77fe96bd08d9fba38bc23ded62cb343,cached public input; original retrieval date unknown
data/raw/TCGA-KIRC/Transcriptome_Profiling/Gene_Expression_Quantification/f44064f2-9839-4e4f-9510-8a5dd0ee1e56/81bb1bf7-c71e-42a8-932d-4461f26047a8.rna_seq.augmented_star_gene_counts.tsv,4229770,7f5ff1a2d7792b205445f411aaccd407,cached public input; original retrieval date unknown
data/raw/TCGA-KIRC/Transcriptome_Profiling/Gene_Expression_Quantification/f462d8a7-549d-4823-be4b-1b5c81678665/40690efd-de5b-47bd-b48e-8498d58fdfa7.rna_seq.augmented_star_gene_counts.tsv,4254929,28022a465a42ea3cca612fbb7cea7f87,cached public input; original retrieval date unknown
data/raw/TCGA-KIRC/Transcriptome_Profiling/Gene_Expression_Quantification/f478aca9-1fb9-4ef3-9c03-1bd592b2b1f7/6740a692-f136-4f79-9a7f-d1f5114a247e.rna_seq.augmented_star_gene_counts.tsv,4227339,a9c26c11ea77a45c7c95279d4b7be13f,cached public input; original retrieval date unknown
data/raw/TCGA-KIRC/Transcriptome_Profiling/Gene_Expression_Quantification/f4e99961-1168-46bd-86cb-4c6662f5b8da/e8779dc0-fc34-4930-bc76-08c242414335.rna_seq.augmented_star_gene_counts.tsv,4242611,1fd73f8335565c46a702b794fb3b2a07,cached public input; original retrieval date unknown
data/raw/TCGA-KIRC/Transcriptome_Profiling/Gene_Expression_Quantification/f4fbf55a-1a2a-458e-9223-921e2dc9352e/ceaa441a-68be-499e-8ff5-9b4187c9e1ae.rna_seq.augmented_star_gene_counts.tsv,4247231,5720fcd12d534c6c59d63645bca60994,cached public input; original retrieval date unknown
data/raw/TCGA-KIRC/Transcriptome_Profiling/Gene_Expression_Quantification/f6b85b88-29c7-4722-86f1-0c4c5fa0b819/c335308e-60fa-4ca7-ba9e-f8e53d0bf57c.rna_seq.augmented_star_gene_counts.tsv,4199064,3a09c248e2a0e51d7acf6b636750f6fe,cached public input; original retrieval date unknown
data/raw/TCGA-KIRC/Transcriptome_Profiling/Gene_Expression_Quantification/f7a5094f-fea0-4ddf-ac40-8265cddbabc2/bd21b41f-1084-43b9-8554-841e58ce6b95.rna_seq.augmented_star_gene_counts.tsv,4254084,6048cd4f475e2a0898af9f0e6219188d,cached public input; original retrieval date unknown
data/raw/TCGA-KIRC/Transcriptome_Profiling/Gene_Expression_Quantification/f7cb60c9-cede-46db-9266-b1437cd06a48/1f52d834-9256-4c54-b23c-d026af9d25e2.rna_seq.augmented_star_gene_counts.tsv,4250256,cd2a61ab2819eddadd11efbd8527f864,cached public input; original retrieval date unknown
data/raw/TCGA-KIRC/Transcriptome_Profiling/Gene_Expression_Quantification/f88159e9-78e2-4222-b9f6-2d50c5b3387a/15ff9e44-2f64-4803-957e-3d28661167c7.rna_seq.augmented_star_gene_counts.tsv,4228138,842035c91a6c3b9e8947d10737c694e3,cached public input; original retrieval date unknown
data/raw/TCGA-KIRC/Transcriptome_Profiling/Gene_Expression_Quantification/f8a0a7cf-0444-4039-a255-6d31bcf748ac/d65aca79-6b26-45da-8a9e-d9d0bc1f179b.rna_seq.augmented_star_gene_counts.tsv,4248034,369146e67803ebc38b15a46d1abf0e3b,cached public input; original retrieval date unknown
data/raw/TCGA-KIRC/Transcriptome_Profiling/Gene_Expression_Quantification/f98a1953-c008-4ab9-a17e-be80b5fd43fe/e3b90eb7-f2a5-4b9e-a15e-ccfd7e6431d2.rna_seq.augmented_star_gene_counts.tsv,4250752,f580f682e438f63b0dbe3694e5879c55,cached public input; original retrieval date unknown
data/raw/TCGA-KIRC/Transcriptome_Profiling/Gene_Expression_Quantification/fa157012-d4c8-43c3-b4fe-a02f13fcec40/d6e59be8-1ead-4fc7-bf6f-f5f3e7e24162.rna_seq.augmented_star_gene_counts.tsv,4247858,e7ae68019a770bf973b63e4123e506ca,cached public input; original retrieval date unknown
data/raw/TCGA-KIRC/Transcriptome_Profiling/Gene_Expression_Quantification/fa7f749b-6c8e-4052-8196-fd91d52e67f1/65e00fee-35a4-487d-98ca-2ba5bee5d74e.rna_seq.augmented_star_gene_counts.tsv,4234764,426e82f5225c6fd302088d67d749f182,cached public input; original retrieval date unknown
data/raw/TCGA-KIRC/Transcriptome_Profiling/Gene_Expression_Quantification/fa927427-fa20-44d0-b574-81d99277be8a/eb13f276-cfa2-4129-8a8f-ea9d2eb40e8b.rna_seq.augmented_star_gene_counts.tsv,4246155,4b887ddcbf1f1b7ebaea2c9108030621,cached public input; original retrieval date unknown
data/raw/TCGA-KIRC/Transcriptome_Profiling/Gene_Expression_Quantification/fa994287-faa4-483c-8225-1d45a1d0d522/c89d9767-de8e-4953-9963-36f1a4d5e8bf.rna_seq.augmented_star_gene_counts.tsv,4247264,96570a964d653c70fff859cbd455816e,cached public input; original retrieval date unknown
data/raw/TCGA-KIRC/Transcriptome_Profiling/Gene_Expression_Quantification/fae1f158-5990-4e7c-90a9-f33fe8be8753/d468fd85-1ccf-44a4-b9ea-1640137d8f62.rna_seq.augmented_star_gene_counts.tsv,4250500,51f5f1a92a52d7c22df1c55b43afe3bd,cached public input; original retrieval date unknown
data/raw/TCGA-KIRC/Transcriptome_Profiling/Gene_Expression_Quantification/fb185dab-f274-4565-ba4a-223e5d629310/700eaa67-e398-45b2-a71c-06a10777891a.rna_seq.augmented_star_gene_counts.tsv,4234245,0bff982aa0ef19168a978ddcefab7a3e,cached public input; original retrieval date unknown
data/raw/TCGA-KIRC/Transcriptome_Profiling/Gene_Expression_Quantification/fb449c0c-d752-4110-a41a-c46aa29617ea/9fc93356-db5f-4fae-ac7c-9c45aae86269.rna_seq.augmented_star_gene_counts.tsv,4245720,27bd48f47607ab78dab87ff307fd56de,cached public input; original retrieval date unknown
data/raw/TCGA-KIRC/Transcriptome_Profiling/Gene_Expression_Quantification/fb47d9fc-c3a4-4f1c-b707-4996b5520351/a0736a41-933d-45aa-b22c-c5be570da757.rna_seq.augmented_star_gene_counts.tsv,4224592,6b7d63a4f9746e214d67d8a905c53856,cached public input; original retrieval date unknown
data/raw/TCGA-KIRC/Transcriptome_Profiling/Gene_Expression_Quantification/fba70eac-57d4-468f-bbfc-859628c54dec/5f468fd6-dbd0-487f-8602-168878155474.rna_seq.augmented_star_gene_counts.tsv,4246588,695a6c5476b46b81e289d778fd3f161c,cached public input; original retrieval date unknown
data/raw/TCGA-KIRC/Transcriptome_Profiling/Gene_Expression_Quantification/fc3d1c27-2956-4d74-991c-fc35d5c9ecbd/6ec6b3ce-0574-41d8-b22e-b27f3418adc6.rna_seq.augmented_star_gene_counts.tsv,4249355,ee7ee37206ed8066d3797f1ad1197fa4,cached public input; original retrieval date unknown
data/raw/TCGA-KIRC/Transcriptome_Profiling/Gene_Expression_Quantification/fc63bae4-fdfb-4990-9902-3e0fb51ec092/e95ef864-eeee-4883-943c-e2e1eecd259c.rna_seq.augmented_star_gene_counts.tsv,4224305,86038fbe25da92aadb11c62bd2ae30fb,cached public input; original retrieval date unknown
data/raw/TCGA-KIRC/Transcriptome_Profiling/Gene_Expression_Quantification/fc9e3356-b4e0-46e8-9842-46a2366352de/6bb1a15e-0f6d-4579-af44-0a4cc6e1a567.rna_seq.augmented_star_gene_counts.tsv,4253236,df701f29fbf44231bc8989d076931560,cached public input; original retrieval date unknown
data/raw/TCGA-KIRC/Transcriptome_Profiling/Gene_Expression_Quantification/fd3d7a82-a316-4df0-9d84-409cb12eb9b1/2566c5d1-9143-495a-944a-c62939c75cfa.rna_seq.augmented_star_gene_counts.tsv,4246744,3a9312380d05759a3c9a23bc63f2e202,cached public input; original retrieval date unknown
data/raw/TCGA-KIRC/Transcriptome_Profiling/Gene_Expression_Quantification/fd493a63-08fb-4076-8b3c-f443dc4bcb0b/66ff9376-212d-4048-868f-964036ba3903.rna_seq.augmented_star_gene_counts.tsv,4248731,7f905874f72b9ccf5ea6318667f4c569,cached public input; original retrieval date unknown
data/raw/TCGA-KIRC/Transcriptome_Profiling/Gene_Expression_Quantification/feb6de8d-c44f-44ca-9583-232511ef54fd/8b530174-351e-4b0f-9255-366675a697b5.rna_seq.augmented_star_gene_counts.tsv,4267733,0803e877ff60ec55747d3bf6eeb496f5,cached public input; original retrieval date unknown
data/raw/TCGA-KIRC/Transcriptome_Profiling/Gene_Expression_Quantification/ff07dd5a-7b2d-47ed-8a6b-400b3c5c8db4/933f8daa-9246-46b6-a568-6391ae0259e0.rna_seq.augmented_star_gene_counts.tsv,4251674,47349947f3084e2dc6b98c65bcb476ad,cached public input; original retrieval date unknown
data/raw/TCGA-KIRC/Transcriptome_Profiling/Gene_Expression_Quantification/ff21a21b-35fb-423c-896c-c6943dbce540/a43b9c60-317d-413b-9848-cd9cca4a7050.rna_seq.augmented_star_gene_counts.tsv,4237920,20246927c5ec06ae3c88c678d9c04fbf,cached public input; original retrieval date unknown
data/raw/TCGA-KIRC/Transcriptome_Profiling/Gene_Expression_Quantification/ff6cd0e8-98a0-4a96-9650-c348bcfe8901/bbdc627d-489d-4185-b32b-71207f241b62.rna_seq.augmented_star_gene_counts.tsv,4228605,37656b898c7e44f392851c5c364b3306,cached public input; original retrieval date unknown
data/raw/TCGA-KIRC/Transcriptome_Profiling/Gene_Expression_Quantification/ffe0d448-20d6-4952-9650-03531ef6fc79/62e28d02-73f5-406c-b3ac-1474d46c2b89.rna_seq.augmented_star_gene_counts.tsv,4255797,5b6531646150bc5632db8e39038c5a44,cached public input; original retrieval date unknown
data/raw/TCGA-KIRC/Transcriptome_Profiling/Gene_Expression_Quantification/fff384b3-f8cc-4754-9860-74863ff3cc23/f431375a-981d-42ab-a65d-26dc2f276a11.rna_seq.augmented_star_gene_counts.tsv,4258729,690abe3ab772e6677c9e61e7748ab2d8,cached public input; original retrieval date unknown
data/raw/aran2015_tcga_tumor_purity.xlsx,553082,c459e6a965789b96860fc77bd346c681,cached public input; original retrieval date unknown
data/raw/arrayexpress/E-MTAB-1980/ccRCC_exp_log_quantile_normalized.txt,53072899,de29ba6b175ac195f1dafcefa7b0354b,cached public input; original retrieval date unknown
data/raw/arrayexpress/E-MTAB-1980/supplementary_table_1.xlsx,37487,eed32a4474da4a06bd2b4d65f7e1fa19,cached public input; original retrieval date unknown
data/raw/checkmate_braun/41591_2020_839_MOESM2_ESM.xlsx,125569016,aea91c06c171f090100eb3c0141e3428,cached public input; original retrieval date unknown
data/raw/geo/GPL10558.soft.gz,75783818,741a6fec03c38cd2b0e10d56eb41570c,cached public input; original retrieval date unknown
data/raw/geo/GPL1708.annot.gz,7816047,de1feea8dcafdcac084b5c7d4c39ea52,cached public input; original retrieval date unknown
data/raw/geo/GPL570.soft.gz,85633387,d3f890679826731716c0c1342cbb9e50,cached public input; original retrieval date unknown
data/raw/geo/GSE29609_series_matrix.txt.gz,6689124,c1060d959f24de87528d2cb833bd2717,cached public input; original retrieval date unknown
data/raw/geo/GSE40435/GSE40435_RAW.tar,27443200,720325f178b66a593b6c170bcf691e87,cached public input; original retrieval date unknown
data/raw/geo/GSE40435/GSE40435_non_normalized.txt.gz,34988675,e507be75fe1d0b91b3f3b465e255dd6e,cached public input; original retrieval date unknown
data/raw/geo/GSE40435_series_matrix.txt.gz,49150917,1cd2894ba337bdf3abf0131a542ea09f,cached public input; original retrieval date unknown
data/raw/geo/GSE53757/GSE53757_RAW.tar,680151040,76ee0986db862b275cfdeb732725ef2b,cached public input; original retrieval date unknown
data/raw/geo/GSE53757_series_matrix.txt.gz,32826277,61552c1ecefbbf62e51a3a2071dbc1f4,cached public input; original retrieval date unknown
data/raw/hpa/rna_single_cell_type.tsv,148795332,8e8152a361bedd5c1e9563b0546758d0,cached public input; original retrieval date unknown
data/raw/hpa/rna_single_cell_type.tsv.zip,16346850,6ee897eac7e9b9a36e0b095790394ef6,cached public input; original retrieval date unknown
data/raw/tracerx_renal/TRACERx_s1_1_clinical.txt,13842,b3df423edab09ecd0045d411fc906db7,cached public input; original retrieval date unknown
data/raw/tracerx_renal/tumour_tpm.rds,35530712,fe911feb4b6a2593d097eba58a2d8b05,cached public input; original retrieval date unknown
data/raw/tracerx_renal/tx_annotation.tsv,44284,c849fa86e77540d3caa4ec97fdd28ac8,cached public input; original retrieval date unknown
