draw,strategy,delta_c,delta_brier3
1,hydra,-0.008913827958208154,0.0028070567859369232
1,survival_only,-0.007162425135558948,0.0041619582477358166
1,de_only,0.0037484176916246503,0.002013400893052833
1,ridge_eligible,0.019148292996278037,-0.0037642745254656495
1,matched_control,0.0021916151826030907,-5.965921280053383e-4
2,hydra,0.018369065849923417,-0.0051271114349930895
2,survival_only,0.002475114854517624,-8.771486926344412e-4
2,de_only,0.0034418070444104053,-0.0010415238492297446
2,ridge_eligible,0.03695252679938743,-0.010887604572058557
2,matched_control,0.0023660030627871255,-6.354569925480835e-4
3,hydra,0.00663885492339783,-0.0011623332373278034
3,survival_only,-0.007011076746026035,0.006404733957545913
3,de_only,-7.947924908293102e-4,0.0025236836110802685
3,ridge_eligible,0.025766021721930522,-0.006106671730281049
3,matched_control,9.278572969862453e-4,-2.2837423200409434e-4
4,hydra,0.014564245155022536,-0.006089654079196252
4,survival_only,0.0059194988358654,-9.054643461838374e-4
4,de_only,-0.0026800221101823895,0.0025296461932042685
4,ridge_eligible,0.02996264719183934,-0.008270266313560107
4,matched_control,0.0025878963501448915,-7.31576510534479e-4
5,hydra,0.005495035996893593,-0.004078390415178368
5,survival_only,0.012988266901748435,7.149405660489605e-4
5,de_only,0.004898935835274875,0.0027684088977515146
5,ridge_eligible,0.02794534349222343,-0.004262501361585558
5,matched_control,0.003098041685032449,-0.001020362168374786
6,hydra,0.012676425933909408,-0.004712822934008642
6,survival_only,0.010265974395981325,-5.731936343935845e-4
6,de_only,-0.005861183482971255,0.0030674075839998566
6,ridge_eligible,0.03234241157616543,-0.006074074783090933
6,matched_control,0.0014151562294990039,-3.7013313339254725e-4
7,hydra,0.0016801986649994326,5.147998772187884e-4
7,survival_only,0.001389598266964931,8.517751544610264e-4
7,de_only,-0.003605206150161122,0.004606461465565592
7,ridge_eligible,0.02117684355131303,-0.004522685941660715
7,matched_control,0.0014230613431022387,-5.018560952332913e-4
8,hydra,0.009021987718571645,-0.00300685050551214
8,survival_only,0.0010444616520502547,0.001209826056498678
8,de_only,-0.0010894815508454391,4.6949501213579546e-4
8,ridge_eligible,0.03266823936179797,-0.011831487391429066
8,matched_control,0.0025715366191857323,-5.461177680410878e-4
9,hydra,0.0069732694748045445,-0.0027633556167087348
9,survival_only,0.007693724671496993,-0.0024514040328330543
9,de_only,-0.006940521511318532,0.0018422719760874868
9,ridge_eligible,0.025649842400425737,-0.007582105320466087
9,matched_control,0.0026566785378034363,-1.3438191849974302e-4
10,hydra,0.01084192762047631,-0.005227066817185225
10,survival_only,5.231576973561136e-4,-6.946562569936198e-4
10,de_only,-0.0036189761860116023,0.0021969438589072854
10,ridge_eligible,0.031288205512844544,-0.009824765266436077
10,matched_control,0.002927057941121336,-4.1739400277095997e-4
11,hydra,0.01102944195786969,-3.4262821743211435e-4
11,survival_only,0.01046482979509713,0.002839301869800412
11,de_only,0.00519853816778223,9.93220152321675e-4
11,ridge_eligible,0.03793372479776622,-0.008706444841528624
11,matched_control,0.0010922678930727514,-3.179085131052861e-4
12,hydra,9.335340058574948e-4,-8.24208990386871e-4
12,survival_only,-0.01064513504718515,0.0071722266901367154
12,de_only,-0.002340953465668727,0.0014319175904668718
12,ridge_eligible,0.022874633908233,-0.003434691590702657
12,matched_control,0.0026297591929710373,-8.280135044354015e-4
13,hydra,0.010567534175600812,-0.010894711741902038
13,survival_only,-6.755410306484189e-4,-0.0055094507005091125
13,de_only,0.0010202861583834988,-0.0020478432415801328
13,ridge_eligible,0.030869634530309685,-0.01511829987374887
13,matched_control,6.7155553784225e-4,-2.1535264156478107e-4
14,hydra,0.006020499030923154,-0.010148833136922834
14,survival_only,-0.0017460844057201718,-0.002748348167355083
14,de_only,-0.0035393130903948133,-0.0030214333370113646
14,ridge_eligible,0.027481622461629773,-0.015560043157190081
14,matched_control,0.0029962808402157924,-8.42185381412941e-4
15,hydra,-0.005340466926070042,-0.0018365925205060835
15,survival_only,-0.006175097276264608,0.0023592550459302837
15,de_only,-0.006293774319066137,0.003743995671244266
15,ridge_eligible,0.024299610894941603,-0.009013223444035717
15,matched_control,4.8249027237352583e-4,-4.480554176931606e-4
16,hydra,0.009222123859743626,-0.005195210170848966
16,survival_only,0.004389746353104162,-3.428212082230694e-4
16,de_only,0.00300796736076363,0.0020489371968701433
16,ridge_eligible,0.031213194257341904,-0.010502579619433334
16,matched_control,6.697201801316166e-4,-5.647224596780076e-4
17,hydra,0.010907345363349608,-7.415288359419708e-4
17,survival_only,0.010450831716922371,9.483658707942572e-4
17,de_only,0.006254041027449619,0.0018731602444110262
17,ridge_eligible,0.034238523482043134,-0.010087533637791657
17,matched_control,0.001204960912243569,-4.1154679251096115e-4
18,hydra,0.004889460537598289,-0.0019228700123599424
18,survival_only,0.0013067143869067265,-0.0012186240121663638
18,de_only,-0.0018193341535249763,-2.6554232395968326e-4
18,ridge_eligible,0.02675688774559142,-0.009376699077570735
18,matched_control,0.0017634119971665751,-6.418677310078807e-4
19,hydra,0.0016656506615985943,0.0019793352524263676
19,survival_only,-0.0026015706243052604,0.005064090918111682
19,de_only,0.002074443288987704,0.002975698957719075
19,ridge_eligible,0.027222361673898233,-0.00842925752191491
19,matched_control,0.0014253953455014678,-0.0012962469041878449
20,hydra,-0.004063235918619468,-9.522340782736588e-4
20,survival_only,-0.014330386441724885,0.0028052733259304437
20,de_only,-0.004003397289889199,0.0010498197030909511
20,ridge_eligible,0.00627919545998531,-5.053708290842174e-4
20,matched_control,0.0014843840481797322,3.716500448014415e-5
21,hydra,0.007951753019762586,-0.001521223765352142
21,survival_only,-9.275603087252505e-4,0.0027692063197529925
21,de_only,-0.005845706572526199,0.004248491521494133
21,ridge_eligible,0.024845118194718473,-0.009505951837980036
21,matched_control,8.064237012425201e-4,-4.4943392754760725e-4
22,hydra,0.005813649763050854,-5.266067622898857e-4
22,survival_only,-7.518937273779059e-4,0.003634430112445841
22,de_only,0.005384529273480343,0.003295157884991115
22,ridge_eligible,0.02647486846524123,-0.006951028273403545
22,matched_control,-3.302362028433925e-4,2.1166713415288752e-4
23,hydra,0.0015752491194534369,-6.489881895012373e-5
23,survival_only,0.013497584028035903,-0.0022907834631255147
23,de_only,0.00523903077930582,0.003036279559885141
23,ridge_eligible,0.03761659498398201,-0.011302231402790052
23,matched_control,0.002120391511354169,-6.412674497750598e-4
24,hydra,0.011196864393082262,-0.002903161889952052
24,survival_only,0.01312227250686926,-0.00069337020447858555
24,de_only,0.0018203491191207343,0.003203340699552487
24,ridge_eligible,0.044126798125100994,-0.011849215135480758
24,matched_control,0.0022405850977856743,-3.6981423191744244e-4
25,hydra,0.006041193340534101,-9.941609577346993e-4
25,survival_only,0.005895936533949142,9.258691923880791e-4
25,de_only,-0.0021639539647658967,0.004598353413546549
25,ridge_eligible,0.029449886401728166,-0.005872972442753144
25,matched_control,0.0018212968825654264,-5.745488031655144e-4
26,hydra,0.007956508086041758,-4.984657954267196e-4
26,survival_only,0.005226487674674163,0.0010821960661194703
26,de_only,0.0014189825718323057,0.0037594024500467336
26,ridge_eligible,0.030414900298319968,-0.007854206089435692
26,matched_control,5.887894488930456e-4,-2.464533327672713e-4
27,hydra,0.015135767182018967,-0.0023001570890274744
27,survival_only,9.072798925988335e-4,0.004872160949531343
27,de_only,0.005229310120826292,-0.0010469042380939126
27,ridge_eligible,0.028593391364600918,-0.001999138169893608
27,matched_control,0.0016521588497683149,-4.223448895771281e-4
28,hydra,0.011309957164383776,-6.89934295427952e-4
28,survival_only,-0.0020605116570441727,0.007455123383616572
28,de_only,-0.005236781064287288,0.005332411052765554
28,ridge_eligible,0.027468973807629127,-0.002988830574154966
28,matched_control,0.0010192506306825,-6.59705410278183e-5
29,hydra,0.009248436378550228,-0.0014821356745043507
29,survival_only,-0.0054598585050753545,0.004104418974342358
29,de_only,0.004651560203698013,9.04918589487122e-4
29,ridge_eligible,0.025072627225810863,-0.004277392525523107
29,matched_control,0.0015687480775145924,-1.0641212882147311e-4
30,hydra,0.002702244452451097,-0.0026115229676800964
30,survival_only,0.0012271368925248383,7.565928955849816e-4
30,de_only,0.001426361189411418,6.487486773047946e-4
30,ridge_eligible,0.035453447216158354,-0.008809780509262496
30,matched_control,0.0035754403068901986,-9.949643454715106e-4
31,hydra,0.006341540238332721,-0.004613129842970179
31,survival_only,0.008287399163560649,-0.0023371966373513546
31,de_only,-0.0035714910668976584,-8.917696025379119e-4
31,ridge_eligible,0.02886590722172643,-0.00805093681907933
31,matched_control,0.0028260451117294028,-6.419236112757104e-4
32,hydra,3.1066892131031976e-4,-0.0014193773122433584
32,survival_only,-0.0021471548232332993,6.900724760554117e-4
32,de_only,-0.0013252585630579294,0.00297982451660653
32,ridge_eligible,0.022466475284124432,-0.005427556278699846
32,matched_control,0.003208934680876141,-7.292848043325944e-4
33,hydra,-0.0029938147348387957,1.7110790780123508e-4
33,survival_only,-0.015216118288621327,0.006070620314118827
33,de_only,0.0033250375141821832,-9.812098291411108e-4
33,ridge_eligible,0.009274237821615471,-0.001009800868430183
33,matched_control,6.44145957618103e-4,-2.9096814868709297e-5
34,hydra,6.631858183502537e-4,0.001770056009430629
34,survival_only,0.0016884921470377678,0.006400865353082175
34,de_only,-0.0016421744073434775,0.002243424273542102
34,ridge_eligible,0.029626510589919563,-0.0031371395697932262
34,matched_control,0.003974904206492913,-0.001111713131901468
35,hydra,0.021205090091723146,-0.013229029306610027
35,survival_only,0.004676793677264956,-0.006917756286368188
35,de_only,0.008182576224486083,-0.004274983980116431
35,ridge_eligible,0.03928869231048108,-0.02139751234033822
35,matched_control,0.0027788855454446313,-8.52081311873007e-4
36,hydra,0.006883281965557453,-0.0014013976681609835
36,survival_only,-0.006216371519615527,0.0054920742068555765
36,de_only,-0.002004213898901275,0.002762323731342256
36,ridge_eligible,0.022488638144491424,-0.006825561711085726
36,matched_control,0.0014957599818906542,-6.022317714274833e-4
37,hydra,0.0016069513370053357,-9.83078761642428e-4
37,survival_only,-0.0026194761047790283,9.000669497924857e-4
37,de_only,9.634436749013875e-4,0.001770797096956289
37,ridge_eligible,0.025989347585028466,-0.008767472092895218
37,matched_control,0.0011125047717729154,-2.855534618454947e-4
38,hydra,9.52911016663327e-4,2.2357968100226723e-4
38,survival_only,-0.003691897726506077,0.006009244373737538
38,de_only,3.305673615327964e-4,0.003852951409512137
38,ridge_eligible,0.022301490926263257,-0.003227651016228514
38,matched_control,0.0015769412399649352,-7.072600815099417e-4
39,hydra,0.00819652629074471,-0.005654893163960606
39,survival_only,0.0012559056456272644,-2.7539066465891436e-4
39,de_only,-0.0035807756364501396,0.0021353303591561484
39,ridge_eligible,0.030858910302165133,-0.01252656745167036
39,matched_control,0.001543115461745026,-0.0011261736163776486
40,hydra,0.012537799909461267,-0.007976242193824753
40,survival_only,0.006419194205522827,-0.00412192565958725
40,de_only,0.0023829787234042276,-0.00094918517927901065
40,ridge_eligible,0.03186781349026706,-0.01557242459702791
40,matched_control,0.0026600271616115446,-8.004391990064641e-4
41,hydra,-0.006862654177872596,-8.56789986122708e-5
41,survival_only,-0.006002040248539375,0.003673408454361096
41,de_only,-0.0017286469442641338,0.0020236946845641453
41,ridge_eligible,0.02044143559306314,-0.009677401625355095
41,matched_control,0.001621070203097441,-8.657605469389346e-4
42,hydra,0.011656219428240133,-0.006008032955898082
42,survival_only,0.0024892206239356175,-0.0034825773548375016
42,de_only,0.0027736512192470418,-0.0012805131783401257
42,ridge_eligible,0.03105366136454214,-0.014098627337410075
42,matched_control,0.0014529511938838114,-7.502262744408627e-4
43,hydra,0.002161454347567304,-7.944256945211725e-4
43,survival_only,-0.006298998350424268,0.00396364795370073
43,de_only,-4.948727105759998e-4,0.0014716300484153345
43,ridge_eligible,0.020095913473802372,-0.0068024788750748934
43,matched_control,0.0016971923201197336,-5.078818939236757e-4
44,hydra,0.0014709329582747177,7.110233267193427e-4
44,survival_only,-0.005487185497734026,0.0049677595125037725
44,de_only,-0.0031274417877793282,0.005290834530506544
44,ridge_eligible,0.020141819034224084,-0.004297942434346991
44,matched_control,0.003625566494764809,-0.0011693099582975874
45,hydra,0.009398902805906773,-0.0012426731778828637
45,survival_only,8.238787187604069e-4,0.005470889788578523
45,de_only,0.002660400731462709,0.002274766441001949
45,ridge_eligible,0.02382169612835986,-9.576189570233678e-4
45,matched_control,4.5814735434648315e-4,-4.3676092014974246e-5
46,hydra,0.01559251926748213,-0.0017163171779271374
46,survival_only,0.015629640104645404,-5.926759987039676e-4
46,de_only,-0.002297956586297123,0.002922491685632042
46,ridge_eligible,0.036376652761083206,-0.0067982091085556275
46,matched_control,0.003692639468288195,-5.293380730694685e-4
47,hydra,0.010166259914582055,-0.0025507616450267585
47,survival_only,-5.395820622330682e-4,0.0020563253899495036
47,de_only,-7.817266625993468e-5,0.0038224706757698096
47,ridge_eligible,0.03023566198901768,-0.0076245557028088995
47,matched_control,0.0019619432580841646,-6.957912443669057e-4
48,hydra,0.0023953054147773044,-0.005240779131577594
48,survival_only,-0.005976704899084207,0.0045625015886772815
48,de_only,4.1966746688008036e-4,1.5232334758822353e-4
48,ridge_eligible,0.021655552591802286,-0.00729544418516877
48,matched_control,-3.8588067929222757e-4,-2.0077354388829682e-4
49,hydra,1.5316802532375773e-4,0.0020858535898336692
49,survival_only,8.509334740207653e-5,0.003024554733001364
49,de_only,-0.0012917170135638757,0.003897253527726027
49,ridge_eligible,0.021530318759679368,-0.0035602532544200954
49,matched_control,0.0023979305297911814,-2.6093716962247713e-4
50,hydra,0.014587818400045739,-0.0048505549454512685
50,survival_only,0.014644973232486813,-0.0048335603042911094
50,de_only,-0.0029911028977500087,0.003175261256094952
50,ridge_eligible,0.03937396406866199,-0.012048996954399807
50,matched_control,0.0011945359980186309,-2.0262276168017123e-4
51,hydra,0.006934967274752834,-0.0029774829141032966
51,survival_only,-0.0034518172956412353,0.004460271284670594
51,de_only,-5.326556189945598e-4,0.0023633875257703966
51,ridge_eligible,0.028133268347026896,-0.008561223669448165
51,matched_control,0.0019704776493524533,-3.8575217448518775e-4
52,hydra,0.0032328382472474938,-5.6392244422107105e-5
52,survival_only,0.004714401832557435,-8.04206003850505e-4
52,de_only,-0.005006280942880359,0.0018750959814272216
52,ridge_eligible,0.026662602527155865,-0.009052478081595159
52,matched_control,0.0029686691790438147,-4.5142728620934937e-4
53,hydra,0.008989557397153337,-0.0031508831402751987
53,survival_only,0.011486863131294356,-0.0017432605023186749
53,de_only,-9.216247352186957e-4,0.0032938832882470626
53,ridge_eligible,0.03665502248318405,-0.009394055006270946
53,matched_control,0.0035136943030213085,-0.0011393123299429653
54,hydra,0.0021682714006318604,-0.00435584544311689
54,survival_only,-0.0020441552580111487,-4.114206356484101e-4
54,de_only,-0.00262336392357454,-0.00144075847693865
54,ridge_eligible,0.018237550774785616,-0.008027824743476191
54,matched_control,-3.1217090416727487e-4,2.4431421933490683e-5
55,hydra,0.018410571716986325,-0.006098653686878083
55,survival_only,0.011605028907038639,-0.0024462135166148204
55,de_only,0.004206662384142435,0.0017350350214214467
55,ridge_eligible,0.037248784069009847,-0.006878177765723614
55,matched_control,0.002108837294668253,-4.778988892919833e-4
56,hydra,0.008635276962986837,-0.0024857108839021896
56,survival_only,0.0061530375218297965,3.3343369630798035e-4
56,de_only,-2.3228606792248253e-4,7.3835639838222e-4
56,ridge_eligible,0.03417826684073995,-0.009095047662879219
56,matched_control,0.0018362467997083743,-7.095310072992328e-4
57,hydra,0.010096758322855726,-0.0046895250197006464
57,survival_only,-0.0010623371417117888,2.404658181796776e-4
57,de_only,0.003996064068222805,-0.0019974873168144306
57,ridge_eligible,0.030780444250077442,-0.010457415070899156
57,matched_control,0.003227099619162133,-0.001092766600586062
58,hydra,-0.001364686122191916,0.0023767893680417566
58,survival_only,-0.0064728112534117145,0.005748287833218677
58,de_only,-0.008939743858912452,0.0036922690886813936
58,ridge_eligible,0.021415074532857438,-0.0034068884229061236
58,matched_control,0.0012702078521939718,-3.779465603707483e-4
59,hydra,0.0013069434733501862,0.0037746674093192016
59,survival_only,-0.0030638770863586685,0.003919811749608126
59,de_only,-0.005369404256082044,0.004995375508053401
59,ridge_eligible,0.02332598289678911,-0.0033649366523410885
59,matched_control,0.0018340235572527508,-3.3100917126016317e-4
60,hydra,0.014133287026317798,-0.00381571781872683
60,survival_only,0.012865632476653566,0.0016303734360369776
60,de_only,0.002149417303388157,1.84866282777163e-4
60,ridge_eligible,0.04122289110133519,-0.004881160494223333
60,matched_control,0.002402176429729097,-3.7455881919792877e-4
61,hydra,0.001134020618556697,-0.002215427341164872
61,survival_only,-0.01136117420933076,0.006363703623089023
61,de_only,-0.0019150795037567337,0.0037306348815298344
61,ridge_eligible,0.017415691071116547,-0.003699883174026661
61,matched_control,0.0019902149222435937,1.982802648108628e-5
62,hydra,0.0041224931893524275,-0.0013444750529387317
62,survival_only,-1.6411199002197564e-6,0.0011322123176888133
62,de_only,9.157449043227129e-4,0.002988990848698414
62,ridge_eligible,0.020430301637837635,-0.005662250992909959
62,matched_control,7.319394754980779e-4,-8.811220366927441e-5
63,hydra,0.01389394448076614,0.0014893655389815296
63,survival_only,-0.0010725708126446908,0.007100447747342411
63,de_only,-0.009806866573604533,0.0071502022511628766
63,ridge_eligible,0.03375505804604809,-0.0026754941389367263
63,matched_control,0.00334316964995669,-5.762736108335554e-4
64,hydra,0.005714451134784637,-0.003270527516321645
64,survival_only,-0.007563300910915538,6.143460884783597e-4
64,de_only,0.004546858113324059,-9.063059034435828e-4
64,ridge_eligible,0.023394318357264143,-0.009407811354665457
64,matched_control,0.0011984715145900604,-4.7209251119612885e-4
65,hydra,0.010208000000000017,4.735955603472758e-4
65,survival_only,7.857777777777852e-4,0.007500225732809437
65,de_only,-0.006174222222222225,0.006538145409064869
65,ridge_eligible,0.021120000000000007,-7.552981228959449e-4
65,matched_control,0.0020746666666666804,-2.8171371545107903e-4
66,hydra,2.704578210351971e-4,0.0020890207027780966
66,survival_only,-0.006485649721535191,0.006707452563463484
66,de_only,-0.00899272254942085,0.005621546112068043
66,ridge_eligible,0.01555132470952476,1.8496721498770797e-4
66,matched_control,2.8825109873490404e-4,-6.200914887059649e-4
67,hydra,0.005337116835451627,2.6403803863772613e-5
67,survival_only,-0.0054356691361381,0.0060996327789859086
67,de_only,0.0011826276082376075,0.0014900065216590902
67,ridge_eligible,0.027023720519268667,-0.008307115351792339
67,matched_control,0.0023108815333378607,-8.250245657383193e-4
68,hydra,-0.00421131378028119,0.0016803584311076813
68,survival_only,-0.014545974608902279,0.009312802151857832
68,de_only,-0.010556887940328729,0.007963432265794426
68,ridge_eligible,0.01822702369689102,0.001259882038758342
68,matched_control,0.0014741798499417259,-4.798968511130486e-5
69,hydra,0.006662748843017719,-0.0037180817140187615
69,survival_only,-0.0014838757070447018,0.002275139679999655
69,de_only,0.004629765665173024,3.663921665492592e-4
69,ridge_eligible,0.03623007419378538,-0.008572304873020183
69,matched_control,0.0021762286050099667,-5.737898159206029e-4
70,hydra,0.004881716698478822,-0.0029210576683626867
70,survival_only,-0.014699134324329543,0.00273999427675789
70,de_only,0.0026529392484624047,0.0011689021129762972
70,ridge_eligible,0.01620876472516245,-0.00447210269682054
70,matched_control,6.208186322710141e-4,-1.5756029948361394e-4
71,hydra,8.941034443732066e-4,0.0028391972975450623
71,survival_only,-0.0036273437205266434,0.004526480175617178
71,de_only,-0.008752405025087695,0.006500323012485751
71,ridge_eligible,0.02109065529860038,-0.0026178100529014757
71,matched_control,0.002827554985475533,-0.0010824986559283601
72,hydra,0.013438315486367314,-0.0035750197126458967
72,survival_only,0.001841087015207421,-6.892089364387565e-5
72,de_only,-0.005694231980563291,0.003791268545852461
72,ridge_eligible,0.02738414469540177,-0.006150960111044193
72,matched_control,0.002911904976154023,-5.847448845915342e-4
73,hydra,0.009894581098575939,-5.671469025033182e-4
73,survival_only,-1.1096726465686935e-5,0.0014018521720699812
73,de_only,0.002137969299056808,0.005247258498592094
73,ridge_eligible,0.029373034954688394,-0.006934965670546964
73,matched_control,0.005370815609395241,-0.0014110417263904023
74,hydra,-0.004335319923847359,-7.868111744391753e-4
74,survival_only,-0.0034992964158595983,0.0035411502781261955
74,de_only,-0.0038904064233092894,0.0017533029767323627
74,ridge_eligible,0.021829732638026657,-0.004924491481655344
74,matched_control,0.002431504014568353,-6.637365398110981e-4
75,hydra,0.002225957049486471,0.0015810283513649187
75,survival_only,-0.0014211017740429432,0.004279277797870848
75,de_only,-6.984126984126871e-4,0.0025617337023446348
75,ridge_eligible,0.018939309056956167,-0.0031984453717217058
75,matched_control,7.058823529411784e-4,-1.531106493300849e-4
76,hydra,0.004946439283571869,-0.005024089531785031
76,survival_only,0.005942240123403897,-6.461640110400873e-4
76,de_only,0.0010163681549404612,-3.9619892805190513e-4
76,ridge_eligible,0.030197960407918424,-0.010782322049838814
76,matched_control,8.381180906675944e-4,-7.680331827194214e-4
77,hydra,5.136891720214475e-4,-0.0011561037587641903
77,survival_only,-0.004915950140850256,0.0036373861198915835
77,de_only,-0.0013201259367002448,0.005582005176737509
77,ridge_eligible,0.020790602618157718,-0.005309580024180938
77,matched_control,0.0034227533003148404,-1.60141247783685e-4
78,hydra,0.01190405450908153,-0.0022905371778380867
78,survival_only,0.00909541069978408,4.930408229877808e-4
78,de_only,0.006896824925228262,9.815851530050907e-4
78,ridge_eligible,0.03291936538118723,-0.008105423703144113
78,matched_control,5.724245845464937e-4,-8.574748557297617e-5
79,hydra,0.0013605568101884291,0.0014202248192702576
79,survival_only,0.0027821998445077935,0.004328581202370041
79,de_only,-0.008274406723186845,0.003813961166652133
79,ridge_eligible,0.024799155899448366,-0.006101252436737714
79,matched_control,0.0033023582984709975,-7.531623456354303e-4
80,hydra,0.0017293829163517183,0.001997779046323975
80,survival_only,-0.007575729641033202,0.0061562847299185515
80,de_only,-0.0017736315197551366,0.004124614913034935
80,ridge_eligible,0.0190988034440163,-0.0036282167343084037
80,matched_control,0.002050185291026729,-4.7725087424407565e-4
81,hydra,0.006356825540245492,-0.0016864045910035459
81,survival_only,0.00802462163993678,-0.0011891243495187858
81,de_only,9.016640313229352e-4,0.003129014366771915
81,ridge_eligible,0.03720164144266247,-0.012877395675944675
81,matched_control,0.001520969806490502,-2.7490711708352545e-4
82,hydra,0.004742055009263224,4.82759001323485e-4
82,survival_only,-0.0021305401168590587,0.003926677166103532
82,de_only,-0.005976556933162314,0.005528848769627698
82,ridge_eligible,0.03157688470856492,-0.007145604893134458
82,matched_control,0.001125837252387052,-5.610850519763094e-4
83,hydra,-0.01219203471814111,0.0012821712262015643
83,survival_only,-0.010804213191085377,3.665133549342947e-4
83,de_only,-0.005763753899009983,0.0038519683637449425
83,ridge_eligible,0.011339903259346362,-0.004374496539532713
83,matched_control,0.002323583924777395,-3.9047063849552974e-4
84,hydra,0.016925054828707563,-0.005722244482039706
84,survival_only,0.01897451410421237,-0.006911135738820687
84,de_only,0.004688799818498091,9.254145273406289e-5
84,ridge_eligible,0.045250699538682625,-0.01613501198047689
84,matched_control,0.0010795583453074187,-9.094266751510204e-4
85,hydra,0.0034843127601486223,0.0042750013439319615
85,survival_only,0.002132658998344006,0.005923462421059855
85,de_only,0.006015306807501242,0.0015411307086947656
85,ridge_eligible,0.02446627579107551,-0.0035982336910961475
85,matched_control,0.0015127780512912525,-1.4872892394417468e-4
86,hydra,0.023978978738403857,-0.00728386701913433
86,survival_only,0.014835050390143068,-0.003107464699077256
86,de_only,0.0056670885873135405,8.483222253604289e-4
86,ridge_eligible,0.04229407335010336,-0.012580134872125434
86,matched_control,0.0029977728998766386,-9.463401296627872e-4
87,hydra,0.00865260003239915,-0.0030743410385427965
87,survival_only,0.0011380204114692983,-3.6155793053182784e-4
87,de_only,0.0037502024947351107,6.933592442051328e-5
87,ridge_eligible,0.027472460716021364,-0.006781517443704585
87,matched_control,0.001654381986068354,-5.005073081895961e-5
88,hydra,0.00973283818863574,-0.001861549335182039
88,survival_only,-0.003324199596192667,0.006148449055818117
88,de_only,0.0053558552062301645,-1.2596903231211487e-4
88,ridge_eligible,0.024387078165561005,-0.0046445768008570145
88,matched_control,0.001577372368041563,-5.8655451822196e-4
89,hydra,-0.002363213038416756,4.336472572182837e-5
89,survival_only,-0.008960031043849426,0.006269484866676894
89,de_only,-0.00810244470314322,0.002501956947327344
89,ridge_eligible,0.020391928599146292,-0.006100360266564883
89,matched_control,8.614668218859256e-4,-8.716860535780246e-4
90,hydra,0.006111203319502078,-0.005653347597114747
90,survival_only,3.452282157676567e-4,-3.959415969742641e-4
90,de_only,0.0032248962655601733,-1.779891607645606e-4
90,ridge_eligible,0.027276348547717856,-0.009143877004181655
90,matched_control,0.0017726141078838408,-3.0657588158329585e-4
91,hydra,-0.0028635641492618102,-0.0022205280131728346
91,survival_only,-0.013591273685434202,0.003257774612326647
91,de_only,-0.006697795171852605,7.711660746869992e-4
91,ridge_eligible,0.023263068159801614,-0.005254793173018887
91,matched_control,0.0031231836323478146,-7.566235968281543e-4
92,hydra,0.008245076265119944,-0.00158780083738502
92,survival_only,0.0029147776288981466,-1.958703193272432e-4
92,de_only,-0.009394100695655383,0.008132029574136381
92,ridge_eligible,0.029951726289899207,-0.010355593255783137
92,matched_control,0.0018960738606119576,-0.0017080087860349036
93,hydra,0.005810845089660288,-0.003037788970623212
93,survival_only,-0.0032234775312689145,0.0031223745678186448
93,de_only,0.0017541805693769507,0.0022310853189886097
93,ridge_eligible,0.028792756931842557,-0.0051935385411967655
93,matched_control,0.0021580908895783455,-5.879199333423013e-4
94,hydra,0.012439947714193555,-0.003658045093711809
94,survival_only,0.015169674232264419,-0.0010559858036140429
94,de_only,0.004269441662281215,-0.0010534682327684231
94,ridge_eligible,0.03384147894138216,-0.0064799738479752594
94,matched_control,8.58981105810852e-4,-3.7719998008311774e-4
95,hydra,0.014624599475677225,-0.00208468726872251
95,survival_only,0.006721526361782704,0.006034463070188167
95,de_only,-0.002208345470434037,2.8002421097912125e-4
95,ridge_eligible,0.03436498689193128,-0.001877647722901879
95,matched_control,0.0011906495776288662,-2.964932093240391e-4
96,hydra,0.003001287001287001,-0.002350835226138481
96,survival_only,-0.0019442299442299694,-3.541111079670006e-4
96,de_only,0.012767052767052756,-0.002287074834048422
96,ridge_eligible,0.024947232947232924,-0.007008299969903839
96,matched_control,4.444444444444362e-4,-1.2910008274886475e-4
97,hydra,0.008650033550905867,-0.0018290720997986814
97,survival_only,-0.005618251692795695,0.005277449435786033
97,de_only,-0.0015880762113910651,0.002105861897270822
97,ridge_eligible,0.025968401146830977,-0.005719408407888235
97,matched_control,0.0027491408934708027,-2.4506236431340864e-4
98,hydra,0.007859063089858731,0.0021767608485051965
98,survival_only,0.0013403496730157061,0.0031248080294641544
98,de_only,0.00500104863772427,0.0037836123857578397
98,ridge_eligible,0.03573566702892332,-0.010808151620263842
98,matched_control,0.001309843848309833,-2.4910633702793504e-4
99,hydra,-0.005454545454545401,6.485060505129342e-4
99,survival_only,-0.007655502392344482,0.003196060537264028
99,de_only,-0.003164983164983137,0.004015346815885163
99,ridge_eligible,0.020574162679425856,-0.005439229395145443
99,matched_control,0.0011660464292043483,-7.709635619111976e-4
100,hydra,0.011849312289528157,-0.0039023908541632596
100,survival_only,0.015937030875968716,-0.0034326979140529928
100,de_only,0.0022294802612894404,4.2942952014489997e-4
100,ridge_eligible,0.039410475919990286,-0.011225790958911385
100,matched_control,0.003438552359313529,-5.691713046689917e-4
101,hydra,0.007479036787698945,-0.004224578811042054
101,survival_only,0.0033979325592049083,0.0010350677301936256
101,de_only,0.00182643854442609,0.0033126495437474117
101,ridge_eligible,0.0278726074053419,-0.006622010876320386
101,matched_control,0.0018563148564941234,-8.2840298616145e-4
102,hydra,-0.0036420676847628173,0.004272111980907911
102,survival_only,-0.0035609325135676274,0.004947838868689228
102,de_only,-0.010381695905378362,0.0061527480848309665
102,ridge_eligible,0.028691199538431043,-0.0073601323436292415
102,matched_control,0.0014586300777094773,-8.069892622567882e-4
103,hydra,0.002425940275377003,7.131048354990732e-4
103,survival_only,-0.004150523534203565,0.003518365503943016
103,de_only,-0.005082354811150191,0.00473368630619829
103,ridge_eligible,0.024932943911307136,-0.004950704908868056
103,matched_control,0.0018775704833998929,-4.6589148018369165e-4
104,hydra,-0.0033854704545881243,0.002696028144102522
104,survival_only,-0.011527123195072963,0.006854063208641637
104,de_only,-0.005236870270574756,0.003801041604268157
104,ridge_eligible,0.01342922057194359,-0.0011588265798597257
104,matched_control,0.0015152937642000097,-4.1603793852526273e-4
105,hydra,0.005680535837792577,-0.004188387542189415
105,survival_only,-0.005813403225219349,0.001520205787179732
105,de_only,-0.0022587455862545956,0.003325829205428657
105,ridge_eligible,0.023502966764952126,-0.008995444801014324
105,matched_control,0.0014906628808561862,-3.847062563869519e-4
106,hydra,0.0010515053128689277,0.0026784626983043956
106,survival_only,-0.007450929752066138,0.004998475371626973
106,de_only,0.0014370572609208598,0.002131047021890978
106,ridge_eligible,0.024271325265643396,-0.006961972412734968
106,matched_control,0.002114079102715438,-2.514787520145195e-4
107,hydra,0.009555754575102693,-0.0047479925523546684
107,survival_only,0.0024890586187667927,0.0016906206097916515
107,de_only,0.007495902262626952,6.081158732760466e-4
107,ridge_eligible,0.035546393146217416,-0.008096885544573773
107,matched_control,0.0015816421365687171,-7.328786508243368e-4
108,hydra,-0.007253719748019782,0.0013650659495255484
108,survival_only,-0.01272567597237,0.006387149919758667
108,de_only,0.005350357197142397,9.688585520938542e-4
108,ridge_eligible,0.01828714259174815,-0.007384531945240466
108,matched_control,0.0018966070493658172,-0.0010920605214221723
109,hydra,0.006875102308070069,-0.0037901904702189017
109,survival_only,-0.003501209508739389,0.0024387470923424304
109,de_only,-0.011045633946272337,0.006996048952956624
109,ridge_eligible,0.027449482548516767,-0.006217234481097822
109,matched_control,0.002338989832851335,-0.0011072344629052626
110,hydra,-0.005337924320816268,0.004954437375816312
110,survival_only,-0.0042094067170232894,0.005180519536774783
110,de_only,-0.008618917993185603,0.0025361099123929116
110,ridge_eligible,0.01815362982459303,-0.003510803295481585
110,matched_control,0.0025851345748229004,-7.90565722163239e-4
111,hydra,0.005859697941241715,8.709849309886109e-5
111,survival_only,0.0021192507007037455,0.002315665633691211
111,de_only,-0.006555360635573548,0.004627394990374789
111,ridge_eligible,0.027225616518460272,-0.006077771971226745
111,matched_control,0.0028310447038896623,-0.0010065183942175953
112,hydra,0.012218518662067357,-0.0014679645739180374
112,survival_only,0.004794387814425804,0.00362705541976808
112,de_only,0.0044940118600054315,-1.60798364405515e-4
112,ridge_eligible,0.029659703112282478,-0.002602304534865324
112,matched_control,0.002168520599976742,-1.4551424565026615e-4
113,hydra,0.005814733559371221,-0.003958740875530564
113,survival_only,-0.0036208365818722445,5.331242832023076e-4
113,de_only,-0.004483890268888358,0.0012883789780032795
113,ridge_eligible,0.028391927909633196,-0.011955153765379959
113,matched_control,0.0021322502855692484,-0.001096541605140286
114,hydra,-0.004150685451714575,0.004430234301635564
114,survival_only,-0.023060418486309943,0.010053713126986507
114,de_only,-0.00950518360991912,0.005893765255967728
114,ridge_eligible,0.010986215015379941,1.4737649967735134e-4
114,matched_control,0.0010708996316408982,-3.978559461235681e-4
115,hydra,6.574855619724595e-4,-0.0021756738670716787
115,survival_only,-0.006670812972012441,0.002727278870606162
115,de_only,-0.011923589515770782,0.0026953257855389435
115,ridge_eligible,0.02394313638382938,-0.004419423053605704
115,matched_control,0.0029586850288760404,-5.245157137280243e-4
116,hydra,0.0020542698169502384,-0.0019417355826694793
116,survival_only,0.002229658898475928,0.0018346793083884871
116,de_only,3.588420288686223e-4,0.002920400608156648
116,ridge_eligible,0.028656963148133208,-0.006465209458904511
116,matched_control,0.004644786710749138,-9.278875000963638e-4
117,hydra,0.0050282932512274335,-8.870415456560171e-4
117,survival_only,-0.004689190313722225,0.003599183660953173
117,de_only,2.7669135391531483e-4,0.0024295502840392
117,ridge_eligible,0.02097237247233087,-0.0014873926083702749
117,matched_control,4.576849463260313e-5,7.714369408668708e-5
118,hydra,0.010295126973232671,5.028038474087198e-4
118,survival_only,0.0051271587304531855,0.003204859000885407
118,de_only,5.731881504016156e-4,0.00435459559903775
118,ridge_eligible,0.030970709900016703,-0.002260175553064808
118,matched_control,0.0028455359958448278,-5.766104018965601e-4
119,hydra,0.006480961473660507,-0.0014573757740249187
119,survival_only,-0.0025216219251937844,0.0023339922838174405
119,de_only,-0.0030345576397469154,0.0018683204264307613
119,ridge_eligible,0.027528174023737296,-0.0037562044432101595
119,matched_control,0.0022445617582088073,-4.687843823161786e-4
120,hydra,-0.002603694161193193,3.720092643934747e-4
120,survival_only,-0.005954929781906615,0.0015442174210400117
120,de_only,-0.00211742932830139,0.00634081297585092
120,ridge_eligible,0.028058206626265524,-0.008754897650836582
120,matched_control,0.0023115723772543896,-7.277210483753238e-4
121,hydra,0.0014031555592078138,-8.836490618595192e-4
121,survival_only,-0.014495850110937625,0.004627242297249384
121,de_only,0.003888980195578917,0.0013099168400520153
121,ridge_eligible,0.018035582217109047,-0.004812775800087264
121,matched_control,4.7456652148903934e-4,-9.675876651525639e-5
122,hydra,0.019177214043855383,-0.006241279242356221
122,survival_only,0.009491734115559402,-1.0317115998315086e-5
122,de_only,0.005656653448494387,-6.388928503705232e-4
122,ridge_eligible,0.04184547413402865,-0.008917015723925833
122,matched_control,1.158853459358955e-4,-4.945074054952342e-4
123,hydra,0.005996162742742395,0.0024513795475408274
123,survival_only,0.002288009467625396,0.0020890054796851992
123,de_only,0.007907618928078309,4.314669254344511e-4
123,ridge_eligible,0.020742706521544207,-0.006487172744713926
123,matched_control,0.00124441894242322,-2.614731595473346e-4
124,hydra,-0.0010393707156289955,-0.0013794464842997512
124,survival_only,-0.007613289385881561,0.004546534759986673
124,de_only,-0.006040078458334175,0.003746546408898671
124,ridge_eligible,0.01867025256303966,-0.002427682936347028
124,matched_control,0.0014357066305380583,-8.823520450419147e-4
125,hydra,0.004228370629235589,0.001392459808748106
125,survival_only,0.002411522792655363,0.004732361329768594
125,de_only,-0.0021605236228834034,0.004460325521646815
125,ridge_eligible,0.029641071187226076,-0.002505169842190466
125,matched_control,0.0027745062074025382,-3.890321149070702e-4
126,hydra,0.004241542637171569,-0.005673935706249317
126,survival_only,0.0018484681839952889,-0.0016316208197089844
126,de_only,-8.426318497099627e-4,-4.1460084992503144e-4
126,ridge_eligible,0.02790619290060492,-0.010937593901059825
126,matched_control,0.0016941335083642262,-0.0011626671757892393
127,hydra,0.012961400003444878,-0.004247881524502448
127,survival_only,-9.335652892846769e-4,0.002048715411159696
127,de_only,-0.0032536989510309035,0.0029719333739627596
127,ridge_eligible,0.03403379437449398,-0.011265032588436885
127,matched_control,0.0020617668842688895,-5.480646969844655e-4
128,hydra,0.006535609268951248,-7.090280037764795e-5
128,survival_only,-0.0020398350378192263,0.0051537636447455985
128,de_only,-0.0053483254119431,0.004846247424185934
128,ridge_eligible,0.023483069184250926,-0.0014033523996794973
128,matched_control,0.0016200321787213756,2.012641809591903e-4
129,hydra,0.0067205453172513915,-0.0043810850840873775
129,survival_only,0.004112328823037192,-6.621581867689407e-4
129,de_only,0.0026694422335149736,1.1588724520650018e-4
129,ridge_eligible,0.03676197473417825,-0.01119803440380748
129,matched_control,0.00408783852731689,-8.420352120276281e-4
130,hydra,-0.0011432346934689198,5.526104369493884e-4
130,survival_only,5.806270772434119e-4,0.0017995231797750422
130,de_only,0.0018520001601729842,0.0016223387763304232
130,ridge_eligible,0.022085852720938624,-0.003660889071483353
130,matched_control,8.248908821527401e-4,-1.4764355003673568e-4
131,hydra,0.015372662291365791,-0.005580450982597013
131,survival_only,-0.0022321346958922073,0.002846476518111657
131,de_only,-0.004639768925613796,0.0049680104896965725
131,ridge_eligible,0.026630226138461832,-0.007308245750180162
131,matched_control,0.0022010566534432564,-5.033779467426113e-4
132,hydra,0.01971251713680362,-0.008460440863646728
132,survival_only,0.015371193552407481,-0.003472458517238686
132,de_only,-3.738938972208672e-5,0.002085538383976271
132,ridge_eligible,0.039940176976444676,-0.009676700078553266
132,matched_control,0.0029205267749574104,-8.531116945837941e-4
133,hydra,-0.0018225025134813943,-2.3323821539937285e-4
133,survival_only,2.851658897723874e-4,0.0030649940373103563
133,de_only,4.6796453706240417e-4,7.562313608400178e-4
133,ridge_eligible,0.024957499314505072,-0.007097119614538708
133,matched_control,0.001802394662279505,-0.0010113380085825547
134,hydra,0.01570006611327407,-0.003652953939187456
134,survival_only,0.0061705722471167125,-2.2619832583988252e-4
134,de_only,-0.0024168074634540737,3.96072831601707e-4
134,ridge_eligible,0.02879049438037168,-0.008970394465974724
134,matched_control,0.002391096745757715,-0.0010483835515562368
135,hydra,0.0010300797596480393,0.0036234532568304723
135,survival_only,0.0011266497371150374,0.006218028166974273
135,de_only,-0.011990772202153166,0.008841140205782383
135,ridge_eligible,0.022883507993848105,-0.0011490538270037183
135,matched_control,0.003954004077399043,-7.814545330390527e-4
136,hydra,0.00266301783523637,-0.0038207403720626728
136,survival_only,0.0017136925544965487,4.372586342588358e-4
136,de_only,0.008274039822591294,9.668600442408248e-4
136,ridge_eligible,0.029664999528168333,-0.010747201224855826
136,matched_control,0.003608568462772488,-7.697972276964477e-4
137,hydra,0.007017983807408479,-0.002964183984933233
137,survival_only,0.0015494017338969824,0.0018387076732871931
137,de_only,-0.0063176183993694625,0.001362642852375659
137,ridge_eligible,0.028833201977502332,-0.008173973918554314
137,matched_control,0.0029340116070789126,-0.0010783124098021346
138,hydra,0.0035342465753424703,0.0027771504472942493
138,survival_only,0.00829158512720155,0.0030993176312561904
138,de_only,-8.180039138943162e-4,0.005112975184261001
138,ridge_eligible,0.030352250489236787,-0.005766619656276883
138,matched_control,0.0033111545988258385,-7.139667865530497e-4
139,hydra,-8.366029353760295e-4,0.0029726187508827316
139,survival_only,-0.017134790641672372,0.009160529613815716
139,de_only,0.003099375142720728,0.0032141304979168674
139,ridge_eligible,0.00954101015133586,0.0017252219825592413
139,matched_control,-1.9098627805110845e-4,1.1845548221793011e-4
140,hydra,0.008995535304168922,1.2866683203674733e-4
140,survival_only,0.002013706432469209,7.985633520750712e-4
140,de_only,0.008955114189648528,-0.002611278594037353
140,ridge_eligible,0.02794936336744631,-0.008214228872176649
140,matched_control,0.0025391809212339856,-3.849232033255573e-4
141,hydra,0.002964923124468821,-0.002086156186727031
141,survival_only,-0.005715444641891376,0.0026807844609392367
141,de_only,-0.002364212315537362,-1.7452794642387192e-4
141,ridge_eligible,0.02246581163563317,-0.008966767325788355
141,matched_control,0.002004944757784133,-3.5242648061342143e-4
142,hydra,0.009919303497995479,-0.0036525464555672905
142,survival_only,0.006744782257093185,0.0014342218455394601
142,de_only,7.450231421738063e-4,-2.8701305228132078e-5
142,ridge_eligible,0.03188974345738914,-0.006025632202971984
142,matched_control,0.0012835733581100684,1.1821633287792399e-5
143,hydra,0.01225788108184952,-9.286147974289699e-4
143,survival_only,0.003943206454135107,0.0022936626912033547
143,de_only,0.004023172335359137,0.001014085974147022
143,ridge_eligible,0.020174503323026605,-0.004112156519262183
143,matched_control,8.671855563848196e-4,-2.526574524251618e-4
144,hydra,0.017739490800253277,-0.0014926417860101487
144,survival_only,0.006845609255386531,0.002469505799454599
144,de_only,-0.002171869304119245,0.004081181772789303
144,ridge_eligible,0.03384240517257921,-0.005205010638147209
144,matched_control,0.0032424550565031463,-7.862421139893161e-4
145,hydra,-0.001332224652482794,-5.37470833416337e-4
145,survival_only,-0.0020227400083150937,-1.5202899601404752e-5
145,de_only,6.941306194754082e-4,0.0029069868409629775
145,ridge_eligible,0.0171092351909763,-0.006942581336454656
145,matched_control,0.0015762549483921084,-5.264655266716295e-4
146,hydra,0.017712058360749537,-0.010434179571756172
146,survival_only,0.01562902302960949,-0.009341898921488697
146,de_only,-0.0025944070948362152,-0.0027143704598958235
146,ridge_eligible,0.040469889858389355,-0.01772120505250138
146,matched_control,0.003245243884995019,-8.811122293189893e-4
147,hydra,-4.4883142892905293e-4,6.968728963219456e-4
147,survival_only,-0.003338519035101828,0.005817908137345845
147,de_only,-0.005811562326770725,8.521063678097768e-4
147,ridge_eligible,0.020411995064642474,-0.0028120722615313704
147,matched_control,0.0025517229047082647,-5.298399147630917e-4
148,hydra,-0.0018797964990945992,0.0055426666611823605
148,survival_only,-0.009957747693369013,0.01170347383255734
148,de_only,-0.00458566870742434,0.0039130795777551405
148,ridge_eligible,0.013979477451064915,0.0018960202107755925
148,matched_control,-3.345692851599691e-4,-2.9543139155977784e-4
149,hydra,0.012244449329522978,-0.002954685134750487
149,survival_only,0.003371831509883849,0.0023573352557250656
149,de_only,-0.0038131795660922728,0.0022571337237748236
149,ridge_eligible,0.030094526269509803,-0.00615974981555871
149,matched_control,0.001193838037100292,-3.688499649927068e-4
150,hydra,0.005379387394097402,-0.0013638712250196611
150,survival_only,-0.0059994413927939695,0.005042650607273208
150,de_only,-0.001502653384228636,0.0030161030973824
150,ridge_eligible,0.01539893864630858,-0.0036355404447427518
150,matched_control,7.503956801042877e-4,-3.1222094614734297e-4
151,hydra,0.005534942301800716,0.0016626576513887215
151,survival_only,0.004854137590632112,0.0045305388271562105
151,de_only,-0.005218368111107352,0.004926673095352446
151,ridge_eligible,0.028615924022194216,-0.0037907329419054614
151,matched_control,0.0027044967151172326,-2.3908193821916e-4
152,hydra,0.010453977509371104,-0.0014504488092425827
152,survival_only,-0.004297451819317721,0.005476682253527046
152,de_only,-0.005056605202377817,0.005761756531565018
152,ridge_eligible,0.032316080421036675,-0.004824397106813208
152,matched_control,0.0015637423800688888,-6.364566997628329e-4
153,hydra,-0.0076772104281835896,5.639689067142406e-4
153,survival_only,-0.006713879166530401,0.002018486864636679
153,de_only,0.0013395047594125021,0.0027284601348980643
153,ridge_eligible,0.015449281999280352,-0.0052889323890068065
153,matched_control,0.001628994798992489,-4.3003566760692336e-4
154,hydra,0.014524428319757176,-0.005746259283167488
154,survival_only,0.003364671818039089,-7.798569956920492e-4
154,de_only,6.697947009471017e-4,0.002268983277836123
154,ridge_eligible,0.03831958277371752,-0.013369584892982001
154,matched_control,0.0017634438610873437,-6.769655453393864e-4
155,hydra,0.0035530381050463467,-3.314800876113716e-4
155,survival_only,-0.009857289980873919,0.005195750516456671
155,de_only,-0.006083566279240837,0.004577048480879931
155,ridge_eligible,0.015113285272914534,-0.006812103326776034
155,matched_control,0.0014160659114315188,-0.001252184973439946
156,hydra,0.015198516395515494,-0.009635783436399797
156,survival_only,6.174660709769797e-4,-0.004031026209013122
156,de_only,-4.910225069544194e-4,-0.00120571961140368
156,ridge_eligible,0.03056983899519513,-0.013740412498997287
156,matched_control,0.0011485290398718594,-7.714870098180365e-4
157,hydra,-0.0010640252866803812,0.001095761557006475
157,survival_only,-0.0012128785651278839,0.004319201282186639
157,de_only,-0.0072607321376065735,0.005721289218781647
157,ridge_eligible,0.024470743898853266,-0.0016884343676084213
157,matched_control,0.0017788885621876083,-9.700386926229931e-4
158,hydra,6.565594168622902e-4,0.005908919777113939
158,survival_only,-0.008559981644575432,0.010291587471169114
158,de_only,-0.0032810321396424037,0.005165126747805287
158,ridge_eligible,0.016228666231313648,-9.251831311242825e-4
158,matched_control,0.002428563864522848,-3.6899323164183426e-4
159,hydra,0.012092379551941868,-0.0070203715056307205
159,survival_only,0.008995761612317276,-4.733084925227199e-4
159,de_only,0.008170573479802778,-0.0014623970209924563
159,ridge_eligible,0.0312931407317706,-0.008084373850243997
159,matched_control,0.0022489404030793026,-6.288085211810013e-4
160,hydra,0.00671333121221761,-0.0043879643961475395
160,survival_only,-6.419494301061146e-4,-4.63482786112171e-4
160,de_only,0.004068799011809621,0.0025492039721839803
160,ridge_eligible,0.030240871404240966,-0.011063627776720366
160,matched_control,0.002835432614025557,-9.027793095411019e-4
161,hydra,0.0038255199735886315,-0.004521909761069502
161,survival_only,0.0029815945856718207,-0.002816936564333815
161,de_only,-0.008408303070320266,0.002145338228895813
161,ridge_eligible,0.028858534169692907,-0.010096493087510235
161,matched_control,0.0013535820402772792,-6.8230557418133e-4
162,hydra,0.003985550872968091,-0.0018614640891390865
162,survival_only,-0.003901264298615326,0.002030015260603049
162,de_only,8.961899028124054e-4,0.0026839892080777637
162,ridge_eligible,0.022728132794357935,-0.007960959916839816
162,matched_control,0.0021329663713769544,-8.739292889771266e-4
163,hydra,0.007697300331538215,-0.0028132513382052833
163,survival_only,-0.003615345483887955,0.005605133905440434
163,de_only,0.005518620520286977,0.001013119806971452
163,ridge_eligible,0.025272334976406397,-0.005265448141313059
163,matched_control,9.735646499552719e-4,1.241593968169641e-4
164,hydra,0.005312303539070295,-0.0012375736599521292
164,survival_only,-0.004922155245737958,0.0016832587389706472
164,de_only,0.0037443141895639907,-6.893962510036266e-4
164,ridge_eligible,0.025015716874375947,-0.00843149465397285
164,matched_control,2.939980030324252e-4,1.0340248552546393e-4
165,hydra,0.003814884302689181,-5.211496206886104e-7
165,survival_only,-0.010167068703654058,0.007234315288704357
165,de_only,-0.00428839453229698,0.0036918256520587305
165,ridge_eligible,0.019149468417761117,-0.00204401237701623
165,matched_control,0.001995890288573199,-1.8825481092306086e-4
166,hydra,-0.004268133019114983,0.002608037725317372
166,survival_only,-0.007630269704111059,0.006099721657370691
166,de_only,-0.010041022955398448,0.008306384710887104
166,ridge_eligible,0.014344069128043969,-4.90555388952274e-4
166,matched_control,0.0016705943964388404,-8.254564732387587e-4
167,hydra,0.007385185993236598,0.0017494907258100655
167,survival_only,0.007983346060143271,0.0010448923431463169
167,de_only,-0.004927093560234163,0.005997068490100491
167,ridge_eligible,0.03762045016544853,-0.008546630528109233
167,matched_control,0.005667066652121733,-0.0012328461728890767
168,hydra,0.018283291182566674,-0.0045088980359289845
168,survival_only,0.010013500922246076,-0.0012013368302138867
168,de_only,-0.0042765597368271124,0.0021365216244213976
168,ridge_eligible,0.03802506227538076,-0.007576613312090946
168,matched_control,0.0033923444066249362,-7.744875600816936e-4
169,hydra,0.024552233480804885,-0.008031311315075859
169,survival_only,0.014828029113743414,-0.007107449840450433
169,de_only,0.0038051234479805963,-0.0016815012159081654
169,ridge_eligible,0.04559190809190809,-0.01607083357448895
169,matched_control,0.003608891108891088,-6.627366505159188e-4
170,hydra,0.005317385125532925,-0.002915279622899061
170,survival_only,6.225891588279242e-4,0.0023153508472451593
170,de_only,0.004706638695269693,-8.02006386358764e-4
170,ridge_eligible,0.03282127630777559,-0.011793118875321713
170,matched_control,9.440346484401396e-4,-5.122132470744307e-4
171,hydra,0.0039534971787783865,8.804057894697987e-4
171,survival_only,-3.067368500776158e-4,0.003516996584198523
171,de_only,-0.009109327072367168,0.006120083505863549
171,ridge_eligible,0.026949293747869908,-0.005277205895607795
171,matched_control,0.001457946756541828,-5.777942174965467e-4
172,hydra,-5.267196874564229e-4,0.003440732711111105
172,survival_only,-0.009932677549881409,0.008576085379701271
172,de_only,-0.002084205385796023,0.00573148532456789
172,ridge_eligible,0.025080228826566176,-0.004440209907067205
172,matched_control,0.0019132831031114517,-5.194032948224181e-5
173,hydra,0.00792073207684385,-0.0032034464448151057
173,survival_only,2.949316203058494e-4,-2.738299872066252e-4
173,de_only,0.0015635416035391868,-2.596881884343899e-4
173,ridge_eligible,0.02558632810132718,-0.008592617267503167
173,matched_control,0.0018463527462982076,-0.0011275381403749092
174,hydra,-0.0062755043977304244,0.00522517280610871
174,survival_only,-0.015020566096018484,0.007131121356459486
174,de_only,-0.008954787104326201,0.007742867204562315
174,ridge_eligible,0.01239655985302962,-0.0037215229268977106
174,matched_control,0.0016257783413809123,-0.0011842754493058022
175,hydra,0.012434821644393778,-0.0027106480510303956
175,survival_only,0.004948375289201978,-0.0022750413926974993
175,de_only,0.002671017645636964,0.0030215143162868135
175,ridge_eligible,0.03521530439587002,-0.00951793767132914
175,matched_control,0.0030974826478814776,-8.789149428437088e-4
176,hydra,0.008645517540060644,-0.002756292676772923
176,survival_only,0.006965497329291193,-9.246012787942209e-4
176,de_only,1.1368557817238445e-4,0.0031494421853879044
176,ridge_eligible,0.036736682546556945,-0.00897904797928023
176,matched_control,0.0012306914970405813,-3.975743289903161e-4
177,hydra,0.005780594483620438,0.0066800604519721115
177,survival_only,0.0066625011157725456,0.006979509753365973
177,de_only,-0.001988753012585942,0.005683808436380391
177,ridge_eligible,0.02596447380166027,0.0023720662579009982
177,matched_control,0.0030759617959474684,-9.163710338550846e-4
178,hydra,0.001944608131997616,-0.001774163498992648
178,survival_only,-7.14272959411455e-4,0.002300626340485326
178,de_only,1.9642506383813486e-4,9.51406948654282e-5
178,ridge_eligible,0.024038856448991987,-0.006338387228329245
178,matched_control,0.0021946036677916057,-6.08049570253158e-4
179,hydra,0.00882170221577967,3.624535793984196e-4
179,survival_only,-7.593014426726663e-5,0.0013213349610091268
179,de_only,-7.83461034030486e-4,0.004823250106470856
179,ridge_eligible,0.027281355698212197,-0.011136196502320436
179,matched_control,0.001865465589839177,-0.001247878221042878
180,hydra,0.00297850674619049,-0.001944446455635873
180,survival_only,-0.0046786922209695716,-2.2258464290048074e-5
180,de_only,-0.006580717896497812,0.0037607961200302993
180,ridge_eligible,0.02382987234971088,-0.01015699976236235
180,matched_control,8.491835472960729e-4,-3.8592429588602537e-4
181,hydra,-0.0062198256944008936,0.0027845828456095874
181,survival_only,-0.013779338307521871,0.007372386387468585
181,de_only,-0.0030221330490939778,0.003190297891858274
181,ridge_eligible,0.013580788764185859,-0.0013221806262081054
181,matched_control,8.777979810646764e-4,2.2592614364297104e-4
182,hydra,0.0032564554440273064,0.0022396432506942092
182,survival_only,-0.006384568232319354,0.006501551033379513
182,de_only,-0.0026875335223354503,0.004689628647342017
182,ridge_eligible,0.022852654968967913,-0.0011948336353993783
182,matched_control,0.0010535591142441293,-6.527262993915594e-5
183,hydra,-0.004148170535899798,-0.004119762861040039
183,survival_only,-0.012393509510946522,0.003916338942362088
183,de_only,-0.006263813067870538,0.0012780689000408518
183,ridge_eligible,0.019792591473205036,-0.007496255126745363
183,matched_control,0.0021307542643420165,-4.4151963116795533e-4
184,hydra,0.008939112153311234,0.0015693069724948133
184,survival_only,-0.0038469313495592904,0.003170500908149962
184,de_only,0.0014271852510714055,0.0018948962238515138
184,ridge_eligible,0.023722406404140084,-0.006504854862824802
184,matched_control,0.0012614215250263071,-8.099003709674841e-4
185,hydra,0.00882106616286541,-0.002060447552999045
185,survival_only,0.005262645346006245,-0.0021090707104149398
185,de_only,0.005196424050016535,0.0014885126038127639
185,ridge_eligible,0.030818222542508232,-0.009199253677843685
185,matched_control,0.0012134078647527357,-5.29273284857798e-4
186,hydra,-0.011287867806928541,0.0023829889908633687
186,survival_only,-0.0161599507174953,0.00823039930136204
186,de_only,-0.0012211914770256737,0.0030365660481805556
186,ridge_eligible,0.00975684881866935,-0.002622284717855905
186,matched_control,9.45789244818096e-4,-1.8007690128847288e-4
187,hydra,0.00746933122279384,5.958616151525043e-4
187,survival_only,-0.00689750692520773,0.004813548826955366
187,de_only,-0.007534626038781145,0.0057845942226043
187,ridge_eligible,0.02666204986149586,-0.004777840738640812
187,matched_control,0.0011871784724970414,-2.891475413692057e-4
188,hydra,0.0055496404221537345,-5.790803149280683e-4
188,survival_only,0.004072102362940122,0.003107514537495276
188,de_only,-6.201550387597065e-4,0.0015322977505972113
188,ridge_eligible,0.0311571868870832,-0.008421841667902736
188,matched_control,0.002798169421873542,-6.550234031214352e-4
189,hydra,-2.4716221164408083e-4,-1.1766417851060418e-4
189,survival_only,-8.110582204320816e-4,0.00536595128162202
189,de_only,-0.0016623947272061622,2.1558142140715164e-4
189,ridge_eligible,0.025168436470157474,-0.003803622082808425
189,matched_control,0.001673379714390344,-5.481142586303972e-4
190,hydra,-0.0011845848780067335,-0.0022570166655501685
190,survival_only,-0.012035520303474411,0.004331839114051006
190,de_only,-0.006679886197085938,0.0026335710165669877
190,ridge_eligible,0.024788343822743343,-0.00870453958688357
190,matched_control,3.017501508750797e-4,-1.517548168925159e-4
191,hydra,0.008962975659924599,-4.692817538339583e-4
191,survival_only,-0.004571477545423375,0.0037370442935076575
191,de_only,-0.002622557422008909,0.003780787515893788
191,ridge_eligible,0.024590332533424762,-0.006988978173675803
191,matched_control,0.0011278711004456764,-2.8356717829771674e-4
192,hydra,0.005778359797020782,-0.0012100144859728795
192,survival_only,1.145850384678293e-4,9.077341718065929e-4
192,de_only,0.001934850220985418,0.0012584332028108241
192,ridge_eligible,0.026878376166312012,-0.011063691935528008
192,matched_control,3.928629890325719e-4,-2.9005583338049536e-4
193,hydra,-0.0022244636971126774,0.004148093566000877
193,survival_only,6.898539238819002e-4,0.003981855031541573
193,de_only,0.005394549613645783,0.003915878065260286
193,ridge_eligible,0.024436679335002452,-0.004121102473632857
193,matched_control,8.051297753922104e-4,-3.333480643971015e-4
194,hydra,0.014563160312356428,-0.009775170993960103
194,survival_only,-8.011024345429552e-4,-0.0038636353426381607
194,de_only,-0.0053670188332567755,7.063947429465589e-4
194,ridge_eligible,0.0323693155718879,-0.016200324058005654
194,matched_control,0.002688102893890665,-0.001325757156983315
195,hydra,0.006935907113843065,-0.004593510973399681
195,survival_only,-3.594665516370998e-6,-0.0014532445670665472
195,de_only,0.004851001114346309,-0.0019047084450325934
195,ridge_eligible,0.02929292929292928,-0.010040271335606732
195,matched_control,0.0023670872425320733,-6.022155887339786e-4
196,hydra,-0.009612840953776857,0.004043583131315573
196,survival_only,-0.011897186572766649,0.0070334808414076605
196,de_only,-0.009015836699674751,0.008744869147220915
196,ridge_eligible,0.01330747506524147,0.0014234445392780181
196,matched_control,9.991777785721468e-4,-2.716228325057468e-4
197,hydra,-3.2559531142751786e-4,0.0025105828525812364
197,survival_only,-0.010096974603565689,0.008520679107858503
197,de_only,-0.007018778929583402,0.00658219319520062
197,ridge_eligible,0.01713511325436915,-0.0019608282510083204
197,matched_control,0.0012636618032700441,-3.54856396671771e-4
198,hydra,0.005464708668877294,-0.004187089776129358
198,survival_only,0.005189957366177144,0.0012012712824239242
198,de_only,2.842254855518478e-4,0.0016921951281396036
198,ridge_eligible,0.03484414969208906,-0.009172027975776298
198,matched_control,0.003026054002842238,-4.939621952568668e-4
199,hydra,-0.0026576568074142435,0.0031014582824479887
199,survival_only,-0.0077502406613941255,0.00961845653247125
199,de_only,-0.0017950508692123224,0.0036595614818798667
199,ridge_eligible,0.012967402178221576,0.002878682892560369
199,matched_control,0.0011211989656279009,1.7868989770890574e-4
200,hydra,0.010353708100277659,-0.0012340326769172266
200,survival_only,9.094201440585925e-4,0.0039375814179606755
200,de_only,-0.0014265019516317202,0.005376215543124593
200,ridge_eligible,0.03326224296808983,-0.0052005158032532054
200,matched_control,0.0014828377127680925,-2.6168113471481124e-4
201,hydra,0.006924429494285367,-0.00759040006335443
201,survival_only,-0.009951836703489947,-0.0010984568317006088
201,de_only,-0.003946714575130949,-2.543831891318432e-4
201,ridge_eligible,0.019511868812354262,-0.010709971702241156
201,matched_control,0.002503726921753735,-3.273262767234775e-4
202,hydra,0.003654229395631503,0.00332762046066675
202,survival_only,-0.00990311951224323,0.007401931229680117
202,de_only,-0.006732305992383725,0.005093836239701765
202,ridge_eligible,0.024346402004696066,-0.0035495418378336447
202,matched_control,0.001712673388449315,-3.840348546335609e-4
203,hydra,0.0073789212064216845,-0.0033560100270764253
203,survival_only,-0.0028598777456841805,0.0020604228853839056
203,de_only,-0.004967421240008085,0.0015555336364414473
203,ridge_eligible,0.028056357896150963,-0.01218025157956272
203,matched_control,0.0036760260630079753,-0.0013216217045454947
204,hydra,0.011862938298450643,0.001613016111142021
204,survival_only,0.0015289480837183734,0.004151238800947268
204,de_only,-0.00180415873878772,0.005194376946794252
204,ridge_eligible,0.023997689589562353,-0.00550990695419182
204,matched_control,6.982196248980444e-4,-5.384747899237069e-4
205,hydra,0.0029120176249022413,-0.0012294415934601178
205,survival_only,-0.0065897946130339165,0.0043774190305719855
205,de_only,0.003231824319522403,0.0021901359284847823
205,ridge_eligible,0.02153187406723047,-0.005389292358881937
205,matched_control,0.0011708478430815018,-4.549558954881433e-4
206,hydra,2.1222335170222316e-4,0.0033463514150080613
206,survival_only,-0.010457796087243431,0.0095989445070114
206,de_only,6.866049613896141e-4,0.002098150344310534
206,ridge_eligible,0.016221710983895975,-6.644281644088923e-4
206,matched_control,9.23795766233293e-4,-5.322777744337537e-4
207,hydra,0.020737956346743726,-0.012090054724137975
207,survival_only,0.013379669852302345,-0.004012329022320646
207,de_only,0.006969981737264841,-0.0031985125912582096
207,ridge_eligible,0.04075072253054131,-0.01313509845194025
207,matched_control,0.0028333835706306765,-0.0010137691701798096
208,hydra,0.004715447154471553,8.665265857756371e-4
208,survival_only,-0.0022161999397771748,0.007197439093821955
208,de_only,-0.004857974505670981,0.004085913860484599
208,ridge_eligible,0.026052393857271927,-0.003522746901895393
208,matched_control,0.002433002107798843,-5.641932313161264e-4
209,hydra,0.002042567172897203,-0.0011255454680801553
209,survival_only,0.006602292640186936,7.815277660970843e-4
209,de_only,-0.0019312207943924964,-4.9749847250879495e-5
209,ridge_eligible,0.03328526577102806,-0.008848773005675775
209,matched_control,0.0015643253504672773,-9.734002331990094e-4
210,hydra,0.004717592425933237,-9.333462964915939e-4
210,survival_only,-2.0879081320426262e-4,0.00223305787233814
210,de_only,-0.0021707044890025284,0.001925969206206518
210,ridge_eligible,0.02099607617264837,-0.007526637127509184
210,matched_control,0.0014327369595737549,-0.0014478408442029189
211,hydra,-0.005505061701027114,0.005454431885329536
211,survival_only,-0.015207271115052101,0.009827209391036476
211,de_only,-1.6071824429174652e-4,0.006886351262001683
211,ridge_eligible,0.009979309835217609,-0.0013855117532604905
211,matched_control,0.0015277469888420713,-5.340277806955562e-4
212,hydra,0.0023290702471589707,8.378157613081805e-4
212,survival_only,-6.844691145032389e-4,0.0028665444859708898
212,de_only,-0.0017683681506207138,0.0018660993054926134
212,ridge_eligible,0.0173855155083824,-0.003912764947206734
212,matched_control,0.0010895248096613242,-4.2117403029120484e-4
213,hydra,0.016288336368389732,1.0764637492040041e-4
213,survival_only,0.001577628328795777,0.007707829513901951
213,de_only,-0.005571281755404489,0.0052092655755123455
213,ridge_eligible,0.032686655968844125,-0.003051839791559832
213,matched_control,8.870778717343097e-4,2.739924800455873e-5
214,hydra,0.013216693307387584,-0.0067323741152583525
214,survival_only,0.0037806657863645897,-4.6228438072553615e-4
214,de_only,0.004499965251233584,-0.0015196053347297845
214,ridge_eligible,0.028732017513378304,-0.0088434507980335
214,matched_control,9.521161998749195e-4,-5.520820724727483e-4
215,hydra,0.0029885057471264243,1.5197048164515282e-4
215,survival_only,0.002061609195402314,0.002521216489002556
215,de_only,0.003483218390804599,9.813702107767885e-4
215,ridge_eligible,0.02835494252873567,-0.007426167881997856
215,matched_control,0.0014363218390804455,-1.8262733501444583e-4
216,hydra,0.009409945501518047,-0.004026420005428574
216,survival_only,0.004020441645137573,0.0022722478958924486
216,de_only,0.00333968206075923,-3.07324097791109e-4
216,ridge_eligible,0.026468536084029513,-0.0044180202646114854
216,matched_control,0.0019743913707593987,-2.3651799033566067e-4
217,hydra,0.006862260419835708,-0.008430775723638751
217,survival_only,1.597201095223766e-4,0.0019717487092981655
217,de_only,0.007611423790690608,-0.003807054454168177
217,ridge_eligible,0.02663713112260422,-0.00855666427170949
217,matched_control,0.001351916641314266,-8.159365207828228e-5
218,hydra,0.001646470202082939,0.005613311136395194
218,survival_only,-0.0014282419317637406,0.005508886813287312
218,de_only,-0.005296027535794756,0.00437707765375529
218,ridge_eligible,0.021562017635682995,-0.003629152690192866
218,matched_control,5.606514912265381e-4,4.513385906822209e-5
219,hydra,0.00822741295724987,-0.005594949457296053
219,survival_only,0.00972234464521815,-0.002901384758191594
219,de_only,-0.005436756280299692,0.005799666142209786
219,ridge_eligible,0.02654561480828559,-0.00878058421715636
219,matched_control,0.0024468929043631516,-0.0011990745359125754
220,hydra,-0.003315248943965077,0.00404931814826433
220,survival_only,-0.005485375668154768,0.00678767072858579
220,de_only,0.0013132870212808402,0.005423330423688949
220,ridge_eligible,0.01643610738523754,-1.1924666778214687e-4
220,matched_control,0.0028447878921342706,-9.08636522374645e-4
221,hydra,-0.008640875776973755,0.008069160815049997
221,survival_only,-0.011821133685870667,0.009853981104488343
221,de_only,-0.005798311531681977,0.005475906790679716
221,ridge_eligible,0.012130995454123761,0.0037724611596553353
221,matched_control,7.755821504777827e-4,1.5435719805865223e-4
222,hydra,0.017137887647102345,-0.0054199660274987516
222,survival_only,0.005724964843460878,5.548130744506968e-4
222,de_only,0.003513803567463547,0.0012453205205178119
222,ridge_eligible,0.03059359040781586,-0.008716797093118919
222,matched_control,0.003145585078824664,-6.525275735996539e-4
223,hydra,0.0028952668680765404,5.24848226488625e-4
223,survival_only,-0.011633218241979526,0.006988048943790318
223,de_only,-0.005950582649978409,0.0025363248960311334
223,ridge_eligible,0.02205617896705512,-0.004235645918806036
223,matched_control,0.0016850093511725172,-4.492015337178246e-4
224,hydra,0.007093002083796973,-0.005462137731792582
224,survival_only,9.245584575856225e-4,-8.749843329650383e-4
224,de_only,0.001899694511319283,1.9362341901214554e-4
224,ridge_eligible,0.03392947459993123,-0.015706746633009416
224,matched_control,0.002941592991968278,-5.283713293844306e-4
225,hydra,0.022088966830721667,-0.005867132929131186
225,survival_only,0.00834606173747431,-6.676464928906667e-4
225,de_only,0.004046689672078585,5.840410132924995e-4
225,ridge_eligible,0.041379570439931346,-0.012723791520182697
225,matched_control,0.0016009503875091813,-8.783109171396658e-4
226,hydra,0.016181814531510352,-0.005987920410086075
226,survival_only,0.010457949366580321,-9.145280390247256e-5
226,de_only,-0.0033869381035555924,0.0028386896913558
226,ridge_eligible,0.033279126262322045,-0.007634247494544102
226,matched_control,0.001485675279567944,-2.0416184733280108e-4
227,hydra,-0.014462373424637565,0.002665954648137425
227,survival_only,-0.01917024841553141,0.0071084028029508054
227,de_only,-0.006199460916442046,0.002346969229232704
227,ridge_eligible,0.006891527646244633,-0.0020031242156034303
227,matched_control,5.226925038245844e-4,-7.376847954359833e-5
228,hydra,0.0018675571574967242,0.002273550038966918
228,survival_only,-0.002766882221986644,0.006057872878219961
228,de_only,-0.0024859535672638435,0.0029642197451651307
228,ridge_eligible,0.018020071380614167,6.301151330048826e-4
228,matched_control,0.0010724760592247251,1.221314594887224e-4
229,hydra,0.019250301475958364,-0.008581090713445228
229,survival_only,0.005953088642424021,-0.001436648067177529
229,de_only,8.288465784601961e-4,9.780328661840477e-4
229,ridge_eligible,0.03263073865855939,-0.012793926358650695
229,matched_control,0.0034376751532856687,-0.0012555774386806245
230,hydra,0.004097469540768483,-9.073540529727295e-4
230,survival_only,-4.048734770384588e-4,0.0034670910164821046
230,de_only,-5.229615745079852e-4,4.284246139875852e-4
230,ridge_eligible,0.027561387066541675,-0.006442351083719722
230,matched_control,0.002311152764761004,-3.9821772339782013e-4
231,hydra,0.023120694818808008,-0.007003332845227417
231,survival_only,0.016204327643006878,-0.002849544982530347
231,de_only,0.008542976939203329,4.64091750516582e-4
231,ridge_eligible,0.050237720874513316,-0.01160547955730929
231,matched_control,0.001892407906558835,-3.2828296684635216e-4
232,hydra,0.01280841492905821,-0.008761347661427185
232,survival_only,0.005075000422775788,-0.002366690434364593
232,de_only,-0.002179831904351226,8.746470376491927e-4
232,ridge_eligible,0.030505808939171007,-0.010005507465459265
232,matched_control,-2.1984340385250434e-5,-1.7760493349935902e-5
233,hydra,0.0010966569322196306,0.0015515211247313476
233,survival_only,0.005640533420466831,0.003935418071424607
233,de_only,0.0032879286049788516,0.0027987401518354328
233,ridge_eligible,0.030824841219596867,-0.0013295979926330054
233,matched_control,0.0022055670145199936,-3.9947262751614533e-4
234,hydra,0.00965339389157257,4.6893978308467363e-4
234,survival_only,0.00980928003695083,9.104147136555524e-4
234,de_only,0.004713150247300901,0.0021743577552919475
234,ridge_eligible,0.032176055118261784,-0.005835499382628997
234,matched_control,0.0015800311772290686,-4.88716944126194e-4
235,hydra,0.0069414316702820274,-0.0059530125683853906
235,survival_only,-0.010911837620080545,0.002208728925802489
235,de_only,-0.003861946079950396,8.867901803829015e-4
235,ridge_eligible,0.01297063836380542,-0.006781500620435002
235,matched_control,0.00274248528044625,-0.0013265801104915236
236,hydra,0.0068960739829936335,6.146145013283838e-4
236,survival_only,-0.006996519058587181,0.002745496223457389
236,de_only,-0.013551426146892264,0.006332469236176375
236,ridge_eligible,0.019515785463173042,-0.0015635318886547621
236,matched_control,6.702111078399353e-4,-4.857610371287846e-4
237,hydra,0.006883744486884591,-0.004124755378846904
237,survival_only,0.003667672568425928,0.0016060747406744901
237,de_only,-0.002648405680882926,0.0017264418831598849
237,ridge_eligible,0.02081794585012766,-0.005469776064222875
237,matched_control,0.0016312490767510178,-6.907781890833298e-4
238,hydra,0.009772609613316852,-0.007127982018059158
238,survival_only,0.003090279160527265,5.207836428111374e-4
238,de_only,-0.005871928636852386,0.0016777992981929861
238,ridge_eligible,0.023742582931782864,-0.008847282213697742
238,matched_control,0.002562621958504241,-7.209027186670242e-4
239,hydra,-0.00437911773130909,-8.477564695136108e-4
239,survival_only,-0.003738183901460912,0.0032483765358782167
239,de_only,-0.006531079919793759,0.0031502401657238026
239,ridge_eligible,0.01688269836723002,-0.006111214852239538
239,matched_control,0.0011064164995703174,-5.61842979616925e-4
240,hydra,0.004151607991340911,0.004804935622011813
240,survival_only,-0.00750701718982183,0.011266208334565672
240,de_only,0.0017281549835807208,0.0038536623592344277
240,ridge_eligible,0.020569080335357492,0.0012764148242960043
240,matched_control,0.0010493679942761957,6.756063996482542e-5
241,hydra,0.004313175810973169,0.0050013266628758015
241,survival_only,0.0030937124549458963,0.007246007150028974
241,de_only,1.321585903083622e-4,0.0013881524658638067
241,ridge_eligible,0.028878654385262305,1.1993316243951447e-4
241,matched_control,0.0014417300760912854,-5.812462255137707e-4
242,hydra,-0.0010798039560268036,0.006861456002827654
242,survival_only,-0.014937613496573143,0.011120751585451293
242,de_only,-0.0032804170816004064,0.006474869066803534
242,ridge_eligible,0.020469412063343274,-4.378432902233831e-4
242,matched_control,0.003223790834358442,-6.81352390968698e-4
243,hydra,0.003963085495385687,0.00496853543139116
243,survival_only,-0.006127459515932443,0.007553758514076314
243,de_only,-0.005340414417551798,0.0037817500527147717
243,ridge_eligible,0.026374717046839646,-0.004725841684612056
243,matched_control,0.0026937140867142606,-0.0011092081301063428
244,hydra,-0.0031000420344682866,0.005824889243472501
244,survival_only,-0.018167647470926186,0.012490709659938431
244,de_only,-0.0030562561300266577,0.004046092933410195
244,ridge_eligible,0.01745831581897154,5.455062631485208e-4
244,matched_control,0.0015710382513661192,2.040155414446937e-4
245,hydra,0.011431224889463142,-0.007883595012349563
245,survival_only,-0.00430235610022005,-0.004834656686448694
245,de_only,-0.012713250287698607,0.0011440958661951077
245,ridge_eligible,0.03018715551876603,-0.016113585164788204
245,matched_control,0.0019442369425208494,-0.001260240694766876
246,hydra,0.019956924733664096,-0.007416474756590625
246,survival_only,0.01847044344448292,-0.0054207449262548115
246,de_only,0.008316987808161248,-0.002068876657644983
246,ridge_eligible,0.035271720318449315,-0.010765363367754164
246,matched_control,0.001917233952540287,-5.533291875350927e-4
247,hydra,0.008896790350021977,0.00115388553717424
247,survival_only,-0.0013840301275066635,0.009454835827744573
247,de_only,-3.6512397010189933e-4,0.0042381644149751515
247,ridge_eligible,0.03409607921852,-0.005702577623638999
247,matched_control,0.0027852650494159747,-8.410681282964739e-4
248,hydra,0.0032995940837267645,-0.002753435580294147
248,survival_only,-0.008358739394784043,0.0031639189043821208
248,de_only,-0.007355272556227255,0.0035416096764394806
248,ridge_eligible,0.024921168620755718,-0.007599153333024231
248,matched_control,1.7769725266109093e-4,-4.6148111526211064e-4
249,hydra,0.0027983988355167466,-0.007153261560804333
249,survival_only,-1.3100436681222626e-4,-0.0021637279799533783
249,de_only,0.002258005822416298,-0.0027797769559237324
249,ridge_eligible,0.028860989810771488,-0.013398585881784789
249,matched_control,0.0013864628820960735,-4.5862901134884336e-4
250,hydra,0.015264391338790595,-0.004409869675315028
250,survival_only,0.006743464483760242,0.003089149821611481
250,de_only,0.0024656720359123364,-3.9085711212623607e-4
250,ridge_eligible,0.036055914972273576,-0.009629077156830975
250,matched_control,0.003172035912331672,-8.991626371918666e-4
251,hydra,-0.00432712060658127,3.5784411290427643e-4
251,survival_only,-0.00936577895641132,0.00414805707807169
251,de_only,-0.008448810368655014,5.348971572665312e-4
251,ridge_eligible,0.021869047174392107,-0.006017613443838149
251,matched_control,8.94557950173669e-4,-5.314147326012181e-4
252,hydra,0.011224322373170592,-0.001294664406346352
252,survival_only,0.008262781387412233,-0.002516536448580875
252,de_only,-0.006028089518934155,0.005887227295864383
252,ridge_eligible,0.02875894204895978,-0.009925443752287544
252,matched_control,0.0034750935223469394,-6.951502989632679e-4
253,hydra,-9.73541932354971e-4,6.016514923211147e-4
253,survival_only,-0.0010597596680617105,0.004424253224429483
253,de_only,-5.442494566486155e-4,0.0012163243910790823
253,ridge_eligible,0.02032223878720385,-9.172713103670794e-4
253,matched_control,0.002970919476227285,-5.719826595660421e-4
254,hydra,0.008707621247113152,0.0018381157119161079
254,survival_only,-0.0037154734411085745,0.0052600786944020095
254,de_only,0.0010457274826789376,0.0023248088902660504
254,ridge_eligible,0.02438429561200922,-9.88551277289615e-4
254,matched_control,3.140877598152514e-4,-3.286237732081559e-4
255,hydra,0.003933448927506878,-0.0020002076541493635
255,survival_only,-0.006828498509614467,0.0011910480488353387
255,de_only,-0.004856903504841303,0.0014674954699145676
255,ridge_eligible,0.014196652964211265,-0.0027876581314506266
255,matched_control,0.001805996610103433,-1.287417804343882e-4
256,hydra,-6.215735528704247e-4,0.001604648590865565
256,survival_only,-0.012807348869616231,0.007848186265391651
256,de_only,0.002814499715799712,-1.495606946473077e-4
256,ridge_eligible,0.018021965932635376,-0.002481135997870343
256,matched_control,0.0020425750380461904,-8.953277022430789e-4
257,hydra,-0.0034849457897321635,0.0025333212933275977
257,survival_only,-0.010248951682973805,0.008618612871964295
257,de_only,-0.006550564768992506,0.0069824355273327586
257,ridge_eligible,0.010443504212156719,0.0020010012207487744
257,matched_control,0.0011238714064447763,-4.6918348928071395e-4
258,hydra,0.013949333890799909,0.0019554240228781663
258,survival_only,0.005699462171458969,0.004548371809366217
258,de_only,-0.007856477698169839,0.0062810817770044105
258,ridge_eligible,0.029371519793230584,-0.002015688761809875
258,matched_control,0.004057469735266728,-0.0010589738811668636
259,hydra,0.004878802975382656,6.091415132264772e-4
259,survival_only,3.281166789781853e-4,0.00416131022418256
259,de_only,0.0032691415711807005,0.0024657555351571825
259,ridge_eligible,0.03575097490165089,-0.009037809197865437
259,matched_control,0.002111284808713121,-4.834263617087886e-4
260,hydra,0.0051409563957318105,-6.0436084536164e-4
260,survival_only,0.0049005401132920625,0.002445086561942428
260,de_only,0.0011213937557634113,0.0031807910498257456
260,ridge_eligible,0.023649716769859042,-0.0058242140974854055
260,matched_control,0.002191740218680016,-8.671582051384463e-4
261,hydra,0.0030866582050291247,-0.0017426772552914748
261,survival_only,-0.012396298953332219,0.003349606342598244
261,de_only,-0.0034563949745231247,0.005571247479341757
261,ridge_eligible,0.017129297500137954,-0.005052077410355102
261,matched_control,0.002573441495134554,-8.278882770480056e-4
262,hydra,0.009425926577733978,0.0011236456977890496
262,survival_only,0.010687761782408212,0.0014692092345339025
262,de_only,0.0017035655203970102,0.003733532980142931
262,ridge_eligible,0.0279944387737144,-0.004628703116789948
262,matched_control,0.0027911724332125077,-0.0012126978665718768
263,hydra,0.010064693197412244,-9.40155140752108e-4
263,survival_only,0.004830425406783001,0.0016211780864806458
263,de_only,-0.011321309547147617,0.0072062413058712445
263,ridge_eligible,0.03344638306214468,-0.004911387325435143
263,matched_control,0.0028347382866104496,-3.8310824431415924e-4
264,hydra,0.005588034188034175,-0.0036051707942728163
264,survival_only,0.0016957264957264905,8.382817363182416e-4
264,de_only,-5.470085470087316e-5,-0.001105658124017772
264,ridge_eligible,0.02978632478632478,-0.009892535943194312
264,matched_control,0.0027658119658119486,-8.615136354143155e-4
265,hydra,0.01389323689750096,-0.004427504356532638
265,survival_only,0.0049819182814271005,-0.002251302440178135
265,de_only,-0.004505136647415475,0.004764991439223265
265,ridge_eligible,0.028601500512765176,-0.009744343334511917
265,matched_control,0.0016282542595491335,-6.58651288910575e-4
266,hydra,0.00749778711144281,-0.002566970848256617
266,survival_only,0.0036239304371973647,5.866911036595784e-4
266,de_only,0.0014283978686846278,0.004554625629487488
266,ridge_eligible,0.030333061422843966,-0.009873418560890006
266,matched_control,0.002200739365117965,-5.31822263442519e-4
267,hydra,-0.002076610907651155,0.002742477837923732
267,survival_only,-0.006275363753340557,0.005670179502498679
267,de_only,-0.001617341383747406,0.005446715220581347
267,ridge_eligible,0.020829456597050388,-0.0023817142207014615
267,matched_control,5.998218350985018e-4,-4.4664406522743614e-4
268,hydra,-0.01187145926938854,0.004932239441265085
268,survival_only,-0.015295956241453423,0.006872376407752739
268,de_only,-0.0010021488571986814,0.001168869058964478
268,ridge_eligible,0.009970697401836282,-6.79401847915373e-4
268,matched_control,3.203750732564847e-4,-5.14992595895905e-4
269,hydra,0.011694999913880733,-0.005667380889968413
269,survival_only,0.006918823954942388,-0.004847477685415139
269,de_only,-0.006863707607778269,0.0012193196886353397
269,ridge_eligible,0.03198126044196424,-0.012676147856581037
269,matched_control,0.004252570660879462,-0.0014912336995169418
270,hydra,-0.00585024078999985,0.004711166939632821
270,survival_only,-0.003570993932439759,0.006001308697791602
270,de_only,-0.006823832125036944,0.005380007565187877
270,ridge_eligible,0.021464211825657598,-0.007670139689726888
270,matched_control,6.606512630608963e-4,-6.509983991898977e-4
271,hydra,0.0036484119125600014,0.0033838424424799647
271,survival_only,-0.0055011805925813005,0.005724913141084443
271,de_only,0.0031190494325539107,0.0035539795810642177
271,ridge_eligible,0.033486937314342304,-0.005648058188943849
271,matched_control,0.0019879655723969657,-6.905543515323715e-4
272,hydra,0.005931588748407357,0.0016063366731732059
272,survival_only,-0.005114182103302922,0.005367319365812029
272,de_only,-0.008903263745957058,0.006139952869345039
272,ridge_eligible,0.023375477800646905,-0.0016989153340887409
272,matched_control,0.0022052337547780352,-5.397157870041136e-4
273,hydra,0.0018351882547951836,0.0052262678788614235
273,survival_only,-0.01558726024153445,0.008377131458514837
273,de_only,-0.009600205225353231,0.007395309245198883
273,ridge_eligible,0.018497908280053665,-7.371667138131602e-4
273,matched_control,0.0018825479516931143,-0.0010443847780052377
274,hydra,-4.6998741765972294e-4,-8.371475247519161e-4
274,survival_only,0.005889645474058136,7.131311142673403e-4
274,de_only,-0.004807194138109705,0.0024001580044761468
274,ridge_eligible,0.029964473392050904,-0.010314198038377414
274,matched_control,0.0035267559766116174,-7.78647928332346e-4
275,hydra,0.002068002180430628,0.003719707909824027
275,survival_only,0.0034512128645407423,0.004637013409900142
275,de_only,-0.00141387298991551,0.0035544608387775845
275,ridge_eligible,0.028320046334150983,-0.006273390102258669
275,matched_control,0.002088443717634203,-0.0010506313814311302
276,hydra,0.0056173810832843675,-0.0017782922328397205
276,survival_only,-4.644813923066371e-4,0.0066272999777816
276,de_only,-0.012520143325686772,0.00582857194677715
276,ridge_eligible,0.034439873357726504,-0.007369538976664802
276,matched_control,0.003861831004606908,-0.0011495552560786993
277,hydra,0.009307240148461215,-9.74597945489017e-4
277,survival_only,0.0038003232050575985,0.003590322134969767
277,de_only,-0.00760597396601016,0.00471762639085517
277,ridge_eligible,0.03049670579460496,-0.01046632532581086
277,matched_control,0.0018237999680346562,-7.895487237092047e-4
278,hydra,0.007864072308230385,-0.0013327891549054284
278,survival_only,0.0037221802919573553,0.0053112219003667305
278,de_only,-0.006973105314507666,0.008483368182983873
278,ridge_eligible,0.03261601899747805,-0.00577300031461791
278,matched_control,0.0023047328019439317,-0.0013317902426312894
279,hydra,-0.005048133791923748,-8.498454383153331e-4
279,survival_only,-0.008072646539644446,3.69558160655048e-4
279,de_only,0.004533129515386381,0.0014145424935573581
279,ridge_eligible,0.018978726501792463,-0.006999578799378919
279,matched_control,6.715073429054752e-4,-8.935307482329236e-5
280,hydra,-0.001615920091016032,2.1378517544183573e-4
280,survival_only,-0.0032916176555660703,0.0019494635945824846
280,de_only,-0.004290479955263304,0.003696068316011347
280,ridge_eligible,0.0182996201237972,-0.0035380222506479013
280,matched_control,0.0020748568233093455,-6.289997936407054e-4
281,hydra,-4.48247758761211e-4,-0.0021531190611600803
281,survival_only,-0.0030736989172196806,0.0021988271722458734
281,de_only,-0.003904218574145213,7.214770784216146e-4
281,ridge_eligible,0.023669810222377453,-0.007841454886208094
281,matched_control,0.0015077424612876978,-3.5691124238835246e-4
282,hydra,0.013803908163846657,-0.004124158862621153
282,survival_only,0.010569893085702354,9.922414526825074e-6
282,de_only,-0.004234793672496617,0.0012678704160074856
282,ridge_eligible,0.03168119409787503,-0.008231153142043984
282,matched_control,0.0019161017110085777,-2.5992060724936984e-4
283,hydra,0.004870726626638899,-0.0045929601480112995
283,survival_only,-0.0050116407303026685,0.004477202588230292
283,de_only,-0.0033901074214761186,0.002216242568962817
283,ridge_eligible,0.020665359637299385,-0.006066087452753407
283,matched_control,0.00129477596699753,1.0072068142449875e-4
284,hydra,0.00507892415398189,-0.004473387933142262
284,survival_only,-0.009521575104637792,-7.333616494088091e-4
284,de_only,-0.010946151391730285,0.0013064052920601671
284,ridge_eligible,0.021800334090354555,-0.013593734200153012
284,matched_control,6.081195217628177e-4,-6.093788871677997e-4
285,hydra,-8.555949934616058e-4,-4.501281515166378e-4
285,survival_only,-0.005942462170745377,0.004598822620271501
285,de_only,0.008363534466654244,-5.754403797891023e-4
285,ridge_eligible,0.02086119932747992,-0.0022686622100611007
285,matched_control,0.0012236129273304973,-3.3405569516480884e-4
286,hydra,-0.0047321756466082495,0.004671889650214281
286,survival_only,-0.008317157197069047,0.005159544204455335
286,de_only,-0.007848486438277092,0.00646738418882635
286,ridge_eligible,0.011372260986656857,-0.002103202066145865
286,matched_control,0.0022716541629505204,-5.329293679050828e-4
287,hydra,0.008507147437106333,-0.004021041174421577
287,survival_only,2.3761928110740404e-4,-5.968545858859642e-4
287,de_only,-0.0036170935013012497,0.0033378690032632996
287,ridge_eligible,0.028716101535096007,-0.007870677313103683
287,matched_control,0.0016878512427865532,-7.884791336612406e-4
288,hydra,0.00832454499064469,-0.004588039023654303
288,survival_only,-0.010748426603163797,7.683765653389546e-4
288,de_only,-0.0021040993366218453,8.988442892303467e-4
288,ridge_eligible,0.02665249192039465,-0.012260426300394997
288,matched_control,0.0013148494641946006,-6.256786513679308e-4
289,hydra,2.287857477730526e-4,0.002191489604421501
289,survival_only,-0.008716361931551831,0.006573849408219476
289,de_only,-0.0014646038443506758,0.003913149370747562
289,ridge_eligible,0.014274730426629167,9.255346463150404e-4
289,matched_control,3.09423347398019e-4,4.768772048358683e-4
290,hydra,0.008914532575698585,-0.0014481923844544054
290,survival_only,0.00544874289717443,0.005740995368141449
290,de_only,-0.00271853350976885,0.003109134345645445
290,ridge_eligible,0.034568381723359506,-0.004083539339912826
290,matched_control,0.0033529228613684015,-7.286873030178664e-4
291,hydra,0.003879283244262821,-9.08519587602824e-4
291,survival_only,-0.004254427328932209,0.005383304273558093
291,de_only,-0.006331342345174429,0.002679575102773313
291,ridge_eligible,0.025918474274337234,-0.0025873593262964152
291,matched_control,0.0018275175521324627,-1.844098772318087e-4
292,hydra,0.01292695549312436,-0.0025907692920030035
292,survival_only,0.003249297648972349,0.0017710464558850446
292,de_only,4.029276948099847e-4,0.003660990315914772
292,ridge_eligible,0.029325003696584362,-0.004986074088095882
292,matched_control,0.003068165015525648,-5.228821086230101e-4
293,hydra,0.0014391439703223207,-0.0017769671905485923
293,survival_only,-0.006254310907294514,0.005530068014607817
293,de_only,-0.0044236899502264945,0.004328732239131975
293,ridge_eligible,0.015025259586525752,-0.003545955331459566
293,matched_control,8.742986037320821e-4,-4.872093028493368e-4
294,hydra,0.0077416264416522605,-3.139616654471877e-4
294,survival_only,0.0016636574671137772,0.0011784681487937876
294,de_only,-0.0012122775341758874,0.00547865062418611
294,ridge_eligible,0.029441025829986377,-0.008485096125443032
294,matched_control,0.00109805077563655,-5.478943080970578e-4
295,hydra,0.011821154774030973,-0.004129083950259427
295,survival_only,0.00567558390964813,0.0012967560975911036
295,de_only,-0.00917100019657251,0.00506157549588786
295,ridge_eligible,0.031167461891742167,-0.004764558855813869
295,matched_control,0.002416054611411922,-7.272443827962327e-4
296,hydra,0.0012696961869374634,0.0011964650309338799
296,survival_only,-0.004955590438531987,0.0076760623910349934
296,de_only,-0.0013074492816976923,0.0029105879817056092
296,ridge_eligible,0.021141733065750012,0.002046458349742278
296,matched_control,0.0031017147853041327,-6.030784884960338e-4
297,hydra,0.004901754854971452,-0.0019485434752641417
297,survival_only,0.0043728159789188205,9.358415025512157e-4
297,de_only,-8.611965093853202e-4,0.002078650215759925
297,ridge_eligible,0.024661536405125185,-0.006245956385799023
297,matched_control,0.0014932498233687697,-3.6339662475945445e-5
298,hydra,-0.0046692607003890885,-0.002344251448601156
298,survival_only,-0.008315121795213442,0.0019433123793484747
298,de_only,-0.00851233942753583,0.0077515790844604054
298,ridge_eligible,0.012021391894533006,-0.006938878910340865
298,matched_control,2.416360179805732e-4,-2.624905129890859e-4
299,hydra,0.011623727881177215,-0.0060465531343776415
299,survival_only,0.0021179059319702876,0.0010837807860705235
299,de_only,0.007589621344090991,-0.001808159093566894
299,ridge_eligible,0.033605941138718266,-0.011201324564749471
299,matched_control,0.0018593563766388544,7.534050087413812e-5
300,hydra,-0.0021579280818630254,0.0011455784847946543
300,survival_only,-0.004515522107243685,0.0017260428989547716
300,de_only,-0.011219690133814608,0.004191569224192682
300,ridge_eligible,0.01639756561138094,-0.004160452095507266
300,matched_control,0.001510933630272404,-6.868542279074019e-4
301,hydra,0.011032614663787122,-0.002815450337254216
301,survival_only,-0.0013488780702075377,0.0033791657286045855
301,de_only,-0.004048464438669042,0.001608015395401577
301,ridge_eligible,0.024109594055419313,-0.007406352106877975
301,matched_control,0.002483619458984587,-9.007551522009077e-4
302,hydra,0.005918334781298207,-0.0025628590636675467
302,survival_only,-0.004909487420435832,0.002645289922877947
302,de_only,0.0014219606035353772,9.566286258525236e-4
302,ridge_eligible,0.025469406570805465,-0.004374896270753642
302,matched_control,0.0019769153029201457,-3.760973711164073e-4
303,hydra,0.005101023984605835,-3.70576500928782e-4
303,survival_only,-0.0024139234416878817,0.004614520760513876
303,de_only,-0.002080613016287547,0.004474376630714189
303,ridge_eligible,0.02073568826884751,-0.004740484532938882
303,matched_control,9.51824616864827e-4,-1.6943020252776776e-4
304,hydra,-0.006802628443022018,0.0012729011645557565
304,survival_only,-0.005314766266044735,3.429166391791222e-4
304,de_only,-0.0012052705049197976,0.0024500091438358464
304,ridge_eligible,0.018673181028906072,-0.008734813271151939
304,matched_control,0.002136461135133316,-6.988475350335783e-4
305,hydra,0.010448929876457302,-0.006144381759426426
305,survival_only,-0.005251435531581705,0.003752748393912636
305,de_only,0.0038698451365929976,5.128274766426133e-4
305,ridge_eligible,0.024456238037236823,-0.010075713909616585
305,matched_control,0.001616495562902398,-4.801783364494633e-4
306,hydra,0.007615906243089865,5.676694023675516e-4
306,survival_only,0.001308321662858425,0.007614409246879136
306,de_only,-3.132601164590243e-4,0.0022746732332222493
306,ridge_eligible,0.029243753224736525,-0.005378813610011896
306,matched_control,0.0017487285324685243,-5.553393739035018e-4
307,hydra,-8.404930892790263e-4,-0.004074837078376632
307,survival_only,0.0022662184036857493,-0.0038090868307490743
307,de_only,6.537168472170562e-4,7.849090445317674e-5
307,ridge_eligible,0.02676088490432905,-0.009754017792147272
307,matched_control,0.0034346075623625126,-0.0010522121356095538
308,hydra,0.0029574376370485544,-0.004666585149712324
308,survival_only,-0.0035346814850909848,-0.0023446310096457063
308,de_only,-0.00798583128736624,4.8125673412016126e-4
308,ridge_eligible,0.029053357572577165,-0.013808622490313038
308,matched_control,0.0014075004216878683,-7.007368157606331e-4
309,hydra,0.007977726983690514,8.760279308510366e-5
309,survival_only,0.0025607094368157667,0.004848354115884792
309,de_only,-5.001117088009432e-4,0.003428779257727543
309,ridge_eligible,0.023737260900201083,-7.815189047261667e-4
309,matched_control,0.0014711189784659795,-3.7173431023533046e-4
310,hydra,0.0066365394482377545,-9.744279676391355e-5
310,survival_only,7.992264277538852e-4,0.003549124700787007
310,de_only,-0.0028693215455657837,0.002380394277800996
310,ridge_eligible,0.03325768638749652,-0.004315266165641973
310,matched_control,0.002293089158148187,-2.882973221592644e-4
311,hydra,0.005507272240563877,6.55860798213595e-4
311,survival_only,0.001986258588382217,0.003971951314984068
311,de_only,-0.003272954403497852,0.005247561487249616
311,ridge_eligible,0.020651378602658997,-0.004498216057126048
311,matched_control,0.0011599892924065048,-6.473669799993087e-4
312,hydra,0.013520536162282293,-0.005133067511491854
312,survival_only,0.002558956347215269,4.1738357614853894e-5
312,de_only,-0.0037147874704322238,0.0021635310913924928
312,ridge_eligible,0.031073041359042375,-0.00851213663721918
312,matched_control,0.0016271235036914966,-4.821312821973206e-4
313,hydra,0.0015399880928755772,0.0022833610998368474
313,survival_only,-0.0024548521532049895,0.0029026097577457056
313,de_only,-0.004014685453462985,0.00377019815181
313,ridge_eligible,0.020438579083151432,-0.0021855062521638213
313,matched_control,0.002552093669378852,-7.375959971624519e-4
314,hydra,0.001558437025531856,0.0013458576998098659
314,survival_only,1.7451702413562308e-5,0.0014272281342409571
314,de_only,0.0019772778834575623,0.003710681657838333
314,ridge_eligible,0.022605190136297793,-0.006083644071072497
314,matched_control,0.002069771906249451,-4.178491574723081e-4
315,hydra,-8.896154504153375e-4,-6.584764234948998e-4
315,survival_only,-0.004733210409261101,0.005470295778500852
315,de_only,0.0020567605071568408,-1.9545942004550455e-4
315,ridge_eligible,0.020155112437508303,-0.002248919547632236
315,matched_control,0.0022373448400402783,-1.5053603487474588e-4
316,hydra,0.0037262559914787883,-4.863786441672569e-5
316,survival_only,0.005242322030889401,0.0024015404930664286
316,de_only,-0.002762293626841816,0.004115090791583178
316,ridge_eligible,0.035998579797621146,-0.006460361181645888
316,matched_control,0.0021001242677081366,-5.742740954788356e-4
317,hydra,-0.002962436728532092,0.001670727187219259
317,survival_only,-0.011393304324660347,0.003734444948653895
317,de_only,-0.0015007548175117846,1.129661419567496e-4
317,ridge_eligible,0.02283633780303702,-0.00327508769780325
317,matched_control,0.0016428381138442027,-4.71805361082836e-4
318,hydra,0.01726920769943835,-0.008010824087311446
318,survival_only,0.0039914935383609015,0.001017711335096369
318,de_only,-0.0027009833324245225,-0.0016462501802487512
318,ridge_eligible,0.03938782558118402,-0.013990078100240968
318,matched_control,0.0029918025337623113,-2.801997304560877e-4
319,hydra,-0.003149186963005035,5.553086345413627e-4
319,survival_only,-0.014031101327842077,0.004702681414825005
319,de_only,-0.005110771852588214,0.0051667269291694904
319,ridge_eligible,0.010115032308457006,-0.005878708405372429
319,matched_control,0.0010455868777959453,-7.136972216476217e-4
320,hydra,0.011559249936584137,-0.0020252433708269095
320,survival_only,0.0017736931452320692,0.004871363655278465
320,de_only,-0.001123924369256002,0.002420330678754165
320,ridge_eligible,0.02898983394797946,-0.003337766633355571
320,matched_control,0.0022634587991960608,-1.6233804639948223e-4
321,hydra,0.0034463884986590475,0.0030834845854624702
321,survival_only,-0.012238419295396897,0.007641603097595595
321,de_only,0.004001021692725926,0.002680301420894993
321,ridge_eligible,0.020101804382332035,-0.005019429356410593
321,matched_control,0.001481454452573383,-5.955518610567978e-4
322,hydra,0.003977291870220012,-0.004415523356485845
322,survival_only,0.005031838549914058,-0.004126282164229572
322,de_only,0.003072672753613381,-0.001128612826416789
322,ridge_eligible,0.031422458812034613,-0.014295068294261502
322,matched_control,2.4089484855628341e-4,-7.175689659789347e-4
323,hydra,0.0059855753751046235,-0.0015883645471300224
323,survival_only,-0.003551419924013144,0.003988049990917256
323,de_only,-0.0022538476398995533,-6.43958600267433e-4
323,ridge_eligible,0.027117006890334205,-0.007558964837359186
323,matched_control,5.441432159186022e-4,-5.169469242916446e-4
324,hydra,-0.0068012293666689485,0.005491920196687342
324,survival_only,-0.006680364666068095,0.0062387485155091845
324,de_only,0.0017525381587126022,0.0018238224366529747
324,ridge_eligible,0.011853373851785342,-0.0020716346548493277
324,matched_control,-9.92817183507133e-4,3.242619599879065e-4
325,hydra,0.011203801661492563,-0.004861330507587519
325,survival_only,0.00854853535441128,-7.119099238554749e-5
325,de_only,4.4225532874315744e-4,9.138704275052673e-4
325,ridge_eligible,0.0336894500424912,-0.011104262553742472
325,matched_control,8.394179573006921e-4,-1.706414154428265e-4
326,hydra,0.0023918252001720263,-8.287731021134476e-4
326,survival_only,-0.003968627772203226,0.001465508803966592
326,de_only,0.005471709704503081,4.423424852311453e-4
326,ridge_eligible,0.022527798824565348,-0.007019375737128816
326,matched_control,7.351586017652178e-4,-6.012917921892514e-4
327,hydra,-0.005153239126445231,3.478903380744802e-4
327,survival_only,-0.0116608552027895,0.0033661990844198767
327,de_only,-0.0015709304459533891,0.0019749124865113014
327,ridge_eligible,0.018970453294182434,-0.008694657467505057
327,matched_control,0.0012204074142044164,-6.626650759290975e-4
328,hydra,-0.002102075667681902,0.0010292685252777378
328,survival_only,-0.017195119804228786,0.011144129639191428
328,de_only,0.00393126881568987,0.0017178387619793457
328,ridge_eligible,0.01186070667769935,-1.8549748383787646e-4
328,matched_control,0.001088009013925817,-3.744316811195525e-4
329,hydra,0.018032512772875063,-0.004002940048907025
329,survival_only,0.017150023223409173,-0.0011091922897712048
329,de_only,-0.004360427310729187,0.002110382221130505
329,ridge_eligible,0.0417296795169531,-0.009404330970311283
329,matched_control,0.004737575476079892,-0.0013454594912121697
330,hydra,0.011242340031352448,-0.0019339004490587035
330,survival_only,0.004002778965369791,0.0020035672684133392
330,de_only,0.002139447057146926,0.0017370968689261496
330,ridge_eligible,0.027084224027362103,-0.006494050473166549
330,matched_control,9.227590138235597e-4,-1.4847572145899602e-4
331,hydra,-6.62517216730285e-4,0.001680378944906824
331,survival_only,-0.0063775999442091,0.004353099863909854
331,de_only,-9.990062241749143e-4,0.0021424445021350547
331,ridge_eligible,0.019613996547936573,-0.004790584470121919
331,matched_control,5.596527015011233e-4,-1.5495973950701013e-4
332,hydra,0.004449731600369644,-1.737602549662487e-4
332,survival_only,-0.0030890536209371433,0.0041667500193211665
332,de_only,-0.0019898932300371763,0.0020221474306081817
332,ridge_eligible,0.02306663782763435,-0.004596737886403637
332,matched_control,0.0019466346815580683,-5.821463260429954e-4
333,hydra,0.005211732289174087,-0.001590875297506633
333,survival_only,0.004845551446595597,-3.788295964809507e-4
333,de_only,-8.900732361685204e-4,0.003296449402202645
333,ridge_eligible,0.03015553621927345,-0.008389918148664
333,matched_control,0.0017275759553331826,-6.294918784029129e-4
334,hydra,0.014559120073327225,-0.00543552268214757
334,survival_only,0.011202566452795593,-0.004097122518993701
334,de_only,-0.010421631530705766,0.005294652556872226
334,ridge_eligible,0.03658295142071492,-0.012129248675777035
334,matched_control,0.004582951420714932,-8.126023107647373e-4
335,hydra,6.83740647404707e-4,0.0017389068629947047
335,survival_only,-0.007001504229424327,0.0062824053614189855
335,de_only,1.6409775537711279e-4,0.004630327969987
335,ridge_eligible,0.02633573619332278,-0.005536964108843638
335,matched_control,0.003143253433354809,-6.974746312246205e-4
336,hydra,0.014092363218767955,-0.004498048608045974
336,survival_only,0.004009105077516206,0.002528537842010217
336,de_only,-0.0016036420310064693,0.005093209285699024
336,ridge_eligible,0.028904519727667943,-0.008771693802206862
336,matched_control,0.003215486834550074,-8.877000523616951e-4
337,hydra,0.0033236034222445697,-0.0012430846670301767
337,survival_only,0.002447911424257654,4.508719865623179e-4
337,de_only,-0.003063915450427812,0.003992941238035541
337,ridge_eligible,0.027015601409159505,-0.009986717260083527
337,matched_control,0.00265525918470052,-8.285347476294308e-4
338,hydra,0.009919928025191194,-0.004528036398149299
338,survival_only,0.006242015294646875,-0.00126110772073611
338,de_only,0.00556365272154744,-7.839131975195757e-4
338,ridge_eligible,0.032678362573099404,-0.00982132031913103
338,matched_control,0.002646873594242005,-5.782091286201246e-4
339,hydra,0.011328516787080346,-0.0026278034703111656
339,survival_only,0.003583510412239721,0.0017449837497576365
339,de_only,-0.002541436464088398,0.0027246165590791072
339,ridge_eligible,0.03051933701657459,-0.007316238538448677
339,matched_control,0.0015622609434764346,-2.787141472341215e-4
340,hydra,-0.003037607612143145,5.281561225445125e-4
340,survival_only,-0.00653375623017668,0.005304240830653867
340,de_only,-2.6461259628450805e-4,0.0020934828609881885
340,ridge_eligible,0.018577254191209834,-0.003527694072584123
340,matched_control,3.099229723606767e-4,-8.502957771947262e-5
341,hydra,0.005099577060815741,0.0018142243210965913
341,survival_only,0.0015232292460015228,0.003230061101888207
341,de_only,1.7014794769164564e-4,0.0017260216362190244
341,ridge_eligible,0.028255902513328233,-0.007284014384296575
341,matched_control,0.0023934144641960197,-3.3981080257524385e-4
342,hydra,0.0023872770552316514,-0.002515937507820187
342,survival_only,-0.005887121813226625,0.004769960801978557
342,de_only,9.711249870631655e-4,-5.417567118579964e-4
342,ridge_eligible,0.024502363128298888,-0.006336092995630424
342,matched_control,6.502915099872219e-4,-1.3332292621097143e-4
343,hydra,0.005825224480595093,5.372094367975643e-4
343,survival_only,0.001040688281925084,0.004196591767543015
343,de_only,0.005102002479618251,1.7298464333859452e-4
343,ridge_eligible,0.03107788255626104,-0.005447163931310023
343,matched_control,0.0015835744073336433,-2.642159547010303e-4
344,hydra,0.003295488609112729,0.0030899130439469872
344,survival_only,0.005193345323741027,0.0030549924854775925
344,de_only,0.0012571193045563978,0.004748825331472026
344,ridge_eligible,0.03301109112709834,-0.0059753743390449894
344,matched_control,0.002386840527577971,-0.00108925346009989
345,hydra,0.011155986524967899,0.003205315765982722
345,survival_only,0.008989558711310464,0.0045516096885680705
345,de_only,0.0053583725734705715,0.002823636764003934
345,ridge_eligible,0.037588639282324254,-0.0030334158281555973
345,matched_control,0.00208453535334735,-3.3697255139652214e-4
346,hydra,-0.0025825094504216216,0.006713240613332516
346,survival_only,-0.005384922942715908,0.008840943494958573
346,de_only,-0.003273117185228247,8.508123726841205e-4
346,ridge_eligible,0.023945914510031995,-0.00415907988381872
346,matched_control,0.00224810991567318,-3.642280974721412e-4
347,hydra,0.011807478605756327,6.649156846929017e-5
347,survival_only,0.005365086738248781,0.004874017569132222
347,de_only,-0.005584835545709555,0.007321901907269684
347,ridge_eligible,0.029753631215050102,-0.002736332150000445
347,matched_control,0.0016668751004948578,-4.5448239336118025e-4
348,hydra,0.005905733316394113,7.597704297379132e-4
348,survival_only,0.004526397938256576,0.0038340171772944438
348,de_only,0.007256030054991902,2.507529448333573e-4
348,ridge_eligible,0.028416123704604435,-0.002013036514131866
348,matched_control,3.7750231401656453e-4,-1.28817790840971e-4
349,hydra,-0.005588791473267995,0.0018155533677857577
349,survival_only,-0.006714801444043306,0.002396855694443395
349,de_only,-0.010431493897197852,0.006349662470517739
349,ridge_eligible,0.01338662540828608,-0.006232110183538986
349,matched_control,0.0012944816915935852,-0.0011280196547601511
350,hydra,-0.0027687446030608466,0.003586319679507441
350,survival_only,-0.012816696981388587,0.00970901106926396
350,de_only,-0.006553491704789682,0.004200227233761631
350,ridge_eligible,0.021920299840158763,-0.002860199114227591
350,matched_control,0.0029561447022727005,-7.855503180338091e-4
351,hydra,0.009043710352644386,3.3905136531804105e-4
351,survival_only,0.005411235626405386,0.002271032882267157
351,de_only,-0.0031717884499369185,0.005203786788021589
351,ridge_eligible,0.0255955101369262,-0.006675611155629768
351,matched_control,0.002811648781557918,-8.363779009819522e-4
352,hydra,0.004812312583547107,-0.006233872427386569
352,survival_only,-0.0012157231113840705,-0.0016826500946432205
352,de_only,-0.0017161024603489893,4.214420925405499e-4
352,ridge_eligible,0.029473608150583475,-0.011655645867751276
352,matched_control,4.22703132338631e-4,-5.074996990945491e-4
353,hydra,0.0036124440610341146,-0.002126199021825856
353,survival_only,0.004171384410776224,0.002156734769965962
353,de_only,-9.687101238295525e-4,0.0017026915115562786
353,ridge_eligible,0.029913193508384107,-0.008307887689049376
353,matched_control,0.0035297712118761205,-0.0016317644044512524
354,hydra,5.395566534486141e-4,-0.00243698766795368
354,survival_only,-0.004014171488006269,4.7489509913444525e-4
354,de_only,0.004654488721315753,5.131467125781303e-4
354,ridge_eligible,0.025646817915881158,-0.010529314619781658
354,matched_control,0.0020428394981473084,-9.936351390869569e-4
355,hydra,0.003831806766139767,-0.0055354007943974656
355,survival_only,-0.00357142857142857,-3.540916909220204e-4
355,de_only,-0.0013092775890087061,-0.0011178285573880786
355,ridge_eligible,0.02396218052888166,-0.013454535372519352
355,matched_control,0.0018725070172846748,-8.635284488590272e-4
356,hydra,0.00888099149939282,-0.0011718934887585547
356,survival_only,0.0050467890563611895,0.0010954866000702362
356,de_only,0.0026859061361525715,0.005229603872297014
356,ridge_eligible,0.02960032859489964,-0.005871601781455288
356,matched_control,0.001309022073005217,-3.6864473002125585e-4
357,hydra,-0.005198647506339793,0.00864842112008484
357,survival_only,-0.010908155389760732,0.010079537260891844
357,de_only,0.0021647249071998554,0.002228009897728772
357,ridge_eligible,0.015136535705097598,0.0026180786218405693
357,matched_control,0.0015932228306810513,-4.1369937022901483e-4
358,hydra,0.009033548504409494,8.552357405446131e-4
358,survival_only,0.004062187471588319,0.003702941950402108
358,de_only,-0.0021256477861623657,0.005128801847385264
358,ridge_eligible,0.02893899445404128,-0.005997621421123245
358,matched_control,0.002525684153104846,-3.7473776435627824e-4
359,hydra,0.005550454586371411,-0.006468206243178928
359,survival_only,-0.005262399855972622,-0.001238513981731218
359,de_only,-0.0049401386263389965,-0.0021694945442717662
359,ridge_eligible,0.02636961022594293,-0.011779666101671435
359,matched_control,0.0010477990818255289,-4.075033684451862e-4
360,hydra,0.008230925500383002,-0.00484911618688445
360,survival_only,8.39244679788198e-4,-3.607173046372925e-4
360,de_only,5.378492689912528e-4,0.0013570957203086875
360,ridge_eligible,0.02820628101375431,-0.011342652490866797
360,matched_control,0.0014253838212275772,-6.168607702610462e-4
361,hydra,0.012559087959959225,-0.007327632692979235
361,survival_only,0.00978960051904717,-0.0023839945117088953
361,de_only,0.00508666234127354,-0.0012121450396905236
361,ridge_eligible,0.03661321716563167,-0.012285163110716668
361,matched_control,0.0020261377328760766,-9.075586570502197e-4
362,hydra,0.001760258328739095,0.0017861113431749342
362,survival_only,-0.002284004095455594,0.005774291311549965
362,de_only,3.6229030479643096e-4,0.002868971762294553
362,ridge_eligible,0.024740096085689535,-0.0053754575592435735
362,matched_control,9.943293691423438e-4,-3.939387621843926e-4
363,hydra,0.008598766900235977,-0.005009392953103381
363,survival_only,-0.0013428712563347545,0.0025054375730824974
363,de_only,-0.0060923178250609,0.0034615206238316097
363,ridge_eligible,0.02093891216451086,-0.0068694582294359765
363,matched_control,0.0025265738487714297,-0.0010371948902149126
364,hydra,0.009442742997929776,-0.003850184346806726
364,survival_only,0.0017400379831300273,-3.219358551284218e-4
364,de_only,5.44082673191082e-4,0.0026780143258802957
364,ridge_eligible,0.03033859736171233,-0.009920687579522544
364,matched_control,0.001491949971769302,-7.146271482316807e-4
365,hydra,0.0025525246902125985,6.326145741380407e-4
365,survival_only,-0.0034700315457413256,0.0034347829195359334
365,de_only,0.005587513659512178,-8.19685052487451e-4
365,ridge_eligible,0.028364363621368648,-0.0061118822935665815
365,matched_control,0.0015814106925630344,-7.999568244831946e-6
366,hydra,-0.006500705502922821,0.005386276365111539
366,survival_only,-0.008521467446079433,0.009678808270095231
366,de_only,9.272324128199894e-4,0.0018473908210907886
366,ridge_eligible,0.018272525700463595,-0.001953176502539097
366,matched_control,0.0021030706174830272,-7.841142863113743e-4
367,hydra,-0.005163014619986539,0.009654491344051682
367,survival_only,-0.013880137349994692,0.011107281669696272
367,de_only,-0.004324046868915699,0.006410876660001216
367,ridge_eligible,0.012561506602003624,0.00213673567691505
367,matched_control,0.0022460972069807796,-6.925642412022454e-4
368,hydra,-8.462780468793563e-4,-0.0017774749448636856
368,survival_only,-0.003910324220997341,7.54752777738224e-4
368,de_only,-0.001750088153963214,5.938926434028213e-4
368,ridge_eligible,0.021073436891041696,-0.007955787703516553
368,matched_control,7.609078930274737e-4,-6.260149287728139e-4
369,hydra,0.0019831730769230504,-8.115516917328286e-4
369,survival_only,5.718240093240068e-4,1.9140684048019608e-4
369,de_only,-0.003013913170163196,0.0035305640562097616
369,ridge_eligible,0.027866404428904402,-0.008688554650655551
369,matched_control,0.0018356643356643109,-5.931875601082146e-4
370,hydra,-0.009456571248379541,0.0036038260129342943
370,survival_only,-0.011106828772642907,0.00792952786710178
370,de_only,-0.005910794996671476,0.0038265748650156083
370,ridge_eligible,0.01889737570512594,-0.003962064928513495
370,matched_control,0.0014347780386111063,-6.19437435688272e-4
371,hydra,0.009562056430673371,-0.0040547857212976076
371,survival_only,0.0023610870694132148,-1.8342248079758483e-4
371,de_only,0.0035450926086203816,-0.0010787004894976609
371,ridge_eligible,0.032329929028907724,-0.00894277460674817
371,matched_control,0.0017344642548035361,-2.948660892738042e-4
372,hydra,-0.0031818107306197827,8.994549887328451e-4
372,survival_only,-0.00750290969296592,0.005837498241907937
372,de_only,-0.007950428667442578,0.006465519808062437
372,ridge_eligible,0.021598937757159507,-0.006706998763310041
372,matched_control,0.0018048292706916102,-7.491796528059397e-4
373,hydra,0.01413512119649305,-0.0029380454919963107
373,survival_only,0.0028282619907168847,0.002780560593876655
373,de_only,-0.004086642599277967,0.0036951981976614534
373,ridge_eligible,0.027308922124806612,-0.004380706383342123
373,matched_control,0.0017266632284682836,-3.5273981235676153e-4
374,hydra,-0.0028172787995942583,0.005686437204094927
374,survival_only,-0.006202989530900116,0.009270485145040414
374,de_only,-0.0026909605925472422,0.005519510011241802
374,ridge_eligible,0.022098030584317408,-0.0011415100110097748
374,matched_control,0.00103542651534001,-1.4104741152205503e-4
375,hydra,0.009738833292653149,-0.0010338857487230708
375,survival_only,0.002213627231933313,0.0032595222914477417
375,de_only,-0.006860554627213166,0.0030598594218735646
375,ridge_eligible,0.025553406807983313,-0.0024640201048277133
375,matched_control,0.003056645575561845,-5.635159973791465e-4
376,hydra,0.0024799653454624206,-0.005284439836349219
376,survival_only,-5.4147714966368275e-6,-0.006107096572641343
376,de_only,9.764637932279108e-4,4.1870872083121514e-4
376,ridge_eligible,0.024640820157389352,-0.013717990397831439
376,matched_control,9.566096310735794e-4,-3.536064381721549e-4
377,hydra,0.003916272788656305,0.004814807193394874
377,survival_only,0.009970037137069532,0.007439125612818606
377,de_only,0.0022598750844024518,0.002949047739876076
377,ridge_eligible,0.03414922349763674,-0.0010940483262799033
377,matched_control,0.002823261309925729,-6.626156874008054e-4
378,hydra,0.0056721536351166165,-0.005234706647729001
378,survival_only,0.00024005486968451396,-0.002449304893629592
378,de_only,-8.590534979423636e-4,0.0014145268022773938
378,ridge_eligible,0.024538751714677676,-0.010385260024310321
378,matched_control,0.0018518518518518602,-6.617050071719144e-4
379,hydra,-0.010702621832180837,0.005891595557226836
379,survival_only,-0.005619515043149859,0.0063678896609442506
379,de_only,-0.0034976007589994306,0.004402363994640654
379,ridge_eligible,0.019148315057746012,-0.002371145802812083
379,matched_control,0.0011056578299184494,-4.4447417069227166e-4
380,hydra,0.0027358597072215996,-0.003579637199331032
380,survival_only,-0.0011534264102660784,-0.002082630040515443
380,de_only,-0.0036710194558386535,0.004272423545577111
380,ridge_eligible,0.02704813156211191,-0.012735534390711262
380,matched_control,9.219884845519943e-4,-0.0013906133408967182
381,hydra,0.004986299255142601,0.002565929174049883
381,survival_only,-0.003589209216163036,0.0061669682509113925
381,de_only,-0.002205626953803408,0.00561206609915568
381,ridge_eligible,0.025124464513141133,0.001423414466563863
381,matched_control,0.0020049399868781403,-3.522410447571067e-4
382,hydra,0.006216409590841776,5.325147778789396e-5
382,survival_only,0.002039967387144548,6.621176085489678e-4
382,de_only,-0.005093262783074581,0.0035352949753262143
382,ridge_eligible,0.026108587497296155,-0.0062349688941140706
382,matched_control,0.001965090933293401,-5.776911645763189e-4
383,hydra,0.0020933338145595172,0.0030757444384219095
383,survival_only,-0.0028711156025553073,0.004744453844686242
383,de_only,-0.0022106326920994677,0.005661603206234309
383,ridge_eligible,0.024284476847006176,-0.005205477513457407
383,matched_control,0.0016457934817916131,-5.649690082356968e-4
384,hydra,-0.0022361456195311826,0.005170347872250311
384,survival_only,-0.008487270894098186,0.010164539856007015
384,de_only,-0.002434193943322183,0.002174272226363258
384,ridge_eligible,0.01930250981239422,0.003322537507031864
384,matched_control,0.0024720031687731512,-4.36271984651726e-4
385,hydra,0.008847971877613003,-0.006057597243048271
385,survival_only,0.005875326359618405,3.9241711317817283e-4
385,de_only,-0.007738775788809072,0.003390815131832492
385,ridge_eligible,0.03545161345369532,-0.012290755205276888
385,matched_control,0.0022115663555229313,-1.4611884460104252e-4
386,hydra,0.002045824980796973,0.0025109494956344707
386,survival_only,6.051295501808051e-4,0.006616678785373978
386,de_only,0.0030837251999925154,9.27101406484565e-4
386,ridge_eligible,0.029203589561046916,-0.002895298855704223
386,matched_control,0.0036045487756898977,-0.001069494415585226
387,hydra,0.014334200701436817,-0.0017452963647467568
387,survival_only,4.336840517403795e-4,0.005876714355488003
387,de_only,-0.004802579477316438,0.006100165824539899
387,ridge_eligible,0.03082739374740733,-0.008619795504522345
387,matched_control,0.0036787721084587167,-9.366867485674696e-4
388,hydra,0.005966777408637869,-0.0032501466768837693
388,survival_only,-8.637873754152925e-4,-0.0015778106725179374
388,de_only,-0.0034988134788799252,0.004238981752173165
388,ridge_eligible,0.025790223065970584,-0.008366723393605979
388,matched_control,0.0031248220218319744,-5.301530617280309e-4
389,hydra,0.00415089413914631,2.670338839455055e-4
389,survival_only,9.733902698267572e-4,0.005517498750722455
389,de_only,0.008320435601469412,-0.0026103476347746875
389,ridge_eligible,0.02927816211982769,-0.004397581230778833
389,matched_control,3.0768083241650146e-4,3.0498766313562795e-4
390,hydra,9.406778085553569e-4,-0.0018690933373597673
390,survival_only,-1.598780465133509e-4,-6.161990054489808e-4
390,de_only,-0.00859809261772414,0.002465283185882558
390,ridge_eligible,0.022457288393969266,-0.005740161286688699
390,matched_control,0.0022308564629770823,-4.6760830097762607e-4
391,hydra,0.0069498960978989,-0.004364323600617295
391,survival_only,-0.00637843454167627,0.0010913751338936018
391,de_only,-0.011123297160009227,0.005399945392552269
391,ridge_eligible,0.027903486492726837,-0.00972692772607248
391,matched_control,0.0019433541137535593,-0.001153673714290504
392,hydra,0.00227854202973784,0.00644837990698362
392,survival_only,-0.006830064147725157,0.007626519807490869
392,de_only,-0.006288701842856614,0.0064862870176021535
392,ridge_eligible,0.015347250546924252,0.0021188921681652637
392,matched_control,0.001414587118543509,-7.172058429181366e-5
393,hydra,0.003578517762730715,-0.005501868746959945
393,survival_only,-0.0026361190984138918,-0.0011859983745752978
393,de_only,-0.0015508765420647608,-0.003511709177430963
393,ridge_eligible,0.027607828587329554,-0.013264208053628126
393,matched_control,0.0027474260272701834,-0.0010493991427481836
394,hydra,-5.195078715973245e-4,0.004173863009963327
394,survival_only,-0.00993909823262017,0.008350598089872232
394,de_only,0.002465907295926428,0.003884335146487214
394,ridge_eligible,0.015643154255225798,-0.0018038791350010852
394,matched_control,0.001209259876792379,-2.913318404205251e-4
395,hydra,-0.0010582105965278865,4.8835297606064645e-5
395,survival_only,-0.007984352184024079,0.008040444236129502
395,de_only,-0.0013574660633484004,0.0021364663177293936
395,ridge_eligible,0.019080240125470983,-0.002690467942290975
395,matched_control,0.0018730507832921627,-7.029677899409725e-4
396,hydra,0.003162775293922815,-5.411669446016454e-4
396,survival_only,-0.0031333370131184203,0.004537985820221457
396,de_only,-0.0031443763684200878,0.002135112813859777
396,ridge_eligible,0.024225865209471776,-0.0063527875326231135
396,matched_control,0.0011572924141230122,-7.828855518043187e-4
397,hydra,0.006434023991275894,0.001002723338453404
397,survival_only,-0.007322523553283178,0.006285806716960227
397,de_only,0.0028764502922930756,0.0016817531599044532
397,ridge_eligible,0.02392155460607468,-0.005057911579326396
397,matched_control,4.2726638897327973e-4,3.771111400706961e-4
398,hydra,0.007537109374999995,-0.003200469916943072
398,survival_only,-0.005611328125000014,0.0013690452679413628
398,de_only,0.006128906249999977,1.1496390969027714e-4
398,ridge_eligible,0.02878124999999998,-0.009462617717775845
398,matched_control,5.29296874999996e-4,-2.4176109868061235e-4
399,hydra,0.010240715009951551,-0.001368071566426618
399,survival_only,0.0019414923579555877,9.178152296361236e-4
399,de_only,-0.004874385068909826,0.004003437089260359
399,ridge_eligible,0.02907919936910889,-0.011060157938897511
399,matched_control,8.787412219760538e-4,-7.710111545417647e-4
400,hydra,-5.334683886216052e-4,0.005792626475637613
400,survival_only,-0.012315354098083897,0.011441812455066225
400,de_only,-0.009524774204439956,0.008109643554250156
400,ridge_eligible,0.02338819954418837,-7.034610158524968e-4
400,matched_control,0.001066936777243166,-1.843997978684675e-5
401,hydra,0.012773165294623568,-0.004627090503424971
401,survival_only,0.0018272454406627725,5.066421443173901e-4
401,de_only,0.00957855751171648,-0.001994447703844715
401,ridge_eligible,0.03296238437099578,-0.009758393076867388
401,matched_control,0.0015393796844008101,-4.434469786130907e-4
402,hydra,-0.002580655705553536,0.0017116380479641814
402,survival_only,-0.0035204131664106296,0.004759303478079943
402,de_only,-3.3831268590852617e-4,0.0018111271579185379
402,ridge_eligible,0.019100774687019928,-0.004246391386677356
402,matched_control,8.171804007452765e-4,-1.0362803881501237e-4
403,hydra,0.012605163386892947,-0.0032858017314421756
403,survival_only,0.0023578263224408925,-0.001357206324364546
403,de_only,-3.0691460552443315e-4,0.0033956215535012046
403,ridge_eligible,0.03519588373352589,-0.010618864006913725
403,matched_control,0.0028597219714750154,-8.006953486111385e-4
404,hydra,0.0026509352947765687,-0.0017387717204002783
404,survival_only,-0.00567710861367281,0.004282367831081396
404,de_only,-0.0020666094164208727,0.002728550132153615
404,ridge_eligible,0.023274091774633177,-0.006091352562317976
404,matched_control,0.001323600791546886,-2.598043355320018e-4
405,hydra,0.004078972227470256,-0.003658655667817387
405,survival_only,0.007797090496882686,-0.003648707806600285
405,de_only,0.0041507651615340976,0.002248714300647084
405,ridge_eligible,0.03173436614396373,-0.009651904501161174
405,matched_control,0.0013470621575666143,-8.754132954195082e-4
406,hydra,0.00215632006726455,0.002354729363036959
406,survival_only,0.001623808856502218,0.006151365130454764
406,de_only,-9.879484304932795e-4,0.0029098652078050568
406,ridge_eligible,0.028230100896860975,-0.003575633160635752
406,matched_control,0.0020529708520179322,-9.534919955868443e-4
407,hydra,-0.0013518566994502822,-0.0010758082807507702
407,survival_only,-6.89951759470464e-4,0.0036729467275126715
407,de_only,-0.014305747728207608,0.004361160273528761
407,ridge_eligible,0.0347406604091096,-0.00798903911142862
407,matched_control,0.0033543996110840914,-8.057962193305623e-4
408,hydra,0.0026563887471896196,0.0038891744238387068
408,survival_only,-0.00337999962213531,0.010234196479387591
408,de_only,0.0041432862891798376,0.0021461055895983295
408,ridge_eligible,0.020372574581042534,0.0017075328267604634
408,matched_control,0.0021009276578057403,-2.1930203433422613e-4
409,hydra,4.533204833038873e-4,-0.0026940309562432318
409,survival_only,-0.010385322410808284,0.00278258687180504
409,de_only,-0.0041013010654816105,0.00219314311596529
409,ridge_eligible,0.01933394014027947,-0.01009224955502736
409,matched_control,0.001522371544323653,-9.810612271804187e-4
410,hydra,0.0017656964975249379,-0.004894459602503601
410,survival_only,-0.010782996240665477,0.0033337464113274845
410,de_only,-0.004563934203140152,0.001885034840415467
410,ridge_eligible,0.017901917090513208,-0.006894233335842476
410,matched_control,0.0017963155119328888,-7.138219547365044e-4
411,hydra,0.019056305484616332,-0.0059860185940634105
411,survival_only,0.01354736714094612,5.310569269242421e-4
411,de_only,0.00287347335869772,0.002176312852993631
411,ridge_eligible,0.03981862719549696,-0.010921277041251254
411,matched_control,0.0029898716144611927,-8.616376373761364e-4
412,hydra,0.005963979923235907,3.6122860716697734e-4
412,survival_only,5.90493061706443e-5,0.003640293241438125
412,de_only,-0.0046156874323393104,0.0059521947711736025
412,ridge_eligible,0.03463635468949906,-0.005280270930836141
412,matched_control,0.0021454581242003725,-6.235391190779121e-4
413,hydra,-0.00322403146589495,0.0020128330371778635
413,survival_only,-0.002274348366585843,0.002174531564215834
413,de_only,8.966964886184537e-5,3.6813881965181425e-4
413,ridge_eligible,0.021049950070309187,-0.005539750426732465
413,matched_control,0.001218692045894576,-4.249125643699697e-4
414,hydra,0.008685913389746136,-0.0073235862400771925
414,survival_only,-8.62784138045447e-4,4.3227440189735347e-4
414,de_only,-0.0013074498091919739,0.0014152130672899083
414,ridge_eligible,0.028656047784967654,-0.010718011819920084
414,matched_control,0.002309606769537076,-4.3689945567061407e-4
415,hydra,0.011229244247755754,-0.0045018571824481405
415,survival_only,0.0037868566391422442,-5.399852180935916e-5
415,de_only,-0.008106211884073612,0.004792250113873647
415,ridge_eligible,0.03009156817241442,-0.011438078811842018
415,matched_control,0.002513177541511491,-0.0010314927547594027
416,hydra,0.010789583220225463,-0.0044548688095738115
416,survival_only,0.004623848562173116,-1.6101422779234154e-4
416,de_only,-3.1489223084858465e-4,7.838151025462925e-4
416,ridge_eligible,0.032263785583726945,-0.011072074488013029
416,matched_control,0.002303780516495646,-0.0010895602615570627
417,hydra,0.0015714995491599494,0.004264970605646912
417,survival_only,-0.0040704414552012345,0.005054958358351841
417,de_only,-0.001026811180832865,0.003452109250201929
417,ridge_eligible,0.019537014886921944,-0.003401242271499208
417,matched_control,0.0012347496457685292,-2.1929422468133786e-4
418,hydra,-8.444830582102769e-4,-0.004722932896571627
418,survival_only,-0.004616854908775003,-0.002970862655582557
418,de_only,0.0022519548218939865,-0.0017599882924256127
418,ridge_eligible,0.018173761946133803,-0.010551341035582917
418,matched_control,0.0016003475238922649,-8.889939711840017e-4
419,hydra,0.009061660238012548,-0.002702577338290163
419,survival_only,0.0034275999488145082,0.0033313476444137265
419,de_only,0.002122369888305953,0.001913237095246345
419,ridge_eligible,0.030314607973968545,-0.008288807568227205
419,matched_control,0.002568414894978344,-6.183102683508413e-4
420,hydra,0.008335240711070424,-4.0913650420223156e-4
420,survival_only,0.01614595254444189,4.788008431047791e-4
420,de_only,0.006097886625467297,2.995211004925141e-4
420,ridge_eligible,0.04378194857709623,-0.011194633393492923
420,matched_control,0.0018501564049744346,-1.60192159834599e-4
421,hydra,0.007948338443105352,-0.0047677919811730165
421,survival_only,1.4800718892061805e-4,-4.550273516914005e-4
421,de_only,-0.0074690770694576525,0.0021721772033240746
421,ridge_eligible,0.03398174578003314,-0.012006252285230326
421,matched_control,0.0027998026570814514,-0.0012872014386856201
422,hydra,0.0100254817646122,-0.004614779321511925
422,survival_only,0.0027432712215321063,0.004107548789020671
422,de_only,-0.007449434623347651,0.005462512522942923
422,ridge_eligible,0.03088071348940915,-0.0033267151008651045
422,matched_control,0.0035674470457079054,-6.617597640976774e-4
423,hydra,0.0033364226135310314,0.005092388046080451
423,survival_only,3.65366792614219e-4,0.007340796843126593
423,de_only,-4.2774648891426016e-4,0.0071031948647807515
423,ridge_eligible,0.02521565552149423,-7.22499945547539e-4
423,matched_control,0.002395380337919717,-0.0011729365398358727
424,hydra,-0.007588826313918495,0.0013707837931036886
424,survival_only,-0.010516960727449643,0.006296921222030419
424,de_only,0.0015510692835893568,0.002219325077619058
424,ridge_eligible,0.00731565850281587,-0.0012841168701398149
424,matched_control,-4.284618407019991e-4,8.353350702944851e-5
425,hydra,-0.001695804523394584,-0.0029748121421751816
425,survival_only,-0.0030936721194745665,0.001123631411886533
425,de_only,-0.0024996720819982165,0.003297544925534332
425,ridge_eligible,0.025058556786028842,-0.008460328589910717
425,matched_control,0.0026945490659021744,-0.0010189588145696205
426,hydra,0.006256008545486924,-0.004572444109037846
426,survival_only,-0.0028182303720847403,-0.0022951273322172868
426,de_only,0.0036353925583051615,-0.001623753994414326
426,ridge_eligible,0.027309951931636135,-0.01394527985430151
426,matched_control,0.0014349296777639298,-8.240901295151953e-4
427,hydra,0.006638616175783085,-0.0027087336594037196
427,survival_only,0.011620175575294767,-0.00119152963328526
427,de_only,-8.519037972053334e-4,0.0031104495491341257
427,ridge_eligible,0.03112392429830487,-0.009512011719125071
427,matched_control,0.003170398074558889,-0.001202573918182459
428,hydra,0.013233114958664815,-0.004752872080269891
428,survival_only,0.009187334269224778,-0.0018448506869751164
428,de_only,0.001967321790672283,0.004261220899895055
428,ridge_eligible,0.0355151302448916,-0.007848835509167384
428,matched_control,0.0014662299173295867,-2.217053615386072e-4
429,hydra,0.007243787262749124,-6.048200793429146e-4
429,survival_only,-0.002114974383284396,0.0036948536395527533
429,de_only,0.006645760023337643,0.00100089131449288
429,ridge_eligible,0.02550732036392145,-0.007376198878806797
429,matched_control,0.0010866592521013296,-6.760816407595683e-4
430,hydra,0.015843547564637663,-0.004652632959294098
430,survival_only,0.006020888024325277,-5.290439685496251e-4
430,de_only,-0.0021227974088273704,0.0033643621952469754
430,ridge_eligible,0.02999490075355532,-0.005796163286166281
430,matched_control,0.002109577140267038,-3.7762782222116876e-4
431,hydra,0.015044971381847915,-0.005642349677216577
431,survival_only,0.007302072594119957,-0.0013266386414367503
431,de_only,6.079135411852677e-4,0.0037167629376797405
431,ridge_eligible,0.035509616410110564,-0.0113819776753462
431,matched_control,8.745422873191466e-4,-2.3687447478379364e-4
432,hydra,0.009815359914369836,-0.0054552448699190376
432,survival_only,-7.100169476407237e-4,-7.476327135681554e-4
432,de_only,-0.007737043974667734,0.006029222954384206
432,ridge_eligible,0.02515029881366516,-0.010937207281204332
432,matched_control,0.0020087414146819802,-6.865697583576302e-4
433,hydra,0.004904522996509042,-0.0023711064015859095
433,survival_only,0.012643787794967654,0.0016232674092797744
433,de_only,1.1445794624289629e-4,8.320323545962155e-4
433,ridge_eligible,0.03210545392113849,-0.0060154422064149895
433,matched_control,0.0026172717040880756,-5.222899905217404e-4
434,hydra,-0.006209657062493268,0.002359550863252935
434,survival_only,-0.001135912877285361,0.005987861037918707
434,de_only,-0.0037088456961523407,0.00785358963845792
434,ridge_eligible,0.020347264793912922,-0.002789369342130932
434,matched_control,-3.479860084382169e-4,-3.29135616669482e-4
435,hydra,-3.9480809880682033e-4,-0.0028483493617926458
435,survival_only,-0.0010324406477648096,-4.5595713869138466e-4
435,de_only,0.002864979124085054,-0.003692808050610674
435,ridge_eligible,0.021672518910609152,-0.008085319891378683
435,matched_control,2.742693429764298e-4,-1.6952260421784494e-4
436,hydra,0.00928115352231268,-0.00640491573010186
436,survival_only,0.00839531293853496,-0.00214607106587881
436,de_only,-0.0025294695481335784,0.0016270347143924307
436,ridge_eligible,0.03727196182991862,-0.01691368506664954
436,matched_control,0.001912012349143999,-0.0010233328445218958
437,hydra,0.005885854468054419,0.0016166883442511964
437,survival_only,-0.00919405461957502,0.007049846088094891
437,de_only,-0.00674266748439698,0.006569927360990493
437,ridge_eligible,0.01831234893033661,-0.0021260614657513414
437,matched_control,0.001897615354089266,-6.039794021608508e-4
438,hydra,0.004266406422626512,-2.854439738665504e-4
438,survival_only,0.003389924136407152,5.212729437879566e-4
438,de_only,-0.011252485821610082,0.007810818866057107
438,ridge_eligible,0.03384952493187008,-0.006092120676390556
438,matched_control,0.00226301833983944,-5.79271105159182e-4
439,hydra,0.003879838850937145,0.0016499540709635414
439,survival_only,0.003091609739008616,0.0046492118922160045
439,de_only,0.005444035733053088,8.063241598505633e-4
439,ridge_eligible,0.025293396391662303,-0.006003791604392986
439,matched_control,9.79155719040159e-4,2.875224585606184e-4
440,hydra,0.01147324582605137,-0.0021323775841867398
440,survival_only,0.008468746513962755,0.0033107895495550405
440,de_only,0.00574684862231808,0.00123038279030733
440,ridge_eligible,0.03207712044026327,-0.0034575815078753238
440,matched_control,0.0013925556836351326,-2.443673361436388e-4
441,hydra,0.027655630706130585,-0.008129177118483558
441,survival_only,0.0090410742807564,-0.001330611867915385
441,de_only,-0.007761323526511954,0.002104498907587135
441,ridge_eligible,0.04059314179796107,-0.011940063766499216
441,matched_control,0.001837793070810212,-7.07979945874565e-4
442,hydra,-0.0014523684638897195,0.0034557411065347073
442,survival_only,-0.010658539673352752,0.0071684117486393835
442,de_only,-0.01030765613413156,0.006512123148298382
442,ridge_eligible,0.01536291124816871,7.970135685751196e-4
442,matched_control,0.0018339995297437018,-4.527531273406882e-4
443,hydra,0.013428799278804493,-0.007859524652139219
443,survival_only,0.010361984674595181,-0.0035250094804726182
443,de_only,0.004940882771055077,-0.0016989092156318858
443,ridge_eligible,0.03066121146978259,-0.012421915266259484
443,matched_control,0.0010575222773135384,4.671079380019761e-6
444,hydra,0.018900564729430257,-0.004289395665514143
444,survival_only,0.009482450496818928,3.5300527959186424e-4
444,de_only,-0.008594252627064114,0.0040931793929301075
444,ridge_eligible,0.027455500750589733,-0.006547917901178585
444,matched_control,0.0026753163199656816,-7.885180336543701e-4
445,hydra,-0.006183836309053592,0.005302767806842815
445,survival_only,-0.009648048664875997,0.008683381343052068
445,de_only,-0.004291752251540581,0.003972666575103079
445,ridge_eligible,0.022568731237162264,-0.0012567182388389358
445,matched_control,0.0022811660609890704,-3.408451084059794e-4
446,hydra,3.620840797347036e-5,0.002958712390669585
446,survival_only,-0.0076304455539886185,0.009293656552210414
446,de_only,-0.002664176544574459,0.004371617924032498
446,ridge_eligible,0.020034683843427225,0.0010313443292854856
446,matched_control,0.0013797309143575797,-5.114588374282886e-4
447,hydra,-0.0012865634287501982,0.0026741787142896935
447,survival_only,-0.011471531362427645,0.0030119822197267054
447,de_only,-0.0021703425621773633,0.002312719591412801
447,ridge_eligible,0.018893711872360396,-0.0036893889272301026
447,matched_control,0.0017675582668543743,-9.493982771046378e-4
448,hydra,0.014196360114603934,-0.002427612615238653
448,survival_only,0.014077317299544034,-0.002662612822643942
448,de_only,0.006077236592550772,-0.002639000150391374
448,ridge_eligible,0.03828134457850775,-0.011742148020344291
448,matched_control,0.001733182680279266,-8.028092007696247e-4
449,hydra,0.0033648912575722557,-0.003013177639119438
449,survival_only,-0.0021864345062729386,2.6347337216290625e-4
449,de_only,-0.004263630044026601,0.0011535416882835436
449,ridge_eligible,0.026799960276738734,-0.012130512136795519
449,matched_control,0.001726306729782512,-9.343373659315313e-4
450,hydra,-2.623461697459195e-4,1.7691130068680784e-4
450,survival_only,0.002917607402931943,0.0036829688628820826
450,de_only,0.001826883327503448,2.0014144388048327e-4
450,ridge_eligible,0.02672750977835724,-0.00672521122518388
450,matched_control,0.001456418736286469,-4.5412635011100877e-4
451,hydra,0.0019610972568578355,4.16033284132597e-4
451,survival_only,-0.005795511221945137,0.006640661065253841
451,de_only,-0.010918703241895266,0.00739737857601141
451,ridge_eligible,0.019247880299251875,9.932493721924647e-4
451,matched_control,0.0024099750623441272,-1.2470222400529085e-7
452,hydra,-0.0017732356829580187,8.666839801239737e-4
452,survival_only,-0.0095628816653725909,0.006311431598678691
452,de_only,-0.002688183325289073,0.004867521025996305
452,ridge_eligible,0.01153127819864438,-1.106826439875419e-4
452,matched_control,7.029987618828004e-4,-2.9688593252087393e-4
453,hydra,-0.004173146708138953,0.0038521252246321914
453,survival_only,-0.001709002937618831,0.0059323471042959375
453,de_only,-0.006910316226023861,0.006066964113943552
453,ridge_eligible,0.018486262312078783,0.0017425847440560387
453,matched_control,0.0021168135476066553,-3.7508664802881063e-4
454,hydra,0.0041637590137240995,-0.0022547453981212493
454,survival_only,-7.612764067753908e-4,0.0031455881533915876
454,de_only,7.633910634608388e-4,-4.4606214188070705e-4
454,ridge_eligible,0.03020364143881239,-0.007329544848975779
454,matched_control,0.0013512656220262653,-4.1605052921858123e-4
455,hydra,0.0012686889016677028,-0.004040002843290355
455,survival_only,-0.015657346175963194,0.004433449630772013
455,de_only,-0.009721822886716459,0.005142951859837025
455,ridge_eligible,0.0105915756181714,-0.005144251158584662
455,matched_control,6.055922944221082e-4,-7.102144657189335e-4
456,hydra,0.01107921928817449,-0.004026705136428413
456,survival_only,0.0064154750721914676,-9.197484420821745e-5
456,de_only,-0.0032999338969488478,0.0023875224776107873
456,ridge_eligible,0.031983439446125986,-0.007396274361698862
456,matched_control,0.0032390495077062155,-7.583162074576794e-4
457,hydra,0.0075484505990564225,-0.005616962618453294
457,survival_only,-0.004439466449445095,7.734681190531278e-5
457,de_only,-0.006078810711740157,-8.019656471236203e-5
457,ridge_eligible,0.02730034280283745,-0.010533504252835793
457,matched_control,0.0027288463496588865,-0.0012888107487963097
458,hydra,0.00700730514580109,-0.0025945939587463636
458,survival_only,0.005769656477028063,-2.6192824712684414e-4
458,de_only,0.00628081543941561,0.0031579560402470396
458,ridge_eligible,0.03381296411825081,-0.011942729668003926
458,matched_control,0.0026866032078243897,-8.292106858203196e-4
459,hydra,0.009161220247570202,-0.005654840685639291
459,survival_only,0.012472143673102487,-0.003185695766687313
459,de_only,-0.004788479185003458,0.0028772650716545776
459,ridge_eligible,0.03812430944399706,-0.012979911826847507
459,matched_control,0.002559973033202878,-9.86677414625961e-4
460,hydra,0.003650610240485297,-0.0033349360815321223
460,survival_only,-0.006445439445367218,0.002356342576353998
460,de_only,-0.005692568787462981,0.005625017149779551
460,ridge_eligible,0.024460171878385183,-0.0035692277810896594
460,matched_control,0.0032317469487975537,-7.253251953218076e-4
461,hydra,0.003922780211961163,-5.148609933750325e-4
461,survival_only,-6.179081002136711e-5,0.00493909974560128
461,de_only,0.004381530165149927,-0.0020636909643380495
461,ridge_eligible,0.025373553533310833,-0.0029423095769535697
461,matched_control,0.0022244691607684387,-1.2686192333300484e-4
462,hydra,0.002398555223206744,-7.021708070091808e-4
462,survival_only,0.003079556784619142,0.0011503334789212366
462,de_only,-2.1069661568563492e-4,0.0027235335530973763
462,ridge_eligible,0.029651786218183873,-0.007652344126206379
462,matched_control,0.003047576048309708,-8.724530242721851e-4
463,hydra,0.011065760325311803,-0.00795686355092023
463,survival_only,0.001737322853761436,-5.993006699447023e-4
463,de_only,0.004363790853640037,-0.0010691419925373924
463,ridge_eligible,0.023679179437380536,-0.010116176637253338
463,matched_control,9.210087093739383e-4,2.379227705026743e-4
464,hydra,-0.0027620073385786316,-9.154750940061351e-4
464,survival_only,-0.00926632468646742,0.004569998021769328
464,de_only,-0.0028259004362985785,0.003641122178668224
464,ridge_eligible,0.02609211559174136,-0.010170875524690648
464,matched_control,8.196571678928066e-4,-3.4638192483535114e-4
465,hydra,0.009993489010505563,-0.002148324867868176
465,survival_only,-0.008318229010857514,0.008235501974286122
465,de_only,-0.002963380083411049,0.003440863407483968
465,ridge_eligible,0.010581237791894682,5.876808499294478e-4
465,matched_control,0.001687578087880759,-1.3753416018877362e-5
466,hydra,0.017856073086715617,-0.004513919599740795
466,survival_only,0.0030721132245020376,-8.196459467333939e-4
466,de_only,-9.397933203534215e-4,0.0016028075986745493
466,ridge_eligible,0.030556387599221246,-0.008005651091934693
466,matched_control,0.0019937846338176192,-7.034246391181914e-4
467,hydra,0.01806390382790255,-9.410860967114909e-4
467,survival_only,0.013925228427340574,4.99273506008338e-4
467,de_only,-3.3496473565699516e-4,0.003759070664062217
467,ridge_eligible,0.04188547927870927,-0.007493606854909368
467,matched_control,0.0025364274150026732,-2.957849443223748e-4
468,hydra,0.0064081821333641705,0.0017493254122509239
468,survival_only,0.0033437343503216477,0.0028604574600034683
468,de_only,-0.008887091182248941,0.0066634979692283105
468,ridge_eligible,0.024496321121768926,-0.0021094849061572855
468,matched_control,-1.4638468353942447e-4,8.957040874514599e-5
469,hydra,0.0062184131132419825,-0.0025973783812992812
469,survival_only,0.005753377274736238,6.675039571697322e-4
469,de_only,-0.008432137435385022,0.0036480732321251623
469,ridge_eligible,0.02998712504083475,-0.008250875100533914
469,matched_control,0.0027806068525528804,-8.982354911787477e-4
470,hydra,0.011410922675741175,0.0014910327642167847
470,survival_only,0.0038948789554474673,0.005618202795225647
470,de_only,-0.0028629024800725044,0.0023984986256789962
470,ridge_eligible,0.0348264319135951,-0.0047125757978733526
470,matched_control,0.0024393852527232916,-2.511911905177189e-4
471,hydra,0.004468471343932645,0.0012032994921195805
471,survival_only,-7.979413114200806e-6,0.003781869816608846
471,de_only,-0.0018472341359293098,0.006027279906856356
471,ridge_eligible,0.025869257316124362,-0.005622140258459041
471,matched_control,0.0011610046081110491,-6.507116721430811e-4
472,hydra,0.014575305145806827,-0.005706111192058666
472,survival_only,0.004986288602512867,0.0010317108547830717
472,de_only,-0.003579302062982792,0.003724120257732963
472,ridge_eligible,0.03718029143440934,-0.013831753557721526
472,matched_control,0.002910759414263442,-0.001256996116744949
473,hydra,0.004443812001951574,-8.241000795388184e-4
473,survival_only,0.0021446576679134744,0.005274840481630974
473,de_only,2.3581070092698608e-4,0.0020106314129253373
473,ridge_eligible,0.02700439095787934,-0.002991045196911257
473,matched_control,0.0021812489835745684,-4.3964482016106146e-4
474,hydra,0.008569085690856881,0.0012188217371821685
474,survival_only,0.005428827015542881,0.0021688144332729113
474,de_only,-0.005330053300533011,0.001847124926433219
474,ridge_eligible,0.02939543031793953,-0.005665594507304805
474,matched_control,0.0016754258451675442,-2.8541740166442844e-4
475,hydra,0.008499676699413861,0.0023096716189070694
475,survival_only,0.0027219823540454045,0.0030276193933845537
475,de_only,-0.0013078030160816323,0.0047452688567247905
475,ridge_eligible,0.030496631416473696,-0.006484237973111104
475,matched_control,0.0024591702646893144,-6.396869173984493e-4
476,hydra,-0.0024860263763562427,9.258293447756388e-4
476,survival_only,-0.005587622840024842,0.0040729590488765705
476,de_only,0.0015635845541226655,0.0037026559364476326
476,ridge_eligible,0.029315383772330405,-0.006184403582490505
476,matched_control,0.0026540751835750775,-7.270878102751038e-4
477,hydra,-0.003324808184143213,-0.00019960445239613489
477,survival_only,-0.014900215478180313,0.008365459810967263
477,de_only,-0.006323378375656996,0.003899205357419719
477,ridge_eligible,0.016507239664095695,-0.0027300835247824175
477,matched_control,0.0012928690819018374,-1.179276799938428e-4
478,hydra,0.008561188294413258,-0.003816804408504117
478,survival_only,-0.009660434525568995,0.0011140565053217588
478,de_only,-0.003990540939994058,0.003796523679729211
478,ridge_eligible,0.02614728052024832,-0.008766655426725757
478,matched_control,0.0022760863139225764,-0.0010556712723789469
479,hydra,0.002075138247534347,0.001524141605692722
479,survival_only,0.0011344849210421226,0.0023415037458962506
479,de_only,-0.002483704843889567,0.0021174160535272464
479,ridge_eligible,0.023001349219922827,-0.004290687722495657
479,matched_control,0.0017406837314482338,-4.3896369242444054e-4
480,hydra,0.016303784344219807,-0.004890881877108103
480,survival_only,0.01723691031622605,-0.002034135721541075
480,de_only,0.00467642992915156,-4.444582781182871e-5
480,ridge_eligible,0.04058449974079835,-0.009553450461095849
480,matched_control,0.0019267323310869443,-6.917016028997497e-4
481,hydra,0.00727186050349291,-0.0044688812306650115
481,survival_only,0.010044188562313205,-6.185979542537523e-4
481,de_only,-0.0029300133849172183,0.004020961062359182
481,ridge_eligible,0.038253359980931066,-0.012604186706513403
481,matched_control,0.0036377638020499204,-0.0011160914687865758
482,hydra,0.008670156314643917,1.4765128075230617e-4
482,survival_only,2.770132930404734e-4,0.0051447932100285865
482,de_only,-0.0034302879858974953,0.004173163629675625
482,ridge_eligible,0.02001690860360116,-0.003102517337552427
482,matched_control,0.0016386955192200237,-4.172357351938549e-4
483,hydra,0.015227839741708238,-0.005195956927007475
483,survival_only,-8.787056061051124e-4,0.0018364979611572851
483,de_only,-0.004371514528911069,0.0041487274727442566
483,ridge_eligible,0.028476298796595256,-0.008417059778184872
483,matched_control,0.0038211769885529547,-0.0010464589458341444
484,hydra,0.006746280072312627,-0.0011381773681217288
484,survival_only,-0.0020755110554859903,0.003276280331062878
484,de_only,-0.014745862884160743,0.007813342028079493
484,ridge_eligible,0.02992977332777085,-0.008027697915381313
484,matched_control,0.0010742594910304604,-9.246212286585093e-4
485,hydra,0.002451895892945877,0.0037287479966620464
485,survival_only,-9.903534773743616e-4,0.00389076980655724
485,de_only,-0.011863680756643758,0.007800291510873062
485,ridge_eligible,0.020322807258023066,-0.0017732736480404938
485,matched_control,0.002400493463324371,-0.0011887005953228114
486,hydra,0.022683115799511322,-0.011733151887423259
486,survival_only,0.01339571289508712,-0.00529474579595682
486,de_only,5.70157140870542e-4,0.0010079921360682032
486,ridge_eligible,0.03828992589943782,-0.011226196524895237
486,matched_control,0.0019468780419969578,-4.951873620504838e-4
487,hydra,0.01065958008715171,-0.002924994925495808
487,survival_only,0.009164135745411316,0.0012160985948670127
487,de_only,0.007945992341212205,4.5151354304985846e-4
487,ridge_eligible,0.028319358246401683,-0.003423466856096033
487,matched_control,-7.77432985606763e-4,4.910805153177378e-4
488,hydra,-0.0033616384586984795,0.004757452949191307
488,survival_only,-0.01313953714319025,0.00846385171229252
488,de_only,-0.005959621475623256,0.004239838140442492
488,ridge_eligible,0.020801352427957952,-0.0025589190172206205
488,matched_control,0.001408779122864967,-0.0011988070911389064
489,hydra,0.008271155414950548,-0.0019152792982584654
489,survival_only,-0.0010366302552776597,0.004783540511387324
489,de_only,-0.0022901370898744666,0.00516052457967546
489,ridge_eligible,0.028305378141228445,-0.003426564965597137
489,matched_control,9.172486519827272e-4,-5.345049836401605e-4
490,hydra,0.002344433532720325,-0.0016716007552185276
490,survival_only,-0.005394161235603956,0.005764546011099464
490,de_only,-0.002855102223015793,0.0034816460718577885
490,ridge_eligible,0.020858851888224294,-0.0036013564234708305
490,matched_control,0.0011106151236497165,-2.1219824575384737e-4
491,hydra,0.007988592881380397,-0.005709641647119854
491,survival_only,-0.0035575048732943483,-6.148916213524619e-4
491,de_only,-0.004687387192260495,0.0020207144503034515
491,ridge_eligible,0.024916973503718142,-0.01159793770121555
491,matched_control,0.001490867085408998,-0.001193823788141632
492,hydra,0.006345173186526232,0.0019194147359862413
492,survival_only,0.00809556578970585,0.0027420553824846483
492,de_only,3.881919079633534e-5,0.0053845938892948
492,ridge_eligible,0.03374799287138497,-0.008555967337725396
492,matched_control,0.002129761967780086,-7.582525590652895e-4
493,hydra,0.011042560801144508,-0.0035964285578134357
493,survival_only,8.100858369098796e-4,0.004100322393848402
493,de_only,-0.006280400572246059,0.004735928312094304
493,ridge_eligible,0.02093526466380541,-0.003846708915873254
493,matched_control,9.746065808297621e-4,-3.625754836018763e-4
494,hydra,0.017095020739029142,-0.004742743209173164
494,survival_only,0.014682096251822962,-0.0019023099014109119
494,de_only,0.001878823462565593,-2.4548002728350116e-4
494,ridge_eligible,0.038051857042747016,-0.00844124046571168
494,matched_control,0.0022235269607378872,-8.091943250637168e-4
495,hydra,0.0077109325083229655,-0.004178630806012748
495,survival_only,4.5061707636951943e-4,1.7188322671619628e-4
495,de_only,0.001213975854995486,6.469419736754356e-4
495,ridge_eligible,0.022667047785587,-0.008493225079350849
495,matched_control,7.095537545818486e-4,-3.2097872801085394e-4
496,hydra,0.0050603519764120695,-3.803626398558746e-4
496,survival_only,0.002747627384133444,0.003638999365038664
496,de_only,-0.002215055744955274,0.002295352648584448
496,ridge_eligible,0.027341748825209657,-0.0046799002639213464
496,matched_control,-9.379894959918644e-4,4.6646457540888974e-4
497,hydra,0.014581432481751843,-0.005476006572301387
497,survival_only,-0.0024463959854014393,0.0017416913062879235
497,de_only,-0.0030052463503649875,0.0015229174083733644
497,ridge_eligible,0.024150319343065697,-0.006857023960130379
497,matched_control,0.001826718369829683,-2.687041942493057e-4
498,hydra,0.004278978112463927,-6.576743517288097e-4
498,survival_only,-0.0024297980153423658,0.004900071075289325
498,de_only,-0.004191005700612283,0.002285720922051193
498,ridge_eligible,0.033422478710676364,-0.00989705557129209
498,matched_control,0.0011541980434935707,8.795022221047277e-5
499,hydra,-0.0075847161294424256,0.0028442304511987564
499,survival_only,-0.019060334414139492,0.008437833618880147
499,de_only,-0.007652531417551433,0.005353726696261174
499,ridge_eligible,0.006149998940386115,0.002040487946299405
499,matched_control,0.0012884904740712467,-2.999798800762565e-4
500,hydra,0.011751285719809778,-0.0059508921627073165
500,survival_only,0.012020030161246687,-0.0028489921203253025
500,de_only,-1.6047329956301316e-4,2.2450392618355298e-4
500,ridge_eligible,0.03491357642782572,-0.011402948992311533
500,matched_control,0.0013089207687251414,-2.1010109071106785e-5
501,hydra,0.01219567579842017,-0.0035752712001189514
501,survival_only,0.012057807405965636,-0.0010575617617216732
501,de_only,-0.0037402883882374114,0.004848193523941396
501,ridge_eligible,0.037362334355181395,-0.011271802520514653
501,matched_control,0.0024508134235154523,-0.001305281245956544
502,hydra,-0.0026461122083241808,0.0037372551471739845
502,survival_only,-0.013347597103357445,0.00333573357608192
502,de_only,-0.004626581815521902,0.0034130499498541663
502,ridge_eligible,0.01684587813620072,-0.003705829232903424
502,matched_control,1.8835491185722474e-4,2.3606092639164855e-4
503,hydra,0.015531023981728209,-0.0038807713909325718
503,survival_only,0.00732073808426662,0.0015479208240012198
503,de_only,0.0015687295894856955,3.0537820623771636e-5
503,ridge_eligible,0.03784585178210085,-0.005703453997059252
503,matched_control,0.0028549676437000238,-4.0773350108122276e-4
504,hydra,0.002331951436185975,-0.002513000553233974
504,survival_only,-0.004830470832099499,0.002997568340254797
504,de_only,-0.006342537755404198,0.001993722055446609
504,ridge_eligible,0.02120039976310335,-0.003537679187318335
504,matched_control,0.002824252294936358,-8.071962337541455e-4
505,hydra,0.003977104510016771,-0.0017637655479985693
505,survival_only,-0.004794236652521466,0.0010331051347650124
505,de_only,0.009924010658245308,-7.187436044614762e-4
505,ridge_eligible,0.02090200335537353,-0.007713783766138127
505,matched_control,0.0011072732655679762,-3.403472123680057e-4
506,hydra,-0.002666220656815066,0.005832194538332161
506,survival_only,-0.013049723539481684,0.008910633174036202
506,de_only,-0.0015229924637452873,0.0011799011381168345
506,ridge_eligible,0.017061844513094983,0.0013338837047919521
506,matched_control,-7.870762086503725e-6,-2.0644323219764783e-4
507,hydra,0.010530404306825137,-0.004687775994225879
507,survival_only,-0.0037016295118690755,0.0021136921963939236
507,de_only,0.002088376630415134,5.758356309859463e-4
507,ridge_eligible,0.023606243451241106,-0.008817669809200127
507,matched_control,0.002787513097517813,-7.762726856186452e-4
508,hydra,-0.0014713037385906014,2.2916925287626012e-4
508,survival_only,-0.011276102991261704,0.0037504336263335268
508,de_only,-0.00339801101531636,0.004939931835345801
508,ridge_eligible,0.021602475526925236,-0.007091027158409394
508,matched_control,0.0016522974524648237,-7.041023408802221e-4
509,hydra,0.01944881889763782,-0.006154613757280195
509,survival_only,0.008489804159095515,-0.0035076737581285653
509,de_only,-0.002467191601049823,0.0021599018865508858
509,ridge_eligible,0.03312739753684639,-0.009213672316420196
509,matched_control,0.0024126791843327444,-0.0010981111744279265
510,hydra,-0.005565325333609206,0.004996159238810363
510,survival_only,-0.008677286990103816,0.007247274207919712
510,de_only,-0.009718630392055472,0.005861897718239239
510,ridge_eligible,0.02234578117995929,-0.004964425547585444
510,matched_control,0.0011740974449156894,-5.114240689964411e-4
511,hydra,5.226176326644794e-4,0.0010456852908173164
511,survival_only,-0.0042001677969656925,0.004300039232570949
511,de_only,-0.004719289659512005,0.002657108807611608
511,ridge_eligible,0.020569111375235972,-0.0038165092001836627
511,matched_control,0.0011326295182828793,-4.6887639589716646e-4
512,hydra,0.012291092476397137,-0.006621360658400794
512,survival_only,-0.002828436834183612,-8.734329450805766e-5
512,de_only,0.007531421646240166,0.0011922178801630295
512,ridge_eligible,0.029359447995465138,-0.008490418825671243
512,matched_control,1.3291893899413098e-4,-7.725543293260556e-4
513,hydra,5.5290366574922695e-6,-0.0033810811592121653
513,survival_only,-0.008092666654379943,0.00176456068601748
513,de_only,-3.6860244383452036e-5,3.1864907710915934e-4
513,ridge_eligible,0.015859120145966556,-0.008846507654220858
513,matched_control,1.9904531967045446e-4,-4.0355009539304874e-4
514,hydra,0.001718947266194004,-7.973522579369757e-4
514,survival_only,4.3507817811009317e-4,0.003545403770961339
514,de_only,0.006953481596581523,5.046292856011297e-4
514,ridge_eligible,0.031104205108283933,-0.008772725416565522
514,matched_control,0.0016548509274545765,-0.001147024664108967
515,hydra,0.0050774326380807365,0.0023758393253690614
515,survival_only,-0.008160415361203122,0.006827427473353453
515,de_only,-0.0032262107241965987,0.003165537894956849
515,ridge_eligible,0.024964640587234778,-0.004024940963402221
515,matched_control,9.88273207412027e-4,-2.4018529174790472e-4
516,hydra,-4.4133134957118346e-4,0.003750259082403834
516,survival_only,0.001260469081729909,0.002178892128119275
516,de_only,0.0030224510606997714,0.0013542499152281284
516,ridge_eligible,0.02267841321319316,-0.00567004642392136
516,matched_control,8.091074742139104e-4,-3.1868181441247476e-4
517,hydra,0.004956820273235629,0.0013909470684031699
517,survival_only,-0.00620443123097616,0.010131306080915743
517,de_only,-7.078643731860846e-4,0.0059848192018418485
517,ridge_eligible,0.016926806823812545,7.367402200461088e-4
517,matched_control,0.00238904225950306,-5.842933185021854e-4
518,hydra,0.0014898214488798024,2.7235473752852956e-4
518,survival_only,0.002086887296713291,0.004126935589833594
518,de_only,-0.009545471776792158,0.006101799986773559
518,ridge_eligible,0.033968308123886404,-0.007423821853529619
518,matched_control,0.00181204746199628,-7.25150663932636e-4
519,hydra,0.0014175864413872308,7.315832454662552e-4
519,survival_only,-4.760161113145589e-4,0.0032858606519587997
519,de_only,1.499537933078665e-4,0.005003934494440901
519,ridge_eligible,0.024763299680912232,-0.0046809318494672484
519,matched_control,0.0010932677721399498,-1.9301621646547473e-4
520,hydra,0.0035072367384798575,3.344119875058699e-4
520,survival_only,5.950401652111692e-5,0.0031313797534248873
520,de_only,0.0014018446245121607,0.003338640239548346
520,ridge_eligible,0.02731409370132486,-0.0015772519144270415
520,matched_control,0.0030802079140342053,-5.996956791161856e-4
521,hydra,0.0043643154166024935,0.002130849747933053
521,survival_only,0.0017153087940859346,0.0037004033293120534
521,de_only,0.0036346835053134297,0.0018452879001493727
521,ridge_eligible,0.030263360542122263,-0.0019118960025757844
521,matched_control,0.003523024795934082,-8.026485766767719e-4
522,hydra,0.013567869125851206,-0.0015823370338030108
522,survival_only,9.331136214734137e-5,0.0018425795525094158
522,de_only,1.786813317714575e-5,0.0016307338733860255
522,ridge_eligible,0.04170819353173579,-0.013267051605705288
522,matched_control,0.0017391649625761896,-5.806209669078271e-4
523,hydra,-6.463942442808568e-4,-4.8207743485859377e-4
523,survival_only,-0.006883630299964416,0.004507972803158511
523,de_only,-0.003074588274970502,0.0028109301763694083
523,ridge_eligible,0.027156052685814912,-0.004335734812692981
523,matched_control,0.003027748112341422,-4.789336030501912e-4
524,hydra,0.006872734486303256,-0.0038368534045530893
524,survival_only,0.00629384501632071,-0.001005309142220054
524,de_only,0.003713188220230479,-7.039748361458931e-4
524,ridge_eligible,0.028499035184216703,-0.010435989699473097
524,matched_control,-2.506717642603462e-4,-2.7069636991619296e-4
525,hydra,4.2150673817109574e-4,0.0015326785298280133
525,survival_only,0.005647794510517878,-6.400167182389089e-4
525,de_only,0.007616804860190363,7.23784524986032e-5
525,ridge_eligible,0.02869016286387115,-0.009073065428896899
525,matched_control,0.0012308788316545693,-3.9851841805290387e-4
526,hydra,0.012791350489885334,-0.0014276381158026042
526,survival_only,0.009212742452505574,8.03493938173494e-4
526,de_only,0.0030334860640744534,7.592876519790959e-4
526,ridge_eligible,0.037787275657858964,-0.009872814558974836
526,matched_control,0.0020482822319213057,-5.018150947143668e-4
527,hydra,0.013027039866978096,-2.2496474084229834e-4
527,survival_only,0.01117819391108119,0.002498292538050911
527,de_only,-0.005845441228868919,0.002534866607442829
527,ridge_eligible,0.03511817569975058,-0.0029451648816001263
527,matched_control,0.002201195613444695,-6.10012460777129e-4
528,hydra,-0.002474800390187537,-9.486334139747838e-4
528,survival_only,-0.0046262509483724346,0.002516629142334162
528,de_only,-0.00555113985331841,0.004330066841627183
528,ridge_eligible,0.02609198309187468,-0.007921549673585868
528,matched_control,0.0019292604501607413,-5.779909171099385e-4
529,hydra,0.012073512110024776,-0.006504084253243116
529,survival_only,0.0016653819627571176,-0.0028277947336698165
529,de_only,-0.00492920605298387,0.004345092763907624
529,ridge_eligible,0.027457503346991784,-0.011287325489788457
529,matched_control,0.0015193314130390822,-6.060731525816987e-4
530,hydra,0.006597203763755255,-0.00507763463969132
530,survival_only,0.0051087129870820095,-5.68145007185622e-4
530,de_only,-0.0024365176403877255,0.00128897581774369
530,ridge_eligible,0.031758013928020815,-0.01049784055730119
530,matched_control,0.001835805291230308,-3.9949557032193105e-4
531,hydra,0.01211595152309206,-0.008147660538901872
531,survival_only,0.0025679659351457553,-0.0021233604217942128
531,de_only,-0.005122830003275447,0.0018555840694282817
531,ridge_eligible,0.027202751392073364,-0.01306566328535958
531,matched_control,0.002746478873239444,-0.0014320620422584168
532,hydra,0.007471703606652868,-0.0021717017679551837
532,survival_only,-0.001350220184153983,0.0038069984591166534
532,de_only,-0.002769589110892745,0.003781235607434444
532,ridge_eligible,0.02900061869927576,-0.007476295340574271
532,matched_control,0.0014466644830221753,-6.579323084049072e-4
533,hydra,-0.0022994858396556796,0.0028459932156330884
533,survival_only,-2.1939741077561247e-4,0.002924048790764908
533,de_only,0.005513406689108835,0.0017577419704733533
533,ridge_eligible,0.01810447336247466,-0.004369138297916381
533,matched_control,0.0019310321727042724,-4.3890713849858987e-4
534,hydra,0.009510691328873156,-0.0035706932345857673
534,survival_only,-0.0041737723555905215,0.00250193598279915
534,de_only,-0.005015523197341376,0.00222710207353938
534,ridge_eligible,0.024662206480388315,-0.007539443943882318
534,matched_control,4.766277493550297e-4,-4.997039524128555e-4
535,hydra,-0.00922376162459666,0.0031564046864480276
535,survival_only,-0.006557221484152553,0.005595339290391946
535,de_only,-0.010451698614537841,0.002614592857894865
535,ridge_eligible,0.011022964509394596,-0.0012928394313098056
535,matched_control,5.371038147656381e-4,3.559000032126586e-4
536,hydra,0.0036023289982042737,0.0030867231211139214
536,survival_only,-0.006112713355462452,0.00812866098952679
536,de_only,6.747564890896118e-4,0.0028172048600718868
536,ridge_eligible,0.027050116994068663,-0.005336235582004453
536,matched_control,0.003279461645897974,-0.0011137562287637209
537,hydra,-0.0016738411868706283,-9.954204428413548e-4
537,survival_only,-0.011261434391575065,0.0030329560654662746
537,de_only,-4.227842263051507e-5,0.0026835523339691497
537,ridge_eligible,0.0186640018448766,-0.004531518128681347
537,matched_control,0.0011837958336536226,-2.5385619167207774e-4
538,hydra,-0.00812751438610787,0.006130312179612107
538,survival_only,-0.011077727419327454,0.009426794871734482
538,de_only,-0.007536792789122582,0.006123292545812337
538,ridge_eligible,0.01229821255792637,-0.0014869156672485755
538,matched_control,0.0018332739216784689,-8.802505271401361e-5
539,hydra,0.014946383166893918,-0.0049794813586522685
539,survival_only,-1.3266020562331394e-4,5.58789797791659e-4
539,de_only,-0.002502118878284243,5.995748279818108e-4
539,ridge_eligible,0.028761469580277844,-0.010916570975489745
539,matched_control,0.002282861038434625,-8.238923884962834e-4
540,hydra,0.006589986714470308,-0.0036552199602368413
540,survival_only,0.008934063734143804,-3.5189148800326975e-4
540,de_only,-0.0031175496387428002,0.0032377762008466955
540,ridge_eligible,0.03245855096729576,-0.007102798542254129
540,matched_control,0.0030119933754345074,-3.9881011808445556e-4
541,hydra,0.0014064563041772283,-8.873343430743474e-4
541,survival_only,-0.012045772020130496,0.006467625300593524
541,de_only,-0.006674448420367807,0.005137679270099127
541,ridge_eligible,0.022287070169731547,-0.004847618609895623
541,matched_control,0.0011634359631833568,-6.700000895068197e-4
542,hydra,0.005322657515966079,-8.418388043787389e-4
542,survival_only,-0.005986083309503365,0.0017792246608687833
542,de_only,0.004661138118387187,-4.3571191500784144e-4
542,ridge_eligible,0.025511390715851713,-0.008566865388028224
542,matched_control,0.0023849013440091493,-7.735111891585573e-4
543,hydra,-0.0043508095176276514,0.004372851320032572
543,survival_only,-0.011246082231412624,0.009234950489450283
543,de_only,-9.402644609706967e-4,0.0031106345578366225
543,ridge_eligible,0.016283080803397555,-0.0017482284923986263
543,matched_control,5.80478848686028e-4,1.9977658179843317e-4
544,hydra,0.0023763967549364938,0.0064791116921484706
544,survival_only,-7.902188887187967e-4,0.007354013056542069
544,de_only,-0.0027112352671054387,0.006162471542008085
544,ridge_eligible,0.021293816011020993,0.0021459968069778264
544,matched_control,0.001722026634011975,-1.7903884233292088e-4
545,hydra,0.001733270873121695,7.520057966783067e-5
545,survival_only,-0.019055169183092503,0.006485354565584097
545,de_only,-0.0039043638067096766,0.0046320690159808746
545,ridge_eligible,0.0067006594356960325,-0.0020915907774116255
545,matched_control,0.00302331447515406,-9.514793125013354e-4
546,hydra,0.01722611375735501,-0.004242313059495359
546,survival_only,0.0011805360978799028,0.0025322349215779667
546,de_only,-3.044737087886329e-4,7.111581459635419e-4
546,ridge_eligible,0.03861399084710939,-0.010451651251112328
546,matched_control,0.003386569533949768,-9.404484063822355e-4
547,hydra,0.011698273631289058,-0.001268826631758474
547,survival_only,0.006737274037928365,0.005756653737550482
547,de_only,-6.302909319433669e-4,0.003800595644864463
547,ridge_eligible,0.031087575320690564,-0.0040780599200188365
547,matched_control,0.0017614875605338142,-5.455271311042342e-4
548,hydra,0.013400892792857666,-0.0065331242556403435
548,survival_only,0.011939304485564139,-0.00406412363120349
548,de_only,-4.6799625602989006e-5,0.003219465374036337
548,ridge_eligible,0.036609907120743065,-0.013710923779582825
548,matched_control,0.003774569803441585,-0.001127240683038519
549,hydra,-9.18404832850328e-4,0.002022939524346562
549,survival_only,-0.007449283644230387,0.004029098413005433
549,de_only,-0.010610637168864035,0.004994654173251919
549,ridge_eligible,0.010198375443895657,-1.6387064874751333e-4
549,matched_control,0.0012755622678476408,-3.140338822892719e-4
550,hydra,0.008087921468203163,0.0010748486541155983
550,survival_only,0.012332673728320332,0.00182597565343125
550,de_only,0.0027800411283125494,0.002818318530815353
550,ridge_eligible,0.03262910798122065,-0.005930802599083229
550,matched_control,0.0020699957319675667,-3.896888021901662e-4
551,hydra,0.010303730723391979,-0.004448040503773237
551,survival_only,7.150854129798878e-4,4.7714584120204796e-4
551,de_only,-0.005496767669471614,0.0045755070601959935
551,ridge_eligible,0.031581133302033285,-0.01218661466657941
551,matched_control,0.001944815630755914,-7.68560835690224e-4
552,hydra,0.00118691982276401,-0.0028057618278430063
552,survival_only,-0.004454959199631103,-0.001327500309932833
552,de_only,-0.004571245263347845,-3.1979104229424015e-4
552,ridge_eligible,0.022042223870721977,-0.010234721829727454
552,matched_control,7.418248892275825e-5,-1.9783244175086145e-4
553,hydra,0.010848870613417471,-6.982508649666014e-4
553,survival_only,0.010751234533130583,0.002808256758044808
553,de_only,-0.0021404832985974175,0.0015872525049694746
553,ridge_eligible,0.03209035092660397,-0.005711622326666449
553,matched_control,3.548695995043372e-4,-3.531270295500377e-4
554,hydra,0.002638909523102073,-0.0022811801639393585
554,survival_only,0.0045127024216312425,-0.0028476577604379825
554,de_only,-0.0057532313177834134,0.0029875976051310705
554,ridge_eligible,0.021118704501559938,-0.008646391553259488
554,matched_control,0.0035525924825434265,-0.0012604983304280392
555,hydra,-0.004775921557925067,-0.002070531963643382
555,survival_only,-0.0025692508625899,-3.425422933221123e-4
555,de_only,-2.514668901927641e-4,9.937069436660785e-4
555,ridge_eligible,0.013869666075362141,-0.006090726998673093
555,matched_control,0.0019415583149769433,-2.4471508975972835e-4
556,hydra,0.011213124915257522,-0.004350876816931913
556,survival_only,0.005363472601545715,-0.002807185831131784
556,de_only,9.394309179305505e-4,1.2279302827244987e-4
556,ridge_eligible,0.0363918104867608,-0.01090635885685239
556,matched_control,0.003234741511224726,-6.873252793952733e-4
557,hydra,-0.005584173608066623,0.0021046917441828903
557,survival_only,-0.020373008914218893,0.00868627374696515
557,de_only,-0.0017517901505187505,0.0031980272342720466
557,ridge_eligible,0.011084319742802884,-0.0017596654116177114
557,matched_control,1.8814847289203574e-4,-1.9769903904204856e-4
558,hydra,-0.004994594177156498,0.001249752798230211
558,survival_only,-0.005380724380261015,0.00275994373571867
558,de_only,-0.005508147347285474,0.003800056337998595
558,ridge_eligible,0.019337400571472728,-0.005227579421031844
558,matched_control,7.606765001158755e-4,-7.564488483173537e-5
559,hydra,-0.00527667718756295,0.003790723603514004
559,survival_only,-0.002086830971727871,0.005924835363676942
559,de_only,-0.001982741253105891,0.005614456932687742
559,ridge_eligible,0.019894567188234524,-0.003629484743374414
559,matched_control,0.002357128466859204,-0.001090509657019767
560,hydra,0.003976281094265821,-0.0018897880672032574
560,survival_only,-0.006827596358054566,0.003238469580048081
560,de_only,-5.10965788422324e-4,0.003203414314159611
560,ridge_eligible,0.022221754946695538,-0.0043829589889805304
560,matched_control,0.0018377946464242622,-0.001066202945567235
561,hydra,-7.57848468198763e-4,-6.046527926781564e-4
561,survival_only,-0.011506034368428019,0.0022759082223898774
561,de_only,-0.006487182887781573,0.0037103612991981364
561,ridge_eligible,0.015787878213751196,-0.0035815244962437904
561,matched_control,0.0023853280536556666,-6.906746070188513e-4
562,hydra,0.005663051283020315,2.098562896344275e-4
562,survival_only,-0.0023638562412607424,0.006078398479863809
562,de_only,0.0035845206152450904,0.0018158520903027969
562,ridge_eligible,0.025378859453535397,-0.005155347214799988
562,matched_control,0.0016042477608556038,-7.449390744088929e-4
563,hydra,0.0018350218082610614,-0.0013542633613588596
563,survival_only,-0.0052409334978365755,0.003668972753156169
563,de_only,-0.0061567066919214096,0.004539099171548688
563,ridge_eligible,0.02204111421968128,-0.006990231392165205
563,matched_control,9.053469338105913e-4,-1.4662320060958577e-4
564,hydra,0.011165317005727805,-0.0028893129854021898
564,survival_only,0.008976891171242351,-0.0017219653635234839
564,de_only,0.0031187043254987,4.44243400097441e-4
564,ridge_eligible,0.029984199091447748,-0.008847190497177687
564,matched_control,0.0019849891368753482,-9.930010536431417e-4
565,hydra,0.006543951628334166,-0.0026693499031806567
565,survival_only,0.004927098082736958,0.0010126086753029617
565,de_only,0.002049290115188862,5.274994618793966e-4
565,ridge_eligible,0.02679767326164324,-0.006054835217247592
565,matched_control,1.2054647736402524e-4,1.2295281886522957e-4
566,hydra,0.007466367713004485,-0.00564134380166483
566,survival_only,-9.734678624813142e-4,0.0022575334007267135
566,de_only,0.0077316890881913404,-0.0011495868048502112
566,ridge_eligible,0.026212630792227198,-0.0069244798411801
566,matched_control,1.0463378176382987e-4,-3.197369822767637e-4
567,hydra,0.00195640412572643,0.0015019681739166762
567,survival_only,-0.0023176669749908397,0.0028959164718356687
567,de_only,-0.0033909841358488067,0.00446155579822041
567,ridge_eligible,0.022981203860451316,-0.006431913701420105
567,matched_control,0.0031658493167420086,-8.516275416530523e-4
568,hydra,0.0017903528096537501,-8.147872197289824e-4
568,survival_only,0.006763555058691995,8.089763031209396e-4
568,de_only,-0.004103508368132047,0.0035624612118852843
568,ridge_eligible,0.025515404596718493,-0.0059343349041200396
568,matched_control,0.0027833492256601035,-0.0012132597845521675
569,hydra,0.005755555107878896,-0.0019151441657218882
569,survival_only,0.007242289328955043,0.0015581916553880693
569,de_only,-1.208727009004762e-4,0.002328421010643547
569,ridge_eligible,0.02711577590201253,-0.00522589770185472
569,matched_control,-1.3094542597553717e-4,4.8540529664465313e-4
570,hydra,0.0013527702915543949,5.085646952324857e-4
570,survival_only,0.0025497882468237033,0.002453053945990388
570,de_only,-0.005556333345000164,0.001522233292287767
570,ridge_eligible,0.03147947219208287,-0.007396194425071329
570,matched_control,0.002023030345455179,-6.535645869720441e-4
571,hydra,-0.0038435140700068928,-2.3926257382158312e-4
571,survival_only,-0.012099483437488734,0.004194421367250567
571,de_only,4.154174041830494e-4,0.0020396643185409515
571,ridge_eligible,0.01974316367445723,-0.007341819679089687
571,matched_control,0.0013221110428783046,-0.0011158968470459274
572,hydra,-5.403207064838655e-4,0.004215027433834881
572,survival_only,-0.005215353629250885,0.0029976183367868684
572,de_only,-6.720117747308074e-4,8.344550318821018e-4
572,ridge_eligible,0.025294368270199107,-0.006088669685866982
572,matched_control,0.0016964908203578987,-3.9118717328924525e-5
573,hydra,0.01035662433456267,-0.005728455658916734
573,survival_only,0.007678187006658543,-4.5186415720987474e-4
573,de_only,0.004882933097475095,-0.0016005097530275348
573,ridge_eligible,0.03130684378285466,-0.007732251891714848
573,matched_control,0.0016604642624701627,-4.0225688614316246e-4
574,hydra,-0.007403739733209058,0.010934194582189583
574,survival_only,-0.015250189316712303,0.013123238161253856
574,de_only,-7.436748800994208e-4,0.004294022302938233
574,ridge_eligible,0.013572551989281733,0.005673396830933028
574,matched_control,2.446554435836079e-4,-3.353922089085748e-4
575,hydra,0.005322804051015473,-0.004605499867230353
575,survival_only,-0.006634167401198021,0.0010029847702208521
575,de_only,-5.432534043280479e-4,8.034181268383456e-4
575,ridge_eligible,0.020672411001780876,-0.005677782266701056
575,matched_control,0.0027234624309690593,-4.164946973832323e-4
576,hydra,0.004162137263933674,0.0013159156143323913
576,survival_only,-0.001501612160294774,0.003007644183951158
576,de_only,0.0014279134039613117,0.003167272025307677
576,ridge_eligible,0.023218793182865037,-0.004673602352404988
576,matched_control,0.0025997236296637525,-9.702271992616085e-4
577,hydra,0.0037452687358062397,-0.001110564507695297
577,survival_only,-0.005730507191521561,0.006179360431702449
577,de_only,1.949280847842627e-4,0.0030713419304154834
577,ridge_eligible,0.021173353520060577,-0.003542246136967983
577,matched_control,0.0025738077214231825,-1.421870222153787e-4
578,hydra,0.014754862905889921,-0.0033231615596538864
578,survival_only,0.012778609043741895,3.230537737628547e-4
578,de_only,2.7205067915536674e-5,-2.832944575238999e-4
578,ridge_eligible,0.029191037873340986,-0.005149479540613591
578,matched_control,0.002656380560035765,-9.599042393370561e-4
579,hydra,0.001059859372744687,0.0014224709376097293
579,survival_only,-0.00960884178402791,0.0018180130136744078
579,de_only,-0.012044043961482166,0.005974706921134293
579,ridge_eligible,0.022735426933624736,-0.006481570678222942
579,matched_control,0.0021836402251685593,-5.964168146714299e-4
580,hydra,0.010972330809862495,-0.006339816707759754
580,survival_only,0.004994183940046915,-0.0016040229885549429
580,de_only,0.0023302377910413676,0.0013632474823879136
580,ridge_eligible,0.036397093876928376,-0.013799493914379495
580,matched_control,0.0016590072653076882,-0.0010149362093290815
581,hydra,-0.006936058543662383,0.004094010221386714
581,survival_only,-0.012020225725928613,0.009185656091696285
581,de_only,-0.011879413709969944,0.005571705921925738
581,ridge_eligible,0.015017814853534183,-4.1614588257201794e-4
581,matched_control,0.0015702673294787806,-3.780065673977151e-4
582,hydra,-0.003065318271737294,-0.002120977190242554
582,survival_only,8.83728669415218e-4,-2.992875425786301e-4
582,de_only,-0.004326203109689552,0.005774931177225362
582,ridge_eligible,0.01877461221320419,-0.00794500985902041
582,matched_control,5.010260866350035e-4,-1.2523275195889527e-4
583,hydra,0.004536321483771255,-0.001563939588537061
583,survival_only,0.008267001545595055,7.945799510679808e-4
583,de_only,0.010649149922720248,-6.936958681284134e-4
583,ridge_eligible,0.031864374034003065,-0.0055744017206763915
583,matched_control,4.5981452859351625e-4,-4.216017591658905e-4
584,hydra,0.005876266649148465,-0.002328215593406233
584,survival_only,0.007819146315426429,-0.002428873114953997
584,de_only,-0.004445794806943737,0.0061872299684510804
584,ridge_eligible,0.02265598055478002,-0.005466411653836223
584,matched_control,0.0023551051914139087,-1.2576235372231958e-4
585,hydra,-0.002759691563884048,5.198356940832871e-4
585,survival_only,-5.328816191131458e-4,0.002146049332103403
585,de_only,-0.005235297231485891,0.0012051638474825071
585,ridge_eligible,0.023686764420447128,-0.0057324502304891166
585,matched_control,0.0010057699433592803,-3.5327585362251724e-4
586,hydra,0.0038002841333931283,-3.963784227403733e-5
586,survival_only,0.0020842679826528878,0.004387011240891842
586,de_only,0.003323612980409729,6.032725826822322e-4
586,ridge_eligible,0.0325930910722297,-0.005106690131215263
586,matched_control,0.001280469567818121,1.722497863967748e-4
587,hydra,0.0015279583875162594,-0.004617181000206197
587,survival_only,0.009326877010471557,-0.0032335711516472436
587,de_only,0.004091095749777574,-0.0010012860456665245
587,ridge_eligible,0.033168503182533705,-0.011774590389526154
587,matched_control,0.004299842584354274,-0.0013923840724048646
588,hydra,0.008049347584675171,-0.006812437371152893
588,survival_only,0.002345918933925606,0.002516718990609865
588,de_only,-2.3945030538591316e-4,0.0019432694577365794
588,ridge_eligible,0.02981329816768461,-0.006018481845912371
588,matched_control,0.0025298445308162163,-4.265861354722067e-4
589,hydra,0.020835081477503504,-0.009085349530559875
589,survival_only,0.011183647439877865,-0.005001858266318077
589,de_only,0.004747679863057408,-3.1057170712830707e-4
589,ridge_eligible,0.034569620890462706,-0.01284292378899692
589,matched_control,0.001879604611744201,-7.157494891601585e-4
590,hydra,0.014142583426472932,-0.003436144122206647
590,survival_only,0.007069295864601599,0.00195204759653608
590,de_only,4.350950023950251e-4,0.001956907331905569
590,ridge_eligible,0.04253951780296981,-0.009103771435162358
590,matched_control,0.003698307520357669,-0.0011117187619378633
591,hydra,0.013108962439568616,-0.01000568212546658
591,survival_only,0.00799739680178504,-0.0038420683357845153
591,de_only,0.003895500185942724,-3.8776682142129535e-4
591,ridge_eligible,0.029951654890293788,-0.016600919529093414
591,matched_control,-1.2644105615471356e-4,-2.9475987763452616e-4
592,hydra,-0.001877707263020023,0.004065787765361496
592,survival_only,-0.007428226050166198,0.007013412927536149
592,de_only,0.0014042510325375178,0.004702488021319612
592,ridge_eligible,0.017630704140223653,-9.983429414872347e-4
592,matched_control,0.0011161478795205127,-6.802326272045328e-4
593,hydra,0.004095080046856714,-0.0014588252339546525
593,survival_only,-4.3114668749185683e-4,0.00684436510525078
593,de_only,5.141220877261654e-4,0.0026897300986352068
593,ridge_eligible,0.02224066120005208,-0.0023280586202412135
593,matched_control,0.0015602629181309502,-5.820950441724315e-4
594,hydra,-0.0012818295045668338,-0.0021119023950010056
594,survival_only,-0.00878252145031828,0.002399639699136652
594,de_only,0.0025463603653473775,0.0011514189671605224
594,ridge_eligible,0.02233254912814835,-0.007875987604364943
594,matched_control,0.0018890119014669416,-9.441357490752867e-5
595,hydra,0.005462502486572496,4.124057970776501e-4
595,survival_only,0.003477222995822549,0.003251763703362817
595,de_only,0.003125124328625428,0.0034426389917390997
595,ridge_eligible,0.024776208474239114,-0.0033350667621452083
595,matched_control,0.002836681917644712,-6.105861038422811e-4
596,hydra,-0.0014134481154025047,0.0036586032291734986
596,survival_only,-0.008773460524274867,0.006506916622585954
596,de_only,-0.012955638281371185,0.0053697454447954405
596,ridge_eligible,0.02368543508608656,-0.001473629042041405
596,matched_control,0.0025186133085155714,-5.885095986966543e-4
597,hydra,0.009594467804149132,-4.584059583073202e-4
597,survival_only,-0.009448517913611598,0.006441247105747322
597,de_only,-0.005288946033290498,0.0020119989100708417
597,ridge_eligible,0.026580255064808676,-0.005348320189835535
597,matched_control,0.002017235987072985,-5.066626941371749e-4
598,hydra,-0.004415213622922387,-3.972267569983534e-4
598,survival_only,-0.0010461914958702968,0.0015567181700702564
598,de_only,-2.6511675333945606e-4,4.618225381028462e-4
598,ridge_eligible,0.021152238197206075,-0.004322832264144791
598,matched_control,0.001093096767614965,-2.826605985892405e-4
599,hydra,6.677183842682566e-4,0.0014251954724787159
599,survival_only,-0.013104890486847409,0.007622283112810613
599,de_only,-0.008918809847011799,0.007963189401904441
599,ridge_eligible,0.022159445280111524,-0.00270496798449574
599,matched_control,0.0027662618776827853,-6.642995150997588e-4
600,hydra,0.004211137733246217,0.0021664718025684567
600,survival_only,0.011007042764829745,0.001360771357428539
600,de_only,8.15000363029128e-4,0.004969970606251825
600,ridge_eligible,0.03351484789080082,-0.008050771794386336
600,matched_control,0.0015247222827270979,-0.0010293932611448093
601,hydra,0.015152345462516459,-0.003247787377650721
601,survival_only,0.002807613619757432,0.003406485951631624
601,de_only,-0.002462370305421602,0.0019004561680260822
601,ridge_eligible,0.027345462516440145,-0.004743217297979563
601,matched_control,6.923133128744818e-4,-3.370055163913643e-4
602,hydra,0.004908000489576114,-0.0038651711677437583
602,survival_only,0.0019011872220635496,0.0022288479771655294
602,de_only,-0.00825139733181023,0.004356554898533168
602,ridge_eligible,0.029694830892252444,-0.004546962744272054
602,matched_control,0.0016604789686263221,-3.2852091774972225e-4
603,hydra,0.006958175620963025,4.806489240084699e-4
603,survival_only,-5.046795849575347e-4,0.0034896545556994006
603,de_only,-0.006928045496487944,0.0037442344311260254
603,ridge_eligible,0.030084929288364114,-0.007774942712075583
603,matched_control,0.0011656591906295422,-1.7741272189050473e-4
604,hydra,-8.65938099607888e-4,7.902265241718943e-4
604,survival_only,-0.005512638691916261,0.00365783647915153
604,de_only,-0.003285225661132907,0.004471318925735107
604,ridge_eligible,0.02538082923166767,-0.008639270723886181
604,matched_control,0.0017368816217568916,-5.71939781292477e-4
605,hydra,0.007866387661784057,-0.0017019106825797241
605,survival_only,-0.0013640238704177633,0.0016506921567818965
605,de_only,0.003167867937688884,3.6132073966451404e-4
605,ridge_eligible,0.033093079128884706,-0.0067552472455524315
605,matched_control,0.003138804929086236,-2.451873379557434e-4
606,hydra,0.00744850060131127,-0.007138503273001634
606,survival_only,0.006100399581021853,-0.0020076285153006355
606,de_only,0.0033906195445552513,-0.0015414559926367143
606,ridge_eligible,0.0379117042324553,-0.011818334109105799
606,matched_control,0.004083097334833396,-7.151012328928368e-4
607,hydra,-0.0030452487099378754,0.004265195229064428
607,survival_only,-0.0038912486397304157,0.008476417926894738
607,de_only,-0.005028609541194251,0.006324825200413236
607,ridge_eligible,0.019810790887071283,7.731502864607526e-4
607,matched_control,0.0026661284094499083,-9.806297981948126e-4
608,hydra,0.007947406298018012,-0.0022403717145157457
608,survival_only,-0.004070954816875094,0.0015623626544368802
608,de_only,-0.005438313267072526,0.005430128346660549
608,ridge_eligible,0.01965261704238227,-0.00747650656135897
608,matched_control,0.0016921790208702103,-5.640325217687702e-4
609,hydra,-0.007188426464517572,0.0033162501019730175
609,survival_only,-0.010350133223252133,0.007498919712956092
609,de_only,-0.004077382069276081,0.007126395096912619
609,ridge_eligible,0.013947161031260546,-0.001267334512161597
609,matched_control,0.0011933801178369064,-3.2135576553849187e-4
610,hydra,0.007449002549872496,-0.003302638020584281
610,survival_only,0.0030017249137543113,0.0020093215618253446
610,de_only,-0.004237288135593242,0.0018681111250831244
610,ridge_eligible,0.02517061646917652,-0.00509160565072875
610,matched_control,0.003461076946152708,-9.694818303420755e-4
611,hydra,-0.0020167852114607145,-8.237761551477096e-4
611,survival_only,-0.010202775593790514,0.0017773519126946275
611,de_only,-0.008425517909710878,0.006053611745545526
611,ridge_eligible,0.01808707099888467,-0.006337095480262159
611,matched_control,0.0021575762008374743,-7.28955105274201e-4
612,hydra,0.001139627709180424,0.002482743073379967
612,survival_only,-0.0059909725071809914,0.006684794654324411
612,de_only,-4.718916700861664e-4,0.003334241768615187
612,ridge_eligible,0.0239881374267915,-0.0027903732920926626
612,matched_control,0.002628044913641958,-5.032452901734486e-4
613,hydra,0.010091808285830983,-0.0038555563158665872
613,survival_only,0.005025482570632,8.596490150717007e-4
613,de_only,0.003787757711363271,5.549086175669238e-4
613,ridge_eligible,0.029234812565482216,-0.00879020425281403
613,matched_control,0.002035054072771836,-8.946983494866112e-4
614,hydra,-0.0015261627906976937,-0.002103647482149115
614,survival_only,-0.0075985142118863095,0.001792423538090142
614,de_only,0.007007025193798455,-2.859184436918294e-4
614,ridge_eligible,0.02036902454780363,-0.008827837050708992
614,matched_control,3.6539082687336855e-4,-3.611518678159231e-4
615,hydra,0.008758453154750167,-0.004999053980649412
615,survival_only,0.0018334318166896458,2.627835689832436e-4
615,de_only,9.552885562339908e-4,0.0011291657056105714
615,ridge_eligible,0.027485063357625916,-0.009543676724870073
615,matched_control,0.002000853522421375,-0.0010444915908260134
616,hydra,0.012925225463650958,-0.0024443714062823475
616,survival_only,0.013753791657335946,0.001206343994952072
616,de_only,0.0037723173388163555,0.0033045164529789646
616,ridge_eligible,0.03877974796930027,-0.007541859967114708
616,matched_control,0.003448626860202342,-9.621350153474234e-4
617,hydra,0.0013501742160278885,-0.002124169780398483
617,survival_only,0.0026018785032571046,-5.134480280184845e-4
617,de_only,-0.009473943341917868,0.002710143665280859
617,ridge_eligible,0.020118163914558396,-0.0058173776514750366
617,matched_control,3.105590062111974e-4,-5.855330895803812e-4
618,hydra,0.0037251003488764866,-0.007981795214102399
618,survival_only,0.005023070863187917,-0.0031341181410249525
618,de_only,-0.0026822223055857795,-0.0030780259546702633
618,ridge_eligible,0.041722624451363634,-0.016563938801697646
618,matched_control,0.002239561841167448,-8.036336353543256e-4
619,hydra,-0.00204705415854346,0.0015069819865441065
619,survival_only,-0.006284902356012334,0.0063394369709785766
619,de_only,-0.006000726960314595,0.002168723771005182
619,ridge_eligible,0.01894557710735878,-0.002175434410885582
619,matched_control,4.246109110134122e-4,-8.082329697225998e-5
620,hydra,-6.233980983877619e-4,0.005558709357575462
620,survival_only,-0.013739561802397682,0.0099826550661903
620,de_only,-0.002940057875155022,0.005111650959755748
620,ridge_eligible,0.014066969822240604,7.427340080674305e-5
620,matched_control,0.001258371227780075,-4.206257663646962e-4
621,hydra,0.003957773867950742,0.0033179164957191447
621,survival_only,-0.003235484767108043,0.006190731458733498
621,de_only,-0.009219372164089246,0.002837113471856137
621,ridge_eligible,0.021479766645059774,-0.0028237143654533336
621,matched_control,0.0022520603759607514,-5.648854102027562e-4
622,hydra,0.0083978905255501,-9.186542539923265e-4
622,survival_only,0.004278959810874683,0.0010421698232727678
622,de_only,-0.00294962720494637,0.0021177603922449993
622,ridge_eligible,0.03133296963084199,-0.007987239374520205
622,matched_control,0.0017221312965993607,-4.944286615049615e-4
623,hydra,-0.0011484964668259877,0.004129300660609412
623,survival_only,-0.006474906727644736,0.00850301792175632
623,de_only,-0.003983632206041654,0.0042154365493799525
623,ridge_eligible,0.02222203118821243,-0.003199568920139792
623,matched_control,0.0018792015542526852,-6.869486518786688e-4
624,hydra,-0.0018658346333853438,0.0019261893219204517
624,survival_only,-0.01153198127925118,0.007625850847282595
624,de_only,0.007667186687467509,-2.8486059928550523e-4
624,ridge_eligible,0.01782215288611546,5.973517923948096e-4
624,matched_control,-4.992199687986476e-5,8.480173778232237e-5
625,hydra,0.007435027470161726,-0.00242385398695556
625,survival_only,0.002609234796686366,0.0029647027440020514
625,de_only,-0.004452060692695848,0.0028692504930014047
625,ridge_eligible,0.033007250744880555,-0.008915223332473821
625,matched_control,0.002140778120317588,-0.0012521477629488492
626,hydra,0.008329352652902355,0.0013924678544588176
626,survival_only,0.007954284096739372,0.0022302394688636594
626,de_only,-0.002361870389045162,0.004070185777618205
626,ridge_eligible,0.02900766059834049,-0.003912388274493253
626,matched_control,0.0028289368929462324,-9.870752204955424e-4
627,hydra,-9.909410242188831e-4,0.002504021808272436
627,survival_only,-9.317803660565449e-4,0.0024749611756899547
627,de_only,7.672397855426505e-4,0.0013845517678709035
627,ridge_eligible,0.02638010722869295,-0.001687468710016299
627,matched_control,0.0015714549824367042,-6.9658871123451375e-6
628,hydra,-7.952973720608547e-4,0.003489109374961641
628,survival_only,-0.002766251728907332,0.004551453653960369
628,de_only,-0.001152604887044728,0.003113958717873655
628,ridge_eligible,0.028605732288304864,-0.006678239116521637
628,matched_control,0.0031331642846165408,-0.001350815916566192
629,hydra,1.0897458431469165e-4,-2.803998122085094e-5
629,survival_only,-0.010443983548353075,0.007868527508518242
629,de_only,6.907582521882838e-4,0.0010970761080289298
629,ridge_eligible,0.014628959116954355,-0.0010644247307168204
629,matched_control,2.935283158153945e-4,-2.725407352590914e-5
630,hydra,0.0086663189010607,-0.0032036925168568097
630,survival_only,0.004072335246044145,0.002810780844431063
630,de_only,-0.0028777603894974747,0.003955808472944142
630,ridge_eligible,0.03250043470700743,-0.0056821809441823246
630,matched_control,0.004136671883150733,-0.001108321860377548
631,hydra,0.020751812175251773,1.0304131678978979e-4
631,survival_only,0.011360574764256847,0.003102647060490549
631,de_only,-0.002903756922616374,0.005715295447575983
631,ridge_eligible,0.041711035559261866,-0.006118629205894607
631,matched_control,0.001158936857185644,-9.761427746228901e-4
632,hydra,-0.0026873640498319305,7.036508013068682e-4
632,survival_only,-0.01658097686375324,0.008071756202435526
632,de_only,-0.005631797508404224,0.0037162167142619886
632,ridge_eligible,0.023604904093335967,-0.006581623634043962
632,matched_control,0.0019596598773976457,-5.297926353258125e-4
633,hydra,0.009454759304377081,-0.0032882041381863763
633,survival_only,0.004943291607157852,-0.0019498196543395907
633,de_only,0.008216416029572382,-5.127138151957616e-4
633,ridge_eligible,0.03441653364697974,-0.008680124814539026
633,matched_control,0.0024968495337309936,-4.0825908967346837e-4
634,hydra,0.008820560445772407,-0.003841819262137519
634,survival_only,0.009797706533150274,-0.0010444255729844005
634,de_only,0.007976661552127918,-2.639277728198858e-4
634,ridge_eligible,0.035544698376806926,-0.010700344869853573
634,matched_control,0.002081482677864821,-7.388546944914031e-4
635,hydra,0.014576865202567558,-0.001451402225531359
635,survival_only,0.009176968057751301,0.0020119488435359186
635,de_only,6.876059503628462e-4,0.004286611866209725
635,ridge_eligible,0.035608845545799114,-0.006041590424166706
635,matched_control,0.003727548046703866,-0.0012330934370833018
636,hydra,0.008238067877875288,-0.004401015277455786
636,survival_only,0.002712341251758377,-0.0019756971877359225
636,de_only,-0.007806153785192083,0.005986986587248821
636,ridge_eligible,0.02926515166524678,-0.008288138516976875
636,matched_control,0.0034989004021952373,-0.0010868102919332461
637,hydra,0.011177986504357241,-0.002887097396301261
637,survival_only,-0.001949747380556799,0.0033175061016270796
637,de_only,-5.934013766911939e-4,8.992405324033919e-4
637,ridge_eligible,0.02826794615306366,-0.0091200248658932
637,matched_control,0.0015072394967956316,-4.7886344647623814e-4
638,hydra,0.009070548712206038,-1.1796443820579206e-4
638,survival_only,-0.009130539113741797,0.008156074266412591
638,de_only,-0.012040073588225897,0.00826684573375334
638,ridge_eligible,0.020250759878419455,-0.002009689943698348
638,matched_control,0.0018996960486322267,-7.238257751166682e-4
639,hydra,0.00989341248063318,0.0016516284758125693
639,survival_only,0.015670792033002943,0.0034712202542276334
639,de_only,-0.0029381568385880353,0.004625064216444699
639,ridge_eligible,0.03562748501988019,-0.005377164041930676
639,matched_control,0.0034794945026227044,-9.560619287845406e-4
640,hydra,0.0073516799045381664,-0.0037196902983168178
640,survival_only,-5.593466830744465e-6,0.002206261550315042
640,de_only,0.002666219189320218,1.9438061064904754e-4
640,ridge_eligible,0.025440951635156816,-0.006745964521240896
640,matched_control,0.002681135100868848,-6.426961469256226e-4
641,hydra,-5.324393610727562e-4,0.0015527375552001315
641,survival_only,-0.008827378498054872,0.007270397481852295
641,de_only,-0.006550617593804342,0.0043481463252325716
641,ridge_eligible,0.01261182122945088,-0.0015216647865107236
641,matched_control,5.163048349796417e-4,-1.854208712793348e-4
642,hydra,-0.007451833558730703,0.0036350855960839644
642,survival_only,-0.012059740107014761,0.007166600689305644
642,de_only,-0.001938417514356805,0.004502757998993509
642,ridge_eligible,0.018572744556163156,-5.029509483693879e-4
642,matched_control,5.174339977656372e-4,2.5075640129060826e-4
643,hydra,0.004521561711104194,0.003547973750254521
643,survival_only,0.009575682124701723,0.002131157856776142
643,de_only,0.005844313033855531,0.001455690722704997
643,ridge_eligible,0.03251893349932565,-0.0085028070780677565
643,matched_control,0.0017463775633710377,-6.18644152749609e-4
644,hydra,-0.0032769082258843007,6.185255417360564e-4
644,survival_only,-0.009161897538440345,0.005028308440067994
644,de_only,-0.01000655036888919,0.002034382303861415
644,ridge_eligible,0.013450665379576643,-0.002628953146357435
644,matched_control,8.015582982831115e-4,3.707649246690009e-4
645,hydra,0.0029864140075547387,5.408779995250176e-4
645,survival_only,0.0013815556065697177,0.0020383993474322295
645,de_only,-0.012072959492455692,0.004962105549828971
645,ridge_eligible,0.02988709643759,-0.008648538095146513
645,matched_control,0.0024813740426153697,-7.231862577122717e-4
646,hydra,-0.006291397518712194,0.00813477559319609
646,survival_only,-0.015260945350148691,0.012906837510981062
646,de_only,-0.0015831026350866528,0.005314384008453179
646,ridge_eligible,0.013195939710858206,0.0040299169449600795
646,matched_control,8.530708499948636e-4,-5.068812165360314e-4
647,hydra,0.009364925854287564,-0.002018110271165935
647,survival_only,1.9879647539222667e-4,-9.148681405238251e-4
647,de_only,0.0027079303675048294,-2.8864478288261053e-4
647,ridge_eligible,0.022596532702915693,-0.009182447837556432
647,matched_control,0.0016835016835017203,-3.1523370507654527e-4
648,hydra,0.01255509955920352,-0.0018165164577290769
648,survival_only,0.006464291142813705,0.0033546895257182616
648,de_only,0.0033396304258137112,0.00289697455742217
648,ridge_eligible,0.03444943869020478,-0.004780723872339701
648,matched_control,0.002438494777756051,-5.17788000612493e-4
649,hydra,-0.004984036892515087,-1.9967395668079314e-4
649,survival_only,-0.009633291947499113,0.00405100644277138
649,de_only,0.005190227030861994,6.053877191489864e-4
649,ridge_eligible,0.022414863426747044,-0.005007397525005961
649,matched_control,0.003567311103228077,-4.650455898948247e-4
650,hydra,-0.003908137264634792,0.004261596479990975
650,survival_only,-0.0047585955855587335,0.0060411430441346834
650,de_only,-1.820046990303914e-4,0.0034599903765015786
650,ridge_eligible,0.021344187431748252,-0.002217119106403356
650,matched_control,6.800357391045564e-4,3.3854359465609885e-5
651,hydra,0.01997978923054714,-0.005464895148752461
651,survival_only,0.01190785538988227,-0.0013412049101020618
651,de_only,-2.6810204376248593e-5,4.451808097446858e-4
651,ridge_eligible,0.042863329827383514,-0.013396352730170844
651,matched_control,0.0012972014271277921,-1.2106471909686389e-4
652,hydra,0.011345519118299906,-0.0029971451742406537
652,survival_only,0.0014572757628983247,0.00313158278100755
652,de_only,-0.0032619815090042304,0.002112962415797501
652,ridge_eligible,0.030253430871084164,-0.007588971509615616
652,matched_control,0.0012912814375880433,-6.252147652367451e-4
653,hydra,-0.003222548659566693,0.0019673559584400062
653,survival_only,-3.7825927286084805e-4,0.002726514665869309
653,de_only,-0.004017627616599373,0.002751150358835208
653,ridge_eligible,0.028672420124862274,-0.006069510776799586
653,matched_control,0.00210429673154604,-9.988410996240537e-4
654,hydra,0.003366957994840791,0.0011142650373615975
654,survival_only,-0.010029646171023743,0.0035093871225049976
654,de_only,-2.8876140607569932e-5,0.005200583890268143
654,ridge_eligible,0.0238497670657991,-0.005530134656507729
654,matched_control,0.0020925576560274052,-7.936967302991122e-4
655,hydra,0.015515721422274475,-0.0028980575699206175
655,survival_only,0.002532079537662868,0.00458472040909372
655,de_only,-0.002933685963365662,0.004849140951031986
655,ridge_eligible,0.03242400496294118,-0.005523472700924892
655,matched_control,0.0018921213308518703,-8.89097388456761e-4
656,hydra,-0.001886270350043817,0.0031607683523882076
656,survival_only,-0.015187012867223192,0.010437726610008052
656,de_only,-0.005550431213393015,0.0038570920019267763
656,ridge_eligible,0.013367615182400917,9.827324897042828e-4
656,matched_control,0.0010722685975187774,-1.3840548544961085e-4
657,hydra,0.009227277759326902,-0.0061342776953857035
657,survival_only,0.0023746263699767622,-8.477686993783873e-5
657,de_only,-0.006175504631167228,0.0023913362547034996
657,ridge_eligible,0.029161592678696623,-0.009428431495224657
657,matched_control,0.003841470164950722,-0.0013650352077844096
658,hydra,0.004709420781992779,0.0010094000052106229
658,survival_only,-0.0039196662462404495,0.004456092366249132
658,de_only,-0.009017172795187756,0.0064220194188167575
658,ridge_eligible,0.020436596487823745,-0.003629046764859528
658,matched_control,0.0029281071116716516,-4.0985290281694565e-4
659,hydra,-0.0030651492139884494,7.056423128701944e-4
659,survival_only,-0.006509004122369289,0.002719024221675756
659,de_only,-0.010459772382098286,0.0036165022026469875
659,ridge_eligible,0.025108976508412408,-0.008558424994730479
659,matched_control,0.001794907197380624,-5.804773504927751e-4
660,hydra,-0.0037379184047207524,0.003177633914254771
660,survival_only,-0.018335537694577277,0.011326349397343966
660,de_only,-0.008820836300742717,0.008032102172694377
660,ridge_eligible,0.014687150269610306,-0.0016185662420757946
660,matched_control,0.001501678705870335,-2.8000190009934146e-4
661,hydra,0.005218968944818658,-0.0035495804846350813
661,survival_only,3.7636795275132197e-4,9.238058789729026e-4
661,de_only,-0.005873270154986399,0.005051877922245393
661,ridge_eligible,0.031657370056551684,-0.010267266042919016
661,matched_control,0.00215591283704234,-6.275978688047385e-4
662,hydra,0.015711714159562573,-0.007033449804913295
662,survival_only,-2.0717997486670027e-4,-0.0017754020686248067
662,de_only,2.8869340760113716e-4,9.407261115594367e-4
662,ridge_eligible,0.03235404000950992,-0.013124675198551594
662,matched_control,4.822878103454498e-4,4.623785503618555e-4
663,hydra,0.00207409501263186,-0.0014302587979719895
663,survival_only,-0.0020281610515343494,0.0022098549917240196
663,de_only,-6.536756002332167e-5,0.0015714611036254267
663,ridge_eligible,0.020451212833242048,-0.006437587030950898
663,matched_control,0.0017119233962864188,-8.390677443975037e-4
664,hydra,-8.127381068672058e-4,-0.0010320253797778372
664,survival_only,-0.00864901826707042,0.0021694685693452592
664,de_only,-0.001844290319429487,0.001193159289862536
664,ridge_eligible,0.0184018755494774,-0.006584032778141296
664,matched_control,-8.400898700788861e-5,-5.564705406912535e-4
665,hydra,0.00678355798932887,-0.005656063999543987
665,survival_only,-0.0026397079472058383,-0.0010704539104415488
665,de_only,0.007404872226902603,-0.003034337816574248
665,ridge_eligible,0.025963563605728723,-0.012818910244937975
665,matched_control,0.0012092811008143967,-7.710397830639121e-4
666,hydra,0.007328887067327405,0.0017765198477878523
666,survival_only,-0.002669622564178986,0.005259432458931438
666,de_only,-0.005316889600953811,0.0047022495900315795
666,ridge_eligible,0.01932076455903723,-0.0026673554492892353
666,matched_control,0.0025280375572860336,-6.418030084286652e-4
667,hydra,0.0038419379590046822,-6.917944108992436e-4
667,survival_only,-0.0100569987942563,0.004888340083119974
667,de_only,-0.008409149037231922,0.002147809278042592
667,ridge_eligible,0.022956629763601154,-0.007089909172809436
667,matched_control,0.0011984361869268323,-7.71795978159398e-4
668,hydra,-4.4016046356138984e-4,0.002340450656689064
668,survival_only,9.638956986851022e-4,0.0051130323624672845
668,de_only,-0.007376866503231538,0.005414175033622698
668,ridge_eligible,0.02660649283114184,-0.004478480044627667
668,matched_control,0.003233415050887767,-4.960298673584607e-4
669,hydra,0.004809496256553236,-0.001574911724708128
669,survival_only,-0.0033366647379587055,0.004444354765066339
669,de_only,-0.007776199744007839,0.005719571701522752
669,ridge_eligible,0.023563550926656508,-0.006885495295028615
669,matched_control,0.002488033243911425,-3.4999550144577116e-4
670,hydra,-0.003543889711036663,0.0015088942774765606
670,survival_only,-2.4924059506190586e-4,0.004169197520624649
670,de_only,-9.132331178440589e-4,0.0037488919574638624
670,ridge_eligible,0.023021652776696024,-0.006328601478671927
670,matched_control,0.0012968299711815679,-6.619158893381355e-4
671,hydra,0.005662147041400634,-0.0041525829678267625
671,survival_only,0.0014776541828473433,2.614942068464854e-4
671,de_only,0.004566247614032792,4.3605948260597995e-4
671,ridge_eligible,0.028419337852958627,-0.01256347287940538
671,matched_control,6.466793918251778e-4,-6.740070893319905e-5
672,hydra,0.009219205111340768,-0.0019856502383040512
672,survival_only,0.0025575495630930866,0.004379131579236087
672,de_only,2.7623790284693196e-4,5.44346714064839e-4
672,ridge_eligible,0.026571455416705803,-0.00576521892390632
672,matched_control,0.0014807854928121423,-3.461062931925746e-4
673,hydra,-4.7543581616478204e-4,-0.00477621994732937
673,survival_only,-0.004775617486761219,4.026774616583406e-4
673,de_only,0.002949248192957421,-0.0023941468016493634
673,ridge_eligible,0.02259672992926447,-0.007326483845334247
673,matched_control,0.0012175795292026059,-2.082983287435336e-4
674,hydra,6.883490548858062e-4,-0.006009336485874528
674,survival_only,-0.014091124303456316,0.0041796641395041466
674,de_only,-0.0032159376479586445,-0.0021972604751059137
674,ridge_eligible,0.014114797683650792,-0.0033287954682534814
674,matched_control,1.1472484248098436e-4,1.9729703589368985e-4
675,hydra,-0.0022456852056431664,0.006197945408323802
675,survival_only,-0.009004473260046709,0.007854123376581071
675,de_only,-0.0025861600594019873,0.005930795991138815
675,ridge_eligible,0.018050600358585234,8.633023236017112e-4
675,matched_control,0.001121031566365449,1.8946883305997754e-4
676,hydra,0.009344943597862643,-0.002758992683591513
676,survival_only,-3.918464278646394e-4,0.006851388380820711
676,de_only,-0.001357609340985544,0.005582224430556224
676,ridge_eligible,0.029976251731644577,-0.005697776014358408
676,matched_control,0.002044330100930125,-5.991769575628108e-4
677,hydra,0.00824653078174209,-0.00195306229816255
677,survival_only,0.003356749835623107,-0.0010927349890994726
677,de_only,-0.0027753746063605145,0.0011149471935249483
677,ridge_eligible,0.024014603592068383,-0.008396193696734736
677,matched_control,0.0016541509499256035,-0.0010747765517906266
678,hydra,0.009439988386019681,-0.007791287794989002
678,survival_only,0.01297862301745729,-0.005201067308439697
678,de_only,-0.001380974848473837,0.0023964321998077437
678,ridge_eligible,0.034963524843029836,-0.013193742070377944
678,matched_control,0.0028617573403985075,-7.240310000667411e-4
679,hydra,0.010574976843116413,-0.004051153672156143
679,survival_only,0.00438608528594463,0.0025047633932113707
679,de_only,-7.29013002161294e-4,0.0013089363017242423
679,ridge_eligible,0.02387903530138258,-0.007128955053693026
679,matched_control,6.758379361213263e-4,-6.084187570070537e-4
680,hydra,0.026816293813306146,-0.0061682692658391975
680,survival_only,0.017175544705968094,-0.003451262108551298
680,de_only,0.005046272680900699,0.0010247911972110322
680,ridge_eligible,0.04611236610070685,-0.010227630614268969
680,matched_control,0.002350069226845475,-5.401496219648097e-4
681,hydra,0.01024197661459415,-0.003472389662693906
681,survival_only,0.005974801186271006,0.0011042649533948789
681,de_only,0.002551993804189723,8.611914499237732e-4
681,ridge_eligible,0.031341732937909664,-0.00752285465203483
681,matched_control,0.0023290957517142163,-9.01148248238301e-4
682,hydra,0.00851586670202421,-0.004723890396747138
682,survival_only,-0.0010660302307080483,0.003413700775621015
682,de_only,9.104569963758524e-4,3.309310390782638e-4
682,ridge_eligible,0.027423318306373214,-0.009733603195576309
682,matched_control,0.0010837090073366861,-6.253154604900612e-4
683,hydra,0.007843356643356636,-0.004133441419499809
683,survival_only,0.008123076923076933,-0.002712445995892382
683,de_only,0.0023869463869463647,-3.5185793659149865e-4
683,ridge_eligible,0.029118881118881123,-0.011442797348028102
683,matched_control,0.0017342657342657498,-0.0010199035925287565
684,hydra,0.010413068655139478,-0.0010138593339912515
684,survival_only,0.003305768332080361,0.0024990149429854197
684,de_only,-0.003350468334112211,0.0018668774135888523
684,ridge_eligible,0.02792327854196721,-0.004639833397808138
684,matched_control,0.0022553182843326526,-2.8973346498417375e-4
685,hydra,-0.004929602758422536,0.0038077762100019092
685,survival_only,-0.006008907406077147,0.004923511011789469
685,de_only,-0.00590654407010992,0.004615612064019098
685,ridge_eligible,0.017554414194382584,-0.0016397483566615828
685,matched_control,8.02744055743132e-4,-1.279029095761941e-4
686,hydra,0.0069703767818974915,6.563309292125646e-4
686,survival_only,4.875377576795903e-4,0.007853855208947769
686,de_only,-0.001446715302679713,0.0029068561674482933
686,ridge_eligible,0.02638709791383299,-4.374503001861735e-4
686,matched_control,0.002158591086537931,-7.240127638964589e-4
687,hydra,0.02170433635385204,-0.006336727444101889
687,survival_only,0.010695066486129912,-0.002128478877891618
687,de_only,-5.433461792174298e-4,0.0016506106234342927
687,ridge_eligible,0.03759851404367602,-0.011577090407824958
687,matched_control,0.0028972676457313384,-8.369700896564081e-4
688,hydra,0.00857843582523391,-6.112631619842907e-4
688,survival_only,0.005675356526478348,0.001825582254632052
688,de_only,-0.0012426196748115182,0.0019155948861370232
688,ridge_eligible,0.03560541375238442,-0.009028949762083984
688,matched_control,0.002919429557634656,-4.631337089826687e-4
689,hydra,0.002152537868721771,-0.0013567237527036507
689,survival_only,0.0022272787669412875,0.0010015968949049548
689,de_only,-0.007910908849322352,0.0057049159017806775
689,ridge_eligible,0.024521658251395174,-0.0066603702490430575
689,matched_control,0.0021010496943927757,-8.464913819022201e-4
690,hydra,0.010821846037108628,1.33472415685848e-4
690,survival_only,0.006845404780401421,0.0038834994451211217
690,de_only,-0.002431753717186702,0.0019585542135792167
690,ridge_eligible,0.02823977886578377,-0.0025993728612850263
690,matched_control,0.0024281404130006567,-8.358325171028219e-4
691,hydra,-0.004403016881937627,0.0032021541454455016
691,survival_only,-0.004792172414432106,0.006612745892209901
691,de_only,-0.003324500120452922,0.006439573812452934
691,ridge_eligible,0.0150232566758705,0.001740616209591056
691,matched_control,0.001400959916980149,-8.948464863585415e-5
692,hydra,0.01731909402061086,-0.0011785106105054732
692,survival_only,0.012396431443694256,5.677581233745038e-4
692,de_only,-0.0017431312772364204,0.005167167312211296
692,ridge_eligible,0.03672171619877682,-0.00735408448001792
692,matched_control,0.00299250004675784,-6.182443102824952e-4
693,hydra,0.0038836404763488595,-0.007523972710524951
693,survival_only,0.001197525114762832,-0.006219531934618003
693,de_only,-0.0037655511941986795,9.259096546694295e-4
693,ridge_eligible,0.020522586654247877,-0.013602653200358064
693,matched_control,0.002772603286541142,-0.001021551258654141
694,hydra,-0.003852830933122908,0.004356271436568815
694,survival_only,-0.013478003550996275,0.008452451028782889
694,de_only,0.00212862497534031,0.002819768581216961
694,ridge_eligible,0.008628920891694602,-3.65783945139711e-4
694,matched_control,6.076149141842513e-4,1.3527046762089047e-4
695,hydra,0.01800137012770291,-0.0038526608679458397
695,survival_only,0.013227002055191539,-6.569610970020013e-5
695,de_only,-0.002919425951623966,0.004258373522315317
695,ridge_eligible,0.03603962830894623,-0.007604321489051208
695,matched_control,0.002987932336770349,-3.5507827031209247e-4
696,hydra,0.007493508352245992,-0.002583320555368271
696,survival_only,5.949825185548429e-4,0.002008829670898886
696,de_only,6.174732666789473e-4,0.0017351997561283346
696,ridge_eligible,0.024202089594962062,-0.007340676715323434
696,matched_control,0.0010652436156944334,1.7287067104747035e-4
697,hydra,0.0028331162363037232,-0.001931786039760422
697,survival_only,-1.0535591142442069e-4,7.15396522194367e-4
697,de_only,-0.008566393379817627,0.003613802279909953
697,ridge_eligible,0.021620948586315213,-0.00879524266797313
697,matched_control,0.0017393303195157416,-9.218838222163738e-4
698,hydra,0.013013225686514052,-0.0030359130925467896
698,survival_only,0.006701368601830726,0.0011011788783648723
698,de_only,0.0010003363963102863,0.0029442311621380723
698,ridge_eligible,0.03687965864627043,-0.010787692057461629
698,matched_control,0.0018678847754112216,-9.996351067918323e-4
699,hydra,-0.005028223410576349,9.434162103242882e-4
699,survival_only,-0.0058953505644682045,0.0029547158077432717
699,de_only,-0.009334150326797385,0.0032707797102993486
699,ridge_eligible,0.027226307189542498,-0.0075622720813860265
699,matched_control,0.001962641117052899,-9.41805011043087e-4
700,hydra,-0.003027281790990688,-0.0034856776211256435
700,survival_only,-0.009564035167225626,7.488181504078095e-5
700,de_only,-9.806942807939923e-4,-6.184265267575844e-4
700,ridge_eligible,0.017806580259222337,-0.007526030718005177
700,matched_control,0.0010640804858152886,-1.9794189924924878e-4
701,hydra,0.004246194266285442,6.739371280297085e-4
701,survival_only,0.005084614790201669,0.0016742425056607778
701,de_only,3.013677459237973e-4,9.788694396513809e-4
701,ridge_eligible,0.026692295804033695,-0.005784501582445747
701,matched_control,0.0017541148288385822,-0.0010195383741398196
702,hydra,0.011685526706476212,-0.004216735511779729
702,survival_only,-2.0289663818412462e-4,0.0028873877760774687
702,de_only,0.003391508033387247,0.0015761304730329162
702,ridge_eligible,0.02957507175612818,-0.011688127858164551
702,matched_control,0.004919006301342776,-0.001838103558199719
703,hydra,0.001121679487665328,-0.00402531793539464
703,survival_only,-0.005820607071128114,0.0031269866839410214
703,de_only,0.001627572094433305,0.0015637005407105442
703,ridge_eligible,0.024013793626132096,-0.006389535241015873
703,matched_control,0.0024726211679108713,-5.251378225465842e-4
704,hydra,0.0047850864483724555,9.668831256664622e-4
704,survival_only,0.0043658842847483555,0.0035018057566576694
704,de_only,-0.0013657876943880987,0.0027634913551041586
704,ridge_eligible,0.026875301844875875,-0.005515774870048962
704,matched_control,0.0017618081715444767,-4.950827107873784e-4
705,hydra,0.0020707428177347055,-0.0010231307434254294
705,survival_only,-2.9582040253353095e-4,7.814300614128744e-4
705,de_only,-0.005469955173227348,0.004564588034177902
705,ridge_eligible,0.02327906934538392,-0.007045202549693663
705,matched_control,0.0013774704633309764,-0.0010286021980896564
706,hydra,0.010080424914772202,0.004179120204879627
706,survival_only,0.00449588457988811,0.004683891200763665
706,de_only,0.005136270318121028,0.0019233846941479505
706,ridge_eligible,0.03308534081705685,-0.0044955722960376586
706,matched_control,0.0030116964571600957,-5.554793353470561e-4
707,hydra,0.016890628857616486,-0.0022940529879801634
707,survival_only,0.0023419038549712503,0.003082779010243797
707,de_only,-3.5093288188199346e-4,0.002263459573242191
707,ridge_eligible,0.032097132578563094,-0.007315119214669355
707,matched_control,6.366169364793728e-4,-6.290569883641128e-4
708,hydra,0.0059665540247812125,0.0016411127965791999
708,survival_only,1.5249978338099934e-4,0.0035284678568628216
708,de_only,-0.00813967593796031,0.007248047394186136
708,ridge_eligible,0.025755133870548487,-0.005222865460103384
708,matched_control,0.0025526384195476925,-7.80382201781779e-4
709,hydra,-0.0015113446748115877,-0.0015781863003822283
709,survival_only,-0.010740520531655806,0.006217972163586766
709,de_only,0.0038205565891175075,2.894921512494097e-4
709,ridge_eligible,0.0135215481693166,-7.017767254462543e-4
709,matched_control,0.0016034062793685688,-2.712985213044139e-4
710,hydra,0.008046241004440347,-0.004325409394129146
710,survival_only,-0.005805006890215891,0.0025160611902069834
710,de_only,-0.0013435920992191154,0.0020131737750777785
710,ridge_eligible,0.024816260909508482,-0.007783633836161141
710,matched_control,0.002283340989128768,-4.36959389826988e-4
711,hydra,0.004526023298065618,0.0010778306485298011
711,survival_only,-2.725232446296966e-4,0.004644128913168563
711,de_only,1.2824623276691538e-4,0.0010998578647251483
711,ridge_eligible,0.020487335684514264,-0.002898034266844249
711,matched_control,0.0014748316768194991,-6.082604012871446e-4
712,hydra,-0.002982538933459178,0.002104976201370784
712,survival_only,-0.01024445493157149,0.006324528856500311
712,de_only,-0.007696083058046222,0.0041255705729415755
712,ridge_eligible,0.023932043416705982,-0.004081755599211034
712,matched_control,8.758848513449769e-4,-3.1983175662192166e-4
713,hydra,0.0061785689547689815,-0.0033320987560372856
713,survival_only,-0.012407356098912525,0.005615685634317557
713,de_only,-0.0031429659901641704,0.0015247990125564325
713,ridge_eligible,0.01787767541733045,-0.007861387109542742
713,matched_control,0.0023706448708180282,-7.36465833604949e-4
714,hydra,0.020003134741645036,-0.010407529235952779
714,survival_only,0.009078560108671052,-0.005098371983322978
714,de_only,0.004024659967607669,-0.0010476803200097668
714,ridge_eligible,0.03453962835896276,-0.016062639280763697
714,matched_control,0.0032740634959335436,-9.136132781355722e-4
715,hydra,0.002893592893592889,-8.013920652241713e-5
715,survival_only,-0.005414855414855413,0.007333655624099322
715,de_only,0.005437535437535434,1.408069725214567e-4
715,ridge_eligible,0.022593082593082615,-0.005030269251607061
715,matched_control,7.011907011907126e-4,-2.8209592475912925e-4
716,hydra,-0.001589975582517833,0.002609339052621132
716,survival_only,-7.66595370142531e-4,0.004138233929029643
716,de_only,-0.0043307906342866746,0.0017214577394155412
716,ridge_eligible,0.02444587458121179,-0.003024596199044355
716,matched_control,0.0022903219700554757,-7.865928287966173e-4
717,hydra,0.016217685544495063,-0.004647046940668517
717,survival_only,0.011011754119565852,-0.0016406246674618042
717,de_only,-0.0036780833473932795,0.005605370722928044
717,ridge_eligible,0.03459310499971881,-0.010005895708429071
717,matched_control,0.003865549369176835,-0.0015158977914193489
718,hydra,0.008226070260275964,-0.004432223573303704
718,survival_only,0.007678495235386174,-0.0018565181125655915
718,de_only,0.0012302659650121005,0.002485266544263351
718,ridge_eligible,0.037624448869293156,-0.013248815003203688
718,matched_control,0.0027218745555397826,-8.256022074191293e-4
719,hydra,0.00424841730759169,-0.0016811417911187759
719,survival_only,-0.008950278170180858,0.003711134712372696
719,de_only,-0.008549155025375399,0.0037189019669487235
719,ridge_eligible,0.019621897835679036,-0.007172080924423336
719,matched_control,0.0023997628141404713,-9.348408890358956e-4
720,hydra,0.005762935205583797,-0.005655149347975013
720,survival_only,-0.0037678354505960797,-0.0014024921908624617
720,de_only,-0.0017974428133171628,0.0034805562351524987
720,ridge_eligible,0.022602894850624868,-0.008287128072404185
720,matched_control,0.0012394737383927712,-5.612601781821603e-4
721,hydra,0.006912924344788629,-4.6543021272184296e-5
721,survival_only,-0.008734757054111175,0.0031842125742852514
721,de_only,0.0026752285134598263,0.0032387397408888408
721,ridge_eligible,0.026712543663327003,-0.005118472669645729
721,matched_control,0.002637578698571408,-6.200893187356865e-4
722,hydra,3.836601549467744e-4,0.0021643992566564517
722,survival_only,-7.895614782963522e-4,0.006825220843345614
722,de_only,-0.008162508803795843,0.006008829440911726
722,ridge_eligible,0.03130629795751936,-0.0062273076645862815
722,matched_control,0.0012473588612521348,-1.9915008553302027e-4
723,hydra,-2.4222161572051704e-4,0.0029620248257078764
723,survival_only,-0.006468340611353707,0.0060383543030443215
723,de_only,0.0010507641921397525,9.155100251431903e-4
723,ridge_eligible,0.01882334879912666,-0.002685421838975549
723,matched_control,0.002483624454148492,-6.752054232399468e-4
724,hydra,0.0012962751153303587,-5.000553423276544e-4
724,survival_only,-0.006098211902855632,0.00695252633730474
724,de_only,-0.0011361470128483763,0.006087674965258613
724,ridge_eligible,0.015566739105570137,-6.982554316719292e-4
724,matched_control,0.001174272751534544,-4.402269210078497e-4
725,hydra,0.008589491638547964,8.863162401707952e-4
725,survival_only,-0.0021042678631020607,0.003682176350619465
725,de_only,0.00748451926285737,7.810542367976764e-4
725,ridge_eligible,0.029192776891987116,-0.008255088716888969
725,matched_control,0.0024657940598465156,-1.3955557205894143e-5
726,hydra,0.003111200725879615,3.4332002120235073e-4
726,survival_only,-0.004462143361225935,0.00417195170927698
726,de_only,0.0024760560540376896,8.655612706783111e-4
726,ridge_eligible,0.0257989716705313,-0.006988682067224933
726,matched_control,0.0018066337332392156,-4.4918279100019385e-4
727,hydra,-0.003263570416076056,0.0029529600218372283
727,survival_only,-0.0019344617693654697,0.005000867668360063
727,de_only,-5.419828233135914e-4,0.0035739116702773023
727,ridge_eligible,0.023855582423080147,-0.005678716049300006
727,matched_control,2.0178437421829453e-4,-5.356101693267696e-4
728,hydra,3.482407836275514e-4,0.003825040360974774
728,survival_only,-0.008695726759645217,0.008639458326268062
728,de_only,-0.008385226356509345,0.008110544981425428
728,ridge_eligible,0.017497812773403332,-9.575671823435578e-4
728,matched_control,7.805396874410398e-4,-5.653518250840845e-4
729,hydra,0.007644679113407116,-0.0023711930408187283
729,survival_only,0.0018138306964729845,-6.805911019980432e-4
729,de_only,-0.004913486923325316,0.002649428987410313
729,ridge_eligible,0.0258285692579438,-0.006436664277972312
729,matched_control,0.001158572486752374,9.376979227273264e-5
730,hydra,0.002634493805701832,-0.0060413725700286525
730,survival_only,-0.005684780941669676,-0.0014630949083321465
730,de_only,-0.010004600991769353,0.002393504292181101
730,ridge_eligible,0.02341052775079666,-0.011541534944361387
730,matched_control,0.002048293372867771,-0.001045379988433151
731,hydra,0.006319675691327642,-0.002820081174962069
731,survival_only,-0.00155096279137108,0.004937298281385278
731,de_only,0.0046981323295207655,0.0019820867173011097
731,ridge_eligible,0.022330606630954097,-0.007286829297493977
731,matched_control,1.1220500941073741e-4,-4.681789412828791e-4
732,hydra,0.012275195910773685,-0.003165620722907156
732,survival_only,0.006395053840227027,-0.0018234294904658555
732,de_only,0.00519985717775735,-3.890034812037535e-4
732,ridge_eligible,0.037973803393907525,-0.015145894071181035
732,matched_control,0.0018397759945878223,-2.0157571703958432e-4
733,hydra,-8.273919549336428e-5,-0.0022266191117224
733,survival_only,-0.005532963647566236,0.0016986136349559089
733,de_only,-0.009191092333421368,0.0039687676630995984
733,ridge_eligible,0.021116098934952886,-0.00817762802835518
733,matched_control,0.001559721855470475,-6.985104831286309e-4
734,hydra,0.007845836200963496,-0.0026743554002557706
734,survival_only,-0.0034428768066070313,0.004055622866112149
734,de_only,0.002309015829318639,0.002056012360548831
734,ridge_eligible,0.017974879559531986,-0.0042121818316933485
734,matched_control,0.0024466620784583614,-0.0010571411175030326
735,hydra,-4.2028792575545817e-4,-7.47672488773904e-4
735,survival_only,-0.010491984101325524,0.004941890039617697
735,de_only,-0.013639389156191162,0.006731078182490699
735,ridge_eligible,0.028667059696099527,-0.008558481930867362
735,matched_control,0.0022744993629119636,-6.074210376275895e-4
736,hydra,0.003521126760563409,-0.0012473267766640512
736,survival_only,-0.004931475646330818,0.004666201462491285
736,de_only,-0.004200675752628979,0.004493260568513599
736,ridge_eligible,0.017822026498614328,-0.0020508660861623174
736,matched_control,0.0014274325196462101,-5.431805564157066e-4
737,hydra,0.009625677958566725,4.949836957756498e-4
737,survival_only,0.008603183071041165,0.0013615111907932798
737,de_only,-1.4048190628610513e-4,2.0869233532956334e-4
737,ridge_eligible,0.033363563616964534,-0.0056663260652333736
737,matched_control,0.002532230817106762,-1.4585286224665095e-4
738,hydra,0.008598250091141069,-0.0016958488815520256
738,survival_only,0.004659132336857452,3.3319063195089426e-4
738,de_only,-0.005278891724389357,0.004156961231147368
738,ridge_eligible,0.03348523514400292,-0.009640529469632023
738,matched_control,0.003536274152387908,-7.853808523909211e-4
739,hydra,-6.09117731036457e-4,-0.005000299463871818
739,survival_only,-0.0028266869705910304,-2.2152006522580258e-4
739,de_only,0.0020748072713429266,-0.002463277757096277
739,ridge_eligible,0.022154753973541462,-0.012552666153427284
739,matched_control,0.0016845912248977136,-2.596669456673112e-4
740,hydra,0.010724418017177727,-0.002129869733957168
740,survival_only,0.011237417900586844,0.0015203242279083096
740,de_only,-0.010289145388830578,0.00404611851985597
740,ridge_eligible,0.03576425323539699,-0.006586492304845629
740,matched_control,0.0024872721619836223,-0.0012429045483506123
741,hydra,0.014453953883151804,0.0010392381803455808
741,survival_only,-0.005840642240769545,0.012135581073555585
741,de_only,0.01054427783279106,0.0012885331236805603
741,ridge_eligible,0.03506507285330317,-0.005552723455337088
741,matched_control,0.002319988682982055,-5.228342106828682e-4
742,hydra,0.002714236595675845,2.9393655638054186e-4
742,survival_only,0.0014198167586918387,0.001674067019053266
742,de_only,-0.0025180510891329557,0.0021015337353437412
742,ridge_eligible,0.024832635560139947,-0.0049392650608095
742,matched_control,0.002083206925146119,-4.7596720943417214e-4
743,hydra,0.0045388345355790284,-0.002663479603767752
743,survival_only,-0.006629200006853653,0.0032167507256377847
743,de_only,-0.005395541695937467,0.0037446956817740323
743,ridge_eligible,0.01891266727207307,-0.006892641444578809
743,matched_control,0.0014598290012507787,-3.149819434893314e-4
744,hydra,0.009233938939876386,3.5522218940537976e-4
744,survival_only,4.4952238246864784e-4,0.003623275745502694
744,de_only,0.0027141616577840864,4.438955140395051e-4
744,ridge_eligible,0.024505780789729092,-0.008095435721349872
744,matched_control,0.0012549166510582466,-4.837610265784609e-4
745,hydra,-0.0014707163643334353,0.0017301345734922924
745,survival_only,-0.003934689041072003,0.0054453527250124725
745,de_only,0.0014829142488717029,0.0027397978267466984
745,ridge_eligible,0.024467213828915944,-0.0054954095218840175
745,matched_control,0.001996967954414752,-0.0010345217521196826
746,hydra,4.192585948011862e-4,-0.0012692782861772
746,survival_only,-0.0092178389656988,0.0057691599316534005
746,de_only,0.0021918449328210965,-0.0016645688329879865
746,ridge_eligible,0.022168054445116124,-0.008435783825445613
746,matched_control,0.0018505879370526944,-0.001024677444844546
747,hydra,0.003941530587823805,0.0010127916262570452
747,survival_only,0.002691507575618102,7.412886031399086e-4
747,de_only,-0.004445958136195405,0.002491395594124374
747,ridge_eligible,0.02688562013291853,-0.006412412140809939
747,matched_control,0.002477954306964414,-6.763482205470906e-4
748,hydra,0.0018207440811724874,-3.878708752797111e-4
748,survival_only,-0.009058624577226582,0.005767352990813388
748,de_only,-0.006411123637730165,0.003047046594743835
748,ridge_eligible,0.01615933859451334,-0.0037551713088110534
748,matched_control,2.0105223600146437e-4,6.447738580661888e-5
749,hydra,0.0020551413455326185,1.1325512073608046e-4
749,survival_only,-0.0163416039531351,0.009813725718500064
749,de_only,-0.007564037645579791,0.003962103796871943
749,ridge_eligible,0.01607270695465418,-0.0020927229257520245
749,matched_control,0.0011279705260952232,-8.04888304010723e-4
750,hydra,0.011166776310240722,-0.0010148685949018048
750,survival_only,0.004272725739250716,0.002636377079310062
750,de_only,-7.303948855489573e-4,0.0017247832505050882
750,ridge_eligible,0.027544152623855078,-0.008154176360288309
750,matched_control,7.759391393823423e-5,-4.4102397142506964e-4
751,hydra,0.015490634716008178,-0.0038981138858511176
751,survival_only,0.00748464396754378,0.001939749800049198
751,de_only,0.0028437097141123745,0.0018807026453114162
751,ridge_eligible,0.0294835823159172,-0.005430325051646079
751,matched_control,0.0022029271251990503,-6.06528236106385e-4
752,hydra,-0.008445861241448461,0.004934520701159112
752,survival_only,-0.008035746265983712,0.005877326024686649
752,de_only,-0.0020577384576811464,0.003573388434455796
752,ridge_eligible,0.01619506429313372,-0.003635048287652465
752,matched_control,0.001849994627314755,-5.828609084350511e-4
753,hydra,0.002811313950093597,-8.004312880133202e-4
753,survival_only,-0.0016435109653265335,0.002829777749800602
753,de_only,-0.003491387452987349,0.0014121758991910982
753,ridge_eligible,0.023943395902385402,-0.0033649516597322403
753,matched_control,9.342423878136441e-4,1.9052254387712518e-4
754,hydra,-0.006734678790567017,0.0033412610815023143
754,survival_only,-0.00676609743476011,0.006306111821348465
754,de_only,-0.011922451393509271,0.006114297716659722
754,ridge_eligible,0.02095438752125379,3.0523487445088815e-5
754,matched_control,9.887632143121162e-4,-6.257084603543406e-5
755,hydra,0.002619242106758524,0.003316432221068913
755,survival_only,-0.0077156657314344625,0.010377896794086317
755,de_only,-0.012769471179458047,0.007277067766177458
755,ridge_eligible,0.019027240117910283,0.0011894562140923853
755,matched_control,0.002356430017402411,-2.530759485206618e-4
756,hydra,0.004125697820997665,-0.0038714423037900987
756,survival_only,-1.2425715829280647e-4,-2.3092337285808838e-4
756,de_only,-0.00413650279128398,0.00146948853678808
756,ridge_eligible,0.02751845849090585,-0.009481514188059934
756,matched_control,0.0016171438861876774,-9.160439480753957e-4
757,hydra,0.009976060379013519,-0.003236469702238928
757,survival_only,0.0010891613822846757,0.0022045057179751275
757,de_only,0.0052082381535424995,3.816495492880101e-4
757,ridge_eligible,0.028184791944591614,-0.0054210006664489165
757,matched_control,0.003870543301474738,-8.760869801549054e-4
758,hydra,-0.0028034916385437426,0.00422393819331072
758,survival_only,-0.011153635866593747,0.006868478550264431
758,de_only,0.0014083444882261099,0.002219090734062007
758,ridge_eligible,0.01673233913387754,-0.0030739480609339896
758,matched_control,9.125016496672411e-4,3.4248965786126685e-5
759,hydra,0.012195307884355156,-0.0021240521735400144
759,survival_only,0.009582436012273432,-0.001801668251819885
759,de_only,0.002576661393912827,0.0013864610003115397
759,ridge_eligible,0.03545768138590839,-0.008262012333495458
759,matched_control,0.0024375369251586564,-7.22053189871824e-4
760,hydra,-0.009408746494839193,0.005962206518137314
760,survival_only,-0.006517113139629693,0.009993753935513817
760,de_only,-0.001879362806515117,0.003228739820219309
760,ridge_eligible,0.020038581627985618,0.002475306225124174
760,matched_control,9.446532625340786e-4,-3.882793921792582e-4
761,hydra,0.002319649399116652,-0.0016775454057798094
761,survival_only,0.004964563289622359,-0.0010917037475998593
761,de_only,2.0029444996063627e-4,1.3582365373267236e-4
761,ridge_eligible,0.02317937480740916,-0.009167326163463385
761,matched_control,8.388400041085986e-4,-4.888581872375703e-4
762,hydra,0.009365363664900195,-0.0012891669091408737
762,survival_only,-0.004976272688664463,0.004098501810482916
762,de_only,-0.009812212641025175,0.005751708973128702
762,ridge_eligible,0.029250143102461323,-0.006826539332349116
762,matched_control,0.003164872500323135,-0.0012170080372088583
763,hydra,0.005761765171922039,-0.0014005185944631266
763,survival_only,-0.007831563935984765,0.005194459672069923
763,de_only,-0.01068570749485026,0.005908425735704531
763,ridge_eligible,0.026307241324671205,-0.004892497199383233
763,matched_control,0.0032067025827919537,-9.918756377947369e-4
764,hydra,0.015306603390271244,-0.008251156017849353
764,survival_only,0.011360496676364008,-0.005840470281119353
764,de_only,-3.315509759625579e-4,-1.913925278343276e-4
764,ridge_eligible,0.04461473451543176,-0.01926716640866907
764,matched_control,8.565066879032579e-4,-8.217805055974053e-4
765,hydra,0.007533063956282593,0.002279132000210346
765,survival_only,-0.005692518556756054,0.005963702993659825
765,de_only,0.007702166289894808,0.002435764913385427
765,ridge_eligible,0.017641823457163707,-0.00403621548689011
765,matched_control,2.794638566012142e-4,-2.7820506250791075e-4
766,hydra,0.009350193834225584,-0.005309541606391155
766,survival_only,0.006346686357762599,-0.003273788110621412
766,de_only,-8.159497877053723e-4,0.0023549164905801974
766,ridge_eligible,0.02915082148790842,-0.009899826975739254
766,matched_control,0.002896437142329711,-7.671936611980762e-4
767,hydra,0.01066575623079553,-0.0035178953010693154
767,survival_only,0.003670194605667476,0.0011047660188285013
767,de_only,0.007432570843291231,-0.001055418133843386
767,ridge_eligible,0.026039603960396073,-0.0060338433271194675
767,matched_control,0.0019614202799590587,-5.743415001370461e-4
768,hydra,0.0058055392300911165,0.0039014776282555396
768,survival_only,0.0032104025859535645,0.004555456848218323
768,de_only,0.00297715251248899,0.0035538972129313976
768,ridge_eligible,0.032645827211284194,-0.003963527372156864
768,matched_control,0.0030708198648251583,-6.253101191480897e-4
769,hydra,7.997881355932268e-4,-0.0019309275329008114
769,survival_only,-0.0048199152542372945,0.001376102852129163
769,de_only,-0.00803319209039548,9.193991828935544e-4
769,ridge_eligible,0.015116525423728811,-0.004859374555763976
769,matched_control,0.0028177966101694874,-8.489867434371357e-4
770,hydra,0.011435490889826493,5.539958927856137e-4
770,survival_only,0.012194199004786854,0.0021554024882749017
770,de_only,0.004230601857983474,0.0021055857858301775
770,ridge_eligible,0.03690424384613931,-0.006322580594373015
770,matched_control,0.001640398842071422,-4.072129667918173e-4
771,hydra,-4.7762651001447275e-4,-8.868685578182489e-5
771,survival_only,-6.624017292171436e-4,0.007327147346227697
771,de_only,-0.0031063154775393454,0.0016843613936838198
771,ridge_eligible,0.016953997943068334,0.0021130534692211794
771,matched_control,0.002199871005979037,-4.11387374713279e-4
772,hydra,0.0031509121061359725,0.0012189410564062502
772,survival_only,-0.001411592829503283,0.00138336083250723
772,de_only,-0.0038241333017452472,0.00424918584872728
772,ridge_eligible,0.02727434257285003,-0.007987411925604811
772,matched_control,0.003210139777303922,-7.871021236492776e-4
773,hydra,-7.705644384511712e-4,-0.0033526606713157616
773,survival_only,-0.00362165286072047,-1.1215656042382616e-4
773,de_only,-0.006125987285686763,0.00448806019591867
773,ridge_eligible,0.028521586506560524,-0.010905330478135886
773,matched_control,0.002217513217320566,-6.477135469538265e-4
774,hydra,0.012380173628629587,-0.003611856409169248
774,survival_only,0.0037404965291671587,0.00121207328553041
774,de_only,0.011639033386106234,-0.0026047302511395367
774,ridge_eligible,0.031729849162302745,-0.008795273018043092
774,matched_control,0.0017641225491048852,-1.5574425619837017e-4
775,hydra,0.021572601709258853,-0.005211605201644936
775,survival_only,0.012623022755291823,-0.0013704702318362628
775,de_only,-0.008101218212591677,0.004040107619317823
775,ridge_eligible,0.04610819733790252,-0.010122501828881057
775,matched_control,0.003951355078671903,-9.594588076597355e-4
776,hydra,-0.002777088542362538,7.080154712374914e-4
776,survival_only,0.004370812894852383,0.005790320132135912
776,de_only,0.005168629397056845,0.0022635283609077268
776,ridge_eligible,0.023421067699883568,-0.0029099899409155
776,matched_control,2.29038230297951e-4,-9.367642348783733e-5
777,hydra,0.00848629904639856,0.0018059342797161677
777,survival_only,0.0052108853793675245,0.0067138408914312305
777,de_only,0.00757604311936978,1.673952917843363e-4
777,ridge_eligible,0.0330764011910595,-0.0018499849011359981
777,matched_control,0.0028004975311899383,-2.304895618961078e-4
778,hydra,0.009159618193552765,-0.002838963322901947
778,survival_only,0.0028210876728149703,0.001063667177282429
778,de_only,7.04847311389667e-4,0.0024683479282908262
778,ridge_eligible,0.03281531302014336,-0.00964204154962934
778,matched_control,0.0021400183430143604,-0.0011661503615808338
779,hydra,0.010139200898587896,-0.004840362407884702
779,survival_only,0.0030247111681643178,0.0025532376880708168
779,de_only,0.006765484595635407,-7.557255689775222e-4
779,ridge_eligible,0.03596959242618739,-0.00792514911601146
779,matched_control,0.0017711007702182146,-3.122843378968954e-4
780,hydra,0.0074503608488025504,-0.001027449308915135
780,survival_only,-0.00398190370184196,0.0020985293738369796
780,de_only,0.005190118846720016,0.0010678741158121952
780,ridge_eligible,0.02664536282359703,-0.010740565071148548
780,matched_control,0.001511615381853426,-5.051985878918419e-4
781,hydra,-0.001380106669599168,-0.001990940025483834
781,survival_only,-0.007586004655339906,0.0023889897480521838
781,de_only,7.331243928798691e-6,6.144339953591871e-4
781,ridge_eligible,0.018663514231777246,-0.008021202024144122
781,matched_control,0.0011180146991440654,-0.0010088446342936068
782,hydra,0.004494362562566012,2.1240365389029736e-4
782,survival_only,0.0061466253312319145,-8.035774447171489e-4
782,de_only,-0.004955056374374367,0.0035486202499041357
782,ridge_eligible,0.030741786314276286,-0.00788934790006618
782,matched_control,0.002230727930861276,-6.141202780322652e-4
783,hydra,3.3388382279028186e-4,0.006450938183510263
783,survival_only,0.0016514683707905431,0.008734068419247041
783,de_only,-0.010483234005887843,0.010450188616662776
783,ridge_eligible,0.031038629999281985,-0.001964113043722396
783,matched_control,0.0024718173332376027,-5.525205199386873e-4
784,hydra,0.00922810340311504,-0.0032783098827689956
784,survival_only,-0.004342044286836821,0.003269386124946602
784,de_only,3.989442082569683e-4,-8.950019252829983e-4
784,ridge_eligible,0.026223529648808232,-0.004631431266439762
784,matched_control,0.0019080816425218528,-5.090540837456054e-4
785,hydra,0.001971861010445519,0.0018291049531308945
785,survival_only,0.0027517231578199188,0.004311519264338895
785,de_only,0.003030626021459526,0.002095593258839562
785,ridge_eligible,0.021312086975058597,-0.002956443557011937
785,matched_control,9.521779293682808e-4,2.9844804256251855e-4
786,hydra,8.322243629213077e-4,-1.4317928573453765e-4
786,survival_only,-0.004325977714660256,0.002960856935028305
786,de_only,-0.0073728325421574484,0.00624698461458402
786,ridge_eligible,0.018249349514370274,-0.0037431000445215523
786,matched_control,0.0018312908415595742,-2.690947596507037e-4
787,hydra,-0.0011180294486215602,4.3315763847964067e-4
787,survival_only,-0.011133302005012535,0.006041050431350595
787,de_only,-0.012396224937343348,0.0048388233681184055
787,ridge_eligible,0.02086270363408521,-0.0072840188250798965
787,matched_control,0.0021185776942356017,-8.126482055818118e-4
788,hydra,0.002356143809255651,-1.033948246600136e-4
788,survival_only,0.005951375199474374,0.0017382013470111147
788,de_only,-0.0010569792546700097,0.004206328575865434
788,ridge_eligible,0.03034825870646767,-0.007783728828976946
788,matched_control,0.0019393598047498517,-6.366825367291439e-4
789,hydra,-0.0027349736080368283,-1.4369934456028298e-4
789,survival_only,-0.011276179124808472,0.0031490987347431608
789,de_only,-0.0016537544696067052,-7.246755591380661e-4
789,ridge_eligible,0.014541120381406425,-0.0016599875101997175
789,matched_control,8.407117316533097e-4,-2.8067289955174823e-4
790,hydra,0.009638065004337304,-0.005231958712940635
790,survival_only,-9.505177091600591e-4,-5.903112009058381e-4
790,de_only,-0.001356564109189573,-0.0010817165318953853
790,ridge_eligible,0.027504106605636635,-0.009244974466068876
790,matched_control,0.0018862700946826183,-1.0781954987272024e-4
791,hydra,0.007649325274364083,-0.008229012033276268
791,survival_only,0.005008856344612256,-0.0043978315885688625
791,de_only,0.0023994302722641246,-8.371673127064993e-5
791,ridge_eligible,0.027553275021456124,-0.013821711035258154
791,matched_control,0.0025893395175574873,-0.0010496663894426328
792,hydra,0.011232431615535743,-0.0022728305377380576
792,survival_only,0.0032284267795073427,0.002068136017023159
792,de_only,0.0028354994710594107,9.781964004195814e-4
792,ridge_eligible,0.029176741725857647,-0.0037901276178775286
792,matched_control,7.348496297416074e-4,-6.0552683679279685e-5
793,hydra,0.010399039349713656,-0.007460160036729985
793,survival_only,0.001758728985774971,-0.0053375899733120015
793,de_only,-1.7550341769815292e-4,-9.755238948505023e-4
793,ridge_eligible,0.030406428967300947,-0.01457591519076209
793,matched_control,0.0028154443007574305,-7.419329192960928e-4
794,hydra,0.01064114832535883,-0.008769045956880087
794,survival_only,0.005674641148325355,-0.005759953847162619
794,de_only,8.555023923444871e-4,-4.973921610539278e-4
794,ridge_eligible,0.03646315789473683,-0.01502856419365663
794,matched_control,0.0021626794258372884,-4.1728657196152266e-5
795,hydra,0.009290770617913946,0.001269749724132524
795,survival_only,0.004757611218754199,0.004134018464572048
795,de_only,-0.00908742110614461,0.004348730475934206
795,ridge_eligible,0.03161125712202888,-0.004556610241852832
795,matched_control,0.002405663092063637,-4.4186308546452225e-4
796,hydra,0.005884055349552319,2.3010779728039054e-4
796,survival_only,-0.0070796780320159566,0.0031102501665949273
796,de_only,-0.012844351994211845,0.005806573258731238
796,ridge_eligible,0.022821741882970047,-0.004728695880659123
796,matched_control,0.003393325495161403,-0.0010946234300450246
797,hydra,-0.0020630797773655172,0.0027650443532379666
797,survival_only,-0.006838589981447119,0.00475506842297053
797,de_only,-0.003894248608534312,0.0053804396339331515
797,ridge_eligible,0.014124304267161414,-0.0015871638100120877
797,matched_control,5.083487940630849e-4,-9.529825144363735e-5
798,hydra,0.01012386937411458,-0.003932286846410121
798,survival_only,0.006309709760616089,7.721867114025921e-4
798,de_only,-0.003677939627302107,0.004701183372599863
798,ridge_eligible,0.027975952631770162,-0.009749266631449986
798,matched_control,0.0038523012096334684,-0.001333941207603695
799,hydra,0.005957223698721792,8.481278543483684e-4
799,survival_only,-0.0013396973477246554,0.003788405795620414
799,de_only,-0.002668546943645911,0.0030814389864556478
799,ridge_eligible,0.0218112129594475,-0.0058486200324660235
799,matched_control,0.0019869465386632033,-2.5786024002319164e-4
800,hydra,6.882228375956867e-4,0.004677149928160013
800,survival_only,-0.0030949666069392755,0.0014267113972297103
800,de_only,0.0035347776510832097,0.0017361985585599912
800,ridge_eligible,0.025720801433458174,-0.007151010381959715
800,matched_control,-5.131128848346988e-4,-3.9411574131453795e-7
801,hydra,0.0017117940515632758,-0.0013363003512576299
801,survival_only,0.003671122281884298,2.924822749457795e-4
801,de_only,-7.883011538901141e-4,0.002012935123795029
801,ridge_eligible,0.024989527400129476,-0.006453308409190675
801,matched_control,0.0019098213945694775,-6.789522525111474e-4
802,hydra,0.007031839444695975,-0.0021515604718295835
802,survival_only,0.0024764012541287463,-7.385155630696194e-4
802,de_only,8.886206260583895e-4,0.0013827710533481918
802,ridge_eligible,0.02712807873514078,-0.0115809989993857
802,matched_control,0.001108260818536977,-6.017615317112923e-4
803,hydra,0.010066143034311715,-0.0015200237816972468
803,survival_only,-0.00888280281107895,0.008147944789171763
803,de_only,4.4784346148563084e-5,0.0024963208132093794
803,ridge_eligible,0.022335331404161506,-0.0037962001643158743
803,matched_control,0.0015950117128290086,-3.102839109837774e-4
804,hydra,-0.003575877201387423,-2.0490756475316507e-4
804,survival_only,-0.005816070367744297,0.0036796280983790895
804,de_only,-0.00236858747101546,0.0032679773124220544
804,ridge_eligible,0.01392982388900601,-0.003784985612999775
804,matched_control,0.0028821646896498576,-9.159158256506039e-4
805,hydra,-0.0023168254702181424,0.0032955090841366606
805,survival_only,-0.013704443747213357,0.007594829915812307
805,de_only,-0.0018511485047145392,0.0028786546678155112
805,ridge_eligible,0.012063015010651124,-7.652106669830044e-4
805,matched_control,4.078801790049158e-4,-6.478632662626494e-6
806,hydra,0.0058798210977412555,-0.0019284827957150336
806,survival_only,-0.004298519752231578,0.00362468505357596
806,de_only,0.001970544753635095,1.5553125261929534e-4
806,ridge_eligible,0.024825495443232225,-0.004829632318471763
806,matched_control,0.0030671632015270346,-4.109124250920554e-4
807,hydra,0.015194365288456357,-7.797790624809259e-4
807,survival_only,0.007726221839883851,0.006990542332840191
807,de_only,3.853253759162345e-4,0.0047562665579796385
807,ridge_eligible,0.03588544186963455,-0.005588081816160153
807,matched_control,0.0025162643152857656,-7.64336880592062e-4
808,hydra,0.018213116989364585,-0.011092557518597284
808,survival_only,0.009895691300790831,-0.004932517876987383
808,de_only,0.003649100081810719,3.878295538577353e-4
808,ridge_eligible,0.041643373329697274,-0.017085215931260552
808,matched_control,0.003100286337605651,-8.399835374122061e-4
809,hydra,3.3991465972373904e-4,0.002955777651322433
809,survival_only,0.003932523323931458,9.675427365674449e-4
809,de_only,-0.005380776741158599,0.004074491905300579
809,ridge_eligible,0.02940442612280323,-0.0066719243302030854
809,matched_control,0.0033919143704346675,-0.001295569554447562
810,hydra,0.009301642178046677,-0.0024593766396173084
810,survival_only,0.005170267934312878,-5.984839723570668e-5
810,de_only,0.0024598098530682843,0.0017888401794215413
810,ridge_eligible,0.028748487467588613,-0.0073808151853439145
810,matched_control,9.369057908383716e-4,-3.819614712726349e-4
811,hydra,0.01190763219155302,-0.0028299877749892594
811,survival_only,0.011888925839707354,9.558387019411391e-4
811,de_only,3.2424343199204396e-4,0.0011714998236674878
811,ridge_eligible,0.03083014632524108,-0.0070320863604164145
811,matched_control,0.003421183904223468,-7.312460847921337e-4
812,hydra,0.006475763016157976,0.002258132693477505
812,survival_only,0.013136445242369853,2.627820085844668e-4
812,de_only,0.010253141831238766,-8.178396791298781e-5
812,ridge_eligible,0.03168581687612206,-0.005093539120777976
812,matched_control,0.00282405745062837,-7.807758890869182e-4
813,hydra,0.008459033253342473,-0.006059368617374208
813,survival_only,0.0011055879328076945,-9.522050030106643e-4
813,de_only,-0.0017569420637641552,0.0022061231420342194
813,ridge_eligible,0.026431264998285898,-0.009427363452512836
813,matched_control,7.319163524168393e-4,-1.1387653825297716e-4
814,hydra,0.007837387154275167,-0.00493375787155789
814,survival_only,-0.005901519943265687,0.0024365683470768673
814,de_only,-0.007908305062005239,0.0025348945580671743
814,ridge_eligible,0.018998332470818214,-0.005089698197064693
814,matched_control,0.0022808732486151785,-4.992999319113039e-4
815,hydra,0.0050910822297071,0.0014095684669543473
815,survival_only,-4.267550743294324e-4,0.006613474047780824
815,de_only,0.0032165341139542168,0.0025429191290708723
815,ridge_eligible,0.028744246742024783,-0.0012458643470076663
815,matched_control,0.0025922725589433647,-2.4383179228260055e-4
816,hydra,-5.986983139883994e-5,-0.0022844772016451602
816,survival_only,-0.006686108267830604,0.0019386375774130492
816,de_only,-0.008468684215608646,9.89807032768325e-4
816,ridge_eligible,0.021230614727978502,-0.00661584591244258
816,matched_control,0.0017033932675408869,-7.249352636310435e-4
817,hydra,0.009833456899513537,-0.004864411934643309
817,survival_only,0.0013833384568090802,0.0013320476212301479
817,de_only,-0.0022440823854903203,0.0016614470198556218
817,ridge_eligible,0.030690222599952976,-0.009163930627405236
817,matched_control,7.685213648939038e-4,-9.44949392032407e-5
818,hydra,0.011712931618144896,-0.0028342937524372057
818,survival_only,0.010198976905138046,0.0026315832435272303
818,de_only,9.572707440006045e-4,5.006759297148666e-4
818,ridge_eligible,0.0330756789287595,-0.006580360594963586
818,matched_control,0.003078688031294685,-6.489611928619604e-4
819,hydra,0.002437318599853122,-0.0015723830013624263
819,survival_only,0.0010403189145714697,4.648566109775321e-5
819,de_only,-0.0021942861139280234,0.0011239954022862792
819,ridge_eligible,0.028273944819386644,-0.00817224540183451
819,matched_control,0.0018096303808091574,-8.169171444786932e-4
820,hydra,0.0064402853360788544,0.0032507905812307752
820,survival_only,-0.0032192234152080613,0.009334973474748709
820,de_only,0.0070525077217238104,-9.70429886896787e-4
820,ridge_eligible,0.020096705397852653,-0.002345126730200889
820,matched_control,7.942344462421147e-4,2.8578235233865656e-4
821,hydra,-0.0027788562870930235,0.006303767191641075
821,survival_only,-0.008438256882430151,0.009569501186609226
821,de_only,-0.0048218610756743715,0.005420907079156734
821,ridge_eligible,0.018229888882725954,-6.603129738283475e-5
821,matched_control,0.0011370569637805695,-7.660581249849307e-4
822,hydra,0.018503752784172788,-0.006893015337870292
822,survival_only,0.007960394557059136,-0.002619182752398641
822,de_only,-0.0012746364197877779,0.0011774387561176325
822,ridge_eligible,0.0319501375708911,-0.012906113445025232
822,matched_control,0.0012615344301570408,-0.0012075542668854022
823,hydra,4.4673023500263476e-4,0.003169054219744455
823,survival_only,-0.003326075531196049,0.004448020312443751
823,de_only,-0.005912606051505375,0.005843715223570675
823,ridge_eligible,0.014826563555822514,-0.003814964666752879
823,matched_control,0.0011731361213304313,-0.0010712518463679404
824,hydra,0.008527825900765007,-0.005682500140807484
824,survival_only,-8.175500749416643e-5,0.0026878522529862696
824,de_only,0.002692075603916477,0.0017573464673135198
824,ridge_eligible,0.024530395343857713,-0.004613633468254466
824,matched_control,0.0014968952562630534,-6.834904886856119e-4
825,hydra,0.003794982382501877,1.0479214266245762e-4
825,survival_only,-3.7738028765619267e-4,0.0017736898395962152
825,de_only,-2.5030325201691462e-5,0.006094841003782067
825,ridge_eligible,0.030390665614109413,-0.009540476399884187
825,matched_control,0.0017309432581781858,-4.108263385824623e-4
826,hydra,0.007827683187658929,-0.0014160355423907367
826,survival_only,-0.0019266070496303579,0.0015479422531115394
826,de_only,0.001653783324070812,6.616344903850796e-4
826,ridge_eligible,0.022861617743646766,-0.00850905135025758
826,matched_control,0.0016891493625692533,-0.00120679191894138
827,hydra,0.004884519350811478,0.0016338588026922562
827,survival_only,-0.002159410112359561,0.006941919947355729
827,de_only,-0.007611579275905123,0.00528160000143241
827,ridge_eligible,0.022982990012484373,-0.0019497250299893936
827,matched_control,0.0022627965043695354,-9.300683537020154e-4
828,hydra,0.006860977144055392,-0.004188714674512975
828,survival_only,0.007200671000209702,-3.1145669741760863e-4
828,de_only,3.4598448312016527e-4,0.001693229291973411
828,ridge_eligible,0.03409939190605996,-0.011755678363163755
828,matched_control,0.0012916754036485512,-6.860272632514486e-4
829,hydra,-0.01108932544021719,0.011302269107510634
829,survival_only,-0.009532068926511072,0.011467014572929545
829,de_only,-0.001397006146072921,0.0018811060501338795
829,ridge_eligible,0.01918102635647225,-5.468488716781044e-4
829,matched_control,0.0021435843293993507,-6.374288835008263e-4
830,hydra,-0.00117240855972075,0.006188469618740739
830,survival_only,-0.002433980877219599,0.00863807137338923
830,de_only,-1.1003187130066427e-4,0.005621208229530733
830,ridge_eligible,0.014884656245257233,0.0035129791542347216
830,matched_control,0.001857262103505819,-8.566807294071388e-4
831,hydra,-0.0015598039892332216,0.003768785516427481
831,survival_only,-0.008787701014562777,0.009481919458515318
831,de_only,-0.003889157291738554,0.004936521263916355
831,ridge_eligible,0.02454793291462486,-0.0021172531119838744
831,matched_control,0.002282766236455258,-0.0014165161726806459
832,hydra,6.841569603076025e-4,-0.0010470849622368605
832,survival_only,-0.0016057898903087398,0.002380896444963046
832,de_only,0.007218515586716457,-0.0021670109086378677
832,ridge_eligible,0.02122017414904446,-0.0055509426942494085
832,matched_control,0.0011082211919032138,1.3611894750209519e-5
833,hydra,0.010293108705595355,-0.008689148251742737
833,survival_only,5.107485897240305e-4,-0.004605416972346879
833,de_only,9.452660466534701e-4,-0.0013329224568810832
833,ridge_eligible,0.032705061747217566,-0.01485104465953396
833,matched_control,2.553742948620208e-4,-6.538034335848153e-5
834,hydra,-0.006215683241822001,-0.0011104038398912525
834,survival_only,-0.01767651380403683,0.005922445434971629
834,de_only,-0.00789768772716728,0.0018828088973516898
834,ridge_eligible,0.00999149331064878,-0.004156110079214928
834,matched_control,0.002484339958239867,-5.17550173108891e-4
835,hydra,0.005613197386371826,-0.002819938144012679
835,survival_only,0.0074603288576147175,-0.002578255205911567
835,de_only,-0.010047030947081193,0.003178996541155335
835,ridge_eligible,0.03507934228477061,-0.012860971629370879
835,matched_control,0.0022474330437280087,-0.0011547575535837157
836,hydra,0.010830498215441154,-0.004007471286230564
836,survival_only,0.0054956064369351635,-6.065928402712306e-4
836,de_only,0.009066811379432705,-4.4721013566310366e-4
836,ridge_eligible,0.031577299576297714,-0.007062406507497022
836,matched_control,0.0022583540314332962,-2.681161992873535e-4
837,hydra,0.006236767990676928,-0.0016343619520957837
837,survival_only,-0.005246188210158298,0.0051530881873620375
837,de_only,-0.008643294163348535,0.004380225560211512
837,ridge_eligible,0.02106438768573372,-0.004673323679573796
837,matched_control,0.0014489657181703474,-7.044964301369499e-4
838,hydra,-0.0016490617407337372,0.0034042862312705564
838,survival_only,-0.0028604414729550554,0.0049835361340317685
838,de_only,-0.013095997105095425,0.004010233621767151
838,ridge_eligible,0.018889252666586243,-0.00314760550341138
838,matched_control,0.002100529009356722,-7.9274394221448e-4
839,hydra,0.011504798696203267,0.002997446474022217
839,survival_only,0.011864952415444352,0.003642699743993308
839,de_only,0.0026257016961429348,0.004108542995311512
839,ridge_eligible,0.03070964366914144,-0.0025211260824801822
839,matched_control,0.0033057684956037,-7.694083372767529e-4
840,hydra,0.0070244535814758535,-0.0023281855653885437
840,survival_only,-0.002761307076390418,-0.0015267321734810158
840,de_only,-0.0016230253191949929,0.0030390516851440037
840,ridge_eligible,0.02147803505734689,-0.00726982557150434
840,matched_control,0.002395585371131792,-6.143410711874104e-4
841,hydra,0.0061494399649750005,-0.00658735706941106
841,survival_only,0.004784924659783285,-0.004300319065076844
841,de_only,-0.0019172534568937083,-6.92445818295559e-4
841,ridge_eligible,0.025679521325112198,-0.013698338355896256
841,matched_control,8.026560618775048e-4,-4.997402810126422e-4
842,hydra,8.390196351483082e-4,-1.67452199409035e-4
842,survival_only,-0.006694750034814112,0.006307636588323132
842,de_only,-0.0064719398412477645,0.002734186230467772
842,ridge_eligible,0.021445481130761734,-0.004084622335230131
842,matched_control,7.432808801002722e-4,1.5206685549482845e-4
843,hydra,0.004524203558129924,-6.914205038009741e-4
843,survival_only,-0.004778651220521279,0.0053845227180481766
843,de_only,0.002587918907736886,0.0017171792195113168
843,ridge_eligible,0.025552337608605723,-0.0034734548513205843
843,matched_control,0.0018038891187422412,-3.212588757926349e-4
844,hydra,-0.004131636749223666,-0.0012845654032689168
844,survival_only,-0.002505112474437654,0.0011480318901944593
844,de_only,-0.0031886692418389593,0.0027674265157999144
844,ridge_eligible,0.022386957509656913,-0.008464089517320772
844,matched_control,0.002758842687268026,-0.0013319811062115744
845,hydra,0.0027765404602821064,-0.0030611874431689693
845,survival_only,-0.011121009651076463,0.00451308239594741
845,de_only,-0.006574280293656698,0.003569920299054141
845,ridge_eligible,0.01675822816134621,-0.005127636144724323
845,matched_control,7.242431741318223e-4,-4.2536460316454084e-4
846,hydra,6.047969951138765e-4,-0.0020551425776096062
846,survival_only,-0.0062723814677468235,0.0024569446144006883
846,de_only,2.1804523244896014e-4,1.4560609855542305e-4
846,ridge_eligible,0.0262465980169025,-0.011925125430166262
846,matched_control,0.00291734971590456,-5.581186724783332e-4
847,hydra,-0.0038778235228663638,-0.0032437589280025574
847,survival_only,-0.003273246541300423,0.001113412158327834
847,de_only,0.002132710211045574,-1.237884223735386e-5
847,ridge_eligible,0.026859166944846257,-0.008665371126149474
847,matched_control,0.001173917881384201,-2.7118254163954747e-4
848,hydra,0.007969506693428108,-0.00798334427419757
848,survival_only,0.0027270885889480235,-0.0030756841317327007
848,de_only,-0.002887288931445331,0.00067758201892993415
848,ridge_eligible,0.029718084224869722,-0.010955541149531692
848,matched_control,0.0025484744139797734,-3.6085072063355426e-4
849,hydra,0.010810861811937422,-0.007929161275194885
849,survival_only,0.008493574623063428,-0.0037775499380393344
849,de_only,0.0024512671484913317,1.201125290246935e-4
849,ridge_eligible,0.036795425810956184,-0.015580043211375596
849,matched_control,0.003324967448530958,-0.0010679118802128795
850,hydra,0.012314291500211716,-0.0012094887671685929
850,survival_only,0.004985364237191425,-0.0012329925794919649
850,de_only,0.016231889394134648,-0.002523470925793489
850,ridge_eligible,0.03147701540897292,-0.009255761275101956
850,matched_control,6.388188295071817e-4,1.0170729044915727e-4
851,hydra,0.004751422519416859,0.0016695197656089484
851,survival_only,-0.006560202683058536,0.007968761938372617
851,de_only,2.1597375088256988e-4,0.00404151848199594
851,ridge_eligible,0.019321344021265084,1.2728407047177815e-4
851,matched_control,0.0015180462682227835,3.1553281921170573e-4
852,hydra,0.009158731895954175,-0.0023725854923364125
852,survival_only,2.0794571522383398e-4,0.0012348699651029138
852,de_only,0.004343146911823692,9.84362204568759e-4
852,ridge_eligible,0.03060450184232607,-0.010378640054087656
852,matched_control,0.0011327569224034106,-4.140926463310879e-4
853,hydra,0.005798709725957818,-0.006622442104910431
853,survival_only,0.002828822389828278,-0.0013666063705973952
853,de_only,-0.007371113660729389,0.00141065248712324
853,ridge_eligible,0.030979743073711163,-0.013134468706374535
853,matched_control,0.0022325878834615676,-8.721048349137645e-4
854,hydra,0.010489846982966044,-0.00666566390175288
854,survival_only,0.005137137907804845,-0.005447638992401216
854,de_only,0.002219228178231181,-9.718536212661499e-4
854,ridge_eligible,0.030203060340679478,-0.012488990758438947
854,matched_control,0.0015012992012318539,-4.7589159214148633e-4
855,hydra,0.007849281987944035,-7.221109305091012e-4
855,survival_only,-0.004341253894224561,0.003101263956724193
855,de_only,0.0016222095231072874,-2.6127391984057113e-5
855,ridge_eligible,0.0316883882979704,-0.00947536795244397
855,matched_control,9.751691337769764e-4,-5.854140850393652e-4
856,hydra,0.0012379714827561838,-0.004917433552939785
856,survival_only,8.762379714827185e-4,-0.0013029622623750598
856,de_only,0.006746505584041562,0.0016910010879627319
856,ridge_eligible,0.03359907283837886,-0.012312615842586572
856,matched_control,0.002784996839221754,-0.0010191253676163359
857,hydra,0.01813567304505572,-0.006635779392758198
857,survival_only,0.014526679342043314,-0.0025178029278500073
857,de_only,0.004870135533499642,-0.001295893671247514
857,ridge_eligible,0.04984737218510702,-0.013995937523835902
857,matched_control,0.0033107153447644254,-8.680424363224943e-4
858,hydra,0.010041071196268302,-0.003033036249703966
858,survival_only,-0.0010593023471909713,0.0023786998897140227
858,de_only,1.2265606125370088e-4,0.0011476790987825364
858,ridge_eligible,0.025111040903937988,-0.007644802537668982
858,matched_control,0.001622405173855679,-7.049406789299079e-4
859,hydra,0.027138935664690556,-0.0020817650814590723
859,survival_only,0.032400636663514115,-0.0015668473256348569
859,de_only,0.0028488385504371492,4.2378264589031935e-4
859,ridge_eligible,0.049369103365550934,-0.007168519796491707
859,matched_control,0.004761135844617181,-5.955292235323095e-4
860,hydra,0.0027721809212811976,8.731581943468014e-4
860,survival_only,-0.0025064267352185145,0.004183400599891157
860,de_only,-0.0035486000138956085,0.003207438393302517
860,ridge_eligible,0.02575036476064755,-0.006775129532635526
860,matched_control,9.570624609185008e-4,-7.102733630791503e-4
861,hydra,0.005671449664937755,5.78758212186506e-4
861,survival_only,-1.3251050618989791e-5,0.005412499548099634
861,de_only,3.520993450195187e-4,0.0038822404828695394
861,ridge_eligible,0.02734448945594973,-0.0021833433193954644
861,matched_control,0.00112444629538484,-5.05645942796526e-4
862,hydra,0.009210933870218384,-0.0021662097721890706
862,survival_only,0.010037556140622595,-8.219182755834442e-4
862,de_only,7.182127923184179e-4,0.0016371646811085521
862,ridge_eligible,0.03760647359454857,-0.007887974753352475
862,matched_control,0.0025631098033142563,-1.7889605231488635e-5
863,hydra,0.007091771940378311,-0.0018735348576634225
863,survival_only,-9.691865517011956e-5,0.0020530108758766096
863,de_only,-0.003791524630706522,0.003243077649769016
863,ridge_eligible,0.023532852082080048,-0.006562651336562206
863,matched_control,0.00162923601363546,-2.9951546828487494e-4
864,hydra,-0.0030821984153121874,5.445607064559377e-4
864,survival_only,-0.0015440051143958745,0.0049950690046928255
864,de_only,-0.0017590422131385953,0.002165720514134531
864,ridge_eligible,0.023698638098374625,-0.005427453164074484
864,matched_control,0.001485886979600537,-0.0010031982949640639
865,hydra,-0.004386021995184497,0.010303123131956197
865,survival_only,-0.010219951844862385,0.009878621096788534
865,de_only,-0.00151948981583917,0.00560741483139581
865,ridge_eligible,0.01827617622177391,4.4785594496654093e-4
865,matched_control,0.0016951909936877563,-6.195726136213303e-4
866,hydra,-0.001519628535246964,-9.500101519223203e-4
866,survival_only,-0.01598599971858732,0.006928144285200541
866,de_only,-0.001757070493879276,-1.6611228939556467e-4
866,ridge_eligible,0.013550021105951904,-0.0010570927756073905
866,matched_control,7.826790488251079e-4,-5.387636497222847e-4
867,hydra,0.016126304426052562,-0.00534186350929477
867,survival_only,0.00592479309103996,4.142203646153891e-4
867,de_only,-0.0023587621446563454,0.003581591650846333
867,ridge_eligible,0.0356854983807125,-0.009169777017859346
867,matched_control,0.0019431450161929043,-9.051432536922921e-4
868,hydra,-0.0030529560514609756,4.640346873954926e-4
868,survival_only,-0.005007660077154507,0.0036080235791255437
868,de_only,-0.0019491666205216363,0.0029220331492675194
868,ridge_eligible,0.02297469405836423,-0.005610424174672002
868,matched_control,0.0025379773704708453,-9.2067570767847e-4
869,hydra,0.00046809227142619036,0.0026315268571375392
869,survival_only,0.0018437447381714268,0.0050099757091016574
869,de_only,-0.00962788348206769,0.007355481373438499
869,ridge_eligible,0.03044451927933999,-0.005342857067879228
869,matched_control,0.0039013301902677488,-0.0014452780433408224
870,hydra,0.012070248008853557,-0.006518939684251657
870,survival_only,-1.8686841198137794e-4,5.15013115817356e-4
870,de_only,0.00533028538253596,-0.002320921920603683
870,ridge_eligible,0.027469656561258347,-0.008654795801639248
870,matched_control,0.0027485984869101143,-2.810102030297079e-4
871,hydra,0.005954522558825637,-7.816811104368298e-4
871,survival_only,-0.007643736058142036,0.0013866419559243198
871,de_only,6.116428006044394e-4,0.0037128924702319347
871,ridge_eligible,0.018266532345110463,-0.007746039043031633
871,matched_control,0.0018133410088508218,-0.0012256228430705285
872,hydra,0.002203122654256107,-0.006209376513904833
872,survival_only,7.731571836060436e-4,-0.0019079020516056088
872,de_only,-0.012843416904368733,0.005181390589682269
872,ridge_eligible,0.02505066806785764,-0.00963945507178037
872,matched_control,0.002510884251613843,-7.452429050362058e-4
873,hydra,0.014091730393677782,-0.0058240089325856306
873,survival_only,0.01428701794090268,-0.002126377108179439
873,de_only,-1.40534029311401e-4,0.0016835008154742453
873,ridge_eligible,0.039709076308152805,-0.011676985424340734
873,matched_control,0.002960340201857947,-9.72830293321783e-4
874,hydra,0.009144385026737945,-0.003965807428752108
874,survival_only,0.006137657409004638,6.060989853671567e-4
874,de_only,9.384164222873803e-4,9.88775747133866e-4
874,ridge_eligible,0.02475245816801793,-0.004299307261116958
874,matched_control,0.004072796273934776,-9.807979584187027e-4
875,hydra,1.7161068889436358e-4,7.6236433698523e-4
875,survival_only,2.2287102454110475e-6,0.0018206201924442333
875,de_only,-0.010120573224275065,0.004679280248712792
875,ridge_eligible,0.02118389088234641,-0.00555474044550173
875,matched_control,9.984621899307156e-4,-8.451336479623872e-4
876,hydra,0.017287852368497548,-0.004862203275721222
876,survival_only,0.005774120895088652,-4.994698808881038e-4
876,de_only,-0.0023775791920953248,0.0036028429461259894
876,ridge_eligible,0.034730092996222026,-0.010489694228939663
876,matched_control,0.0027226823597791385,-2.798119047570935e-4
877,hydra,0.008184633282578579,-0.00430760650365192
877,survival_only,0.002992249918735368,-9.185174264394691e-4
877,de_only,-0.002311337701664662,-1.4277633046727855e-4
877,ridge_eligible,0.030854904107714166,-0.011443107901070348
877,matched_control,0.0018442798241261938,-0.0011620551491323267
878,hydra,0.0079065963703433,-0.0012589687865610932
878,survival_only,-0.0026308921021036768,0.0035584191078843084
878,de_only,-0.007344573785039421,0.004851088905569711
878,ridge_eligible,0.02381722955925596,-0.006559879645136285
878,matched_control,1.740008004035287e-5,-4.5945309464422434e-4
879,hydra,0.024022998224401758,-0.010935898881413681
879,survival_only,0.016318593049801267,-0.006450674028546483
879,de_only,-0.006858882218652262,0.0022602463770933475
879,ridge_eligible,0.043757504016234,-0.01849240088099902
879,matched_control,0.0030202079986471507,-5.059658490524643e-4
880,hydra,0.0032970225127087914,0.0018186778100855228
880,survival_only,0.0040813362381989845,4.799849760010799e-4
880,de_only,-9.041394335511877e-4,0.0032768929865719084
880,ridge_eligible,0.028079157588961512,-0.006222652984899127
880,matched_control,0.002182280319535224,-9.601675411809174e-4
881,hydra,0.006255221766137531,-0.0024020050128673006
881,survival_only,0.004504340876893475,0.0037437367455763287
881,de_only,0.0048330851102473815,-4.0187808224947106e-4
881,ridge_eligible,0.030965527262159898,-0.006851251758977129
881,matched_control,0.0016745976969741228,-6.339402677960071e-4
882,hydra,0.012574965771255586,-3.42190143670068e-5
882,survival_only,0.0037410571378984846,0.0027814508746066917
882,de_only,-0.0050465703762269335,0.003855705504821558
882,ridge_eligible,0.02815241915266985,-0.005860901848023297
882,matched_control,0.0014848525753514252,-2.674680159368975e-4
883,hydra,0.0019620619750941202,3.455813143523889e-4
883,survival_only,-0.0038680133217492084,0.004564521372952779
883,de_only,0.0016652186504488853,-4.301852762958747e-5
883,ridge_eligible,0.0262181436432088,-0.0073627724620283965
883,matched_control,0.0022824355632782957,-5.263223776849346e-4
884,hydra,0.010206164864955292,-0.003201060449684176
884,survival_only,-0.0019846715084172904,0.0018253220010223641
884,de_only,0.00895779644566418,-0.0013262436963912716
884,ridge_eligible,0.02384617959101708,-0.007443453330834407
884,matched_control,0.0012232671776163605,-5.579352627349016e-4
885,hydra,0.013483777856915246,-0.003037499761728574
885,survival_only,0.005924690270462729,-8.210712804592706e-4
885,de_only,-0.012061177440818726,0.003953017620782423
885,ridge_eligible,0.03182388994058438,-0.006772840650769263
885,matched_control,0.0035218263265420656,-8.032624231011726e-4
886,hydra,0.007544030749813568,-0.0038282999295590177
886,survival_only,0.006603178245654295,-0.002348513006402253
886,de_only,5.83252060505235e-4,0.001080880045116267
886,ridge_eligible,0.03410781557761078,-0.010319798384260167
886,matched_control,0.0017956514256210255,-5.035830378543327e-4
887,hydra,0.012284936479128894,6.348937967592672e-4
887,survival_only,0.003254083484573511,7.50760617527113e-4
887,de_only,-0.004546279491833005,0.005803272366276119
887,ridge_eligible,0.02738475499092561,-0.0050051568263377675
887,matched_control,0.002250453720508172,-7.748278836910927e-4
888,hydra,-0.004790643024994689,0.004944613497748771
888,survival_only,-0.013034964039023012,0.011962483393027445
888,de_only,-0.002700633767713434,0.003458576710404343
888,ridge_eligible,0.015333262123477886,-4.6929026465490354e-4
888,matched_control,0.002446058534501161,-5.894179779759118e-4
889,hydra,-0.008754388222103792,-0.001259106881783445
889,survival_only,-0.012498391751061455,0.0062147557875816386
889,de_only,-0.002677964232543617,8.217791733265339e-4
889,ridge_eligible,0.02011689672284813,-0.008171522725300123
889,matched_control,0.0014869410186189257,-6.238665304851843e-4
890,hydra,-3.2464432349850193e-4,0.006871844903516439
890,survival_only,-0.003834622362264861,0.007047569227595718
890,de_only,-0.006181609853910042,0.004992413116341826
890,ridge_eligible,0.021235558101785533,0.0028717634712461526
890,matched_control,5.576243674210058e-4,3.9727724269245925e-4
891,hydra,5.570672157670043e-4,0.005173916413669877
891,survival_only,-0.006477055449330804,0.00915676490644068
891,de_only,4.136637740844051e-4,0.0077896962447631555
891,ridge_eligible,0.019743712310633897,9.321117505863119e-4
891,matched_control,8.530666274452093e-4,6.412591839162763e-5
892,hydra,0.011790743779053892,-0.006655977483891118
892,survival_only,0.006800314465408819,5.760393066679692e-4
892,de_only,0.0017227235438884493,4.252193111017932e-4
892,ridge_eligible,0.028060910582444653,-0.00863492262631609
892,matched_control,0.0014680749248017655,-8.351302838957547e-4
893,hydra,0.0053304070058019515,-0.005796847738992602
893,survival_only,0.0020534996414524388,-0.002268568018490941
893,de_only,0.0032964645037919073,-0.0021109834219539187
893,ridge_eligible,0.041880527608161855,-0.01192267658333104
893,matched_control,0.001447228318737892,-1.3907943029072833e-4
894,hydra,0.015541592206145139,-0.005631922049815816
894,survival_only,-0.008552871774178072,0.004242392314332844
894,de_only,-0.008239657193366778,0.003924178926904489
894,ridge_eligible,0.030787263888088258,-0.007515481021949178
894,matched_control,0.002699794392882571,-6.119917035082662e-4
895,hydra,0.010796064238037206,-0.0015201408318400195
895,survival_only,0.0021279304512303978,0.0044963870829254045
895,de_only,0.008235272720659137,9.487973029854074e-4
895,ridge_eligible,0.029028972591528323,-0.005510037132510082
895,matched_control,0.0017041631049597218,-4.893539670309561e-4
896,hydra,-0.0036424168507103727,-0.0010985631054609146
896,survival_only,-0.005152124468470853,5.316841886191997e-4
896,de_only,0.004782938326136377,-9.113589130354455e-4
896,ridge_eligible,0.021454000065926092,-0.009541953604449043
896,matched_control,0.0012905033457494054,-3.1951150086305944e-4
897,hydra,0.006509836577495587,-0.0032617122635685584
897,survival_only,-0.0013323618195066112,0.003581656407373515
897,de_only,0.0029645050484022216,-5.74797947656383e-4
897,ridge_eligible,0.019725200374726783,-0.0013178215592890784
897,matched_control,0.001042989486832524,-1.2419831032577376e-4
898,hydra,-0.004311344456612742,0.0026125985200173758
898,survival_only,-0.002617084326483288,0.004995144712354937
898,de_only,-0.002821619532306896,8.429445279535486e-4
898,ridge_eligible,0.021115441602782968,-0.005637194547239072
898,matched_control,7.649938800489364e-4,-5.902081444284669e-4
899,hydra,0.027565179411369444,-0.012560607885591426
899,survival_only,0.013477691170541628,-0.006451277088480758
899,de_only,0.003610065851364086,-0.0021362646323349944
899,ridge_eligible,0.03877671011960758,-0.013749283551901683
899,matched_control,0.0014900551001209572,-2.886713832208038e-4
900,hydra,0.010051274022466606,-0.004459844988913017
900,survival_only,0.008342792281498302,3.9196969534326386e-4
900,de_only,0.006741946847234714,-0.0013632225854989688
900,ridge_eligible,0.03063329288817568,-0.009505189427909806
900,matched_control,9.511135465184561e-4,-4.916680868321477e-4
901,hydra,0.01456569078151465,-0.002132121225730421
901,survival_only,0.004960077425598864,0.003018019396323804
901,de_only,-0.0031679974191467174,0.0020590505749923742
901,ridge_eligible,0.0305347205419792,-0.007276224488826285
901,matched_control,0.0017856278732155783,-7.181104377435132e-4
902,hydra,0.005183388905729014,-0.005496047877925117
902,survival_only,-0.0015708860082377708,7.692818069020002e-5
902,de_only,0.004213397999393765,-4.1999349376150295e-4
902,ridge_eligible,0.023946650500151555,-0.010285437557904948
902,matched_control,0.001997040101278469,-9.760254743039238e-4
903,hydra,0.013777377009381442,-0.0031633664561715067
903,survival_only,0.009979711099935817,6.205606938356201e-5
903,de_only,-3.971075311703376e-4,0.0030500492450977663
903,ridge_eligible,0.04054658643591656,-0.01283548163527155
903,matched_control,0.0016352506632909768,-6.09393223277721e-4
904,hydra,0.01058674953056713,-0.003246374336526375
904,survival_only,0.012029113145781733,-0.0010395337075728983
904,de_only,-0.0014473487429169873,0.005454275103402573
904,ridge_eligible,0.027762176174413,-0.008096853229773946
904,matched_control,0.002354641984745476,-6.422210391056782e-4
905,hydra,-0.00259304118035677,0.002784959225885844
905,survival_only,0.0015598619980914607,0.003976881130258495
905,de_only,-0.009263745136900814,0.004856426373745204
905,ridge_eligible,0.023252954562137596,-0.003460688574305476
905,matched_control,0.0010863980033766429,-6.610273277977919e-4
906,hydra,0.004046924113156702,8.863114288028939e-4
906,survival_only,0.004834605597964359,0.002013589776246391
906,de_only,-0.008870303846729544,0.004142735449742632
906,ridge_eligible,0.029213441101631467,-0.00438545553853448
906,matched_control,0.004308860948959714,-0.0012432978705214843
907,hydra,0.005445316105214581,-0.002574309942913035
907,survival_only,-0.0037455776034455933,0.0017215296950123444
907,de_only,-0.004376249807721888,0.00196513220930048
907,ridge_eligible,0.02087948007998768,-0.00809630419719661
907,matched_control,8.825565297646776e-4,-2.2798835934694506e-4
908,hydra,0.01817991552189958,-0.0031831032619194315
908,survival_only,0.004193462460519814,-0.0015150701293385055
908,de_only,-0.0016210662506183637,0.0033765686853310826
908,ridge_eligible,0.03641120286160051,-0.00881260950458099
908,matched_control,0.0015944290117584359,-6.278972964889912e-4
909,hydra,0.0055728178168930834,0.0013855431531070105
909,survival_only,-0.004675926703505262,0.009804502930912493
909,de_only,-0.004900989267538946,0.008191910284435912
909,ridge_eligible,0.02044542232822183,0.0017374702740450166
909,matched_control,0.0012546398159189454,-3.895886498046286e-4
910,hydra,3.677669480778523e-4,0.003400348508472714
910,survival_only,-0.0028732925105982242,0.005967503980542313
910,de_only,0.005507445921953691,0.0027595124118381747
910,ridge_eligible,0.029113373672959176,-0.005523592460682838
910,matched_control,0.002389579332584524,-6.216604013172755e-4
911,hydra,0.004637493119446423,-0.004332276186535866
911,survival_only,0.005046394589919001,-0.0011760518419379029
911,de_only,-0.00825273256271133,9.481596126966419e-4
911,ridge_eligible,0.02856216088700162,-0.010781498822262828
911,matched_control,0.0038531100102225267,-0.0010974248471589897
912,hydra,0.0026656856641575797,0.0031032974682550256
912,survival_only,-0.0022449865112155075,0.007479794454583255
912,de_only,-0.0030977040768200292,0.005365917081682703
912,ridge_eligible,0.021885788669421015,-6.415866167661932e-4
912,matched_control,0.001386609315750764,-0.001059495819204928
913,hydra,-0.005214305761597371,9.266643992386914e-4
913,survival_only,0.0032396455635299026,0.0032577739893729805
913,de_only,-0.004227978028146462,0.0020295204270241425
913,ridge_eligible,0.015107654063590038,4.6863591097714985e-4
913,matched_control,9.783088087887304e-4,1.36709969418905e-4
914,hydra,-0.001351651607169313,0.002580261631705191
914,survival_only,-0.002964375648052153,0.004655142648001551
914,de_only,0.0025588801659013225,5.949318042148266e-5
914,ridge_eligible,0.01614205302918085,-0.0010597523256002355
914,matched_control,0.002010813212857365,-9.422712492463404e-5
915,hydra,0.006574684392805263,-1.7263632131576113e-4
915,survival_only,-3.3306563683812606e-17,0.005929530574657091
915,de_only,-0.001551037128067645,0.00251100219063681
915,ridge_eligible,0.033413398875358415,-0.0068162760395711645
915,matched_control,0.001100435705507763,-6.271588383462368e-4
916,hydra,-0.006898389824277618,0.010753488582108747
916,survival_only,-0.014543048305271655,0.013612214563598967
916,de_only,-0.002510844790824196,0.006031524018080081
916,ridge_eligible,0.013166311300639666,0.004193306911082309
916,matched_control,0.0018436144401146825,-2.0411961985942196e-4
917,hydra,0.012042914309369402,-0.0018483477327901315
917,survival_only,0.014418035048985766,-0.00237436032385869
917,de_only,-0.008550089692286489,0.006721097236657439
917,ridge_eligible,0.03172864633641505,-0.0066853348689835945
917,matched_control,0.0033807092590037004,-0.001415038738681687
918,hydra,0.0038401845637583863,8.864960817415668e-4
918,survival_only,-0.006520553691275177,0.006526624380702628
918,de_only,-0.018324244966442936,0.00743736703800339
918,ridge_eligible,0.02274958053691275,-0.0039446798136286735
918,matched_control,0.0018540268456375796,-5.885669020182893e-4
919,hydra,0.00931608774432322,-0.003994971352685653
919,survival_only,-0.007297891206291674,0.003542631711494487
919,de_only,0.008764794325147474,-0.0025884234991769674
919,ridge_eligible,0.02426269324183662,-0.006615577780184903
919,matched_control,2.3323952349743048e-4,-6.622822033958698e-5
920,hydra,-1.5228233144259917e-5,0.0028266642596268404
920,survival_only,-0.0035976700803289296,0.005688719395269185
920,de_only,-0.007149655461225102,0.0034776275692724014
920,ridge_eligible,0.022532074466060082,-0.0016165910341177814
920,matched_control,0.0013952868618418602,-8.483409260648473e-4
921,hydra,0.004736324568431804,-0.004052395882914997
921,survival_only,-0.006265933425595449,-4.2301594913342897e-4
921,de_only,6.573676159953412e-4,4.3462952655626275e-4
921,ridge_eligible,0.01869036346419989,-0.008874241588482915
921,matched_control,0.0015951635224706884,-9.322737578136315e-4
922,hydra,0.00890389691041763,0.0017354214953456293
922,survival_only,0.0010033379909952012,0.005496021264700409
922,de_only,-0.0071456295606272206,0.006569573010463878
922,ridge_eligible,0.032364927806241284,-0.00320551277804742
922,matched_control,0.0036834342493401785,-7.095762064282723e-4
923,hydra,0.0038520351184646584,-0.0023418565091161275
923,survival_only,0.002718072951566042,5.881522491120866e-4
923,de_only,-0.005176709104341726,7.015844046863173e-4
923,ridge_eligible,0.033646031991478066,-0.008636574708694897
923,matched_control,0.0033297252718931802,-9.598316595549799e-4
924,hydra,0.005650376520232592,-0.005956393927517093
924,survival_only,0.0015403880131052762,-8.951294610497152e-4
924,de_only,-0.013983566907388034,0.004057730544802024
924,ridge_eligible,0.02650050602946976,-0.008607284644039367
924,matched_control,0.0024306568090982196,-8.624594018486198e-4
925,hydra,0.0012024972408453682,0.0012160326978188113
925,survival_only,0.002881051608545959,0.003910583425953443
925,de_only,9.224636368128869e-4,0.0021170187982572503
925,ridge_eligible,0.027276920289258245,-0.005166012457218286
925,matched_control,0.0017213830365526372,-1.556561037634213e-4
926,hydra,0.004506069240076504,0.0029630008836041277
926,survival_only,-0.009388782639241255,0.009707178458507378
926,de_only,-0.0046856094609890485,0.006733712304555037
926,ridge_eligible,0.010163537722961646,0.0037788905656625515
926,matched_control,0.0029858319347410454,-0.0011258532646187202
927,hydra,0.0018759564626785851,0.0011379575819608994
927,survival_only,-0.002929999828051666,0.0054735768656049314
927,de_only,-0.007572605189401127,0.005584369713786605
927,ridge_eligible,0.021749746376188574,-0.0027470147538160767
927,matched_control,0.0017315198514366247,-1.8791554453327086e-4
928,hydra,5.274141529121757e-4,-0.005767457440050488
928,survival_only,0.0011743502181749243,-0.0010467414761652471
928,de_only,-0.0022121039650919937,0.002157353773125126
928,ridge_eligible,0.02546955036994878,-0.010715971076331685
928,matched_control,0.001895276038702376,-9.491557266190831e-4
929,hydra,0.01806288940454224,-0.00819204923381826
929,survival_only,0.014156510935301736,-0.0045486670687011534
929,de_only,0.015682154537647763,-0.004544106993754399
929,ridge_eligible,0.03477919277922929,-0.014362700802724577
929,matched_control,0.0013977453362810865,-6.021142651195827e-4
930,hydra,0.014788973805730887,-0.006559988237317915
930,survival_only,0.007275513702083058,-0.0034308390153166947
930,de_only,-0.005884132201407511,0.00363564646131643
930,ridge_eligible,0.030662821883002955,-0.011291159844587678
930,matched_control,0.003752697061966892,-8.13664808361253e-4
931,hydra,0.005873779056560902,3.647786557739813e-4
931,survival_only,0.008238055576588178,0.003594093138355661
931,de_only,-0.0010751874006208583,0.004070659334275017
931,ridge_eligible,0.03438706746422353,-0.007839815990196763
931,matched_control,0.002943514802756131,-5.948805662783108e-4
932,hydra,0.01901701323251419,-0.00275585711530138
932,survival_only,0.007372400756143671,0.003589180311797782
932,de_only,0.003205651178987168,0.0012483905398779638
932,ridge_eligible,0.03398069843796638,-0.004027185703399372
932,matched_control,0.0020714356780420105,-4.1722889951809896e-4
933,hydra,-0.006864619324061227,0.004798612271959002
933,survival_only,-0.009893540523001908,0.007867885608264897
933,de_only,-0.003446340565094608,0.0019280898199002833
933,ridge_eligible,0.013383727660171551,2.533333486745559e-4
933,matched_control,0.001040040689618904,-7.29228939654214e-5
934,hydra,-0.01257680597841131,0.0013644586287637124
934,survival_only,-0.008238767413968085,4.2327727308502373e-4
934,de_only,0.002417197158409423,-1.3196495169590927e-4
934,ridge_eligible,0.01734661869176124,-0.009744822283088619
934,matched_control,0.0018747116892702032,-7.696607361408093e-4
935,hydra,0.002331239333309121,-3.4071858878924886e-4
935,survival_only,0.0021351537819092824,1.1533166724069511e-4
935,de_only,0.005624750354043339,0.001619715088581397
935,ridge_eligible,0.021180870765096782,-0.0054007526609924
935,matched_control,0.0010875485674861185,-3.1069041305323286e-4
936,hydra,0.0010348002209537798,-4.125836855990217e-4
936,survival_only,0.0022997606334008713,-7.291217508400644e-4
936,de_only,-1.9701712391825276e-4,0.0015605461165982327
936,ridge_eligible,0.028399926348738735,-0.0078495324913641
936,matched_control,0.0012023568403608741,-1.0134877473231551e-4
937,hydra,0.006336620127484316,-0.0030316395757474302
937,survival_only,0.008247176034314829,-0.0035180176836113576
937,de_only,-0.0018490353230684819,0.001998155667692478
937,ridge_eligible,0.033991831433600496,-0.01319953294184476
937,matched_control,2.973494881829186e-4,-5.640733116503815e-4
938,hydra,0.010835383252976494,-0.0023762545930727298
938,survival_only,0.007423005018203277,0.0031773085816919457
938,de_only,-0.0023477319689068077,-5.300872625853658e-4
938,ridge_eligible,0.03566663386795238,-0.006874627525859595
938,matched_control,0.0030640558890091653,-5.744934527428774e-4
939,hydra,0.005410561510473022,0.0013122412033761827
939,survival_only,-0.0073753564755629775,0.005528002950938754
939,de_only,-7.493362179172069e-4,0.0020593064710803825
939,ridge_eligible,0.03178286950535941,-0.006012874009331625
939,matched_control,0.002729865276821708,-3.399029632572076e-4
940,hydra,0.0031096031330649977,-0.0014722565308665004
940,survival_only,-0.003474164846866057,6.265978669237976e-4
940,de_only,-5.432330487827097e-4,0.0017350962054482639
940,ridge_eligible,0.018202819036618578,-0.004778840067915349
940,matched_control,0.0027143604829539926,-7.359771173383794e-4
941,hydra,0.0027241461504409646,-4.913377757848863e-4
941,survival_only,-0.002140157319440228,0.0031948457210371956
941,de_only,-0.003180440630639858,0.0021428920328008666
941,ridge_eligible,0.022489529063234225,-0.009018577169866976
941,matched_control,-6.537950761058675e-4,-6.084783018241557e-4
942,hydra,0.003892650828264288,-6.309616763100767e-5
942,survival_only,0.004768736370939974,0.0011598199599979152
942,de_only,1.4155093920957816e-4,0.002223991106018308
942,ridge_eligible,0.030211561268602437,-0.0037521130560183107
942,matched_control,0.003161941925857892,-4.795537277698492e-4
943,hydra,-7.529954930196925e-4,-0.004280409778750574
943,survival_only,-0.013858048440877957,0.0020782798005007015
943,de_only,-0.006839251035139804,0.002829646251250981
943,ridge_eligible,0.013138030852662042,-0.008029240787591319
943,matched_control,0.0025063207650873774,-4.855395528188977e-4
944,hydra,-0.0016057312252964028,0.0027187921581453556
944,survival_only,-0.018335740346609907,0.008462789481248118
944,de_only,-0.013366524779568244,0.006234434668134961
944,ridge_eligible,0.016940939495287334,-0.0014397940358000904
944,matched_control,0.0031183490422620917,-0.0013121608552209203
945,hydra,-0.0038054817483103463,-9.89410974508373e-4
945,survival_only,0.004042655634217229,-0.0014787122352914101
945,de_only,0.005982845016673499,3.733331388539957e-4
945,ridge_eligible,0.021538242060024627,-0.00789526007825887
945,matched_control,0.0017939618738520235,-3.110050640207862e-4
946,hydra,0.001723482886056693,0.00384499632060184
946,survival_only,-0.004080751562877771,0.005736703932000264
946,de_only,-0.002070597174731459,0.003125091277134587
946,ridge_eligible,0.015908541429212875,-4.850843102287977e-4
946,matched_control,8.876454944219847e-4,-5.879151079589779e-4
947,hydra,0.006766074331520833,-0.006128763606382012
947,survival_only,0.006287721658538403,-0.003764474999495307
947,de_only,0.004275277014780354,-0.0018268006028539729
947,ridge_eligible,0.0305566455518807,-0.013221595731969718
947,matched_control,0.0028495618214772755,-7.645129974858472e-4
948,hydra,-0.0046763053688185004,0.006940290923259674
948,survival_only,-0.012161340823280232,0.010080169766654826
948,de_only,0.004009577309144463,0.0035802560374553817
948,ridge_eligible,0.010428216226171839,0.0028948165159596944
948,matched_control,3.0757896675568384e-4,-2.732160380422122e-4
949,hydra,0.008296805414314278,-0.00459573154116861
949,survival_only,7.627029491180659e-4,9.310254180845967e-4
949,de_only,-9.380369604095496e-4,0.0030050474101255774
949,ridge_eligible,0.02783953431286601,-0.008968767375636007
949,matched_control,0.003070098537714372,-9.18985036735967e-4
950,hydra,0.022205314092261397,-0.009273209752440554
950,survival_only,0.012467941045720332,-0.005380860385097755
950,de_only,0.001160961597647292,8.540218030289426e-4
950,ridge_eligible,0.04004548096980474,-0.014454610890624556
950,matched_control,0.0035102417672605466,-7.368182302525228e-4
951,hydra,0.005966414482044069,-0.004179603980954802
951,survival_only,-0.004773913553457254,0.005276871520885612
951,de_only,-0.0014368658729693395,3.718326512119341e-5
951,ridge_eligible,0.025433503411334636,-0.0049886761511935464
951,matched_control,0.003125916368541448,-5.346427920186192e-4
952,hydra,0.018448929096110733,-0.007064137480039418
952,survival_only,0.016256862290265205,-0.0028603291387608587
952,de_only,-0.0022365267146060353,-4.596926295456938e-4
952,ridge_eligible,0.044409649733240554,-0.01214273641765438
952,matched_control,0.003771360086600173,-8.285796161660363e-4
953,hydra,0.009864999007345655,-4.0830348304209395e-4
953,survival_only,0.012003176493944789,-7.241104852330899e-4
953,de_only,0.0022771490966845497,0.0026120859332229877
953,ridge_eligible,0.03983323406789757,-0.008046898931301675
953,matched_control,0.001284494738931885,-2.3288403780256928e-4
954,hydra,0.007720900019848076,-0.0034664659964265794
954,survival_only,0.0068566067014308564,-0.0011347819599485248
954,de_only,-0.003769329315602399,0.004900179693552534
954,ridge_eligible,0.02939860341747711,-0.008842626125730247
954,matched_control,8.967719817397745e-4,-5.298033977728739e-4
955,hydra,0.0014960388356523024,4.834706221016685e-4
955,survival_only,0.0049825853139155215,0.0013660607342507098
955,de_only,0.007344846877086619,-5.53852157184978e-4
955,ridge_eligible,0.026623716456427193,-0.0070606243363220255
955,matched_control,0.0015736379549924906,-8.459862346068464e-4
956,hydra,0.003165757850293149,0.005557008348119771
956,survival_only,0.0018392847985504667,0.0054451670195788
956,de_only,-0.010256234936154917,0.008287849008749033
956,ridge_eligible,0.028245671014170727,-0.004772895575113631
956,matched_control,0.001945265892890724,-9.883569343180575e-4
957,hydra,-0.0034524410470902376,-9.830684647825576e-4
957,survival_only,-0.007708949304103274,0.002085575486215624
957,de_only,-5.246268118555108e-4,-8.17855390675637e-4
957,ridge_eligible,0.01407658469748323,-0.006145608205254202
957,matched_control,5.75106367635414e-4,-5.243242550628108e-4
958,hydra,2.989482783460895e-4,0.004184815725045097
958,survival_only,-0.006031191470969555,0.006447904593255177
958,de_only,-0.00432754646304565,0.004024448701894781
958,ridge_eligible,0.016213441867166146,-0.0013169369416420162
958,matched_control,5.474715458867796e-4,-3.0062192231972704e-4
959,hydra,0.010769314432802834,-0.001318247592047167
959,survival_only,-0.002059239386578682,0.005933852253550661
959,de_only,-0.004562592901424789,0.005735455168361705
959,ridge_eligible,0.025227495196316563,-0.005547303405228426
959,matched_control,0.0031631802197005345,-6.146719830354364e-4
960,hydra,-0.004264875029667925,0.004555292714606213
960,survival_only,-0.008285103974586028,0.009633319722159523
960,de_only,-0.008933233527467933,0.004827389825214306
960,ridge_eligible,0.02738027860442187,-0.004004156103272355
960,matched_control,0.0022237233673525368,-8.240492243097225e-4
961,hydra,0.003883275655183216,0.001961173357370574
961,survival_only,-0.0014451419925916808,0.0061420839691817665
961,de_only,-0.004472810114254921,0.004455278447787059
961,ridge_eligible,0.021125854303253755,3.3712490461523527e-4
961,matched_control,0.0023894405509277796,-4.759774593317362e-4
962,hydra,0.006694662642245186,0.00033226496859012356
962,survival_only,0.001338557582347566,0.0067519822231993185
962,de_only,-0.0025496334901857986,0.0029427450119838853
962,ridge_eligible,0.021070096173675047,-0.0027940072700615077
962,matched_control,0.0018541084719071676,-5.152807814999633e-4
963,hydra,-0.0033252358822700835,2.829379805840998e-4
963,survival_only,-0.015740740740740743,0.006047534804334079
963,de_only,-0.008905435854105036,0.0029711273008333735
963,ridge_eligible,0.010248556541332198,-0.003725146760200379
963,matched_control,0.001286790592874254,-4.6333338489845666e-4
964,hydra,6.428751234436314e-4,8.798668270162874e-4
964,survival_only,-0.0024165908254748735,0.003773733735050111
964,de_only,-0.016230660496098216,0.004007555342473953
964,ridge_eligible,0.023464942005692924,-0.003458905572367796
964,matched_control,0.0010204674399241,-1.104469947170561e-4
965,hydra,0.01240912689843805,-6.992307427513805e-4
965,survival_only,0.007971640394443235,0.004405515853558287
965,de_only,-0.0030482977038796765,0.004906516454218993
965,ridge_eligible,0.031080400201540338,-5.731326983985985e-4
965,matched_control,0.00536421219319082,-0.0015063299508538935
966,hydra,-0.007881781878270443,0.002752518524879516
966,survival_only,-0.01605962544753512,0.00800167713659837
966,de_only,-0.0044581382539245155,0.0022196793190927544
966,ridge_eligible,0.015717088956210424,-0.003534851224870056
966,matched_control,0.0014975213439823887,-4.320446718182325e-4
967,hydra,-0.0072404853261432865,0.00455430171124154
967,survival_only,-0.014887483148397784,0.00876654437878186
967,de_only,-0.009513636835009876,0.0049209565533906065
967,ridge_eligible,0.015069998962978337,-0.0031840116894853833
967,matched_control,7.342113450171106e-4,-4.136404178552322e-4
968,hydra,0.0023655303030303276,-0.0011926279523648026
968,survival_only,-0.006795454545454538,0.0037889649014898803
968,de_only,-0.0018503787878787815,0.0011360180401633363
968,ridge_eligible,0.014604166666666663,-0.0028041397644656936
968,matched_control,-5.303030303030143e-4,1.4401106396211006e-4
969,hydra,0.005415040193929022,-0.0012231918288176298
969,survival_only,-0.00480009981640912,0.005325986303465022
969,de_only,-0.005737661087642365,0.006491000927087298
969,ridge_eligible,0.02476694650909933,-0.0015545162266492052
969,matched_control,0.001805607543268617,-5.08377603912849e-4
970,hydra,0.01174493644863156,-0.0017059788724154757
970,survival_only,0.010498936341371867,0.001350023338000514
970,de_only,1.4480058635299998e-4,0.002176441908146723
970,ridge_eligible,0.03628237902000394,-0.010210702552287457
970,matched_control,0.002438370367721987,-9.161720701599735e-4
971,hydra,0.012412751898124874,-0.0010619811511471456
971,survival_only,0.004807124258801409,0.004004608247558672
971,de_only,-0.004019429796731033,0.004461576469810882
971,ridge_eligible,0.028295735509703955,-0.001954069591960783
971,matched_control,0.0013565849068989388,-5.844158069239436e-4
972,hydra,0.006677180982084352,-0.004641994017740028
972,survival_only,0.007065265545533506,-0.0024877131814814934
972,de_only,0.007665999184845229,-2.42689668837362e-4
972,ridge_eligible,0.02804664103063923,-0.011587272819682031
972,matched_control,0.0014814552285091654,-9.060689706537727e-4
973,hydra,-0.004292731941498262,0.00439002838243098
973,survival_only,-0.002309180901343455,0.007368127568821323
973,de_only,-0.0017788694131219307,0.0014888347167768073
973,ridge_eligible,0.02318856760075918,-0.003433455559503304
973,matched_control,0.0019165643258531651,-5.99077750658683e-4
974,hydra,0.007456624025878544,0.002591618475391208
974,survival_only,0.00783156888692842,0.006021614063756666
974,de_only,0.0013582561388031378,0.0043440125676969645
974,ridge_eligible,0.036149095721217474,-0.0028270232664006885
974,matched_control,0.001777312159976474,-5.466647977162425e-4
975,hydra,-0.004615989702517165,5.769816247948284e-4
975,survival_only,-0.009482265446224259,0.004315359878386901
975,de_only,-0.001272883295194538,7.990879895889175e-4
975,ridge_eligible,0.016788830091533168,-0.004648933923161377
975,matched_control,2.3777173913042127e-4,3.262019684272865e-4
976,hydra,0.001845300697963459,-8.230171827749239e-4
976,survival_only,-6.654555884883839e-4,9.88088334377829e-4
976,de_only,7.687159384262121e-4,-3.292833165825321e-4
976,ridge_eligible,0.026964336934697374,-0.007861357291306178
976,matched_control,0.0018931064155272791,-7.605373321666747e-4
977,hydra,0.014135867652235123,-0.0026182780475022204
977,survival_only,0.00927666314677933,0.003196228007701085
977,de_only,0.002629355860612448,2.9712085503160455e-4
977,ridge_eligible,0.03075677578317495,-0.00539709346709297
977,matched_control,8.412530799014606e-4,-1.0923973025527556e-4
978,hydra,0.0011626268320180434,7.777667105770437e-4
978,survival_only,-9.899943630214069e-4,0.003628181234095998
978,de_only,-0.014296786922209703,0.006129110405102239
978,ridge_eligible,0.0278660512965051,-0.005828701030960987
978,matched_control,0.002089205186020293,-0.0010004421775802797
979,hydra,0.009194648710906339,-0.005550656176954391
979,survival_only,-0.0018818109329317046,0.002043260482009801
979,de_only,2.498449543722692e-4,0.002013344744602766
979,ridge_eligible,0.0288756977053247,-0.01180696980068682
979,matched_control,0.0025498360946221155,-7.968884847407293e-4
980,hydra,-5.270807431663083e-4,-0.003860174231487298
980,survival_only,-0.0034058871942143744,3.7670988537235326e-4
980,de_only,-0.008109338609977724,0.0028925897676015944
980,ridge_eligible,0.021379165426305014,-0.00844826012298861
980,matched_control,0.002376241091284781,-0.0010510992529114914
981,hydra,-0.0024621212121212046,6.905705324092876e-4
981,survival_only,-0.00867660984848484,0.003939181746869885
981,de_only,-0.010014204545454574,0.0055917791854005585
981,ridge_eligible,0.01835345643939392,-0.0064942638945271495
981,matched_control,0.002110953282828254,-7.961212140276425e-4
982,hydra,0.009961625123222084,-0.006789647198918785
982,survival_only,0.007722503872693987,-0.0042099341006364786
982,de_only,0.0018976200535135823,-3.6773131801970117e-4
982,ridge_eligible,0.025322137727080706,-0.011333165689243724
982,matched_control,0.00321081537811575,-0.0012489797670202861
983,hydra,-0.0034751117275389045,-7.827526676045804e-4
983,survival_only,-0.008144552319309595,0.0014725633071006855
983,de_only,-0.008920866081060231,0.0027502709319257384
983,ridge_eligible,0.017464170134073077,-0.006602381414817371
983,matched_control,0.0013368777931884734,-2.789883318951858e-4
984,hydra,-0.0039393654081536725,0.002518579579258687
984,survival_only,-0.004602203182374564,0.0033074264708048
984,de_only,-0.01075040015064498,0.00613023570701976
984,ridge_eligible,0.024720836079465226,-0.004078356720166795
984,matched_control,0.0031560116749835055,-3.2652511097752137e-4
985,hydra,0.013671059264059881,-0.0016711141846581872
985,survival_only,0.003836321739756554,0.006655995918360452
985,de_only,0.014349751566212977,-0.002536188712950757
985,ridge_eligible,0.03766652264707998,-0.0066050897865900186
985,matched_control,0.003856124432922847,-6.613150507748022e-4
986,hydra,0.005013696777030008,-0.0012828517175747067
986,survival_only,0.003295681287835239,7.904549914227093e-4
986,de_only,0.005529439615813836,0.0015777418023272677
986,ridge_eligible,0.03089384152321689,-0.00739775006067323
986,matched_control,0.0027055362034563157,-5.563052760129417e-4
987,hydra,-0.006529964125384735,0.0034016729760593333
987,survival_only,-0.0037423300856678,0.004288705116041616
987,de_only,-0.009117641293054434,0.00813710049458874
987,ridge_eligible,0.01959773382211678,-0.0024974162020607537
987,matched_control,0.002462214032267529,-8.455793440939885e-4
988,hydra,-0.0015573082732001976,4.5640011044961737e-4
988,survival_only,-0.003297533143144815,0.002815365260026073
988,de_only,-0.003901661352575947,0.0032816384268210983
988,ridge_eligible,0.02057224366504449,-0.003571925224890879
988,matched_control,0.001849303574425265,-4.99976141109712e-4
989,hydra,0.002553956834532356,0.0037462956223548367
989,survival_only,-0.0013763725861416054,0.004560734615110437
989,de_only,-4.070427868231752e-4,0.004760759289738065
989,ridge_eligible,0.03254827716773949,-0.005675414889148983
989,matched_control,0.0017701628171147288,-3.7409839640343e-4
990,hydra,0.003298921945830635,-0.0028015958503937845
990,survival_only,-0.004594110700544751,6.237718836064859e-4
990,de_only,0.002257056874023855,7.551395981377773e-5
990,ridge_eligible,0.021018246923926696,-0.007341519150412298
990,matched_control,0.003108453011313861,-8.667852274938243e-4
991,hydra,0.002902073435716135,0.002073679812577381
991,survival_only,-0.005695503259308366,0.005246813021804142
991,de_only,-0.001614922844621225,0.004828687979041016
991,ridge_eligible,0.015219312783117899,-0.0019146881010909556
991,matched_control,0.0020587043788900194,-9.696154886764507e-4
992,hydra,0.0060972608038257214,-0.0024232183151288835
992,survival_only,-0.0032156545588803986,0.0025646325475476768
992,de_only,0.004244171735996327,0.0038349190440899045
992,ridge_eligible,0.025869404690741605,-0.011376812405876588
992,matched_control,0.0020007735855691045,-0.00079509774470606085
993,hydra,0.014170868517506041,9.542297014836582e-4
993,survival_only,0.003940627341392777,0.004805804871381633
993,de_only,0.007644331045096464,8.804611843196946e-4
993,ridge_eligible,0.033928679910090506,-0.0036596832779906413
993,matched_control,7.148208897798991e-4,-1.8410134506730846e-4
994,hydra,-0.002681450810208208,-0.001510300875749665
994,survival_only,-0.013938766572440975,0.008698356576643038
994,de_only,-0.013369431062626913,0.0033037105774537585
994,ridge_eligible,0.016984512481586167,-0.005160803602058689
994,matched_control,0.0012859816060835304,-0.00071700788731817735
995,hydra,0.022194986436578735,-0.005367352691569937
995,survival_only,0.012038761970127775,-1.241805728069062e-4
995,de_only,0.002650586658822773,0.0016661807101290976
995,ridge_eligible,0.04260548419779716,-0.013773237015743988
995,matched_control,0.0038157335686505255,-0.0014239867600253058
996,hydra,-0.0013052245646196004,-0.0010321437377020764
996,survival_only,3.574702108157801e-4,0.003103472799227738
996,de_only,-0.0017085242896425433,0.0029179398570993802
996,ridge_eligible,0.026410632447296044,-0.004268767238529553
996,matched_control,0.002302474793767184,-9.552532042790745e-4
997,hydra,0.014368914532996746,-0.003357111266474977
997,survival_only,0.0038297872340425586,0.002898744058837521
997,de_only,-1.0097367472051699e-4,0.0018309368630808481
997,ridge_eligible,0.033095924990984515,-0.008744887319131246
997,matched_control,0.0023025604038947045,-8.343670596231339e-4
998,hydra,-0.0027629808489852857,-1.9085440452330237e-4
998,survival_only,-0.009112860118334443,0.0030674916942788704
998,de_only,0.0013068401747368785,0.0015753298873160126
998,ridge_eligible,0.017204578548651706,-0.0033514727093907626
998,matched_control,0.0026339557259506654,-0.00101600323804609
999,hydra,0.0027745729279094688,2.631376169791366e-4
999,survival_only,-6.475864379024033e-4,0.0039175602723529376
999,de_only,0.0031169749525475354,0.0031407921830400283
999,ridge_eligible,0.01969183817782575,-0.0033154318542873012
999,matched_control,-4.4847221705311967e-4,-3.909727427300003e-4
1000,hydra,-2.968768554803547e-4,-0.001205765849863813
1000,survival_only,-0.002179924338812855,-1.7663610943492725e-4
1000,de_only,-0.0056779819159584076,0.004449157871109869
1000,ridge_eligible,0.019872088486267314,-0.008034629466742261
1000,matched_control,0.002112066771845855,-7.509116487596279e-4
