symbol,tcga_gene_id,frozen_high_confidence,repeats_modeled,main_screen_frequency,selection_frequency,median_log_hr,log_hr_ci_low,log_hr_ci_high,full_main_log_hr,full_fit_direction_agreement
PANK1,ENSG00000152782.16,TRUE,100,0.87,0.66,-0.4818563975510445,-0.6429050288010838,-0.35915645820710884,-0.4768214482591282,TRUE
CLCN5,ENSG00000171365.17,TRUE,100,0.65,0.6,-0.44134595685578043,-0.6165583413639797,-0.28536485925661087,-0.4179705520742072,TRUE
ACADM,ENSG00000117054.14,TRUE,100,0.72,0.59,-0.46253685435755054,-0.5847658540988316,-0.2976830016133863,-0.44954477780770535,TRUE
CRYL1,ENSG00000165475.15,TRUE,100,0.78,0.56,-0.47590448077232045,-0.5853950173085699,-0.32617835593535455,-0.4532002843034422,TRUE
TCIRG1,ENSG00000110719.10,TRUE,100,0.6,0.55,0.43293950679692106,0.24813315939841885,0.6264178976523244,0.4294557278534527,TRUE
KNTC1,ENSG00000184445.12,FALSE,100,0.58,0.52,0.4225766591996337,0.2189472748074056,0.5566584344857735,0.39970873826885256,TRUE
LRBA,ENSG00000198589.14,TRUE,100,0.6,0.51,-0.4295633053645266,-0.607785421618305,-0.24348198520901376,-0.4531098301322976,TRUE
GRAMD1A,ENSG00000089351.14,TRUE,100,0.54,0.51,0.41320569229997706,0.2496787258048831,0.5707991043774827,0.43806916847653543,TRUE
HIBCH,ENSG00000198130.16,TRUE,100,0.6,0.5,-0.4220176680259173,-0.5926361376730874,-0.25821581924628967,-0.4145921448859503,TRUE
TEK,ENSG00000120156.22,TRUE,100,0.56,0.49,-0.4135484686462278,-0.5661032357239397,-0.22594752629607043,-0.4058770649337851,TRUE
TMEM140,ENSG00000146859.6,FALSE,100,0.59,0.48,-0.4235984847771762,-0.547810575553189,-0.2502145856358565,-0.40438331187258514,TRUE
EMCN,ENSG00000164035.10,TRUE,100,0.53,0.46,-0.4157002736069455,-0.5511793232415513,-0.2576301007563004,-0.40596911923027346,TRUE
CYFIP2,ENSG00000055163.20,TRUE,100,0.81,0.45,-0.46954474406204416,-0.6189635990264343,-0.35248717840852795,-0.44123008987349144,TRUE
PBLD,ENSG00000108187.16,FALSE,100,0.49,0.45,-0.3989685325910097,-0.5306465229352147,-0.23974048479564553,-0.3931493498855932,TRUE
TNFAIP2,ENSG00000185215.11,TRUE,100,0.48,0.44,0.3953954183961381,0.19350055366758134,0.5890302224806075,0.4305901648197023,TRUE
SLC7A9,ENSG00000021488.13,FALSE,100,0.45,0.44,-0.3946872029527948,-0.5297777562491685,-0.23460877908301575,-0.3979594716001528,TRUE
PODXL,ENSG00000128567.17,TRUE,100,0.54,0.43,-0.4110123830461932,-0.5714754066825535,-0.24545299738118792,-0.40933662500657014,TRUE
CADPS2,ENSG00000081803.16,TRUE,100,0.53,0.42,-0.4076196596486401,-0.5357190441516732,-0.2610021976883854,-0.4246365505457781,TRUE
AJAP1,ENSG00000196581.11,FALSE,100,0.43,0.42,-0.37923188648743245,-0.5738511007436718,-0.17559559400816765,-0.3693908646309971,TRUE
SPATA18,ENSG00000163071.11,FALSE,100,0.48,0.41,-0.401588832554696,-0.5612575716854594,-0.2581061706576762,-0.3847330066661166,TRUE
PLG,ENSG00000122194.19,FALSE,100,0.47,0.41,-0.3823976876996765,-0.6118959837875648,-0.14836084267988797,-0.38072019029688103,TRUE
SLC22A6,ENSG00000197901.12,FALSE,100,0.49,0.4,-0.3999363094569643,-0.6075840405805056,-0.21301919163734984,-0.38691752939972346,TRUE
RDH12,ENSG00000139988.10,FALSE,100,0.46,0.4,-0.3949108296521605,-0.6491183816705803,-0.13396967752194983,-0.37401173861172166,TRUE
RGS17,ENSG00000091844.8,FALSE,100,0.43,0.4,0.3918028949542755,0.2551649664353385,0.5339111522628464,0.3713765166248296,TRUE
ABCD3,ENSG00000117528.14,FALSE,100,0.41,0.4,-0.3901959873362538,-0.5580444071355675,-0.1880188904400641,-0.3818866224905232,TRUE
IFFO1,ENSG00000010295.20,TRUE,100,0.5,0.39,0.4080543626005768,0.2297495413648784,0.5831968502240114,0.4205016741985371,TRUE
TROAP,ENSG00000135451.13,FALSE,100,0.47,0.39,0.3999148006041825,0.2143261557367148,0.5647529518482685,0.40496088785156314,TRUE
SBNO2,ENSG00000064932.16,FALSE,100,0.41,0.39,0.3775675224866307,0.20102247679793128,0.6039823369883794,0.3810801336731861,TRUE
TNIP1,ENSG00000145901.16,FALSE,100,0.54,0.38,-0.40875647584602826,-0.5379033744438522,-0.280168350885142,-0.4000398661892611,TRUE
SLC22A8,ENSG00000149452.16,FALSE,100,0.48,0.38,-0.3925575658825311,-0.6313657310632377,-0.1119778214019686,-0.3624888578325977,TRUE
DBT,ENSG00000137992.14,TRUE,100,0.47,0.38,-0.3842449732243344,-0.5475995796322553,-0.2376706969091258,-0.4166457711143031,TRUE
ACADSB,ENSG00000196177.13,FALSE,100,0.44,0.38,-0.38894580922649,-0.5600123420540516,-0.24195549564386332,-0.39727075965729874,TRUE
CCDC146,ENSG00000135205.15,FALSE,100,0.41,0.38,-0.3788647560907119,-0.5927830967340768,-0.19902141298073805,-0.3722645162005718,TRUE
CDCA7,ENSG00000144354.14,FALSE,100,0.39,0.38,0.3816624369456384,0.2160485201817034,0.5287581584502625,0.3711068995250087,TRUE
FUT6,ENSG00000156413.14,TRUE,100,0.49,0.37,-0.4031905970038549,-0.54940102179907635,-0.2679173867270122,-0.4058860669942024,TRUE
C1QTNF6,ENSG00000133466.14,TRUE,100,0.6,0.36,0.4244510559308836,0.2808778261638287,0.5992705456139718,0.4485051545354674,TRUE
DDC,ENSG00000132437.18,TRUE,100,0.51,0.36,-0.4067003285735781,-0.5485210795439006,-0.2950250687243563,-0.4168067446963606,TRUE
CCNF,ENSG00000162063.13,FALSE,100,0.42,0.36,0.3810691079018279,0.19368304085231555,0.5294963908281742,0.37328992797186467,TRUE
SLC5A12,ENSG00000148942.15,FALSE,100,0.4,0.36,-0.377738913348202,-0.5605939127801833,-0.27187500823244903,-0.38149159730325827,TRUE
ST6GALNAC3,ENSG00000184005.11,FALSE,100,0.42,0.35,-0.3931788203058262,-0.5595914768572445,-0.2338842045246622,-0.3897413260158228,TRUE
HAO2,ENSG00000116882.15,FALSE,100,0.41,0.35,-0.37911793616877715,-0.5711637199798274,-0.22693975723689863,-0.37046685763699094,TRUE
TMEM174,ENSG00000164325.8,FALSE,100,0.38,0.35,-0.3831809562690855,-0.5580045709678202,-0.2047206773884875,-0.3728698989658309,TRUE
FBXO21,ENSG00000135108.15,FALSE,100,0.37,0.35,-0.34602278220196697,-0.5536035849978194,-0.15765476351811672,-0.3552840740228677,TRUE
HHLA2,ENSG00000114455.13,TRUE,100,0.8,0.34,-0.4691913967816133,-0.628786666385067,-0.3196633591034762,-0.46871237804694216,TRUE
PLCL1,ENSG00000115896.16,FALSE,100,0.42,0.34,-0.388775308228789,-0.5079817728568293,-0.20603705920231136,-0.3847581947784514,TRUE
TLR3,ENSG00000164342.13,FALSE,100,0.39,0.34,-0.38277707915741044,-0.5089245885289702,-0.22880826027768786,-0.3807444653180712,TRUE
KL,ENSG00000133116.8,TRUE,100,0.53,0.33,-0.41409817489624434,-0.5502761063238499,-0.2795564897949761,-0.4133638758779611,TRUE
ACAT1,ENSG00000075239.14,TRUE,100,0.45,0.33,-0.3951180103101326,-0.6047725317433592,-0.2377750464729679,-0.4087572707425221,TRUE
SUCLA2,ENSG00000136143.16,FALSE,100,0.44,0.32,-0.3989711158802628,-0.5259660631262467,-0.21394385150280115,-0.3926183976530704,TRUE
USP2,ENSG00000036672.16,FALSE,100,0.36,0.32,-0.3664872179350723,-0.5262081597278275,-0.22996261845762472,-0.3649121414327514,TRUE
IFI30,ENSG00000216490.4,FALSE,100,0.34,0.32,0.37682093376511644,0.16534695650409095,0.5183656594077468,0.3622736344701611,TRUE
AURKB,ENSG00000178999.13,FALSE,100,0.4,0.31,0.38144127447968035,0.19393652362455285,0.5242863523537231,0.3879003039367351,TRUE
CDCA3,ENSG00000111665.12,FALSE,100,0.38,0.31,0.3672658742409849,0.19785330253161493,0.5218916618610574,0.37258616406239864,TRUE
ALS2CL,ENSG00000178038.17,FALSE,100,0.33,0.31,0.3753139014779666,0.24871377135407724,0.5440499460975413,0.36851996161830786,TRUE
IRF9,ENSG00000213928.9,FALSE,100,0.43,0.3,0.3715682345403539,0.18126804137749591,0.5193850546753155,0.3694590907770381,TRUE
CHDH,ENSG00000016391.11,FALSE,100,0.37,0.29,-0.3797217409546151,-0.48733915161506314,-0.2399922312893515,-0.3708847777938236,TRUE
CPEB4,ENSG00000113742.14,FALSE,100,0.36,0.29,-0.3712789819379415,-0.5882556926593385,-0.19417111341029702,-0.3992078117916211,TRUE
HJURP,ENSG00000123485.12,FALSE,100,0.34,0.29,0.3612891734948768,0.15720067790127693,0.5733648942300532,0.3671508237561123,TRUE
FRK,ENSG00000111816.8,FALSE,100,0.31,0.29,-0.3634945494402072,-0.5572600211358438,-0.1887780478415193,-0.3871269937744245,TRUE
SEMA3G,ENSG00000010319.7,FALSE,100,0.31,0.29,-0.3639323868259865,-0.5571783972486025,-0.2030073502624748,-0.3664763555950649,TRUE
COL4A5,ENSG00000188153.14,FALSE,100,0.29,0.29,0.352422230660418,0.11257644632944422,0.5832407013265444,0.33491453591459447,TRUE
TUBB2B,ENSG00000137285.10,FALSE,100,0.29,0.29,0.36709255099439253,0.21906334317636564,0.5191842353844983,0.3719500054306639,TRUE
RBM47,ENSG00000163694.15,FALSE,100,0.58,0.28,-0.41859226447312314,-0.5630406398232355,-0.30578811994006605,-0.4090358003875217,TRUE
AGXT2,ENSG00000113492.14,FALSE,100,0.39,0.28,-0.38873132328871685,-0.5199759921051115,-0.24546672750549792,-0.3752460007656024,TRUE
LYPD6,ENSG00000187123.15,FALSE,100,0.37,0.28,0.37806339882314655,0.2387937022115928,0.5173328961173461,0.38350678057708937,TRUE
KDR,ENSG00000128052.10,FALSE,100,0.32,0.28,-0.3677689194864662,-0.5230685748426412,-0.19729836179424418,-0.3647411036458737,TRUE
SLC13A1,ENSG00000081800.9,FALSE,100,0.32,0.28,-0.36835798960781396,-0.4974114705902822,-0.20000405917781577,-0.35994858927697776,TRUE
SLC16A9,ENSG00000165449.11,FALSE,100,0.3,0.28,-0.3634746702571554,-0.5181918247857602,-0.18083000212974912,-0.34957429072309737,TRUE
SLC25A35,ENSG00000125434.11,FALSE,100,0.28,0.28,0.35618045348016836,0.17276074327495566,0.5184633893372728,0.3615724418393831,TRUE
GLYAT,ENSG00000149124.11,FALSE,100,0.45,0.27,-0.39688034283577667,-0.5055762666236455,-0.2688917868642834,-0.3998039387359661,TRUE
GALM,ENSG00000143891.17,FALSE,100,0.37,0.27,-0.3776062768697294,-0.5539098185277603,-0.18328117169511293,-0.3643470775366195,TRUE
NDC80,ENSG00000080986.13,FALSE,100,0.33,0.27,0.35485360457325466,0.1136510548907585,0.5137032532109458,0.35677789676586946,TRUE
ADH6,ENSG00000172955.17,FALSE,100,0.34,0.26,-0.3604805882096923,-0.5233964459312209,-0.167446503041794,-0.3527848445080135,TRUE
CCNB2,ENSG00000157456.8,FALSE,100,0.28,0.26,0.3561823566844571,0.15495927061549677,0.5184397295574473,0.35276419519946167,TRUE
FKBP11,ENSG00000134285.11,FALSE,100,0.26,0.26,0.3346852509244037,0.1816294605748946,0.519392884703317,0.3337256887309674,TRUE
GJB1,ENSG00000169562.13,FALSE,100,0.59,0.25,-0.4293240077487221,-0.557187279113841,-0.27507377655959386,-0.4224650121316321,TRUE
IQGAP2,ENSG00000145703.16,TRUE,100,0.44,0.25,-0.39598228705546323,-0.5518891030190924,-0.2850079683279071,-0.4156362728911144,TRUE
TSPAN1,ENSG00000117472.10,FALSE,100,0.36,0.25,-0.37226997725022826,-0.5189089103649427,-0.2364944526196654,-0.36637842524510544,TRUE
GYG2,ENSG00000056998.20,FALSE,100,0.27,0.25,0.3303426983487896,0.18458317820427514,0.49829970705672555,0.33538398536051306,TRUE
ABAT,ENSG00000183044.12,FALSE,100,0.26,0.25,-0.3481422323114126,-0.5114489747754815,-0.1776927167225158,-0.3461106104499897,TRUE
LTB4R,ENSG00000213903.9,FALSE,100,0.54,0.24,0.4118253235814765,0.18207681328535466,0.5929653553970513,0.4178160043117369,TRUE
FHOD1,ENSG00000135723.14,TRUE,100,0.43,0.24,0.38931887188202025,0.20488769762987918,0.603586159668217,0.41652762820698513,TRUE
DNASE1L3,ENSG00000163687.14,FALSE,100,0.32,0.24,-0.3492055974049612,-0.5328031604075678,-0.19664429557026603,-0.35589965202399243,TRUE
APOLD1,ENSG00000178878.13,FALSE,100,0.29,0.24,-0.3567880040735599,-0.5440252923589404,-0.20196183209416557,-0.3460921371447669,TRUE
APOM,ENSG00000204444.11,FALSE,100,0.29,0.24,-0.3409868003663473,-0.4930402949209708,-0.1643807429708892,-0.3407615967661606,TRUE
CLIC5,ENSG00000112782.19,FALSE,100,0.29,0.24,-0.360814748069319,-0.5700540646200902,-0.2128918175475022,-0.36404781894918214,TRUE
TACC3,ENSG00000013810.20,FALSE,100,0.28,0.24,0.34734729323485186,0.15894611826277533,0.5019324838505882,0.34909315588941364,TRUE
SLC27A2,ENSG00000140284.11,FALSE,100,0.27,0.24,-0.3622506509818756,-0.521426882202244,-0.2133594396791918,-0.35373499771867817,TRUE
SCD5,ENSG00000145284.12,FALSE,100,0.24,0.24,-0.3343029146397133,-0.5362529170759083,-0.15143261187716217,-0.3281957771562012,TRUE
PAFAH2,ENSG00000158006.14,FALSE,100,0.37,0.23,-0.3793497944808667,-0.5638319810278125,-0.18742759171772805,-0.3924885648477622,TRUE
VWF,ENSG00000110799.14,FALSE,100,0.35,0.23,-0.3811013761824573,-0.530131752078671,-0.22534498496422817,-0.3781885530636176,TRUE
GATM,ENSG00000171766.17,FALSE,100,0.31,0.23,-0.3677515547319557,-0.49766062890064255,-0.1949484941623476,-0.367842814112406,TRUE
FAM151A,ENSG00000162391.12,FALSE,100,0.26,0.23,-0.3254293525713371,-0.5170968562021714,-0.15531805727653197,-0.3029160174954097,TRUE
NTN4,ENSG00000074527.13,FALSE,100,0.26,0.23,-0.3396063783526976,-0.4916022948994543,-0.21510762444996134,-0.3361152052408508,TRUE
SLC17A2,ENSG00000112337.10,FALSE,100,0.25,0.23,-0.3467762554948192,-0.5163791672169327,-0.16676660420835598,-0.3417821210428786,TRUE
HMGCS2,ENSG00000134240.12,FALSE,100,0.23,0.23,-0.341920840250156,-0.5123857386056658,-0.15295790697028377,-0.33631312622947934,TRUE
GK,ENSG00000198814.13,FALSE,100,0.3,0.22,-0.35045268370415195,-0.4925408092148277,-0.20073623771966354,-0.36148929771752897,TRUE
ANK3,ENSG00000151150.22,FALSE,100,0.27,0.22,-0.362820044543594,-0.47560584591444455,-0.24433896372165964,-0.35851703210123453,TRUE
MPP7,ENSG00000150054.18,FALSE,100,0.26,0.22,-0.35313986691056787,-0.5307986859982926,-0.1978144009675381,-0.3956292069639144,TRUE
CSNK1E,ENSG00000213923.13,FALSE,100,0.46,0.21,0.38656952506082237,0.26413940607704384,0.5310648907049517,0.4024417956023563,TRUE
MIAT,ENSG00000225783.8,FALSE,100,0.44,0.21,0.39893202041801334,0.20636174259208487,0.5588993197554237,0.3888211006563305,TRUE
ALDH6A1,ENSG00000119711.13,FALSE,100,0.3,0.21,-0.37265653481117234,-0.5409045624772737,-0.2155504510940507,-0.3703687873076541,TRUE
LRRC19,ENSG00000184434.8,FALSE,100,0.3,0.21,-0.3594934844208886,-0.5262756921353915,-0.16900070327500696,-0.357157516572886,TRUE
MSRA,ENSG00000175806.15,FALSE,100,0.29,0.21,-0.37450044091719503,-0.5517418333891355,-0.1825848774315046,-0.3598799102034151,TRUE
CENPA,ENSG00000115163.15,FALSE,100,0.27,0.21,0.32697379167333995,0.13136964973123427,0.49682650783719384,0.3307202103989548,TRUE
PDGFD,ENSG00000170962.13,FALSE,100,0.25,0.21,-0.3534761880796157,-0.525438780107907,-0.21906437945238155,-0.35314185376163193,TRUE
RALYL,ENSG00000184672.12,FALSE,100,0.22,0.2,0.32535220097278617,0.17783957110620918,0.49301097437551417,0.316628170463058,TRUE
FUT3,ENSG00000171124.13,FALSE,100,0.21,0.2,-0.30653839412859435,-0.5082388856614701,-0.12451739881119878,-0.2986889197018962,TRUE
MDK,ENSG00000110492.15,FALSE,100,0.2,0.2,0.3116861210406334,0.16086888387206838,0.4874696448413871,0.3265325427753445,TRUE
ARHGAP24,ENSG00000138639.18,FALSE,100,0.3,0.19,-0.3610190115088797,-0.49748565763842556,-0.23947729366183473,-0.3610016048297748,TRUE
NNT,ENSG00000112992.18,FALSE,100,0.3,0.19,-0.36077598069055317,-0.532182385595076,-0.11695265796850998,-0.3838129726721288,TRUE
PCCA,ENSG00000175198.17,FALSE,100,0.28,0.19,-0.3668392289734702,-0.5260819443947807,-0.19023587724686816,-0.3659568977592623,TRUE
CDH13,ENSG00000140945.17,FALSE,100,0.27,0.19,-0.356811538067082,-0.4842842415617108,-0.18465797080341306,-0.35672692020978886,TRUE
ATP1A1,ENSG00000163399.16,FALSE,100,0.26,0.19,-0.3429921757756582,-0.535381980380313,-0.1414312653034694,-0.3498430368885582,TRUE
TMEM44,ENSG00000145014.18,FALSE,100,0.25,0.19,0.3321553955722467,0.18619277942277668,0.47249458262938027,0.3459549523225091,TRUE
SNHG1,ENSG00000255717.7,FALSE,100,0.23,0.19,0.3585863858220312,0.1822467707367289,0.5057866603826545,0.34450375317594517,TRUE
WDR72,ENSG00000166415.15,FALSE,100,0.23,0.19,-0.3501774095559892,-0.507705590119714,-0.20848877708703017,-0.33585504657322246,TRUE
PLAUR,ENSG00000011422.12,FALSE,100,0.2,0.19,0.3425905319580378,0.18314979006093873,0.5151403452438164,0.3463767395049653,TRUE
PLVAP,ENSG00000130300.9,FALSE,100,0.2,0.19,-0.34041909060187225,-0.5471968825017387,-0.13079181616199825,-0.3283687500425171,TRUE
SLC22A12,ENSG00000197891.12,FALSE,100,0.2,0.19,-0.3174741147958202,-0.5478478336122741,-0.15053874441888998,-0.3098097084390316,TRUE
SEMA6A,ENSG00000092421.17,FALSE,100,0.19,0.19,-0.3256928819087417,-0.48051239340137186,-0.13472451139203326,-0.34273060128093413,TRUE
TRMT1,ENSG00000104907.12,FALSE,100,0.29,0.18,0.3587114922143389,0.2050995187464886,0.5618662852499267,0.3674323583435786,TRUE
CYP4A11,ENSG00000187048.13,FALSE,100,0.22,0.18,-0.34008004823401083,-0.48595490721474105,-0.18347735222117384,-0.33072917505992094,TRUE
RIT1,ENSG00000143622.11,FALSE,100,0.22,0.18,-0.3393500681771442,-0.514307259302277,-0.1592184233482002,-0.34551552302585226,TRUE
PABPC4L,ENSG00000254535.4,FALSE,100,0.21,0.18,-0.31772033539363354,-0.499146302079738,-0.17355332628656905,-0.336014512629469,TRUE
LIPA,ENSG00000107798.18,FALSE,100,0.19,0.18,-0.3433275557220127,-0.5017692524404129,-0.19804746402037243,-0.33749082474182845,TRUE
XYLB,ENSG00000093217.11,FALSE,100,0.19,0.18,-0.3321566512803189,-0.49181690606362843,-0.17482365337681494,-0.3155761583178161,TRUE
GNRH1,ENSG00000147437.10,FALSE,100,0.37,0.17,0.36792943244176,0.16911768259000393,0.5395146033016096,0.35456319352896065,TRUE
ZNF337,ENSG00000130684.14,FALSE,100,0.37,0.17,0.3729837803374513,0.2063332570657562,0.5302094610843557,0.3616988465114987,TRUE
EIF4A1,ENSG00000161960.16,FALSE,100,0.35,0.17,0.3704931202449325,0.17188253022648858,0.5261025115899509,0.3504434141511603,TRUE
GLYATL1,ENSG00000166840.13,FALSE,100,0.23,0.17,-0.3449334386926962,-0.49234958173286825,-0.18351618824530985,-0.34238239765406653,TRUE
CAT,ENSG00000121691.7,FALSE,100,0.21,0.17,-0.3509161296428991,-0.49816411499087554,-0.21798705164640855,-0.35767468403286234,TRUE
COL6A2,ENSG00000142173.16,FALSE,100,0.2,0.17,0.3286863201712249,0.16304916198032102,0.49472596970659266,0.3310746913892751,TRUE
SCGN,ENSG00000079689.14,FALSE,100,0.19,0.17,-0.33018292477486927,-0.5189355700426191,-0.1879897208029525,-0.3236079030133861,TRUE
KLHL13,ENSG00000003096.14,FALSE,100,0.18,0.17,-0.31431313567990327,-0.5031973923693218,-0.14675011184773679,-0.32834275598209794,TRUE
DHDH,ENSG00000104808.8,FALSE,100,0.17,0.17,-0.325545485610662,-0.5711889806676956,-0.15290553255405598,-0.3257840204378425,TRUE
FLT1,ENSG00000102755.12,FALSE,100,0.17,0.17,-0.32508190193109215,-0.47955009925180647,-0.17765867683554498,-0.32987915951821384,TRUE
RGN,ENSG00000130988.13,FALSE,100,0.17,0.17,-0.3201051620043992,-0.4669883577610836,-0.163095177738942,-0.3132544870266061,TRUE
BTD,ENSG00000169814.16,FALSE,100,0.26,0.16,-0.3561978835111846,-0.5494581672803789,-0.1720386289325877,-0.370512139321234,TRUE
PAQR5,ENSG00000137819.14,FALSE,100,0.26,0.16,-0.3525813353252528,-0.5083891238901124,-0.21429797459863226,-0.34924256381560803,TRUE
CXCL2,ENSG00000081041.9,FALSE,100,0.2,0.16,0.3256049583999933,0.17423481074667851,0.461437421287626,0.3163918739108445,TRUE
IFI44,ENSG00000137965.11,FALSE,100,0.2,0.16,0.31564524095806556,0.12627513807022908,0.5101465624896979,0.3264751427039408,TRUE
KCNAB1,ENSG00000169282.18,FALSE,100,0.2,0.16,-0.32206447674209293,-0.48420059787901626,-0.11749047722786485,-0.3252146383969186,TRUE
PEPD,ENSG00000124299.15,FALSE,100,0.19,0.16,-0.32282968559112873,-0.5205641007691192,-0.1712694123069024,-0.31482314765463104,TRUE
PLIN2,ENSG00000147872.10,FALSE,100,0.17,0.16,-0.3244711116503903,-0.47520587852170293,-0.17493957654640627,-0.3223096952981899,TRUE
PLEKHG2,ENSG00000090924.15,FALSE,100,0.32,0.15,0.34679477132575104,0.19332867311943985,0.5662276441302121,0.38236685469743426,TRUE
RCN3,ENSG00000142552.8,FALSE,100,0.22,0.15,0.3208402434163571,0.1974786355957448,0.48816007405809114,0.33439109415849405,TRUE
PECAM1,ENSG00000261371.6,FALSE,100,0.2,0.15,-0.3461452845528832,-0.5049019785577229,-0.20956941001541354,-0.3464890477836244,TRUE
ATP6V1A,ENSG00000114573.10,FALSE,100,0.19,0.15,-0.29699311364825276,-0.478200342755347,-0.05803982699102614,-0.31654743704381516,TRUE
CEACAM1,ENSG00000079385.23,FALSE,100,0.18,0.15,-0.344145964549893,-0.47600484592468695,-0.17498380704505806,-0.3253562343846217,TRUE
RNF152,ENSG00000176641.11,FALSE,100,0.18,0.15,-0.3163541139944779,-0.471518820916372,-0.1540773842033485,-0.3342258237869236,TRUE
CEP55,ENSG00000138180.16,FALSE,100,0.17,0.15,0.30024949466079387,0.06553709362206953,0.47148482937395075,0.29623581339702554,TRUE
F2RL3,ENSG00000127533.4,FALSE,100,0.17,0.15,-0.3189262976656289,-0.5350566132646146,-0.15381027053435734,-0.31425300545117524,TRUE
SIM2,ENSG00000159263.16,FALSE,100,0.17,0.15,0.3421919949122415,0.19162448828562628,0.4885318608880874,0.32064606921113403,TRUE
MTMR10,ENSG00000166912.17,FALSE,100,0.16,0.15,-0.3068352873298852,-0.5304966728605385,-0.1122224865402378,-0.32964737753698686,TRUE
ARPC1B,ENSG00000130429.15,FALSE,100,0.15,0.15,0.32583761612993706,0.13706127711342564,0.505206875330492,0.2966470055892336,TRUE
IYD,ENSG00000009765.15,FALSE,100,0.15,0.15,-0.3309916936532511,-0.4991228566330686,-0.12046317261481083,-0.3274090879129692,TRUE
HADH,ENSG00000138796.17,FALSE,100,0.38,0.14,-0.3710437208612742,-0.5854958822880656,-0.18614109034887383,-0.3766394262995017,TRUE
CARD9,ENSG00000187796.15,FALSE,100,0.16,0.14,0.3117234934442453,0.10480902765816422,0.513942116016403,0.31597853513622637,TRUE
CHEK2,ENSG00000183765.23,FALSE,100,0.16,0.14,0.314177507751111,0.13118156448046903,0.5156238808387632,0.3308950847556559,TRUE
FANCG,ENSG00000221829.10,FALSE,100,0.16,0.14,0.31330434600335977,0.12270626894411416,0.4978778710386347,0.301383473052078,TRUE
RALGDS,ENSG00000160271.16,FALSE,100,0.16,0.14,0.3473400068803424,0.1497523780997163,0.48031988289700533,0.32384048895566064,TRUE
SCGB1D2,ENSG00000124935.4,FALSE,100,0.16,0.14,-0.31716868381384994,-0.4714946079831749,-0.1055333400085065,-0.3006155836209854,TRUE
CRHBP,ENSG00000145708.11,FALSE,100,0.15,0.14,-0.26250625006828987,-0.5189589606078062,-0.11075310622809598,-0.28536371344147665,TRUE
EVL,ENSG00000196405.13,FALSE,100,0.15,0.14,0.30720683669034077,0.14027994712424233,0.5028189548071518,0.2971058979925774,TRUE
TRNP1,ENSG00000253368.4,FALSE,100,0.15,0.14,0.3233750304328883,0.16995433267828067,0.4893936564403069,0.31395654748653135,TRUE
GLTPD2,ENSG00000182327.8,FALSE,100,0.14,0.14,-0.3164279827166706,-0.4615793853082044,-0.14078595701830338,-0.30709493963192847,TRUE
FBP1,ENSG00000165140.11,FALSE,100,0.34,0.13,-0.3646124924413886,-0.552672662671132,-0.20060898115713222,-0.36468451944747293,TRUE
PPARA,ENSG00000186951.16,FALSE,100,0.19,0.13,-0.31633025748748644,-0.5158405611311174,-0.13954894333989312,-0.3262693590873335,TRUE
TUBB6,ENSG00000176014.13,FALSE,100,0.18,0.13,0.3073078337594717,0.16158238023155114,0.53379688943198,0.33175908409878463,TRUE
UBE2C,ENSG00000175063.17,FALSE,100,0.18,0.13,0.3352144181270416,0.16981795045280734,0.449156950527004,0.3290371023417984,TRUE
ALDOB,ENSG00000136872.20,FALSE,100,0.17,0.13,-0.30155284482387945,-0.49156244168661023,-0.1205431687494265,-0.29379694740671,TRUE
P2RY8,ENSG00000182162.11,FALSE,100,0.16,0.13,-0.3397430821131186,-0.5221859800661146,-0.19185212091597753,-0.33886062851286414,TRUE
CAPS,ENSG00000105519.18,FALSE,100,0.15,0.13,0.3223866729990484,0.2026330533794951,0.4768878451404778,0.3197016532744025,TRUE
SLC25A30,ENSG00000174032.17,FALSE,100,0.15,0.13,-0.28518803907467516,-0.4764466367323581,-0.09358301570494498,-0.2891856274751353,TRUE
ARHGAP4,ENSG00000089820.16,FALSE,100,0.14,0.13,0.31379793575696635,0.176624689948652,0.5182163091416598,0.31913013924100525,TRUE
FLRT3,ENSG00000125848.10,FALSE,100,0.13,0.13,-0.327168900452972,-0.44327230922071326,-0.19208077319560235,-0.31979314528316966,TRUE
TLN2,ENSG00000171914.16,FALSE,100,0.37,0.12,-0.3735927696260239,-0.5359406210263,-0.25546730071314333,-0.36512055773287855,TRUE
HIBADH,ENSG00000106049.9,FALSE,100,0.17,0.12,-0.3183131067010377,-0.46827144734325377,-0.17904559269123774,-0.32458486427384164,TRUE
HPGD,ENSG00000164120.14,FALSE,100,0.17,0.12,-0.327436120048334,-0.5024138980008207,-0.1775548917348514,-0.33853048233050637,TRUE
TTK,ENSG00000112742.10,FALSE,100,0.17,0.12,0.2875199416101771,0.11256237442945163,0.4607054042236878,0.2860882915411704,TRUE
CGN,ENSG00000143375.15,FALSE,100,0.16,0.12,-0.3161863520908271,-0.5001914755522469,-0.18863741094988618,-0.322926954918415,TRUE
KIF20A,ENSG00000112984.12,FALSE,100,0.16,0.12,0.2971709172340303,0.10301259843059624,0.4646076794059517,0.2969573652018036,TRUE
CDKL2,ENSG00000138769.11,FALSE,100,0.14,0.12,-0.3256357841611044,-0.46962196088365216,-0.1477925432232144,-0.3122765751568038,TRUE
RAB15,ENSG00000139998.16,FALSE,100,0.14,0.12,0.3100837169836159,0.17074025491836162,0.4560904692361697,0.30647586504704205,TRUE
CTSH,ENSG00000103811.18,FALSE,100,0.13,0.12,-0.3083590329683066,-0.5145479572633864,-0.14221620580984345,-0.29425067671061345,TRUE
FECH,ENSG00000066926.12,FALSE,100,0.13,0.12,-0.3126767893831214,-0.47315839289278916,-0.13155087430613555,-0.3145410591103236,TRUE
TRIB3,ENSG00000101255.11,FALSE,100,0.13,0.12,0.30902907684736647,0.18272294196127054,0.45998130490902034,0.3169780692236362,TRUE
ABCB1,ENSG00000085563.15,FALSE,100,0.12,0.12,-0.3223451072903446,-0.4787644417974534,-0.17072688545614462,-0.31836558442334484,TRUE
SLC34A1,ENSG00000131183.11,FALSE,100,0.12,0.12,-0.2691524467553619,-0.45742996873284714,-0.057490607468538985,-0.23755565859220487,TRUE
HAVCR2,ENSG00000135077.9,FALSE,100,0.19,0.11,-0.3131455799766749,-0.47849604764462506,-0.14892497177115158,-0.31969841869631277,TRUE
RIMKLA,ENSG00000177181.15,FALSE,100,0.16,0.11,-0.3368198112530513,-0.4554564904827612,-0.16609014011888062,-0.3231822936658089,TRUE
AGMAT,ENSG00000116771.6,FALSE,100,0.15,0.11,-0.33357699993337925,-0.48513130323834047,-0.19745717244242172,-0.3218881080384228,TRUE
ADAM19,ENSG00000135074.16,FALSE,100,0.13,0.11,0.2555243553929303,0.09309334057315463,0.48076541129027345,0.2522866219302762,TRUE
GDPD5,ENSG00000158555.15,FALSE,100,0.13,0.11,0.31359550548786197,0.14813177769032365,0.4735866531318941,0.3207330564165944,TRUE
IL10RB,ENSG00000243646.10,FALSE,100,0.13,0.11,0.3043962741107247,0.1520962628825539,0.46706677613680536,0.2968752165891297,TRUE
CDKN3,ENSG00000100526.20,FALSE,100,0.12,0.11,0.2983150574077339,0.12265446899893145,0.45194132567026557,0.30035466697317426,TRUE
CTXN3,ENSG00000205279.8,FALSE,100,0.12,0.11,-0.2731587284929001,-0.4726628362791153,-0.1418689669276842,-0.27526155398980195,TRUE
HK3,ENSG00000160883.11,FALSE,100,0.11,0.11,0.2687904923965416,0.039812029966234626,0.44982514597347256,0.2714255816091237,TRUE
PSAT1,ENSG00000135069.14,FALSE,100,0.11,0.11,0.270301877407633,0.16501263677953926,0.4737593740291951,0.28787728807012036,TRUE
RBCK1,ENSG00000125826.21,FALSE,100,0.11,0.11,0.2805672791174536,0.15600930167452984,0.46164276425926,0.29345228792254857,TRUE
SLC41A2,ENSG00000136052.9,FALSE,100,0.11,0.11,-0.30397616957271995,-0.4790524586953848,-0.1070837264927938,-0.30484354993375923,TRUE
KCNJ15,ENSG00000157551.19,FALSE,100,0.19,0.1,-0.32486506222760714,-0.47184582822328053,-0.16768129499241358,-0.31658874318683483,TRUE
TDO2,ENSG00000151790.9,FALSE,100,0.18,0.1,0.314072447840521,0.1928946392209233,0.46369378399967753,0.32071315676183115,TRUE
CENPF,ENSG00000117724.13,FALSE,100,0.14,0.1,0.280000078742821,0.05542441446243772,0.47916155372316693,0.28008989355148095,TRUE
TNFRSF25,ENSG00000215788.11,FALSE,100,0.14,0.1,0.3210707961804994,0.1596524291077544,0.47356065087396704,0.31588839012026076,TRUE
CLEC14A,ENSG00000176435.7,FALSE,100,0.12,0.1,-0.3201030174030696,-0.4880744585097297,-0.123595897380091,-0.31223307291625463,TRUE
GLOD5,ENSG00000171433.12,FALSE,100,0.12,0.1,-0.27807176139098433,-0.43613196073312743,-0.11190079404790748,-0.27640081927503096,TRUE
NAPSA,ENSG00000131400.8,FALSE,100,0.12,0.1,-0.31708842171538143,-0.4585843699047707,-0.16083491418211224,-0.3042639075155216,TRUE
POLQ,ENSG00000051341.14,FALSE,100,0.12,0.1,0.2862248638218997,0.06415703370146848,0.4556168126615793,0.26662212540341634,TRUE
TGFBR3,ENSG00000069702.11,FALSE,100,0.12,0.1,-0.2899406919824543,-0.457889656469064,-0.14272877581344082,-0.2970266507842922,TRUE
TRIP13,ENSG00000071539.14,FALSE,100,0.12,0.1,0.2845152972045066,0.10283426506405845,0.4607861076975876,0.30138106409696436,TRUE
NAPEPLD,ENSG00000161048.11,FALSE,100,0.11,0.1,-0.29356589268272937,-0.5016873277246288,-0.09727625574997172,-0.2980488769356092,TRUE
CPNE6,ENSG00000100884.9,FALSE,100,0.1,0.1,-0.20785409725706683,-0.49293097413760933,0.01687707992992743,-0.24370370997877697,TRUE
GM2A,ENSG00000196743.9,FALSE,100,0.1,0.1,-0.2277682840633966,-0.4906693543345074,-0.009709492369044462,-0.24092346112848104,TRUE
IL4R,ENSG00000077238.14,FALSE,100,0.1,0.1,0.252784366109801,0.06303476732589165,0.4637669112029159,0.284309853680822,TRUE
NDUFS1,ENSG00000023228.14,FALSE,100,0.23,0.09,-0.3239059361609747,-0.49347031802763097,-0.13815934240398642,-0.3347958275200434,TRUE
SHMT1,ENSG00000176974.20,FALSE,100,0.17,0.09,-0.3427233517364448,-0.46987384001757854,-0.19387575472640642,-0.34016441900235134,TRUE
ASNS,ENSG00000070669.17,FALSE,100,0.15,0.09,0.3266087133691631,0.13646003107350327,0.4608280072148778,0.3030691262682836,TRUE
COL4A4,ENSG00000081052.13,FALSE,100,0.15,0.09,-0.34330848838186856,-0.4665902188403971,-0.1690101886015993,-0.34924656422382916,TRUE
HLA-E,ENSG00000204592.9,FALSE,100,0.13,0.09,-0.30632458723429257,-0.466991507024064,-0.15286599442455423,-0.3086537018736956,TRUE
KIF4A,ENSG00000090889.12,FALSE,100,0.13,0.09,0.30794185785247563,0.11571534026271835,0.4662264144025702,0.3041533358782674,TRUE
MYL3,ENSG00000160808.11,FALSE,100,0.13,0.09,-0.3067355284184323,-0.4853275870430829,-0.1369326503027291,-0.2817161806652188,TRUE
SEMA5A,ENSG00000112902.12,FALSE,100,0.13,0.09,-0.3056091548396316,-0.514220671020329,-0.1533462061360191,-0.30968196138776866,TRUE
AFM,ENSG00000079557.5,FALSE,100,0.12,0.09,-0.27284221169689327,-0.4800091028610368,-0.1402225949494602,-0.290303452395595,TRUE
FDX1,ENSG00000137714.3,FALSE,100,0.11,0.09,-0.290693089581928,-0.48125765103635343,-0.15766883498387074,-0.3012186348267928,TRUE
CCNE2,ENSG00000175305.17,FALSE,100,0.1,0.09,0.28884438815464497,0.08397593623225777,0.43705837273019343,0.2580054702602814,TRUE
NPDC1,ENSG00000107281.10,FALSE,100,0.1,0.09,0.2763727918363914,0.09045317044397214,0.4818372777879296,0.30230001106725907,TRUE
SNHG12,ENSG00000197989.14,FALSE,100,0.1,0.09,0.29058968132738683,0.10680488264155896,0.4562340830092955,0.28203151600022114,TRUE
DTX2,ENSG00000091073.19,FALSE,100,0.09,0.09,0.250280998552833,0.1288506132303372,0.44626346977578396,0.2744713322541133,TRUE
PROS1,ENSG00000184500.16,FALSE,100,0.09,0.09,-0.31553411109082274,-0.41413143730688196,-0.1540267770833595,-0.3088110316962358,TRUE
SNORD89,ENSG00000212283.1,FALSE,100,0.09,0.09,0.31528787434806915,0.19503644445431462,0.48922547575115305,0.24058331344115033,TRUE
FER1L4,ENSG00000088340.17,FALSE,100,0.18,0.08,0.31198591110004237,0.09134101319733796,0.473470180736833,0.311366752195464,TRUE
PTP4A3,ENSG00000184489.12,FALSE,100,0.18,0.08,0.31365113613516105,0.11539721655106747,0.47498416747869027,0.29399714944482447,TRUE
CLDN10,ENSG00000134873.10,FALSE,100,0.17,0.08,-0.3259899101050903,-0.4835888542289015,-0.20379575520307525,-0.3398279568914687,TRUE
CDC20,ENSG00000117399.14,FALSE,100,0.14,0.08,0.3089506273331836,0.11692265582099483,0.4700440165827525,0.3140932184255122,TRUE
SLC25A4,ENSG00000151729.11,FALSE,100,0.13,0.08,-0.29913612405465584,-0.5127697838884914,-0.08185006409147005,-0.29784039023545394,TRUE
XAF1,ENSG00000132530.17,FALSE,100,0.13,0.08,0.296704084924002,0.11421334011792769,0.46593091931773534,0.29019727912537646,TRUE
BNIP3,ENSG00000176171.11,FALSE,100,0.11,0.08,-0.31248024073336056,-0.46117769350101556,-0.0742746365956611,-0.286525101193527,TRUE
CYS1,ENSG00000205795.4,FALSE,100,0.11,0.08,-0.3157234648550281,-0.4771951244006778,-0.20060807997950042,-0.3162731331841597,TRUE
FMO4,ENSG00000076258.10,FALSE,100,0.11,0.08,-0.29114273724300316,-0.44253323677010536,-0.1104869309169268,-0.28556293755042694,TRUE
CA4,ENSG00000167434.10,FALSE,100,0.1,0.08,-0.25218822952887904,-0.47731361868463684,-0.0874679856199933,-0.2484570199510412,TRUE
DYNLL2,ENSG00000264364.3,FALSE,100,0.1,0.08,-0.2871275507949676,-0.4606854003491859,-0.12039942829721458,-0.2764420279963242,TRUE
EDN1,ENSG00000078401.7,FALSE,100,0.1,0.08,-0.2757474459919476,-0.439572185960284,-0.13808241701720586,-0.28974598677260816,TRUE
ZHX3,ENSG00000174306.21,FALSE,100,0.1,0.08,-0.2829711546978609,-0.4610161840390453,-0.1316340184149559,-0.2733649776924571,TRUE
ATP1B1,ENSG00000143153.13,FALSE,100,0.09,0.08,-0.29020698661627065,-0.4511750413930331,-0.10798025240317077,-0.28191515658511596,TRUE
CYP8B1,ENSG00000180432.6,FALSE,100,0.09,0.08,-0.28428409150781697,-0.47833195786471605,-0.11377728216531505,-0.27802672312405635,TRUE
EHBP1L1,ENSG00000173442.13,FALSE,100,0.09,0.08,0.21832048285898248,0.03010770849287852,0.4398705117072125,0.23412281177957148,TRUE
ENPP2,ENSG00000136960.13,FALSE,100,0.09,0.08,-0.29134650947747964,-0.4251282456521851,-0.13016645627113632,-0.28689659474087603,TRUE
ESRRG,ENSG00000196482.18,FALSE,100,0.09,0.08,-0.28862700284950193,-0.44706087298906494,-0.13776680395288948,-0.2919601426141142,TRUE
FGFBP2,ENSG00000137441.8,FALSE,100,0.09,0.08,-0.2746035131567641,-0.4567821142732973,-0.0979707016109409,-0.2676476332741729,TRUE
GBGT1,ENSG00000148288.13,FALSE,100,0.09,0.08,0.27095807593424337,0.08264495146031421,0.4842471937749677,0.2691640563687846,TRUE
PCK1,ENSG00000124253.11,FALSE,100,0.09,0.08,-0.2743139654382789,-0.4538516340107873,-0.0893837141343865,-0.2598691913245819,TRUE
ZNF395,ENSG00000186918.14,FALSE,100,0.09,0.08,-0.22667501010585245,-0.44590946886732935,-0.028649075113596455,-0.23027637816861812,TRUE
CDH5,ENSG00000179776.19,FALSE,100,0.08,0.08,-0.30730103959252514,-0.46210350058406713,-0.10226829538235084,-0.29615639989564796,TRUE
MS4A14,ENSG00000166928.11,FALSE,100,0.08,0.08,0.3004889877622377,0.0895463223718688,0.44786217119331917,0.2976510508747247,TRUE
PRC1,ENSG00000198901.14,FALSE,100,0.08,0.08,0.25900371766558283,0.1296568794545536,0.4464427714901602,0.24945566665252317,TRUE
SLC11A1,ENSG00000018280.17,FALSE,100,0.08,0.08,0.2646451364618664,0.06961945461489569,0.4456331268538373,0.2668872173515497,TRUE
DAO,ENSG00000110887.8,FALSE,100,0.17,0.07,-0.32204496559636164,-0.4849986172394742,-0.13135408627863285,-0.3066660320028341,TRUE
ANXA4,ENSG00000196975.16,FALSE,100,0.11,0.07,-0.3080172135019792,-0.4444239593734009,-0.12453406806474107,-0.30749112813676954,TRUE
COBL,ENSG00000106078.19,FALSE,100,0.1,0.07,-0.3028249518230501,-0.4533190657656509,-0.12361360617240555,-0.30793852030880214,TRUE
CCNA2,ENSG00000145386.11,FALSE,100,0.09,0.07,0.27249603600040595,0.08858830649257857,0.4482627446142984,0.2666464340886822,TRUE
CDKL1,ENSG00000100490.9,FALSE,100,0.09,0.07,-0.2895669131846652,-0.4513437606905899,-0.1239437724558001,-0.2857804647961607,TRUE
GABRE,ENSG00000102287.19,FALSE,100,0.09,0.07,0.2729069876338116,0.0989440244082725,0.4354070349312935,0.2697389969743117,TRUE
ENPP3,ENSG00000154269.15,FALSE,100,0.08,0.07,-0.30544426597023405,-0.4266579151518102,-0.17659126526705177,-0.3148466936532271,TRUE
EZH2,ENSG00000106462.11,FALSE,100,0.08,0.07,0.2896405311351839,0.07627469941506565,0.43050475530537413,0.2701116186057222,TRUE
NRM,ENSG00000137404.14,FALSE,100,0.08,0.07,0.3045101263448888,0.1194136118858026,0.4715914974082539,0.33931579289303176,TRUE
SLC17A1,ENSG00000124568.12,FALSE,100,0.08,0.07,-0.2805019807267992,-0.4611450758045564,-0.09566725170645783,-0.262771774696512,TRUE
TRIM55,ENSG00000147573.17,FALSE,100,0.08,0.07,-0.3020363959350424,-0.44237995952924947,-0.13200316799800973,-0.2998415294942381,TRUE
ESM1,ENSG00000164283.13,FALSE,100,0.07,0.07,-0.2691771261795223,-0.4578104198050761,-0.07671018899874738,-0.26649227738900827,TRUE
PRKD1,ENSG00000184304.16,FALSE,100,0.07,0.07,-0.29298399121101215,-0.4482062241277954,-0.13938802443411336,-0.2900833952905999,TRUE
SFXN2,ENSG00000156398.13,FALSE,100,0.07,0.07,-0.25556215339472266,-0.42673210812779205,-0.09439713920889087,-0.2515650025464578,TRUE
SLC44A4,ENSG00000204385.13,FALSE,100,0.07,0.07,-0.25419540796004136,-0.4286762352992409,-0.07759626292251606,-0.24705296550332664,TRUE
SPC24,ENSG00000161888.11,FALSE,100,0.07,0.07,0.25381212546726145,0.08637845340782438,0.4415239256717906,0.2770687359426162,TRUE
SUSD4,ENSG00000143502.15,FALSE,100,0.07,0.07,0.28046892235757415,0.13749061030577042,0.434591074093715,0.2707953218168843,TRUE
TMCC1,ENSG00000172765.17,FALSE,100,0.07,0.07,-0.28156734604352734,-0.4463065583168302,-0.07207298223454224,-0.2670572790274608,TRUE
ETNK2,ENSG00000143845.15,FALSE,100,0.19,0.06,-0.3315292740874012,-0.48192957920506746,-0.19148495743217164,-0.3227265821481617,TRUE
CTDSPL,ENSG00000144677.15,FALSE,100,0.16,0.06,-0.2827447690696302,-0.5030419046539161,-0.08768582634733646,-0.30734442916218985,TRUE
EPHX2,ENSG00000120915.14,FALSE,100,0.13,0.06,-0.3191122077735796,-0.469654936472131,-0.1532060096940435,-0.30321700504120547,TRUE
ANGPTL3,ENSG00000132855.5,FALSE,100,0.12,0.06,-0.273089481407258,-0.49535151676686373,-0.08232938974502974,-0.273605292581918,TRUE
C1orf210,ENSG00000253313.6,FALSE,100,0.1,0.06,-0.3200489566877638,-0.46709370913277787,-0.16416066669328294,-0.31357875094878507,TRUE
LDHD,ENSG00000166816.15,FALSE,100,0.1,0.06,-0.24853661965449403,-0.4376945688146616,-0.08070419318348894,-0.25664264564035877,TRUE
TPX2,ENSG00000088325.16,FALSE,100,0.1,0.06,0.3004114392000502,0.08191781586282593,0.4760921091173672,0.297749251422181,TRUE
DPYSL3,ENSG00000113657.13,FALSE,100,0.09,0.06,0.27802281972815096,0.1092062103131896,0.4470958979056373,0.25543420277206147,TRUE
DNASE1,ENSG00000213918.10,FALSE,100,0.08,0.06,0.280633483547414,0.15126822398566056,0.5012285353166743,0.2736584548439463,TRUE
PTTG1,ENSG00000164611.13,FALSE,100,0.08,0.06,0.2770489301161546,0.12726355856039318,0.42394962410200165,0.28537087667256517,TRUE
B4GALNT1,ENSG00000135454.14,FALSE,100,0.07,0.06,0.25497291299179425,0.06925845664399363,0.4401214450018318,0.2456890567679655,TRUE
MYO9B,ENSG00000099331.13,FALSE,100,0.07,0.06,0.21364721293634337,0.040715192870569863,0.4318737146363181,0.2095541750685216,TRUE
SCO2,ENSG00000284194.3,FALSE,100,0.07,0.06,0.2812375491743829,0.13314893120871657,0.42017387394983724,0.278948389017626,TRUE
SCOC,ENSG00000153130.17,FALSE,100,0.07,0.06,-0.24762946885809478,-0.44740985534827604,-0.06496821218871267,-0.2666985221961011,TRUE
CHODL,ENSG00000154645.14,FALSE,100,0.06,0.06,-0.2354282963848865,-0.4473029344425671,-0.03691309780411775,-0.25141560060607737,TRUE
KCNH3,ENSG00000135519.8,FALSE,100,0.06,0.06,0.30246176837167577,0.15690110682984942,0.42149999693713514,0.2952129194299484,TRUE
SIX4,ENSG00000100625.9,FALSE,100,0.06,0.06,0.28585349822561923,0.17060227571599326,0.43642050829503864,0.28780931381873553,TRUE
SPOCK2,ENSG00000107742.13,FALSE,100,0.06,0.06,-0.2634992428714713,-0.447299544803401,-0.11055791078201976,-0.26880602783130386,TRUE
SPTBN2,ENSG00000173898.14,FALSE,100,0.06,0.06,0.2626206871713323,0.1565745699868875,0.4515801353573461,0.25890194293438434,TRUE
TEX11,ENSG00000120498.14,FALSE,100,0.06,0.06,-0.26765815906457313,-0.434582594054484,-0.03193207645051349,-0.24685586900955475,TRUE
TRIM6,ENSG00000121236.21,FALSE,100,0.06,0.06,-0.2853018342919782,-0.4391087873261703,-0.1369791388213952,-0.27732413277909457,TRUE
GOT1,ENSG00000120053.12,FALSE,100,0.16,0.05,-0.306082239836259,-0.47912165981107446,-0.15086579140035694,-0.31655757876781343,TRUE
COL5A1,ENSG00000130635.16,FALSE,100,0.08,0.05,0.28645603978676515,0.15471776523124614,0.45243524416024505,0.27933803492971376,TRUE
LRRK2,ENSG00000188906.16,FALSE,100,0.08,0.05,-0.3333203086661387,-0.4520454501987601,-0.19314774425976555,-0.3266662037056079,TRUE
NTNG1,ENSG00000162631.19,FALSE,100,0.08,0.05,0.3015375819490019,0.16453685008409516,0.4434277451892715,0.2896880809099082,TRUE
PKHD1,ENSG00000170927.15,FALSE,100,0.08,0.05,-0.312312498257855,-0.4387322245566308,-0.1843158623652744,-0.3170364349089055,TRUE
ACSM3,ENSG00000005187.12,FALSE,100,0.07,0.05,-0.29049726815337296,-0.4276373252950628,-0.12783797074848066,-0.2898771682499886,TRUE
ARHGEF3,ENSG00000163947.12,FALSE,100,0.07,0.05,-0.25277476400296334,-0.42392187396374753,-0.0912973315655135,-0.2654285618268369,TRUE
ARL4D,ENSG00000175906.5,FALSE,100,0.07,0.05,0.2841331976355142,0.12049420131742888,0.4410882366748814,0.28440525025401653,TRUE
CDCA8,ENSG00000134690.11,FALSE,100,0.07,0.05,0.27121942588482584,0.10382473210332549,0.440712973175982,0.2814239784884696,TRUE
CDS1,ENSG00000163624.6,FALSE,100,0.07,0.05,-0.26240623631412946,-0.4312764136984077,-0.10180380613844905,-0.2887810035117972,TRUE
KIF13B,ENSG00000197892.13,FALSE,100,0.07,0.05,-0.261497148864105,-0.46556134749913186,-0.06990155978662779,-0.3008748245960213,TRUE
SLC43A3,ENSG00000134802.18,FALSE,100,0.07,0.05,0.2834720185188899,0.1395077620148821,0.4349538699105616,0.3059460607943544,TRUE
APLNR,ENSG00000134817.11,FALSE,100,0.06,0.05,-0.2806678956834592,-0.43310766434499726,-0.047480803323649234,-0.25762100944638505,TRUE
BPHL,ENSG00000137274.13,FALSE,100,0.06,0.05,-0.26598483475226486,-0.42811424019060773,-0.10755043233409692,-0.25686653806796134,TRUE
CYP3A4,ENSG00000160868.15,FALSE,100,0.06,0.05,-0.254473292161065,-0.4411885827961246,-0.021522498181580463,-0.2794829957317512,TRUE
DIRAS2,ENSG00000165023.7,FALSE,100,0.06,0.05,-0.26910502958779686,-0.41638529675164027,-0.15413067413797116,-0.29161124708618774,TRUE
ENAM,ENSG00000132464.13,FALSE,100,0.06,0.05,-0.2691232577520253,-0.41764227657058817,-0.09411332492060982,-0.25628885174684557,TRUE
FATE1,ENSG00000147378.11,FALSE,100,0.06,0.05,-0.2327758349438247,-0.4584264595005381,-0.0227954041862787,-0.23460544442944245,TRUE
NCAPG,ENSG00000109805.10,FALSE,100,0.06,0.05,0.24402826745255282,0.028182798198795257,0.43705610525818667,0.23204274302002545,TRUE
PRR11,ENSG00000068489.13,FALSE,100,0.06,0.05,0.2529918473066569,0.042233502503203235,0.43192255131127577,0.2644190832524865,TRUE
SNX33,ENSG00000173548.9,FALSE,100,0.06,0.05,-0.273212855138086,-0.4252116626294364,-0.10195732483726343,-0.2686881542726874,TRUE
TLL1,ENSG00000038295.8,FALSE,100,0.06,0.05,-0.28311161196590795,-0.44863748680886306,-0.159391031165537,-0.29158239595176155,TRUE
COL1A1,ENSG00000108821.14,FALSE,100,0.05,0.05,0.24378019893905495,0.11945336660486505,0.44232894221627517,0.2504357791052072,TRUE
EPN3,ENSG00000049283.18,FALSE,100,0.05,0.05,0.2970438510701917,0.17657329511250774,0.42256716503499797,0.3064130171171998,TRUE
ILDR1,ENSG00000145103.15,FALSE,100,0.05,0.05,-0.2482701837216601,-0.4477118356760857,-0.07412687405405899,-0.2575401241155102,TRUE
LILRB3,ENSG00000204577.11,FALSE,100,0.05,0.05,0.2573008023997087,0.04502012753223346,0.4204237832607477,0.24359182555629155,TRUE
SLPI,ENSG00000124107.5,FALSE,100,0.05,0.05,0.3005472685859948,0.147757134350897,0.43732788874493733,0.2811023290233946,TRUE
SPHK2,ENSG00000063176.16,FALSE,100,0.05,0.05,0.20167975167438573,0.03250879255300087,0.4537004857129573,0.21587148932380676,TRUE
ZNF83,ENSG00000167766.18,FALSE,100,0.11,0.04,0.2828914248207779,0.11165532319838967,0.46127336316593415,0.2654175676167522,TRUE
FAM107A,ENSG00000168309.18,FALSE,100,0.1,0.04,-0.29493792759252496,-0.44503952204144087,-0.14666878127059316,-0.2857204535393901,TRUE
AUH,ENSG00000148090.12,FALSE,100,0.09,0.04,-0.2649073030271639,-0.4742247191989221,-0.13999084163770006,-0.3040955839264326,TRUE
AKR7A3,ENSG00000162482.5,FALSE,100,0.07,0.04,-0.2713862418687926,-0.43487369030565626,-0.12488198941330798,-0.26853100281108355,TRUE
EVC,ENSG00000072840.13,FALSE,100,0.07,0.04,-0.24443136063294485,-0.43010044603256914,-0.07562505879054926,-0.23503605163014343,TRUE
SLC22A13,ENSG00000172940.13,FALSE,100,0.07,0.04,-0.24940409041904474,-0.4849178781021314,-0.03145182290947343,-0.2355578319053548,TRUE
UGT8,ENSG00000174607.11,FALSE,100,0.07,0.04,-0.25098277041123973,-0.4484347238394132,-0.055716236673936645,-0.27442112386958767,TRUE
ANKRD36B,ENSG00000196912.12,FALSE,100,0.06,0.04,0.2674601990874513,0.07737230287294511,0.4301095351450244,0.24285215823962208,TRUE
AOX1,ENSG00000138356.14,FALSE,100,0.06,0.04,-0.28345714391901555,-0.454600040370566,-0.1537815157589453,-0.2991601155014666,TRUE
BUB1,ENSG00000169679.15,FALSE,100,0.06,0.04,0.21008177475468928,0.0646124116937965,0.42789162563043526,0.2249576775175042,TRUE
CRLF3,ENSG00000176390.12,FALSE,100,0.06,0.04,0.259599728487395,0.040554645374384204,0.43863262027731664,0.24112110872010137,TRUE
FKBP10,ENSG00000141756.19,FALSE,100,0.06,0.04,0.23842662862360967,0.07013948472600659,0.4268331909831392,0.2662057802154484,TRUE
GNG7,ENSG00000176533.13,FALSE,100,0.06,0.04,-0.26663622812770305,-0.42320019363551103,-0.0569560565526842,-0.2731158784883851,TRUE
HAPLN3,ENSG00000140511.12,FALSE,100,0.06,0.04,0.27479294532129905,0.0856916550818066,0.4438182037648165,0.2725603470167485,TRUE
PTGER3,ENSG00000050628.20,FALSE,100,0.06,0.04,-0.2678844392430262,-0.4391279316954947,-0.12092707002308062,-0.27550043946989666,TRUE
TFAP2A,ENSG00000137203.15,FALSE,100,0.06,0.04,0.3042219713230868,0.1566178538935565,0.4202981133587471,0.29948294204080467,TRUE
ANLN,ENSG00000011426.11,FALSE,100,0.05,0.04,0.24024662251806553,0.055206009915701626,0.427334737794548,0.2404560923929083,TRUE
CHN2,ENSG00000106069.23,FALSE,100,0.05,0.04,0.23936017723881103,0.05050466517102451,0.40938543337550537,0.21529887613532123,TRUE
FHL1,ENSG00000022267.19,FALSE,100,0.05,0.04,-0.24174379203557744,-0.4166784182447397,-0.041987686923460624,-0.2453838880764432,TRUE
KLHL8,ENSG00000145332.14,FALSE,100,0.05,0.04,-0.27368988763297164,-0.41932757637297935,-0.11845530539859346,-0.283665427355789,TRUE
MELK,ENSG00000165304.8,FALSE,100,0.05,0.04,0.23453864741780958,0.026114218856520217,0.4430811270558813,0.24171686010610172,TRUE
PRDX4,ENSG00000123131.13,FALSE,100,0.05,0.04,-0.20994555267651094,-0.45523555172609076,-0.030013168911443164,-0.18402876351879133,TRUE
TLCD1,ENSG00000160606.11,FALSE,100,0.05,0.04,0.2361923995569087,0.08139915090208108,0.42255651839527364,0.2448291309377921,TRUE
ABCA4,ENSG00000198691.13,FALSE,100,0.04,0.04,0.2816115543420886,0.15631360425475604,0.4098808025321036,0.2685678676908308,TRUE
ALDH1L1,ENSG00000144908.14,FALSE,100,0.04,0.04,-0.29637603812622365,-0.41810874119127867,-0.1556378252275334,-0.29165578743316345,TRUE
AQP3,ENSG00000165272.16,FALSE,100,0.04,0.04,-0.2368556351778188,-0.4247056730242087,-0.06399496175617393,-0.24069584042377432,TRUE
BID,ENSG00000015475.19,FALSE,100,0.04,0.04,0.2288960179476922,0.06835298179231084,0.40705231947210746,0.23859471917629704,TRUE
C1R,ENSG00000159403.18,FALSE,100,0.04,0.04,0.23033960054097585,0.07075054723875174,0.42266380729635095,0.24847542364824732,TRUE
C1S,ENSG00000182326.15,FALSE,100,0.04,0.04,0.21413244094837225,6.043077110581205e-4,0.4135470370046366,0.2206024081917616,TRUE
COBLL1,ENSG00000082438.17,FALSE,100,0.04,0.04,-0.22520148817166963,-0.4071030871855371,-0.0046064732349390385,-0.2488048003635901,TRUE
GRB10,ENSG00000106070.20,FALSE,100,0.04,0.04,-0.26912788043904723,-0.41692485231931964,-0.08024215740715514,-0.27013499800564006,TRUE
HAMP,ENSG00000105697.9,FALSE,100,0.04,0.04,0.24365835965617472,0.08285866307740003,0.4230990419166507,0.23242430803212627,TRUE
HECW2,ENSG00000138411.13,FALSE,100,0.04,0.04,-0.2648701341252214,-0.4097984842671595,-0.07961457431594982,-0.25274739628952875,TRUE
HLA-DPA1,ENSG00000231389.7,FALSE,100,0.04,0.04,-0.23650718069389656,-0.4081315187806331,-0.04682766064040833,-0.24311429684036176,TRUE
IGF2BP2,ENSG00000073792.16,FALSE,100,0.04,0.04,0.27020569409389705,0.13368662906846807,0.4116877885222794,0.26188405256886105,TRUE
L1CAM,ENSG00000198910.14,FALSE,100,0.04,0.04,0.30081705936362746,0.16467463761767875,0.4113024351929261,0.2930243359063054,TRUE
LDHA,ENSG00000134333.14,FALSE,100,0.04,0.04,-0.2648594385950531,-0.4252107205467856,-0.12210478773337259,-0.2512767948525676,TRUE
LPA,ENSG00000198670.12,FALSE,100,0.04,0.04,-0.22992538660262543,-0.4504423643991261,-0.04112464708925001,-0.2466677894124971,TRUE
MYOZ1,ENSG00000177791.12,FALSE,100,0.04,0.04,-0.22470232623169534,-0.415478907167398,-0.06939438070606371,-0.2293333525154263,TRUE
PCK2,ENSG00000100889.12,FALSE,100,0.04,0.04,-0.23039774410573283,-0.4351863932388387,-0.10125343392822267,-0.23591008518414755,TRUE
PLAU,ENSG00000122861.16,FALSE,100,0.04,0.04,0.24992369347744642,0.10991938383713257,0.4144183728036125,0.24518982881392504,TRUE
PPP1R1A,ENSG00000135447.17,FALSE,100,0.04,0.04,0.21275139852423253,0.0812658901724781,0.42064878557788565,0.2228861988776736,TRUE
PRR16,ENSG00000184838.15,FALSE,100,0.04,0.04,0.18617068691216515,0.025272279571854253,0.40634228772328773,0.1911010664981864,TRUE
PTH1R,ENSG00000160801.14,FALSE,100,0.04,0.04,-0.2143055321929304,-0.42066676608511,-0.04141242248516937,-0.20000074663152267,TRUE
RGS5,ENSG00000143248.13,FALSE,100,0.04,0.04,-0.23351050446130125,-0.42730112311595847,-0.013038955810475275,-0.22837157968730784,TRUE
SERPINH1,ENSG00000149257.16,FALSE,100,0.04,0.04,0.2385359265571665,0.07167552960666657,0.4537219609557316,0.25748445450694796,TRUE
SLC4A11,ENSG00000088836.14,FALSE,100,0.04,0.04,0.31369838467773126,0.13261361581455297,0.41085030302906367,0.3049465992672418,TRUE
SMPDL3A,ENSG00000172594.13,FALSE,100,0.04,0.04,-0.27397114510952597,-0.41802625287907097,-0.09137064238437603,-0.2803311804472105,TRUE
SORCS1,ENSG00000108018.15,FALSE,100,0.04,0.04,-0.2379790584654603,-0.4293705715610347,-0.0602243358254351,-0.224906638582914,TRUE
SPRY1,ENSG00000164056.11,FALSE,100,0.04,0.04,-0.22582803885466768,-0.43066388036791897,0.005924425651334043,-0.22967061601762032,TRUE
TGFA,ENSG00000163235.16,FALSE,100,0.04,0.04,-0.27729025492893833,-0.40982024798462857,-0.1362810751250614,-0.2889692114472098,TRUE
TIMP1,ENSG00000102265.12,FALSE,100,0.04,0.04,0.25565926896187685,0.10161063425510017,0.4361952490670456,0.28198312699439027,TRUE
TWIST1,ENSG00000122691.13,FALSE,100,0.04,0.04,0.26625736458301186,0.13828869665450677,0.44688259602679536,0.2541647851293568,TRUE
PHYH,ENSG00000107537.14,FALSE,100,0.11,0.03,-0.28563141505852396,-0.47792286842739207,-0.08532559954266447,-0.2808553085815177,TRUE
PPARGC1A,ENSG00000109819.9,FALSE,100,0.1,0.03,-0.31658350401538493,-0.4471467953507231,-0.09541698572667982,-0.3256664406094219,TRUE
SUCLG2,ENSG00000172340.15,FALSE,100,0.09,0.03,-0.2902882707286414,-0.4853185321546327,-0.0841272937559396,-0.2816232148395937,TRUE
HMGCR,ENSG00000113161.16,FALSE,100,0.08,0.03,-0.2867162160715069,-0.4240332641232053,-0.13644195854005087,-0.3121568450831166,TRUE
CDH16,ENSG00000166589.13,FALSE,100,0.06,0.03,-0.29455837259624035,-0.4404004921129756,-0.16309615077104433,-0.2888951162903181,TRUE
CXCL5,ENSG00000163735.7,FALSE,100,0.06,0.03,0.25856266082851276,0.07934090036430622,0.46709221705077464,0.2540416433891717,TRUE
VWCE,ENSG00000167992.13,FALSE,100,0.06,0.03,-0.24253142268178102,-0.4365803878527429,-0.07734290154030497,-0.24367787023742843,TRUE
ACLY,ENSG00000131473.17,FALSE,100,0.05,0.03,-0.2618014984400676,-0.42277645877804876,-0.09838786751201654,-0.2661489658631828,TRUE
ARHGEF10,ENSG00000104728.16,FALSE,100,0.05,0.03,0.27319355886360336,0.11011739471883444,0.44086516451354285,0.2582019915703211,TRUE
ASPM,ENSG00000066279.18,FALSE,100,0.05,0.03,0.23824369249822974,0.036651362041724506,0.41995417145665165,0.22534800276321296,TRUE
C3orf70,ENSG00000187068.3,FALSE,100,0.05,0.03,-0.2685527474628517,-0.4297467050144739,-0.0638558621533952,-0.2674069321991099,TRUE
CMTM3,ENSG00000140931.20,FALSE,100,0.05,0.03,0.2671801109180637,0.10753543837114814,0.41530909194710647,0.2815354642962663,TRUE
CRYM,ENSG00000103316.12,FALSE,100,0.05,0.03,-0.2864982657468914,-0.42043771202733776,-0.14644334436944959,-0.27719777085912595,TRUE
CAMK2A,ENSG00000070808.16,FALSE,100,0.04,0.03,0.3008301062472564,0.18001252295982023,0.41026006819338745,0.29604520409125834,TRUE
CHST9,ENSG00000154080.14,FALSE,100,0.04,0.03,-0.2611314526972446,-0.43229180299699077,-0.10955187514946266,-0.2617840671309859,TRUE
FREM2,ENSG00000150893.11,FALSE,100,0.04,0.03,-0.2665618437753473,-0.42921983055490753,-0.1172421989841666,-0.27130618328281264,TRUE
FXYD5,ENSG00000089327.15,FALSE,100,0.04,0.03,0.24364100316992168,0.11019411304581456,0.42862991872674916,0.26216005546585286,TRUE
MARVELD3,ENSG00000140832.10,FALSE,100,0.04,0.03,-0.2655586288607238,-0.4181369345505629,-0.10374083240787489,-0.2673945328847634,TRUE
MYO3A,ENSG00000095777.17,FALSE,100,0.04,0.03,-0.2427759698794765,-0.4234974447820362,-0.06084286299241867,-0.2422164047394216,TRUE
PRODH2,ENSG00000250799.11,FALSE,100,0.04,0.03,-0.2592708696725323,-0.41958487530671773,-0.11623377422812392,-0.263309665110783,TRUE
RAD51AP1,ENSG00000111247.15,FALSE,100,0.04,0.03,0.22057356999068714,-0.02173573808151366,0.40907026929802326,0.21111556119986427,TRUE
RASD2,ENSG00000100302.7,FALSE,100,0.04,0.03,0.20696436358610554,-0.015188874852473283,0.42550179556711565,0.1992985171845584,TRUE
RRM2,ENSG00000171848.16,FALSE,100,0.04,0.03,0.2189942435424486,0.05791033282522252,0.4210722580203312,0.231307509076244,TRUE
STAB1,ENSG00000010327.10,FALSE,100,0.04,0.03,0.21447239210093305,0.05694734287425441,0.4136657000516135,0.20780838973484425,TRUE
TBX15,ENSG00000092607.15,FALSE,100,0.04,0.03,0.25551295669822977,0.0554267332380957,0.41357428821960535,0.23182154910819464,TRUE
TNFRSF10B,ENSG00000120889.13,FALSE,100,0.04,0.03,0.22645340616435106,0.06497998497361965,0.416351708401426,0.22381360590408103,TRUE
UHRF1,ENSG00000276043.5,FALSE,100,0.04,0.03,0.2451878311323737,0.05046444799955546,0.41170141346522604,0.24156270729671103,TRUE
ARRDC2,ENSG00000105643.10,FALSE,100,0.03,0.03,-0.18763899980357263,-0.40223434000394553,-0.026229247523427278,-0.19707783082576627,TRUE
BARX2,ENSG00000043039.7,FALSE,100,0.03,0.03,-0.24445027044528353,-0.4325182124611338,-0.06916748121035228,-0.24967953954219488,TRUE
BEST1,ENSG00000167995.17,FALSE,100,0.03,0.03,0.26220005729654816,0.10911848960820936,0.40537669279026456,0.27336451150676727,TRUE
BTG2,ENSG00000159388.6,FALSE,100,0.03,0.03,-0.23385036412658122,-0.395146464214307,-0.07668904242330687,-0.23623775481286297,TRUE
CENPE,ENSG00000138778.13,FALSE,100,0.03,0.03,0.2525125481375874,0.04643182164752259,0.4194209479567819,0.2307238032846453,TRUE
CLEC1A,ENSG00000150048.10,FALSE,100,0.03,0.03,-0.20982674556921088,-0.4001535375282417,-0.0038599483367891202,-0.2016665261445272,TRUE
COL23A1,ENSG00000050767.17,FALSE,100,0.03,0.03,-0.2615067147591161,-0.41206801589050834,-0.09738695349218675,-0.2829376368192203,TRUE
COL9A2,ENSG00000049089.15,FALSE,100,0.03,0.03,0.2828786693145374,0.12440740173693653,0.4355991837159464,0.27553150177158386,TRUE
CROT,ENSG00000005469.12,FALSE,100,0.03,0.03,-0.2237411483328897,-0.4061884294973751,-0.05689319728697688,-0.24361263381977413,TRUE
ENO2,ENSG00000111674.9,FALSE,100,0.03,0.03,0.23670681610933544,0.024886573322540934,0.3985920353886849,0.27973633595384756,TRUE
ETS1,ENSG00000134954.14,FALSE,100,0.03,0.03,-0.28908645034584796,-0.4020814064493431,-0.1265134376558836,-0.2831361332971143,TRUE
FREM1,ENSG00000164946.20,FALSE,100,0.03,0.03,-0.2049124306435638,-0.4072607867753625,-0.024197794759897265,-0.21773221193202813,TRUE
FSCN1,ENSG00000075618.18,FALSE,100,0.03,0.03,0.1957123280376198,0.04633358390228781,0.3879108924598599,0.2127146108509583,TRUE
HOXB5,ENSG00000120075.5,FALSE,100,0.03,0.03,0.29005341792977046,0.09742986046674885,0.40857116731544224,0.2698632566193202,TRUE
NCF4,ENSG00000100365.16,FALSE,100,0.03,0.03,0.24378305997326805,0.07281811301813285,0.41489586599368466,0.2503549830237727,TRUE
PC,ENSG00000173599.15,FALSE,100,0.03,0.03,-0.20660178575692717,-0.41386992788576504,-0.03993980478316084,-0.19950352521309683,TRUE
PCDH17,ENSG00000118946.12,FALSE,100,0.03,0.03,-0.2631378997067551,-0.4016469379462848,-0.052695580788151106,-0.2530711941913591,TRUE
PIPOX,ENSG00000179761.12,FALSE,100,0.03,0.03,-0.21940827695171972,-0.4158073282877077,-0.04902894697550438,-0.2166712472901366,TRUE
PROM2,ENSG00000155066.16,FALSE,100,0.03,0.03,0.24730951313572483,0.13909582610158325,0.4050365364278215,0.2395738814065816,TRUE
PROX1,ENSG00000117707.16,FALSE,100,0.03,0.03,0.2701141312197459,0.13348279725854462,0.40552340522048896,0.2584429509137811,TRUE
RAB33A,ENSG00000134594.5,FALSE,100,0.03,0.03,-0.24580112484579042,-0.4083570283890443,-0.10484575275631582,-0.21849213665131392,TRUE
SEL1L3,ENSG00000091490.11,FALSE,100,0.03,0.03,-0.29787697475445707,-0.4054332785353602,-0.16056213179752574,-0.29821032825840527,TRUE
SEMA3F,ENSG00000001617.12,FALSE,100,0.03,0.03,-0.17892341409962043,-0.3750838940043587,0.024106640663703015,-0.17229679106316767,TRUE
SLC22A7,ENSG00000137204.15,FALSE,100,0.03,0.03,-0.24502817501851057,-0.40527278004351197,-0.05327718926006808,-0.22586025289060815,TRUE
SYNJ2BP,ENSG00000213463.5,FALSE,100,0.03,0.03,-0.2218352356171151,-0.40025425609385085,-0.04456719146116307,-0.2442677865014179,TRUE
UCHL1,ENSG00000154277.13,FALSE,100,0.03,0.03,0.256566437360378,0.10371370525421461,0.404227940590765,0.2514646961383173,TRUE
GRAMD1B,ENSG00000023171.18,FALSE,100,0.11,0.02,0.249130081003195,0.017393418093718853,0.47307234809307586,0.22858870635564832,TRUE
PEBP1,ENSG00000089220.5,FALSE,100,0.08,0.02,-0.266772937508301,-0.4420871373737892,-0.09761336844882222,-0.26563860319226573,TRUE
ASGR1,ENSG00000141505.12,FALSE,100,0.07,0.02,0.25787809616192303,0.11526574835106307,0.4470937905504484,0.28473277785538786,TRUE
COL5A3,ENSG00000080573.7,FALSE,100,0.07,0.02,0.27259443248254434,0.11546978329970783,0.4532368853034718,0.27278003404746076,TRUE
BHMT,ENSG00000145692.15,FALSE,100,0.06,0.02,-0.280847875006795,-0.4513276026494191,-0.12616134501242854,-0.28572908631080846,TRUE
CEL,ENSG00000170835.16,FALSE,100,0.06,0.02,0.29234410230356567,0.20496227101704248,0.44858383411116687,0.29949126354602223,TRUE
ARHGAP22,ENSG00000128805.15,FALSE,100,0.05,0.02,0.28358480228233207,0.10163439615569167,0.41438783873991436,0.28813043335670946,TRUE
CKAP2L,ENSG00000169607.13,FALSE,100,0.05,0.02,0.22394219141289434,0.03266081385375248,0.4222210411397577,0.22839836566159857,TRUE
FZD1,ENSG00000157240.4,FALSE,100,0.05,0.02,-0.2987732149271596,-0.430683401348924,-0.1642208077989683,-0.29725899592795124,TRUE
HLA-DQB2,ENSG00000232629.9,FALSE,100,0.05,0.02,-0.2859127467270164,-0.4273017233873574,-0.13018179566271215,-0.29287070312298746,TRUE
IGDCC4,ENSG00000103742.12,FALSE,100,0.05,0.02,0.2617997263446682,0.10188365973247701,0.41003452464562107,0.26236121814847296,TRUE
ANKDD1A,ENSG00000166839.17,FALSE,100,0.04,0.02,0.28843198405538373,0.13526403746329507,0.42142547207867687,0.27387873338077134,TRUE
CLCNKA,ENSG00000186510.12,FALSE,100,0.04,0.02,0.24042586087781828,0.09489703067381994,0.42266402299293093,0.250553726553305,TRUE
IGF2BP3,ENSG00000136231.14,FALSE,100,0.04,0.02,0.25337665896323425,0.09779315378371772,0.40954414261148386,0.2456335347161692,TRUE
KCNJ16,ENSG00000153822.14,FALSE,100,0.04,0.02,-0.2889069344978267,-0.4111120767277514,-0.1703300967261706,-0.304586777188335,TRUE
RNASEH2A,ENSG00000104889.7,FALSE,100,0.04,0.02,0.22128941477630856,0.12475165755914877,0.4145404704451099,0.21164344547495736,TRUE
SLC6A3,ENSG00000142319.18,FALSE,100,0.04,0.02,-0.2149506312879182,-0.4095091054786172,-0.019376552234354555,-0.22338379765790412,TRUE
TOP2A,ENSG00000131747.15,FALSE,100,0.04,0.02,0.19167120501629234,-0.03526971607911136,0.40971150011439506,0.187942513600711,TRUE
UQCRFS1,ENSG00000169021.6,FALSE,100,0.04,0.02,-0.20493029015816955,-0.4189029152588365,-0.010286247379917592,-0.20937610001875112,TRUE
APOL6,ENSG00000221963.6,FALSE,100,0.03,0.02,-0.24506027266922503,-0.41289562876240093,-0.07717220030731936,-0.258305686884208,TRUE
C14orf132,ENSG00000227051.7,FALSE,100,0.03,0.02,0.24174658991004933,0.056923483949681976,0.3927297907412636,0.20547858682336984,TRUE
CNGA1,ENSG00000198515.16,FALSE,100,0.03,0.02,-0.19308909129186821,-0.3788137130215484,0.0030047472790749505,-0.19407194006030673,TRUE
GIMAP4,ENSG00000133574.10,FALSE,100,0.03,0.02,-0.24377629819833052,-0.3979291261518801,-0.0935391799452693,-0.24087387677224437,TRUE
HDC,ENSG00000140287.11,FALSE,100,0.03,0.02,0.22523250165910436,0.027306006776094238,0.40040083712118546,0.19983624508030115,TRUE
MAMDC2,ENSG00000165072.10,FALSE,100,0.03,0.02,0.24805739931736204,0.09588697135509491,0.3950086902807853,0.21249384588713213,TRUE
NDRG2,ENSG00000165795.23,FALSE,100,0.03,0.02,-0.1999480331300226,-0.4018787470795965,0.023751639085150787,-0.2164028668724714,TRUE
NPNT,ENSG00000168743.13,FALSE,100,0.03,0.02,-0.23383083106078337,-0.40442871097198646,-0.10724032686096403,-0.26044747464053186,TRUE
NR3C2,ENSG00000151623.15,FALSE,100,0.03,0.02,-0.2564753924898222,-0.4079138926892917,-0.06886610879871403,-0.28618026362946863,TRUE
PCSK6,ENSG00000140479.18,FALSE,100,0.03,0.02,-0.20970672154501585,-0.40123897363906047,0.037986391780139614,-0.20071475410524012,TRUE
SCN4B,ENSG00000177098.9,FALSE,100,0.03,0.02,-0.2602915146710846,-0.40657114320972565,-0.06016602550935835,-0.24050637810839232,TRUE
TMEM200A,ENSG00000164484.12,FALSE,100,0.03,0.02,-0.28065121941771365,-0.4051373160221277,-0.15927775377169429,-0.2907477760957143,TRUE
TRPM3,ENSG00000083067.23,FALSE,100,0.03,0.02,-0.263903181672447,-0.420173963040759,-0.09084197827486301,-0.26577599128247137,TRUE
ZMYND12,ENSG00000066185.13,FALSE,100,0.03,0.02,-0.20882835379620848,-0.4096974165293418,-0.04348807643253736,-0.20142373001949165,TRUE
ZNRF3,ENSG00000183579.16,FALSE,100,0.03,0.02,-0.2361945367714946,-0.4016528025893096,-0.08093334431671007,-0.2341228243390807,TRUE
ABLIM1,ENSG00000099204.20,FALSE,100,0.02,0.02,-0.22965190193420323,-0.38614209457031445,-0.079762748269363,-0.25362160336609374,TRUE
ACAA1,ENSG00000060971.19,FALSE,100,0.02,0.02,-0.22140384456779316,-0.3664799274549553,-0.06491572360469854,-0.21810605938871253,TRUE
AGXT,ENSG00000172482.5,FALSE,100,0.02,0.02,-0.24796778201313183,-0.40485456674280373,-0.06846286634882923,-0.2596215452985639,TRUE
ANGPT2,ENSG00000091879.14,FALSE,100,0.02,0.02,-0.18128770583586634,-0.36112809958998315,0.009835903075434806,-0.18232605328510057,TRUE
ANGPTL4,ENSG00000167772.12,FALSE,100,0.02,0.02,-0.23175314901121224,-0.3944383894691288,-0.06821147501129118,-0.24044037397475176,TRUE
BCAT1,ENSG00000060982.15,FALSE,100,0.02,0.02,0.21403302532351226,0.007694515427592043,0.38881207309822596,0.2011221803143529,TRUE
C2,ENSG00000166278.15,FALSE,100,0.02,0.02,0.18827761529383363,0.030967649612935376,0.3783649302006543,0.20156011013403996,TRUE
CASP4,ENSG00000196954.14,FALSE,100,0.02,0.02,0.2069129908188202,0.024112920797914605,0.36349155068726313,0.19532601016523943,TRUE
CCND1,ENSG00000110092.4,FALSE,100,0.02,0.02,-0.21765449337914894,-0.3653281357589453,-0.03353693233652858,-0.21953373497443857,TRUE
CD200,ENSG00000091972.18,FALSE,100,0.02,0.02,-0.21387828040705037,-0.37480386071424987,-0.002914248582547576,-0.2130898056547469,TRUE
CD36,ENSG00000135218.19,FALSE,100,0.02,0.02,-0.23336806820127132,-0.39357912743629464,-0.07566335301517639,-0.2251187534978887,TRUE
CENPK,ENSG00000123219.13,FALSE,100,0.02,0.02,0.20543104335305495,-0.048854882324727074,0.39053821308570114,0.19205215224034872,TRUE
CYP2J2,ENSG00000134716.11,FALSE,100,0.02,0.02,-0.1937203725158358,-0.3934664402371435,-0.06872101104550091,-0.20998170977056413,TRUE
DIAPH2,ENSG00000147202.18,FALSE,100,0.02,0.02,-0.252946916884071,-0.37199321819847164,-0.1287605541133259,-0.2570401120636405,TRUE
DLX5,ENSG00000105880.7,FALSE,100,0.02,0.02,0.19395330541104217,0.013041295079940618,0.4022022195950927,0.20863674549200223,TRUE
EAF2,ENSG00000145088.9,FALSE,100,0.02,0.02,-0.20994428029543688,-0.3928250902480541,-0.00980980195280196,-0.20293818788685963,TRUE
EGFR,ENSG00000146648.19,FALSE,100,0.02,0.02,-0.1981851693885861,-0.39310742385794273,4.910518453419823e-4,-0.18836649397929137,TRUE
EGLN3,ENSG00000129521.15,FALSE,100,0.02,0.02,-0.2344674250604672,-0.3931306979266264,-0.051901399395871656,-0.23903609649356816,TRUE
GABRD,ENSG00000187730.9,FALSE,100,0.02,0.02,-0.18164234469450247,-0.39080853166679425,0.048999669209258495,-0.16698284120359316,TRUE
GAL3ST1,ENSG00000128242.13,FALSE,100,0.02,0.02,-0.24558445943326981,-0.3880039220144895,-0.05844124788545242,-0.2367111058009505,TRUE
GFOD1,ENSG00000145990.11,FALSE,100,0.02,0.02,-0.22229845707323875,-0.39248381939786986,-0.07514593942488726,-0.22864348556082467,TRUE
GJA4,ENSG00000187513.9,FALSE,100,0.02,0.02,-0.21980487231377036,-0.3968452196571223,-0.03026271006177967,-0.2016299443243088,TRUE
GPR34,ENSG00000171659.15,FALSE,100,0.02,0.02,-0.24658646420251346,-0.38609007614307145,-0.08516306136088009,-0.2502961815403501,TRUE
HMOX1,ENSG00000100292.18,FALSE,100,0.02,0.02,-0.23827593656840065,-0.3841368710865321,-0.0878752017093986,-0.23671293150461512,TRUE
IDI1,ENSG00000067064.11,FALSE,100,0.02,0.02,-0.22251401803960047,-0.37422939514531617,-0.06788504780944805,-0.2422362948879408,TRUE
JAG2,ENSG00000184916.9,FALSE,100,0.02,0.02,-0.16441664150385116,-0.36533911740282227,0.05729258754896123,-0.150946620402853,TRUE
JUP,ENSG00000173801.17,FALSE,100,0.02,0.02,-0.24351440862491447,-0.3896441384743104,-0.060777803905931335,-0.234563237871895,TRUE
LCN2,ENSG00000148346.12,FALSE,100,0.02,0.02,0.2465013497353813,0.10681168928475593,0.38473845871837004,0.23827072794881593,TRUE
LGSN,ENSG00000146166.17,FALSE,100,0.02,0.02,-0.17089855439317758,-0.3500088957148375,0.0036954082320738496,-0.18111435448440405,TRUE
LYZ,ENSG00000090382.7,FALSE,100,0.02,0.02,-0.2431991514963395,-0.39377961934791683,-0.09679555557640568,-0.24869126315228932,TRUE
MAPRE2,ENSG00000166974.13,FALSE,100,0.02,0.02,-0.23229626550882837,-0.3813263466703519,-0.06703667723519957,-0.22807064417686496,TRUE
MPPED2,ENSG00000066382.16,FALSE,100,0.02,0.02,-0.1337525750752407,-0.3724658097947914,0.09846137993345244,-0.16312350958757943,TRUE
MYCN,ENSG00000134323.12,FALSE,100,0.02,0.02,-0.23724301910028447,-0.401288662572164,-0.06906267198111235,-0.2430221022147956,TRUE
PBK,ENSG00000168078.10,FALSE,100,0.02,0.02,0.1891091305489058,-0.01986175984146536,0.3716477979718933,0.18529278617778755,TRUE
PCDH12,ENSG00000113555.6,FALSE,100,0.02,0.02,-0.24566498452564786,-0.38686731350194303,-0.025374454022607632,-0.2285832817742595,TRUE
PDGFRL,ENSG00000104213.13,FALSE,100,0.02,0.02,0.2463333882299552,0.10449525205161272,0.36257102670755553,0.23751497243484848,TRUE
PELI2,ENSG00000139946.10,FALSE,100,0.02,0.02,-0.19349277397132392,-0.3615979435161904,-0.04787704496829749,-0.20895208893048456,TRUE
PLXNC1,ENSG00000136040.9,FALSE,100,0.02,0.02,-0.1666217845851662,-0.3667043764973371,0.03850291520823312,-0.18325489393212588,TRUE
PTPN4,ENSG00000088179.9,FALSE,100,0.02,0.02,-0.19183396342638304,-0.38660541564585543,-0.004817992693761992,-0.23208160840997533,TRUE
PVRIG,ENSG00000213413.2,FALSE,100,0.02,0.02,0.1766751964515134,-0.02476320204842425,0.34583449192933224,0.1580774136722175,TRUE
SCG5,ENSG00000166922.8,FALSE,100,0.02,0.02,0.24518095845849736,0.08603687163795412,0.38323401693556947,0.25859686009490424,TRUE
SIGLEC8,ENSG00000105366.15,FALSE,100,0.02,0.02,-0.19164230914924146,-0.3677154391431778,0.003055700764814058,-0.18957150080290208,TRUE
SIPA1,ENSG00000213445.10,FALSE,100,0.02,0.02,0.23164708897912437,0.02679296306107841,0.37340284874832697,0.2410329972424984,TRUE
TNFRSF11B,ENSG00000164761.9,FALSE,100,0.02,0.02,-0.22909142013187356,-0.3896645556060908,-0.06640275704663641,-0.23506792879051747,TRUE
ZNF320,ENSG00000182986.14,FALSE,100,0.02,0.02,-0.2231132103785261,-0.37538692498540116,-0.0862319407591848,-0.22526242126555016,TRUE
PRG2,ENSG00000186652.10,FALSE,100,0.07,0.01,0.3004005593769784,0.16196865516677703,0.45827021079107155,0.29659139969585774,TRUE
HYAL1,ENSG00000114378.17,FALSE,100,0.05,0.01,-0.2898779208838629,-0.42469117465081374,-0.10250827423789215,-0.2871371291305551,TRUE
PDCD6,ENSG00000249915.8,FALSE,100,0.05,0.01,0.2853305703319676,0.12892707180775922,0.42060228323847515,0.2713702718371352,TRUE
PLXDC1,ENSG00000161381.14,FALSE,100,0.05,0.01,0.23516997009056323,0.09421539587427563,0.4356893073912258,0.2332365159776667,TRUE
SERPINA5,ENSG00000188488.14,FALSE,100,0.05,0.01,0.26664413202194126,0.1260618751811278,0.4608250150717788,0.26505781208060464,TRUE
BSPRY,ENSG00000119411.11,FALSE,100,0.04,0.01,-0.2658849841879324,-0.4189690299399316,-0.10559064281300273,-0.27536225256329594,TRUE
LOXL3,ENSG00000115318.12,FALSE,100,0.04,0.01,0.2894081966177976,0.13739212499886885,0.4184857450368996,0.28257819659535266,TRUE
TNFAIP6,ENSG00000123610.5,FALSE,100,0.04,0.01,-0.19748113528820818,-0.4440476449083245,-0.022864190908339327,-0.20348484740374864,TRUE
MIOX,ENSG00000100253.13,FALSE,100,0.03,0.01,-0.24945554016172278,-0.4062521740477695,-0.1251560042100142,-0.23670821124707464,TRUE
MYO6,ENSG00000196586.16,FALSE,100,0.03,0.01,-0.29227000381375656,-0.3998722708091969,-0.1566566574511639,-0.31313563405293987,TRUE
PLSCR3,ENSG00000187838.17,FALSE,100,0.03,0.01,0.21743770144077723,0.014963068755093751,0.4120640884868071,0.2046559458044322,TRUE
AFAP1L1,ENSG00000157510.14,FALSE,100,0.02,0.01,-0.19330103865676207,-0.39179854254721436,0.029109821303780245,-0.1993835470353072,TRUE
AIM2,ENSG00000163568.15,FALSE,100,0.02,0.01,0.2280444448866225,0.03764433569778168,0.37738236828594257,0.2148469887473073,TRUE
ALDOC,ENSG00000109107.14,FALSE,100,0.02,0.01,-0.19468423361200604,-0.36950802974010666,0.04302450663334528,-0.1874621548172604,TRUE
AP1M2,ENSG00000129354.12,FALSE,100,0.02,0.01,-0.1914694061664674,-0.3544921536324918,-0.003744565386878118,-0.19268490854850293,TRUE
APLN,ENSG00000171388.12,FALSE,100,0.02,0.01,-0.1737301539993346,-0.36974174497617496,0.05722016604149337,-0.17520851795797762,TRUE
BEX2,ENSG00000133134.12,FALSE,100,0.02,0.01,-0.2349024426796178,-0.3909427941514888,-0.06859445124766278,-0.22586344684733525,TRUE
CPA3,ENSG00000163751.4,FALSE,100,0.02,0.01,-0.22241930663763484,-0.3660193326177603,-0.046161203771523364,-0.2275721917500163,TRUE
DLGAP5,ENSG00000126787.13,FALSE,100,0.02,0.01,0.22616221217888988,0.03464699805117098,0.40004880770140594,0.22584947278364317,TRUE
DOCK8,ENSG00000107099.16,FALSE,100,0.02,0.01,-0.2799305253558338,-0.3904389339945278,-0.1361469105993513,-0.281017667553258,TRUE
HSPB2,ENSG00000170276.6,FALSE,100,0.02,0.01,-0.23782890362950812,-0.3943108228234631,-0.03973194189000631,-0.20565919518868572,TRUE
ITGAX,ENSG00000140678.17,FALSE,100,0.02,0.01,0.17489338670634602,-0.0354304526408726,0.36475097699923353,0.1721065446863659,TRUE
LARS2,ENSG00000011376.12,FALSE,100,0.02,0.01,-0.13956098414972648,-0.3786546110048591,0.07305180126810426,-0.15823433491852756,TRUE
MALL,ENSG00000144063.4,FALSE,100,0.02,0.01,-0.23482461527372775,-0.3869661056356275,-0.05925740989892727,-0.2285761575207065,TRUE
MAN1C1,ENSG00000117643.14,FALSE,100,0.02,0.01,0.19672713057753227,0.05414390244418318,0.3610640276593743,0.1851993700676628,TRUE
MTHFD2,ENSG00000065911.13,FALSE,100,0.02,0.01,0.2084766263173548,0.044891772417062714,0.3601734395634725,0.21057519392177143,TRUE
OGDHL,ENSG00000197444.10,FALSE,100,0.02,0.01,-0.20066535027183208,-0.35755449720394844,-0.03825905163557472,-0.20564799194333025,TRUE
OXCT1,ENSG00000083720.13,FALSE,100,0.02,0.01,-0.181839961037989,-0.38201191104278076,0.011225155919989889,-0.20192883599204903,TRUE
PLAGL1,ENSG00000118495.20,FALSE,100,0.02,0.01,0.21267514432888485,0.06482677050486682,0.39638371058533173,0.2216496061819485,TRUE
PLEKHG4,ENSG00000196155.13,FALSE,100,0.02,0.01,0.17919255880728716,0.045946286879878784,0.37437737548039474,0.1824139601802548,TRUE
POLE2,ENSG00000100479.13,FALSE,100,0.02,0.01,0.26453547608626204,0.11280969222822382,0.39634935850635356,0.27711443954863224,TRUE
RHOBTB3,ENSG00000164292.13,FALSE,100,0.02,0.01,0.2304329959189672,0.07375534224810201,0.3809663438737967,0.21546821876809605,TRUE
ST3GAL5,ENSG00000115525.18,FALSE,100,0.02,0.01,0.20119347004368593,-0.027516030997362256,0.3864938262054633,0.1867122719686337,TRUE
SUCLG1,ENSG00000163541.12,FALSE,100,0.02,0.01,-0.11446187516090238,-0.3597145407432546,0.04755622819311098,-0.10513486399903392,TRUE
TF,ENSG00000091513.16,FALSE,100,0.02,0.01,0.24704987934073258,0.10835293067116844,0.39001699899170095,0.23797686657596617,TRUE
ABCG1,ENSG00000160179.19,FALSE,100,0.01,0.01,-0.241424628461688,-0.3477784849722191,-0.09075879826679664,-0.2521084159557707,TRUE
ADA,ENSG00000196839.13,FALSE,100,0.01,0.01,0.1760826196402884,0.03327082060576721,0.3691932764178111,0.1892722330876552,TRUE
ADRA1B,ENSG00000170214.5,FALSE,100,0.01,0.01,-0.18548645140089154,-0.333768725092624,0.01285645005700768,-0.16919705942103372,TRUE
AFF3,ENSG00000144218.19,FALSE,100,0.01,0.01,-0.2432533693334104,-0.365537975499786,-0.08725084206980863,-0.24755357659313285,TRUE
AIF1L,ENSG00000126878.13,FALSE,100,0.01,0.01,-0.2097897814604125,-0.33707517489311023,-0.06268064489810295,-0.20959929348205256,TRUE
ALDH1B1,ENSG00000137124.8,FALSE,100,0.01,0.01,-0.2180116724167796,-0.3636918102486185,-0.04818344984980969,-0.1966547133601732,TRUE
ALDH5A1,ENSG00000112294.14,FALSE,100,0.01,0.01,-0.26131901493886267,-0.39198117438753305,-0.07748085727486033,-0.2601765656431812,TRUE
ARHGEF6,ENSG00000129675.16,FALSE,100,0.01,0.01,0.059339466250056754,-0.10006287316708909,0.2523101446099843,0.05150174347253459,TRUE
ARNT2,ENSG00000172379.21,FALSE,100,0.01,0.01,-0.15048908018990786,-0.365936822801592,0.08544498316874119,-0.1671036430872492,TRUE
AXIN2,ENSG00000168646.13,FALSE,100,0.01,0.01,0.23836644898140152,0.10702512727850158,0.38185346011900423,0.2155603770921824,TRUE
AXL,ENSG00000167601.12,FALSE,100,0.01,0.01,0.1604937655627987,0.010826638293037772,0.3492404561920376,0.17442361814527743,TRUE
BATF3,ENSG00000123685.9,FALSE,100,0.01,0.01,0.18201643910104648,0.06007773855182157,0.38234570693501163,0.19552732413475135,TRUE
BAZ1A,ENSG00000198604.11,FALSE,100,0.01,0.01,0.13826313893705766,-0.016637826463134046,0.2963180807298354,0.13979795714001306,TRUE
C3AR1,ENSG00000171860.5,FALSE,100,0.01,0.01,-0.20703753050814994,-0.3580786018688225,-0.012416871508445438,-0.20804544659313265,TRUE
C5,ENSG00000106804.8,FALSE,100,0.01,0.01,0.19657677612858282,0.053413652751436155,0.38940813298327803,0.21199820802304992,TRUE
CA8,ENSG00000178538.10,FALSE,100,0.01,0.01,-0.2076792090127424,-0.39039075983152577,-0.0721960762149193,-0.22379343091984305,TRUE
CA9,ENSG00000107159.13,FALSE,100,0.01,0.01,-0.18618806627146178,-0.35669058560580835,0.053548798375425144,-0.17407903692987683,TRUE
CADM4,ENSG00000105767.3,FALSE,100,0.01,0.01,0.20787328279507344,0.04310657280439656,0.3516218283947472,0.20024919738470445,TRUE
CAV2,ENSG00000105971.15,FALSE,100,0.01,0.01,-0.1862141117846678,-0.3486921529431789,0.019294990209268663,-0.17557201906150202,TRUE
CCDC127,ENSG00000164366.4,FALSE,100,0.01,0.01,-0.1398974709000284,-0.36412566248174394,0.04369347077551808,-0.14350157612640707,TRUE
CCDC88B,ENSG00000168071.22,FALSE,100,0.01,0.01,0.2008872062682087,0.015607692733658354,0.38898779559577845,0.2130670160943776,TRUE
CD248,ENSG00000174807.4,FALSE,100,0.01,0.01,0.1416463995065052,-0.012815173328104387,0.34350202088388593,0.15726178296032925,TRUE
CD300LF,ENSG00000186074.19,FALSE,100,0.01,0.01,-0.06253546000687904,-0.24642957972563884,0.13629968962005634,-0.07023208574319281,TRUE
CD70,ENSG00000125726.11,FALSE,100,0.01,0.01,-0.1553817073773362,-0.33167521537360284,0.019692913230219714,-0.1616969274196331,TRUE
CD74,ENSG00000019582.15,FALSE,100,0.01,0.01,-0.14841880835889354,-0.32437778830286434,-0.013169556133886626,-0.15960243576048383,TRUE
CD93,ENSG00000125810.10,FALSE,100,0.01,0.01,-0.2725064201961941,-0.382118202715127,-0.054933979648686834,-0.2529691235541832,TRUE
CDCA5,ENSG00000146670.10,FALSE,100,0.01,0.01,0.1845100514664571,-7.492641269989249e-4,0.37180336382874424,0.20320997487499376,TRUE
CDH1,ENSG00000039068.19,FALSE,100,0.01,0.01,-0.21581764150921018,-0.3708720235718682,-0.08494154762185073,-0.21906793264601301,TRUE
CDH6,ENSG00000113361.13,FALSE,100,0.01,0.01,-0.23343286402687471,-0.35832424520603845,-0.04824947549487524,-0.2387612796461131,TRUE
CEBPB,ENSG00000172216.6,FALSE,100,0.01,0.01,0.21257805043476552,0.05241889140203309,0.37377419437368187,0.22258315246745983,TRUE
CETP,ENSG00000087237.12,FALSE,100,0.01,0.01,-0.2138577751686151,-0.38459599353348584,-0.03258089607537092,-0.1944286254505424,TRUE
CGNL1,ENSG00000128849.11,FALSE,100,0.01,0.01,-0.20296324583519118,-0.35050912659061606,-0.008601741940749603,-0.2006863118622229,TRUE
CHST15,ENSG00000182022.18,FALSE,100,0.01,0.01,0.055154311973495095,-0.13577384440109733,0.31468276050570354,0.0465720666630228,TRUE
CKLF,ENSG00000217555.13,FALSE,100,0.01,0.01,0.20203492926989675,0.07029521437999528,0.3395842868050636,0.17379342609518636,TRUE
CLEC4A,ENSG00000111729.14,FALSE,100,0.01,0.01,-0.17407480912349474,-0.3747171377696724,0.0016470633044194838,-0.1850851752704196,TRUE
CLIC3,ENSG00000169583.13,FALSE,100,0.01,0.01,0.19090212304248932,0.023951170087662895,0.34103688506577895,0.19120952520098397,TRUE
CNDP1,ENSG00000150656.15,FALSE,100,0.01,0.01,-0.17317868600292213,-0.3579502160072763,0.009176365446413502,-0.1826957352765379,TRUE
COL1A2,ENSG00000164692.18,FALSE,100,0.01,0.01,0.1407112064061508,0.015442972010991696,0.30803960971073646,0.13999364601323125,TRUE
CRIP1,ENSG00000213145.10,FALSE,100,0.01,0.01,0.18931000007607873,-0.03071438801489442,0.3594685877900019,0.1767323898467736,TRUE
CTSS,ENSG00000163131.11,FALSE,100,0.01,0.01,-0.14504546343534075,-0.3368400309589529,0.07681504501043632,-0.15264500590997102,TRUE
CX3CR1,ENSG00000168329.14,FALSE,100,0.01,0.01,-0.2251658665636195,-0.37114537158608574,-0.032494742344954045,-0.21305579588729057,TRUE
DGKD,ENSG00000077044.11,FALSE,100,0.01,0.01,0.2134249169802291,0.02965535367311047,0.376022693098823,0.2032847044010284,TRUE
DHRS9,ENSG00000073737.17,FALSE,100,0.01,0.01,-0.1329233332855892,-0.31574896523187923,0.06330041087391133,-0.14135218544008568,TRUE
DLL4,ENSG00000128917.8,FALSE,100,0.01,0.01,-0.16650867515905277,-0.3731183872076332,0.03321406511084505,-0.16443853512121975,TRUE
DLX1,ENSG00000144355.15,FALSE,100,0.01,0.01,0.1568676919481316,-0.030016244589303447,0.3632261575521359,0.16504440189273878,TRUE
DNMT3L,ENSG00000142182.9,FALSE,100,0.01,0.01,0.25748425894047844,0.12947016651694543,0.3890391548202047,0.2545888544435959,TRUE
DPEP1,ENSG00000015413.9,FALSE,100,0.01,0.01,-0.14746322177940363,-0.36452726378305933,0.04519303106067835,-0.14748047069772574,TRUE
DPYS,ENSG00000147647.13,FALSE,100,0.01,0.01,-0.28039992131371616,-0.39540953999870887,-0.14148670608800984,-0.2828817657961351,TRUE
DTX1,ENSG00000135144.7,FALSE,100,0.01,0.01,0.2873719064502269,0.15788058431629132,0.39126127754155055,0.27995796086203045,TRUE
DYSF,ENSG00000135636.14,FALSE,100,0.01,0.01,-0.2612160808077779,-0.3815298921087295,-0.08499441911062863,-0.2479417776104577,TRUE
ECSCR,ENSG00000249751.4,FALSE,100,0.01,0.01,-0.12944658764237826,-0.34709507271176343,0.08334494089879702,-0.1191327024529248,TRUE
EFNA1,ENSG00000169242.12,FALSE,100,0.01,0.01,-0.13295512416284827,-0.36120267535877637,0.11429589899131053,-0.13525713657288088,TRUE
EIF4EBP1,ENSG00000187840.5,FALSE,100,0.01,0.01,0.17601169849089443,0.027881577219132092,0.3516527267125191,0.21454797100559003,TRUE
EMX1,ENSG00000135638.14,FALSE,100,0.01,0.01,-0.22186389438699844,-0.38501774236472014,-0.041142437093255636,-0.2114698374172879,TRUE
ENTPD1,ENSG00000138185.20,FALSE,100,0.01,0.01,-0.14815047149499405,-0.36128981494530027,0.049492372646364906,-0.15737688145011136,TRUE
FABP6,ENSG00000170231.16,FALSE,100,0.01,0.01,-0.12578464018616956,-0.3446665978548502,0.04150071902656821,-0.1155119405345216,TRUE
FBXL16,ENSG00000127585.12,FALSE,100,0.01,0.01,-0.17868683804889474,-0.3387056497425175,0.0020933853183787285,-0.17578579105903305,TRUE
FILIP1,ENSG00000118407.15,FALSE,100,0.01,0.01,-0.20081283924630194,-0.3438057196915639,0.041424127824317314,-0.19750803049096424,TRUE
FRAS1,ENSG00000138759.19,FALSE,100,0.01,0.01,-0.22058978901556642,-0.3487358921690852,-0.08984681681775333,-0.22355024220509756,TRUE
GAPT,ENSG00000175857.8,FALSE,100,0.01,0.01,-0.20993628649013493,-0.3369174269983978,-0.04611774991596416,-0.20159103239413909,TRUE
GBP2,ENSG00000162645.13,FALSE,100,0.01,0.01,0.10883575856870664,-0.07179116896866561,0.3067040717924807,0.10324121387244442,TRUE
GBP4,ENSG00000162654.9,FALSE,100,0.01,0.01,-0.22654293296740782,-0.36110124684225886,-0.07219367377770147,-0.23469383891734769,TRUE
GIMAP7,ENSG00000179144.5,FALSE,100,0.01,0.01,-0.24873294949155245,-0.37627826525423635,-0.08999159064244744,-0.24125103356057823,TRUE
GPX3,ENSG00000211445.12,FALSE,100,0.01,0.01,-0.23119459462969616,-0.37389799641461213,-0.0687912686309565,-0.22351019175894407,TRUE
GRAMD1C,ENSG00000178075.20,FALSE,100,0.01,0.01,-0.23512513798175727,-0.3654708226940613,-0.07678113324191352,-0.2592779273442505,TRUE
HCG27,ENSG00000206344.7,FALSE,100,0.01,0.01,0.1712968051682962,0.0010555006462573155,0.32706005762104695,0.16732018525507827,TRUE
HLA-B,ENSG00000234745.12,FALSE,100,0.01,0.01,-0.14658842854336657,-0.3429032486453165,0.0017726330142934644,-0.1494146128927185,TRUE
HLA-DOA,ENSG00000204252.14,FALSE,100,0.01,0.01,-0.2339459129053311,-0.38931871791854683,-0.07527626863599,-0.2486556365632981,TRUE
HLA-DPB1,ENSG00000223865.11,FALSE,100,0.01,0.01,-0.22535012274502242,-0.3951151098809048,-0.05884388775838386,-0.22766819565720353,TRUE
HLA-DRA,ENSG00000204287.14,FALSE,100,0.01,0.01,-0.2481142294460708,-0.38489168427515086,-0.08828596739335626,-0.24819526327858235,TRUE
HLA-G,ENSG00000204632.11,FALSE,100,0.01,0.01,-0.20327057325907433,-0.35881812790689704,-0.009215847641144012,-0.1822884560982312,TRUE
HOXD3,ENSG00000128652.11,FALSE,100,0.01,0.01,0.15521957245132728,-0.04491163641113135,0.3343023515042749,0.15484620809982497,TRUE
HOXD8,ENSG00000175879.9,FALSE,100,0.01,0.01,-0.2298417827477477,-0.3965255585972025,-0.04487504727468415,-0.2303301210253617,TRUE
HSPA6,ENSG00000173110.8,FALSE,100,0.01,0.01,0.22190545042836474,0.07381596662297145,0.3541994487250694,0.21104115968187817,TRUE
IDO1,ENSG00000131203.13,FALSE,100,0.01,0.01,-0.2079950551002192,-0.38314604263644636,-0.04468354273118445,-0.1920721547154892,TRUE
IFI16,ENSG00000163565.19,FALSE,100,0.01,0.01,0.1602339857854676,0.003122908160786733,0.3690975692313332,0.18259974543050256,TRUE
IFNAR2,ENSG00000159110.20,FALSE,100,0.01,0.01,0.18490092167544872,-0.0057541312974467174,0.32951822263544683,0.1890670329499871,TRUE
IL1RL1,ENSG00000115602.17,FALSE,100,0.01,0.01,-0.1622908190054241,-0.36331895339282316,0.03203026408607051,-0.14761985241280692,TRUE
IL20RB,ENSG00000174564.13,FALSE,100,0.01,0.01,0.1815950189902561,0.05049418700058705,0.3734683916620053,0.19534620062892413,TRUE
IRF7,ENSG00000185507.21,FALSE,100,0.01,0.01,0.1648241408605594,0.015650020083785875,0.374627760189827,0.1958652831276644,TRUE
ISG15,ENSG00000187608.10,FALSE,100,0.01,0.01,0.19208089093542965,0.002809133240568684,0.38112559588638967,0.2180794255254807,TRUE
ITLN1,ENSG00000179914.5,FALSE,100,0.01,0.01,0.0066100000754266645,-0.23318728717574566,0.19381610350148454,-0.00662506214902642,FALSE
KCNE1,ENSG00000180509.12,FALSE,100,0.01,0.01,0.16542227392587533,-0.006026927123787088,0.3472811131071957,0.15662721614255654,TRUE
KCTD1,ENSG00000134504.14,FALSE,100,0.01,0.01,0.16078326846636876,-0.009813076541045775,0.31856789109731626,0.14818847299291257,TRUE
KLHL14,ENSG00000197705.10,FALSE,100,0.01,0.01,0.155825508109045,-0.02432234731274,0.3571851669650567,0.1405749877157125,TRUE
KLRB1,ENSG00000111796.4,FALSE,100,0.01,0.01,-0.16067956657867527,-0.3083111494550844,-0.004192785852486721,-0.1609123910800435,TRUE
KSR1,ENSG00000141068.14,FALSE,100,0.01,0.01,-0.18745387228727578,-0.35228820117716597,-0.0481434586105798,-0.18438960768777052,TRUE
L2HGDH,ENSG00000087299.12,FALSE,100,0.01,0.01,-0.16016125448882784,-0.3311877614982222,0.008947857107308315,-0.15599585979048053,TRUE
LDLR,ENSG00000130164.14,FALSE,100,0.01,0.01,0.19108482670173274,0.026601479183675916,0.35061011379970614,0.17201196971798308,TRUE
LGALS1,ENSG00000100097.12,FALSE,100,0.01,0.01,0.19487684659610177,0.05976133181157065,0.34543692471367127,0.22560258285492787,TRUE
LILRA2,ENSG00000239998.6,FALSE,100,0.01,0.01,-0.21921467173448367,-0.36388297877766873,-0.06495101989862775,-0.2129053706274285,TRUE
LRRC25,ENSG00000175489.10,FALSE,100,0.01,0.01,-0.1508226809079189,-0.3675138642811651,0.013089070766521958,-0.1433320216596735,TRUE
LRRN2,ENSG00000170382.12,FALSE,100,0.01,0.01,0.20440830278724664,0.04638169526466153,0.3654756208538454,0.19391854958368124,TRUE
LYPD6B,ENSG00000150556.17,FALSE,100,0.01,0.01,0.26155056681461053,0.12774276200221474,0.37344646321197184,0.24483346305849724,TRUE
MCCC1,ENSG00000078070.13,FALSE,100,0.01,0.01,-0.17823457249824176,-0.3728862948592609,-0.009058807036213316,-0.1641089781465068,TRUE
MUC1,ENSG00000185499.16,FALSE,100,0.01,0.01,0.13075175435761655,-0.023849687886083222,0.32175418873338446,0.14048902991846332,TRUE
NLGN1,ENSG00000169760.17,FALSE,100,0.01,0.01,-0.26855961661598193,-0.3923702286049272,-0.12888711231639144,-0.27163545393227795,TRUE
NLRC5,ENSG00000140853.16,FALSE,100,0.01,0.01,0.18626972606222758,-0.014020702668221334,0.33195031703193467,0.16576414283616114,TRUE
NOTCH4,ENSG00000204301.6,FALSE,100,0.01,0.01,-0.18632544351490576,-0.36220401501706634,0.007273860847865469,-0.1874583375481116,TRUE
NPHS2,ENSG00000116218.13,FALSE,100,0.01,0.01,-0.06756331861885206,-0.24696389705214356,0.11194007603976414,-0.06484432995090696,TRUE
NR5A2,ENSG00000116833.14,FALSE,100,0.01,0.01,-0.18449079110247568,-0.35548087046608934,-0.018340540412539304,-0.20590227871680108,TRUE
NRP1,ENSG00000099250.18,FALSE,100,0.01,0.01,-0.28755390659782076,-0.3780806517634532,-0.09142981567333358,-0.2846350410506347,TRUE
OLFML2A,ENSG00000185585.20,FALSE,100,0.01,0.01,-0.15722164585885295,-0.3633826056792323,0.031247917222050406,-0.15483260601554752,TRUE
OSM,ENSG00000099985.4,FALSE,100,0.01,0.01,0.24440819576751666,0.13851998088663164,0.3787043114742054,0.2524877281312591,TRUE
P2RY12,ENSG00000169313.10,FALSE,100,0.01,0.01,-0.21127148492548364,-0.36801219401913965,-0.055159727486933555,-0.21855468486661217,TRUE
PARM1,ENSG00000169116.11,FALSE,100,0.01,0.01,-0.2075223773783741,-0.37485605380529863,-0.02446687957182459,-0.212809020773192,TRUE
PCSK1N,ENSG00000102109.9,FALSE,100,0.01,0.01,-0.22015822671827082,-0.36903338137412484,-0.08270670113486953,-0.20739415820797583,TRUE
PFKP,ENSG00000067057.18,FALSE,100,0.01,0.01,-0.2205066577967184,-0.3515683192271859,-0.06695833018118566,-0.22133436151605548,TRUE
PLOD1,ENSG00000083444.17,FALSE,100,0.01,0.01,0.0379784072897493,-0.1276192097098377,0.22615327849410688,0.06816254752370565,TRUE
PMEPA1,ENSG00000124225.16,FALSE,100,0.01,0.01,0.19609419695559369,9.682538684063007e-4,0.37110666472162,0.1926100209538339,TRUE
PON3,ENSG00000105852.11,FALSE,100,0.01,0.01,0.18815692451293708,0.02798650830746044,0.3744275653927342,0.19984519897251313,TRUE
POPDC2,ENSG00000121577.14,FALSE,100,0.01,0.01,-0.09485675080772948,-0.29787892453099163,0.11153952668610054,-0.09102194864275252,TRUE
PSMB8,ENSG00000204264.12,FALSE,100,0.01,0.01,-0.14231800120712884,-0.3213507861675716,0.008754496690617347,-0.14469210590858692,TRUE
PTPN13,ENSG00000163629.13,FALSE,100,0.01,0.01,-0.18067900381197038,-0.3127261634572062,-0.01951100341179502,-0.18869912659572569,TRUE
PTPN3,ENSG00000070159.14,FALSE,100,0.01,0.01,-0.0959722516746484,-0.3385733296596912,0.06134258081244244,-0.12142564382562725,TRUE
RAB11FIP4,ENSG00000131242.18,FALSE,100,0.01,0.01,-0.18142296935010244,-0.3916208693843436,0.0027499876292783297,-0.209803793796481,TRUE
RASGRP3,ENSG00000152689.18,FALSE,100,0.01,0.01,-0.21317032758034254,-0.3610772059277143,-0.012751368789586257,-0.221340483567846,TRUE
RCN1,ENSG00000049449.10,FALSE,100,0.01,0.01,0.21203853034834716,0.09152909888043208,0.350652356776398,0.22444722558996383,TRUE
REEP6,ENSG00000115255.12,FALSE,100,0.01,0.01,0.19563613663414564,0.06680296298758076,0.3644176531251133,0.20720251965389355,TRUE
RERGL,ENSG00000111404.7,FALSE,100,0.01,0.01,-0.1438192624847892,-0.34952585387205515,0.026459945950783013,-0.1456957262114712,TRUE
RHBDF2,ENSG00000129667.13,FALSE,100,0.01,0.01,0.16145403687652063,0.0023101742966604435,0.3643270611274998,0.1903774974341732,TRUE
RNASET2,ENSG00000026297.16,FALSE,100,0.01,0.01,0.20674130759961484,0.003439689316584069,0.38191158089149757,0.20506568216204416,TRUE
SAA1,ENSG00000173432.12,FALSE,100,0.01,0.01,0.23671040892533096,0.07014157791595779,0.3577015649313713,0.23250948914535305,TRUE
SARDH,ENSG00000123453.18,FALSE,100,0.01,0.01,0.09940722336172576,-0.09233712321927726,0.2721987446741182,0.1137512030277694,TRUE
SH3BGRL3,ENSG00000142669.15,FALSE,100,0.01,0.01,0.1811214621408312,0.01547511369811675,0.32774555376736975,0.20736962870898687,TRUE
SH3GL1,ENSG00000141985.9,FALSE,100,0.01,0.01,0.11725893195545797,0.0026793954478035176,0.34220957125210955,0.15996080937150095,TRUE
SLC13A2,ENSG00000007216.15,FALSE,100,0.01,0.01,-0.10539805000918302,-0.3443125679203977,0.07738578840254723,-0.09348770588914028,TRUE
SLC1A3,ENSG00000079215.14,FALSE,100,0.01,0.01,-0.14973455844747913,-0.3121152515741523,0.03807488277267565,-0.15464438515122308,TRUE
SLC28A2,ENSG00000137860.12,FALSE,100,0.01,0.01,0.18324408188778318,0.03582526811999786,0.32837032527272897,0.17623026874332642,TRUE
SLC2A3,ENSG00000059804.16,FALSE,100,0.01,0.01,0.18177387194104389,0.004784285979786679,0.36655298066536085,0.18783435251074151,TRUE
SLC43A2,ENSG00000167703.15,FALSE,100,0.01,0.01,-0.18741199296270145,-0.33542862736821366,-0.029507879910327488,-0.1840711946030197,TRUE
SLC6A1,ENSG00000157103.12,FALSE,100,0.01,0.01,0.19116843828731656,0.018279173824346302,0.34394374276788636,0.18047669526869353,TRUE
SPRY4,ENSG00000187678.10,FALSE,100,0.01,0.01,-0.17802274129137124,-0.32966366401295366,0.04791290715250594,-0.18417958992825292,TRUE
STX4,ENSG00000103496.15,FALSE,100,0.01,0.01,0.18975326362843203,0.034384673226409423,0.36055257460693657,0.20387693682020483,TRUE
SYNM,ENSG00000182253.15,FALSE,100,0.01,0.01,-0.21467587194782067,-0.3620161218066872,-0.029122170938313388,-0.21093386444869935,TRUE
TCF21,ENSG00000118526.7,FALSE,100,0.01,0.01,-0.082376538183010245,-0.30542017784242104,0.06680795421496108,-0.0988493719899775,TRUE
THOC6,ENSG00000131652.14,FALSE,100,0.01,0.01,0.25155738457581683,0.07268127938485158,0.37653629903862795,0.2518630630282345,TRUE
TMEM25,ENSG00000149582.16,FALSE,100,0.01,0.01,-0.1911797971306602,-0.32710495486628755,-0.057359470976075924,-0.1742333838617445,TRUE
TNFSF8,ENSG00000106952.7,FALSE,100,0.01,0.01,-0.20618220356371886,-0.36689557663298566,-0.009053982344978196,-0.2151516954616921,TRUE
TREH,ENSG00000118094.12,FALSE,100,0.01,0.01,-0.2508157307846155,-0.39858425217065413,-0.06724632177124075,-0.22517394343426844,TRUE
TSC22D3,ENSG00000157514.16,FALSE,100,0.01,0.01,-0.16037199280061207,-0.32721844584495413,0.02332855218982775,-0.14749127369107026,TRUE
TSPAN6,ENSG00000000003.15,FALSE,100,0.01,0.01,-0.2379214701771137,-0.38074439340301625,-0.07660331031137187,-0.2181688909803424,TRUE
UGT3A1,ENSG00000145626.12,FALSE,100,0.01,0.01,-0.23759889839540949,-0.35861899253473506,-0.07595820673078302,-0.20972548480646633,TRUE
ULBP2,ENSG00000131015.5,FALSE,100,0.01,0.01,0.25284348331923023,0.06607845533592507,0.3882943644790443,0.2452744737227775,TRUE
VEGFA,ENSG00000112715.25,FALSE,100,0.01,0.01,0.0796298172777501,-0.13681711512984868,0.30049744553457214,0.08167915091733464,TRUE
VIM,ENSG00000026025.16,FALSE,100,0.01,0.01,0.0579449534386271,-0.09208879057564803,0.26380192770473737,0.08780836763342088,TRUE
RPL36A,ENSG00000241343.10,FALSE,100,0.85,0,0.5070783834269228,0.310596594441242,0.6679768825251398,0.4880866511019171,TRUE
THBS3,ENSG00000169231.13,FALSE,100,0.82,0,0.49062393347949673,0.3087059162631521,0.6727612999590511,0.5030039789489884,TRUE
CNTNAP1,ENSG00000108797.12,FALSE,100,0.79,0,0.48742524596275016,0.28583604453998396,0.6514999720556083,0.472006131373363,TRUE
MICALL2,ENSG00000164877.19,FALSE,100,0.72,0,0.47820529447831894,0.3005867614128561,0.6517304498587797,0.46863129507858703,TRUE
NOL12,ENSG00000273899.5,FALSE,100,0.71,0,0.4605415258636813,0.2723057681186457,0.621328280027774,0.4524862330444935,TRUE
GSDMB,ENSG00000073605.18,FALSE,100,0.68,0,0.45163798467972605,0.27139052915419115,0.6032310183134799,0.44712337422426224,TRUE
CHFR,ENSG00000072609.18,FALSE,100,0.66,0,0.4363560944387665,0.24020082349239075,0.608325413243126,0.42413909383291826,TRUE
CHTF18,ENSG00000127586.17,FALSE,100,0.66,0,0.4552222643629833,0.24587520098774582,0.623435797648833,0.44868713954774553,TRUE
PIF1,ENSG00000140451.13,FALSE,100,0.64,0,0.44314374030862924,0.259971281642851,0.5801355713097369,0.4242929910368252,TRUE
PRCD,ENSG00000214140.11,FALSE,100,0.63,0,0.4330743577199804,0.27536518216023254,0.5915896172903918,0.4433203642486661,TRUE
MAP3K12,ENSG00000139625.13,FALSE,100,0.62,0,0.44511915158266036,0.27046401701689854,0.6260310564240941,0.4391346614326755,TRUE
CLK2,ENSG00000176444.19,FALSE,100,0.61,0,0.43082256219992343,0.2694412852846739,0.6087318828659336,0.4329975320023404,TRUE
KRTCAP2,ENSG00000163463.13,FALSE,100,0.59,0,0.42860441662181425,0.234049985902833,0.6038166585614404,0.42689778288001545,TRUE
RPS17,ENSG00000182774.13,FALSE,100,0.59,0,0.42190084334241695,0.2057797226492717,0.5523751816138114,0.4087328809129182,TRUE
ADAMTS14,ENSG00000138316.11,FALSE,100,0.58,0,0.4301249317672651,0.27074758668187393,0.5901556295029964,0.4099219402677777,TRUE
SNHG4,ENSG00000281398.4,FALSE,100,0.58,0,0.415710791675575,0.24575662343823157,0.600305342615808,0.4112214585362961,TRUE
KLC1,ENSG00000126214.21,FALSE,100,0.56,0,0.4165901527632923,0.2443587936353049,0.5895845948242635,0.4036411838144748,TRUE
INE1,ENSG00000224975.1,FALSE,100,0.55,0,0.4242376704371986,0.262133067846549,0.5916890395292682,0.4056722193133164,TRUE
HES7,ENSG00000179111.9,FALSE,100,0.54,0,0.41098987823512,0.22796180292974638,0.5798246098605896,0.4151568182412483,TRUE
CHMP4A,ENSG00000254505.11,FALSE,100,0.53,0,0.41226946636021433,0.23020185478734126,0.575952174277687,0.4066949501638095,TRUE
RAPGEFL1,ENSG00000108352.13,FALSE,100,0.53,0,0.41655623372953365,0.2414123022771904,0.6008790508928867,0.430027743276828,TRUE
RPS10,ENSG00000124614.16,FALSE,100,0.53,0,0.409683413939978,0.224546584861069,0.5634797686301203,0.3904161674448759,TRUE
GCKR,ENSG00000084734.9,FALSE,100,0.52,0,0.413003223099325,0.28733651189960363,0.5765474954801935,0.399934379668798,TRUE
PLK1,ENSG00000166851.15,FALSE,100,0.52,0,0.41535469216149723,0.21859214257641138,0.591157848656533,0.4130231317104589,TRUE
RELT,ENSG00000054967.13,FALSE,100,0.52,0,0.4133206525065367,0.23717002591825082,0.5802567671122001,0.4058154215029049,TRUE
LMBR1L,ENSG00000139636.15,FALSE,100,0.51,0,0.4090620730094593,0.27682890490443557,0.5853116970658743,0.4018113526208954,TRUE
PARP6,ENSG00000137817.17,FALSE,100,0.51,0,0.40964207877361186,0.22345028861211474,0.5601637283934302,0.3982728714036708,TRUE
VAMP1,ENSG00000139190.17,FALSE,100,0.5,0,0.40442312688201276,0.1994181571685268,0.5416906660667129,0.3765594088125868,TRUE
SLC6A19,ENSG00000174358.16,FALSE,100,0.49,0,-0.4044959283726046,-0.5670400973428464,-0.22380556937159027,-0.3778434645380853,TRUE
ALKBH6,ENSG00000239382.10,FALSE,100,0.48,0,0.401339282747001,0.21287668559121292,0.6206972704018969,0.3823350474513153,TRUE
ARHGAP11B,ENSG00000285077.2,FALSE,100,0.48,0,0.40284565959292623,0.21175535754522745,0.5158082395242235,0.363979048708038,TRUE
KIF18B,ENSG00000186185.14,FALSE,100,0.48,0,0.4018104223771475,0.1957543324482284,0.5688625383604333,0.3990511577678516,TRUE
NUF2,ENSG00000143228.13,FALSE,100,0.48,0,0.39497739024024536,0.17805864248219183,0.5583698053439015,0.3947051880643817,TRUE
MXD3,ENSG00000213347.10,FALSE,100,0.47,0,0.4016878788252509,0.1925040450154479,0.6078489559272153,0.38935053111422174,TRUE
DHPS,ENSG00000095059.16,FALSE,100,0.46,0,0.39897313482709873,0.22458287207581606,0.5690489903076794,0.3835680535919362,TRUE
WSB1,ENSG00000109046.15,FALSE,100,0.44,0,0.3926726012142697,0.22205333070631733,0.5972247622432522,0.3834512864115536,TRUE
EME1,ENSG00000154920.15,FALSE,100,0.43,0,0.394203545021271,0.2505539075071519,0.5754224135773006,0.4035227433070173,TRUE
MAPK8IP3,ENSG00000138834.14,FALSE,100,0.43,0,0.3945167413280174,0.22404837324300225,0.5710500381038249,0.3774556900932176,TRUE
ACAD11,ENSG00000240303.8,FALSE,100,0.41,0,-0.38504179978759456,-0.5756113064253514,-0.23869356662034794,-0.3912687353161177,TRUE
CCDC14,ENSG00000175455.16,FALSE,100,0.41,0,0.3715148822290847,0.17945757344705932,0.5782085062734708,0.36253949764883986,TRUE
CCNL2,ENSG00000221978.12,FALSE,100,0.41,0,0.380973935572122,0.20347083674088645,0.5853247232857806,0.37541460656302433,TRUE
FAM72A,ENSG00000196550.10,FALSE,100,0.41,0,0.3909965735726325,0.18654298781600115,0.5403744296429043,0.3879876341671173,TRUE
MAMDC4,ENSG00000177943.14,FALSE,100,0.41,0,0.3812305070091724,0.19733887532648442,0.5558837891917056,0.3756663297036877,TRUE
NPHP3,ENSG00000113971.20,FALSE,100,0.41,0,0.3722912746866702,0.22830580524919059,0.5528039593046795,0.36543671461152694,TRUE
CREB3L3,ENSG00000060566.14,FALSE,100,0.4,0,-0.3852035836509781,-0.5556323626495012,-0.22163439511988176,-0.3748213179404813,TRUE
IFRD1,ENSG00000006652.15,FALSE,100,0.4,0,0.3873988624951872,0.22778896349324798,0.5375326721742857,0.3717737287222876,TRUE
DLEU2,ENSG00000231607.12,FALSE,100,0.38,0,0.38147539021578286,0.2217684547956168,0.5514504889836616,0.3443616030095928,TRUE
FOXM1,ENSG00000111206.13,FALSE,100,0.38,0,0.3662761313602303,0.15560967017770266,0.5288143061117907,0.36552049073370135,TRUE
PFDN5,ENSG00000123349.15,FALSE,100,0.38,0,0.37601298026699986,0.19189570983695442,0.5386259834714883,0.3671265057824026,TRUE
UCN,ENSG00000163794.6,FALSE,100,0.38,0,0.3739280229832663,0.18441501957976314,0.5425867512914726,0.3661955288569024,TRUE
AGER,ENSG00000204305.14,FALSE,100,0.37,0,0.36879556568207694,0.1963649863849663,0.528818744336164,0.3675186169732971,TRUE
AVPR1B,ENSG00000198049.7,FALSE,100,0.36,0,-0.38466062450407623,-0.5678257256681474,-0.2617735366959063,-0.38314316999935927,TRUE
MICAL1,ENSG00000135596.18,FALSE,100,0.36,0,0.38070257371056526,0.22011985840551285,0.5203109646917481,0.3675481703633108,TRUE
SLC25A37,ENSG00000147454.14,FALSE,100,0.36,0,0.38550452620854914,0.21306544187858156,0.5477206338927431,0.3741294684591258,TRUE
LRFN1,ENSG00000128011.5,FALSE,100,0.35,0,0.3820618026172112,0.1891416352300386,0.5608293843175165,0.4171874568293201,TRUE
MEIS3,ENSG00000105419.18,FALSE,100,0.35,0,0.37374970481333436,0.257831374471181,0.5587080844683823,0.3779982804540133,TRUE
RPP21,ENSG00000241370.6,FALSE,100,0.35,0,0.3715352341593838,0.18485377703434513,0.5550037426475583,0.363657332534378,TRUE
CRYGS,ENSG00000213139.8,FALSE,100,0.34,0,0.37092370311999623,0.22784373003319108,0.5192750275677709,0.35801656925486214,TRUE
ARHGEF1,ENSG00000076928.18,FALSE,100,0.33,0,0.35435189284004587,0.1662247889032638,0.526271003479467,0.37246521383009984,TRUE
CCDC18,ENSG00000122483.17,FALSE,100,0.33,0,0.3708582678374329,0.15111539435576127,0.5063658715789117,0.3190885925650667,TRUE
DDX11,ENSG00000013573.17,FALSE,100,0.33,0,0.3606823862527778,0.17273733023752066,0.562438931131455,0.3703909066233004,TRUE
CHD1L,ENSG00000131778.19,FALSE,100,0.32,0,0.3628736685611219,0.23304618131772334,0.544839196547013,0.34723379260284887,TRUE
REEP4,ENSG00000168476.12,FALSE,100,0.32,0,0.3644248414301532,0.21569439576031452,0.5437638926697427,0.3913855675547075,TRUE
ETV4,ENSG00000175832.13,FALSE,100,0.31,0,0.36184600495683317,0.21082805663309662,0.523048567858555,0.36418534050316576,TRUE
PAQR6,ENSG00000160781.17,FALSE,100,0.3,0,0.3638714425461391,0.1760229370260607,0.5050529394925803,0.3532375450762216,TRUE
CNTD1,ENSG00000176563.10,FALSE,100,0.29,0,0.36540159549344575,0.21709576654383533,0.5742269254456369,0.37302436805771905,TRUE
ERMN,ENSG00000136541.15,FALSE,100,0.29,0,0.3459893727721921,0.15140751500476873,0.5120525007826289,0.33383072071544956,TRUE
AGBL2,ENSG00000165923.16,FALSE,100,0.28,0,0.3482255962283417,0.13521906148653146,0.49780105935767477,0.33363301972581777,TRUE
AMH,ENSG00000104899.8,FALSE,100,0.28,0,0.354114316298477,0.2145477335195079,0.4909053924174805,0.3492206111738626,TRUE
PDLIM7,ENSG00000196923.14,FALSE,100,0.28,0,0.3493440785435614,0.20112400638076727,0.5389803021344547,0.3539895052740117,TRUE
PYCR1,ENSG00000183010.17,FALSE,100,0.28,0,0.3488714042304327,0.20323651139773413,0.4909164949214563,0.34603842995240025,TRUE
SALL4,ENSG00000101115.13,FALSE,100,0.28,0,0.3680718970868895,0.22111403550431002,0.49216734582976085,0.36098041065317854,TRUE
ZNF276,ENSG00000158805.12,FALSE,100,0.28,0,0.3290539802518951,0.1634256012331481,0.5088663607033855,0.3267140650315694,TRUE
KCNT1,ENSG00000107147.14,FALSE,100,0.27,0,0.3532165001248917,0.2390627901729627,0.502575630242789,0.34133829946108357,TRUE
BMP1,ENSG00000168487.20,FALSE,100,0.26,0,0.34289841478889277,0.19050798714406972,0.545228234988191,0.34925496725002564,TRUE
MPP2,ENSG00000108852.15,FALSE,100,0.26,0,0.36876099243782867,0.22955598120420617,0.4664404833984232,0.36532359416938703,TRUE
POLG2,ENSG00000256525.8,FALSE,100,0.26,0,0.3426417530579037,0.15326788884896547,0.5213429816589843,0.33625495331239375,TRUE
SPNS1,ENSG00000169682.18,FALSE,100,0.26,0,0.3378016893144812,0.18166934417058186,0.506106178951795,0.3317506326577492,TRUE
TRIM46,ENSG00000163462.18,FALSE,100,0.26,0,0.3638941444456222,0.1977450620110766,0.4954144461033563,0.372621226182122,TRUE
WDR62,ENSG00000075702.18,FALSE,100,0.26,0,0.36619501255416004,0.16176039593630565,0.49483780969749414,0.34894971293727584,TRUE
ATAD5,ENSG00000176208.9,FALSE,100,0.25,0,0.3406074327588534,0.14784418890765552,0.5333358160975865,0.31815933391944595,TRUE
BMX,ENSG00000102010.15,FALSE,100,0.25,0,-0.3329897970726993,-0.5369497438013208,-0.16006972430537522,-0.3462124828860663,TRUE
HOXB9,ENSG00000170689.10,FALSE,100,0.25,0,0.33631082547180063,0.21049047463352472,0.4811076009636931,0.34031387382760997,TRUE
FAM193B,ENSG00000146067.16,FALSE,100,0.24,0,0.3384861350881393,0.17355884823881795,0.5210363524994418,0.3335901196085909,TRUE
GTSE1,ENSG00000075218.19,FALSE,100,0.24,0,0.3394029229078721,0.1221846339154207,0.5063660370435601,0.3305539484960478,TRUE
NADSYN1,ENSG00000172890.13,FALSE,100,0.24,0,0.3316069262893659,0.16712008677731724,0.4916618048362237,0.32790242386937435,TRUE
LILRA4,ENSG00000239961.3,FALSE,100,0.23,0,-0.33504767326533613,-0.5912851447803364,-0.11988643055417408,-0.34030407623372494,TRUE
PFKFB1,ENSG00000158571.11,FALSE,100,0.23,0,0.3584443794014428,0.23573691676140557,0.4760000415879605,0.3999106542737558,TRUE
PPM1J,ENSG00000155367.15,FALSE,100,0.23,0,0.3439323194203324,0.19899249543429842,0.49315829909282505,0.33147702873868184,TRUE
ATG16L2,ENSG00000168010.11,FALSE,100,0.22,0,0.3353450495799586,0.13564553332878843,0.499615585397374,0.3266510556409574,TRUE
DPP6,ENSG00000130226.17,FALSE,100,0.22,0,-0.29779137624347973,-0.6402804103416369,-0.06155359214449402,-0.3103097741426464,TRUE
NPEPL1,ENSG00000215440.12,FALSE,100,0.22,0,0.33847681718979217,0.1753783440281637,0.4839355667510822,0.3314762191884331,TRUE
REC8,ENSG00000100918.13,FALSE,100,0.22,0,0.3494078613665307,0.15774296561989137,0.48153035086709595,0.3315504144185225,TRUE
FBXL6,ENSG00000182325.11,FALSE,100,0.21,0,0.32637490967848626,0.13353716341843858,0.5203749038401533,0.3384055293552306,TRUE
FBXO41,ENSG00000163013.12,FALSE,100,0.21,0,0.3227455422662254,0.17043534137462962,0.5109721238844185,0.3379774143741608,TRUE
AFF2,ENSG00000155966.14,FALSE,100,0.2,0,-0.3234278808842358,-0.48766068368876514,-0.1884730415423,-0.3337833974487467,TRUE
ANKRD36,ENSG00000135976.20,FALSE,100,0.2,0,0.3133552792696812,0.13711083406265562,0.5174886660070517,0.28164030718872446,TRUE
APBB3,ENSG00000113108.19,FALSE,100,0.2,0,0.3309361364219787,0.14153965074385177,0.5004298190349986,0.3173041839959033,TRUE
GRM2,ENSG00000164082.15,FALSE,100,0.2,0,0.30930237266231675,0.18766324870276047,0.4897704167004401,0.31327306808252237,TRUE
INO80B,ENSG00000115274.15,FALSE,100,0.2,0,0.3172975127413329,0.1578996657971364,0.49315597910716663,0.31828707279647367,TRUE
KIF2C,ENSG00000142945.13,FALSE,100,0.2,0,0.331735981837316,0.14372494181445747,0.47842275167609893,0.3181739225792361,TRUE
MEST,ENSG00000106484.16,FALSE,100,0.2,0,0.3221561352811805,0.17450640017558627,0.4642382778403214,0.3176191477248891,TRUE
RP1,ENSG00000104237.11,FALSE,100,0.2,0,0.3404791282075754,0.1630258624855733,0.4870437001647753,0.3297459437572688,TRUE
CDK3,ENSG00000250506.8,FALSE,100,0.19,0,0.32357407150045636,0.17057445618778078,0.506568160524506,0.3255237291452461,TRUE
GPRC5A,ENSG00000013588.9,FALSE,100,0.19,0,0.3409280910021178,0.189946733585604,0.45398183738151937,0.3349318442382691,TRUE
LCAT,ENSG00000213398.8,FALSE,100,0.19,0,0.32867179752690356,0.16104559128994844,0.5026693435776501,0.3164075589955066,TRUE
SPOCD1,ENSG00000134668.12,FALSE,100,0.19,0,0.33841685771812796,0.21948651014630643,0.4988028993863849,0.33289317189538536,TRUE
ATP11A,ENSG00000068650.18,FALSE,100,0.18,0,-0.3187440299931079,-0.4766133031296958,-0.17889012604067112,-0.33077934353814964,TRUE
CNNM2,ENSG00000148842.18,FALSE,100,0.18,0,-0.31561234658540666,-0.49605920902219747,-0.18934377255187199,-0.3184673979633338,TRUE
RGS20,ENSG00000147509.14,FALSE,100,0.18,0,0.3463849729569868,0.20699831219120168,0.4928373540701974,0.34303757976096966,TRUE
TBCE,ENSG00000284770.2,FALSE,100,0.18,0,0.34481577466740343,0.16780171831009705,0.5204623967136871,0.33026248047987156,TRUE
UGT1A6,ENSG00000167165.19,FALSE,100,0.18,0,-0.32642334903727876,-0.4910133023359402,-0.14174492776466943,-0.3173184180919364,TRUE
DGKB,ENSG00000136267.14,FALSE,100,0.17,0,-0.3098522665599289,-0.4840956882969724,-0.1505550550159413,-0.32915284876849005,TRUE
INSR,ENSG00000171105.14,FALSE,100,0.17,0,-0.3230925126407753,-0.4900440261295441,-0.16452646027468223,-0.32741942562719134,TRUE
IQGAP3,ENSG00000183856.11,FALSE,100,0.17,0,0.3290667861309039,0.1420121011970605,0.4883716953973847,0.3283380609986407,TRUE
LAT,ENSG00000213658.12,FALSE,100,0.17,0,0.31504480351717834,0.1447073289514954,0.4739425658057177,0.30901943377663643,TRUE
MYBPC3,ENSG00000134571.11,FALSE,100,0.17,0,0.32477993370409963,0.15537875803939533,0.44590281887942457,0.3195203322383154,TRUE
SLC5A1,ENSG00000100170.10,FALSE,100,0.17,0,-0.32182838833006316,-0.48707812336728834,-0.1601596557025215,-0.32379080335233,TRUE
SRL,ENSG00000185739.13,FALSE,100,0.17,0,-0.29010190622768967,-0.5031718252115012,-0.13893870485130205,-0.2962754242423535,TRUE
CLEC2D,ENSG00000069493.15,FALSE,100,0.16,0,0.31009177889373885,0.16311215967312825,0.46598122484319837,0.3055272370103813,TRUE
F8,ENSG00000185010.15,FALSE,100,0.16,0,-0.32690619938027354,-0.4798308792003062,-0.12768771987746533,-0.3194762483999824,TRUE
SCARNA17,ENSG00000267322.2,FALSE,100,0.16,0,0.2954139336822512,0.12587816232333157,0.4753810340330067,0.2756768427135787,TRUE
SHOX2,ENSG00000168779.20,FALSE,100,0.16,0,0.331800963148621,0.20461117869941675,0.4467364233033113,0.32664829622224384,TRUE
SKA1,ENSG00000154839.10,FALSE,100,0.16,0,0.31352205237157593,0.1338735029027907,0.4716679150877655,0.31420166969998264,TRUE
HAP1,ENSG00000173805.16,FALSE,100,0.15,0,0.34677076632026527,0.2356867255221456,0.44901755280645184,0.352708158679041,TRUE
MUC6,ENSG00000184956.16,FALSE,100,0.15,0,0.3350762055476839,0.15417899287397108,0.46811055849487593,0.32313903402039923,TRUE
PLAG1,ENSG00000181690.8,FALSE,100,0.15,0,0.31796598478139215,0.1452021839825965,0.4395005167845103,0.3191841260911573,TRUE
SPTBN5,ENSG00000137877.10,FALSE,100,0.15,0,0.33497678340834663,0.1268212414833432,0.4846405658423569,0.32376665180283853,TRUE
U2AF1,ENSG00000160201.12,FALSE,100,0.15,0,0.33230882402835354,0.17110470190456867,0.49036565773498575,0.31654521066267055,TRUE
BAG1,ENSG00000107262.26,FALSE,100,0.14,0,-0.2527471467014514,-0.48605093365675645,-0.09588706120078216,-0.28670700164906293,TRUE
CYP51A1,ENSG00000001630.17,FALSE,100,0.14,0,-0.3242580486867569,-0.4846589402503932,-0.17160468825429337,-0.33440305272022763,TRUE
KCNN4,ENSG00000104783.14,FALSE,100,0.14,0,0.3141343442772157,0.15414240333907903,0.47399409411345095,0.3205648820136266,TRUE
RNF166,ENSG00000158717.11,FALSE,100,0.14,0,0.3175157158625259,0.1267822776222199,0.46607031706906904,0.3212885357997758,TRUE
RNF175,ENSG00000145428.15,FALSE,100,0.14,0,0.2978532893308893,0.13209807441397148,0.4610405901637888,0.31255653428299746,TRUE
CARD14,ENSG00000141527.18,FALSE,100,0.13,0,0.30121413547727915,0.14103416694736437,0.46740574119793865,0.28829789040114545,TRUE
CCDC78,ENSG00000162004.18,FALSE,100,0.13,0,0.32627973096127943,0.12183713879829339,0.47271165802352494,0.3080444384551032,TRUE
HOTAIR,ENSG00000228630.5,FALSE,100,0.13,0,0.2990006775183862,0.11153020236868998,0.4787721754676697,0.2919863445970702,TRUE
COL11A1,ENSG00000060718.22,FALSE,100,0.12,0,0.3062847806499047,0.16134033890974325,0.4705480553428045,0.3144552561965203,TRUE
KIF14,ENSG00000118193.12,FALSE,100,0.12,0,0.269533023470666,0.05807935348502251,0.4667354092079693,0.2687469850530408,TRUE
KIF5A,ENSG00000155980.13,FALSE,100,0.12,0,0.30877100405306024,0.14145990021010052,0.46194792857711686,0.2859489549039688,TRUE
PRUNE2,ENSG00000106772.18,FALSE,100,0.12,0,-0.3373005288860417,-0.4643904845040573,-0.20533551666143396,-0.34608259134489644,TRUE
CCR10,ENSG00000184451.5,FALSE,100,0.11,0,0.25247976469061273,0.09928853343154045,0.49121913579119664,0.25363710691479485,TRUE
CHST6,ENSG00000183196.10,FALSE,100,0.11,0,0.29524364328574465,0.17855503250613564,0.45874991428622935,0.27792267092483486,TRUE
DGKA,ENSG00000065357.20,FALSE,100,0.11,0,0.2917125456814337,0.1354803269130729,0.4461530627770518,0.29780466650034726,TRUE
E2F7,ENSG00000165891.16,FALSE,100,0.11,0,0.30449543688525366,0.07422174699323002,0.46221433703372006,0.2902441517401676,TRUE
KIF18A,ENSG00000121621.7,FALSE,100,0.11,0,0.2992292963485733,0.08911801730433855,0.46423639608464373,0.284536041005169,TRUE
KIFC1,ENSG00000237649.8,FALSE,100,0.11,0,0.24962998229870514,0.07440742144032331,0.43869103726284453,0.2659059863362811,TRUE
NXF3,ENSG00000147206.17,FALSE,100,0.11,0,0.33520876112985587,0.21497919173044056,0.47603939798756545,0.3158834190194225,TRUE
PDZRN3,ENSG00000121440.15,FALSE,100,0.11,0,-0.2796428278816211,-0.4603035411776031,-0.15806941340938052,-0.28676347372928246,TRUE
STAC3,ENSG00000185482.8,FALSE,100,0.11,0,0.28449602062546164,0.11137028416470693,0.44001399743184405,0.28834049605034584,TRUE
ANKRD23,ENSG00000163126.15,FALSE,100,0.1,0,0.2821498542932842,0.08663472052783752,0.4577344323576669,0.28231124486678433,TRUE
AQP4,ENSG00000171885.18,FALSE,100,0.1,0,-0.2830957829397387,-0.43611235559940986,-0.09934369625770467,-0.28668335762266817,TRUE
BUB1B,ENSG00000156970.13,FALSE,100,0.1,0,0.2993462260592009,0.07079587417735408,0.455768867537887,0.28221825848004806,TRUE
CC2D2B,ENSG00000188649.15,FALSE,100,0.1,0,0.28472636358639086,0.10476298861835806,0.4615979119886592,0.2568578602182459,TRUE
SULT1C4,ENSG00000198075.10,FALSE,100,0.1,0,-0.2997172103293918,-0.43072849391921875,-0.150291057799111,-0.28651588619487406,TRUE
TDRD10,ENSG00000163239.12,FALSE,100,0.1,0,0.30681560657341655,0.13500454792801783,0.4536351295231644,0.28188730617213276,TRUE
UNC13D,ENSG00000092929.12,FALSE,100,0.1,0,0.2847772270591321,0.10532099186989191,0.46876881161435224,0.29697702048378444,TRUE
CBS,ENSG00000160200.18,FALSE,100,0.09,0,0.29281682548616106,0.09939564286407468,0.4524867149979929,0.2853233305533744,TRUE
FCHSD1,ENSG00000197948.11,FALSE,100,0.09,0,0.2756047790847714,0.09188856292355996,0.5125132744597087,0.2649550966842284,TRUE
FSTL4,ENSG00000053108.17,FALSE,100,0.09,0,-0.21923836000841823,-0.4594754252732456,-0.0610939349913666,-0.24210651929594668,TRUE
NOP2,ENSG00000111641.12,FALSE,100,0.09,0,0.2979527638171242,0.12219015513514608,0.4201512515248611,0.2880662626458591,TRUE
PRELID2,ENSG00000186314.11,FALSE,100,0.09,0,-0.30404552974408605,-0.42846589578832717,-0.15845024678653025,-0.30435034598212285,TRUE
TMSB4Y,ENSG00000154620.6,FALSE,100,0.09,0,-0.212799256764739,-0.6100122140052053,0.13330490177231977,-0.22529131432958388,TRUE
ANKZF1,ENSG00000163516.14,FALSE,100,0.08,0,0.2849551262167306,0.12169785373852245,0.4280055951767058,0.28253773341924854,TRUE
BNIPL,ENSG00000163141.20,FALSE,100,0.08,0,0.29644555196068123,0.15107131500330928,0.4394959375744551,0.2799498488443791,TRUE
ERCC6L,ENSG00000186871.7,FALSE,100,0.08,0,0.2860715993492453,0.06784265908526894,0.4479112094209631,0.2730034906036823,TRUE
GAD2,ENSG00000136750.13,FALSE,100,0.08,0,0.25906678103599834,0.049780732344925,0.4567657283250447,0.26267510718825726,TRUE
KRT222,ENSG00000213424.9,FALSE,100,0.08,0,0.28029049108203036,0.12544155136640517,0.44068781400551565,0.28367860901939385,TRUE
NCAPH,ENSG00000121152.10,FALSE,100,0.08,0,0.27586640415831376,0.05339974703767428,0.44485805637875653,0.2708185107003614,TRUE
NEBL,ENSG00000078114.19,FALSE,100,0.08,0,-0.2917913669840271,-0.47521723964963125,-0.16365542696109364,-0.294769493824344,TRUE
PODNL1,ENSG00000132000.13,FALSE,100,0.08,0,0.2984762116213453,0.1266850475605787,0.4438285164267163,0.2913957434527902,TRUE
PON1,ENSG00000005421.9,FALSE,100,0.08,0,0.3308473104650259,0.20123127215908912,0.4341042620841889,0.3904945338548611,TRUE
PTK6,ENSG00000101213.7,FALSE,100,0.08,0,0.30760888681995346,0.12823443332657627,0.43316060414403545,0.3029081834380894,TRUE
SYNE1,ENSG00000131018.24,FALSE,100,0.08,0,-0.2825648979265532,-0.4366727210172793,-0.1322180599620884,-0.314627084642944,TRUE
TET3,ENSG00000187605.15,FALSE,100,0.08,0,0.23633228091872754,0.07044546130421159,0.4265310806893212,0.23705840558289015,TRUE
VPS13D,ENSG00000048707.15,FALSE,100,0.08,0,-0.2737372269816176,-0.4748443345762354,-0.06469286976780916,-0.301006865724619,TRUE
BIRC5,ENSG00000089685.15,FALSE,100,0.07,0,0.2718702578025206,0.09234559759066133,0.4509639733637659,0.28205732319733534,TRUE
CDH24,ENSG00000139880.19,FALSE,100,0.07,0,0.21812664786303676,0.08725171432272924,0.4347638327499382,0.26220010872746,TRUE
CHD3,ENSG00000170004.17,FALSE,100,0.07,0,0.27087798380558614,0.07694471116116583,0.461104301154757,0.26597897180422714,TRUE
CPLX1,ENSG00000168993.15,FALSE,100,0.07,0,0.298446208293761,0.13971638618849208,0.428631905979983,0.30515093143221866,TRUE
IGFN1,ENSG00000163395.17,FALSE,100,0.07,0,0.2922370144902344,0.14889802413102746,0.4314816677016619,0.28766484684216087,TRUE
LRRC39,ENSG00000122477.13,FALSE,100,0.07,0,0.2890450813888974,0.15011725656252572,0.44512379867756546,0.27141491677829976,TRUE
PHYHIP,ENSG00000168490.14,FALSE,100,0.07,0,0.29673221666343963,0.15016152236833802,0.4262114148445061,0.29680273240536686,TRUE
QTRT1,ENSG00000213339.9,FALSE,100,0.07,0,0.2539989933861049,0.07990826186653202,0.46099018842271544,0.2670966309003059,TRUE
SLC17A9,ENSG00000101194.18,FALSE,100,0.07,0,0.3081266704866581,0.17825496635178026,0.43817526980423516,0.3018800423265676,TRUE
SLC4A8,ENSG00000050438.17,FALSE,100,0.07,0,0.2477672100950918,0.061971502544724694,0.4771745591398213,0.2298290823072424,TRUE
TTN,ENSG00000155657.28,FALSE,100,0.07,0,0.2653064793728256,0.04454336063471237,0.4316444854034144,0.20938789127877352,TRUE
ADAM32,ENSG00000197140.15,FALSE,100,0.06,0,0.28558863331243217,0.15988188461209196,0.4220189990585633,0.2717705060108524,TRUE
CCL22,ENSG00000102962.5,FALSE,100,0.06,0,-0.22785098783007285,-0.43651919804116107,-0.08214427372813676,-0.2326244225566385,TRUE
CELSR3,ENSG00000008300.17,FALSE,100,0.06,0,0.2795243364235417,0.15196802898087225,0.4238334918822738,0.28844371759521453,TRUE
DOK3,ENSG00000146094.15,FALSE,100,0.06,0,0.24804206661548758,0.06575093166683357,0.41560100809225536,0.26777773593283494,TRUE
FAT2,ENSG00000086570.12,FALSE,100,0.06,0,0.2358745280608408,0.08670632927112415,0.4147172811104721,0.23453617520795905,TRUE
FBXO43,ENSG00000156509.14,FALSE,100,0.06,0,0.2714351977356929,0.08234136091462856,0.46051832007457993,0.2567900017764848,TRUE
FLRT1,ENSG00000126500.3,FALSE,100,0.06,0,0.27296366837475394,0.1403739064111451,0.4360099621808049,0.27432167804598245,TRUE
FUT2,ENSG00000176920.13,FALSE,100,0.06,0,0.26941737485186446,0.12502145455497216,0.41462435401573183,0.27474537321928644,TRUE
GPAT2,ENSG00000186281.12,FALSE,100,0.06,0,0.21842706478563576,0.02248969115737706,0.4376071301293122,0.2113751326089049,TRUE
KIF15,ENSG00000163808.17,FALSE,100,0.06,0,0.21378232964643867,0.015738330829542763,0.4108830948334875,0.21528450646534117,TRUE
MUC12,ENSG00000205277.9,FALSE,100,0.06,0,0.25824704915262586,0.11043505682592396,0.4446365588072617,0.25712019612196274,TRUE
PER2,ENSG00000132326.12,FALSE,100,0.06,0,-0.24809505967395068,-0.445499656287518,-0.07858667487615414,-0.2584740213065485,TRUE
PLCB2,ENSG00000137841.12,FALSE,100,0.06,0,0.2384275887154268,0.03975246066827973,0.422988858923135,0.23811741064205105,TRUE
RHOXF1,ENSG00000101883.5,FALSE,100,0.06,0,0.2401123182439051,0.09660103236762838,0.43570186841125885,0.23292818253620293,TRUE
SCN4A,ENSG00000007314.12,FALSE,100,0.06,0,-0.24242074721561935,-0.44360611865933475,-0.08544852953445482,-0.23287318465174728,TRUE
SPHK1,ENSG00000176170.14,FALSE,100,0.06,0,0.2757525173633936,0.13727093659737855,0.45582287818614775,0.27861648557706453,TRUE
TNFSF14,ENSG00000125735.11,FALSE,100,0.06,0,0.2611016818737867,0.1228650734313742,0.4175565918129881,0.25426506257455733,TRUE
TRAM1L1,ENSG00000174599.5,FALSE,100,0.06,0,-0.2485547465362145,-0.4434637509071657,-0.09962432696471335,-0.23314555454226812,TRUE
VENTX,ENSG00000151650.8,FALSE,100,0.06,0,0.29032246809483697,0.10969052970527876,0.425899544845054,0.29767581619796674,TRUE
CAB39L,ENSG00000102547.19,FALSE,100,0.05,0,-0.2702986460589273,-0.4258531955139743,-0.07622268837488747,-0.29680633324761174,TRUE
CCR6,ENSG00000112486.17,FALSE,100,0.05,0,-0.2058683005597326,-0.43851891042400065,-0.05405666518450421,-0.22177228953846911,TRUE
CILP,ENSG00000138615.6,FALSE,100,0.05,0,0.2931632794074623,0.18164790636435574,0.43310818940780016,0.2776506377843073,TRUE
DLX6,ENSG00000006377.11,FALSE,100,0.05,0,0.27409708548045353,0.13577846704166585,0.43201134589077606,0.2803001968392942,TRUE
HS6ST3,ENSG00000185352.8,FALSE,100,0.05,0,-0.19166411349919246,-0.4256803584846891,-0.007989680612107548,-0.24050412229249632,TRUE
KCNH1,ENSG00000143473.13,FALSE,100,0.05,0,0.27408215168050404,0.12366987764017223,0.417148646491657,0.25075822849969526,TRUE
MAP3K9,ENSG00000006432.15,FALSE,100,0.05,0,0.24131343532901495,0.05112198145347603,0.4556759048027599,0.22504440733892128,TRUE
MATR3,ENSG00000015479.20,FALSE,100,0.05,0,0.26295659822886785,0.07229700078593976,0.4139488647029384,0.22770871147432745,TRUE
P2RX5,ENSG00000083454.22,FALSE,100,0.05,0,0.2519038883799203,0.08701317372128155,0.4155830567823996,0.25003054528050905,TRUE
P4HA3,ENSG00000149380.12,FALSE,100,0.05,0,0.2784240777616049,0.13154469978335492,0.42315246119217775,0.27427926597148933,TRUE
PAX6,ENSG00000007372.24,FALSE,100,0.05,0,0.30211157213829043,0.17839526001753536,0.4256821458292884,0.30070270738864013,TRUE
ZNF804B,ENSG00000182348.7,FALSE,100,0.05,0,-0.1782812581927738,-0.4286842401058023,-0.01046242819047992,-0.18565179936225668,TRUE
ACHE,ENSG00000087085.16,FALSE,100,0.04,0,0.22366334651970937,0.06410985404206943,0.4200542554029304,0.23703422989566167,TRUE
ADAM8,ENSG00000151651.16,FALSE,100,0.04,0,0.2837918724425479,0.1297627532954383,0.4166535289009201,0.2821906109957103,TRUE
ARHGAP26,ENSG00000145819.18,FALSE,100,0.04,0,-0.2739090826364603,-0.4169284756356324,-0.1305278595966628,-0.29478638921275757,TRUE
DNASE2B,ENSG00000137976.7,FALSE,100,0.04,0,-0.22607658958786186,-0.4467189876960052,-0.06333722188511673,-0.23845602083189288,TRUE
EDAR,ENSG00000135960.10,FALSE,100,0.04,0,-0.20502594076331637,-0.41886579778963573,-0.02874390480187409,-0.20704113675573016,TRUE
ELOVL2,ENSG00000197977.4,FALSE,100,0.04,0,0.22309093464504215,0.05179329515138971,0.4080521165016432,0.20857128851817505,TRUE
EPM2A,ENSG00000112425.16,FALSE,100,0.04,0,-0.25769224720570827,-0.44262566556572047,-0.07791314970506455,-0.2775842306873853,TRUE
FAM124A,ENSG00000150510.17,FALSE,100,0.04,0,-0.17209088705918307,-0.41118881404240226,-0.043315977374074555,-0.17601872604914953,TRUE
FAM163A,ENSG00000143340.6,FALSE,100,0.04,0,-0.22646228438531446,-0.4190549357384086,-0.06247781168265128,-0.22116520712778984,TRUE
FANCA,ENSG00000187741.15,FALSE,100,0.04,0,0.2462716310306697,0.07112993201684298,0.4164473002162029,0.24885526559305568,TRUE
GUCA2B,ENSG00000044012.4,FALSE,100,0.04,0,-0.18254969587115133,-0.4433460686426047,0.0037193027446552887,-0.19389881628583852,TRUE
JAK3,ENSG00000105639.20,FALSE,100,0.04,0,0.2419223213760484,0.07458754840947845,0.41028874506010027,0.24709120094854892,TRUE
KCNK10,ENSG00000100433.16,FALSE,100,0.04,0,-0.22277568542315823,-0.43379409629716303,-0.04783068648439277,-0.2217249598682546,TRUE
KLHDC7A,ENSG00000179023.8,FALSE,100,0.04,0,-0.2902309933693567,-0.4127706065307201,-0.12018890092399809,-0.27121727373008603,TRUE
KRT40,ENSG00000204889.10,FALSE,100,0.04,0,0.19843216742418135,0.014913233968116934,0.41679109401815384,0.18296961528947817,TRUE
LIN37,ENSG00000267796.8,FALSE,100,0.04,0,0.2753856286000738,0.10232377892018418,0.42573662090844144,0.2569249797516158,TRUE
LRRC55,ENSG00000183908.7,FALSE,100,0.04,0,-0.22328549222262128,-0.4169849938388335,0.006421852215183696,-0.22326035220420812,TRUE
MATN1,ENSG00000162510.6,FALSE,100,0.04,0,0.24947875610075043,0.12227349805839913,0.4216132605498237,0.25424580611058495,TRUE
NEIL3,ENSG00000109674.4,FALSE,100,0.04,0,0.26805440280330095,0.12143305683877512,0.4565327226664747,0.2692127208779178,TRUE
NLGN3,ENSG00000196338.13,FALSE,100,0.04,0,0.2503344719464625,0.12994735303039845,0.41255551505868326,0.23951828546832848,TRUE
NTRK1,ENSG00000198400.12,FALSE,100,0.04,0,0.24661334485601782,0.10829734264247651,0.42918177558368575,0.24341766907095988,TRUE
PZP,ENSG00000126838.10,FALSE,100,0.04,0,0.2570007840020311,0.11371494703973536,0.42604096386013746,0.22561701687458577,TRUE
RHEBL1,ENSG00000167550.11,FALSE,100,0.04,0,0.26221509824993783,0.08566347010488082,0.4246700139572982,0.27258209926780774,TRUE
SH3GL3,ENSG00000140600.17,FALSE,100,0.04,0,0.2985698730256016,0.17159506712234135,0.42775867154883873,0.2884391080248077,TRUE
SIGLEC1,ENSG00000088827.12,FALSE,100,0.04,0,0.20922198637893266,0.002527581490548052,0.4267231443445789,0.2062169615698271,TRUE
SLC7A11,ENSG00000151012.13,FALSE,100,0.04,0,0.26365804559190853,0.08646032055781892,0.41899354485607815,0.25513378252834695,TRUE
SUMO4,ENSG00000177688.7,FALSE,100,0.04,0,0.3051906408680334,0.1581445464202034,0.4095761091085025,0.263282974651991,TRUE
SYCE1L,ENSG00000205078.6,FALSE,100,0.04,0,0.2525959257871272,0.12581880895578548,0.4344533322632992,0.2608425717182541,TRUE
VIP,ENSG00000146469.13,FALSE,100,0.04,0,0.24255315460074997,0.08295465843615549,0.4171653004958393,0.23439430518639412,TRUE
YPEL4,ENSG00000166793.13,FALSE,100,0.04,0,0.28829154803922663,0.12168886590188915,0.4113311477730697,0.2759546798070116,TRUE
ACTN2,ENSG00000077522.14,FALSE,100,0.03,0,0.22273103034706743,0.12008046691835858,0.3966951152539239,0.23783720589985843,TRUE
ADCY2,ENSG00000078295.17,FALSE,100,0.03,0,-0.22805679693589942,-0.4014171908207453,-0.05096417523612637,-0.23759769406529355,TRUE
AGBL4,ENSG00000186094.17,FALSE,100,0.03,0,-0.26186451657660814,-0.4255708921834831,-0.09878399519041593,-0.27550769491247806,TRUE
ALDH4A1,ENSG00000159423.17,FALSE,100,0.03,0,-0.2697577722305724,-0.4058239558431874,-0.13125255925896884,-0.2467480589328555,TRUE
ALPI,ENSG00000163295.5,FALSE,100,0.03,0,-0.14848670034482925,-0.4054635270420518,0.05947408166337344,-0.1471554752489597,TRUE
ARC,ENSG00000198576.4,FALSE,100,0.03,0,-0.22555683092311918,-0.4169344096972802,-0.05473989496848157,-0.2133513153547765,TRUE
ARID5A,ENSG00000196843.17,FALSE,100,0.03,0,0.24418312048569982,0.11338605058200568,0.4139339939010529,0.2634136550088329,TRUE
BCL7A,ENSG00000110987.9,FALSE,100,0.03,0,-0.22891306036903947,-0.40352516493118173,-0.06306452683661712,-0.2325660578684965,TRUE
C1QTNF1,ENSG00000173918.15,FALSE,100,0.03,0,0.23918757141757502,0.07403173999976484,0.4044858890675065,0.24415455832236024,TRUE
C6orf141,ENSG00000197261.11,FALSE,100,0.03,0,0.2848314787578843,0.15350646984071997,0.40767804966479465,0.2689630713515484,TRUE
CABYR,ENSG00000154040.21,FALSE,100,0.03,0,0.27051116677716724,0.13619312325882077,0.408812035564898,0.2560373429456304,TRUE
CAPN8,ENSG00000203697.12,FALSE,100,0.03,0,0.297085642007669,0.20358574275395674,0.4060521798289918,0.2844712416454554,TRUE
CCDC102B,ENSG00000150636.17,FALSE,100,0.03,0,0.1126392776300484,-0.03476125814201766,0.39606827525101895,0.11610266147939025,TRUE
CDK5R1,ENSG00000176749.9,FALSE,100,0.03,0,0.16381967466045233,-0.00254410075762664,0.41424267864397957,0.1787564073666831,TRUE
CECR2,ENSG00000099954.18,FALSE,100,0.03,0,0.24522795690000943,0.10281650108668713,0.40796838638442806,0.24016847605605648,TRUE
CENPI,ENSG00000102384.13,FALSE,100,0.03,0,0.2584209140824569,0.040903473937949145,0.40329861973172465,0.2468110743463833,TRUE
CHAC1,ENSG00000128965.13,FALSE,100,0.03,0,0.27631704478599717,0.12830829700093555,0.40469891435960126,0.2662594301842266,TRUE
CPA1,ENSG00000091704.10,FALSE,100,0.03,0,0.2438185693881939,0.10911484677891711,0.40188712133807447,0.23603940664029088,TRUE
CSF1,ENSG00000184371.14,FALSE,100,0.03,0,0.2570831143107041,0.07777306429263578,0.41923344321401823,0.26739802952292036,TRUE
DEPDC1,ENSG00000024526.17,FALSE,100,0.03,0,0.23110243808287048,0.03868950020550327,0.4187415647533467,0.23634977666305385,TRUE
DOCK3,ENSG00000088538.13,FALSE,100,0.03,0,0.27529942397055934,0.15440710594428178,0.405063925074932,0.2686453427255447,TRUE
FADS3,ENSG00000221968.9,FALSE,100,0.03,0,0.20250607322536054,0.04525982154799271,0.4007954651381152,0.22467038632664604,TRUE
GRIA4,ENSG00000152578.13,FALSE,100,0.03,0,-0.2465869433268191,-0.4037688756303756,-0.08008372327078392,-0.2396313954329367,TRUE
ILK,ENSG00000166333.14,FALSE,100,0.03,0,0.2620655095678157,0.1126115837296372,0.4076496020415893,0.2499109776017961,TRUE
INO80C,ENSG00000153391.16,FALSE,100,0.03,0,-0.18545762634728385,-0.4079461063136687,-0.023993721723857782,-0.18817797521524665,TRUE
KCNH6,ENSG00000173826.15,FALSE,100,0.03,0,-0.21940574778470084,-0.4012227778364925,-0.07070721658817224,-0.21680761579021893,TRUE
LOC374443,ENSG00000284634.1,FALSE,100,0.03,0,0.23195085561470652,0.08842422841727404,0.4129954602110671,0.2165312064400164,TRUE
LPIN2,ENSG00000101577.10,FALSE,100,0.03,0,-0.23673063118419874,-0.3981281662025152,-0.08178086413971508,-0.23961463240751063,TRUE
MAPK11,ENSG00000185386.15,FALSE,100,0.03,0,0.18793376891726465,-0.0071078442585963235,0.40522530876892815,0.20432785506390944,TRUE
NLRP1,ENSG00000091592.16,FALSE,100,0.03,0,0.23873320993847946,0.08400673945075456,0.3999820179893344,0.2538821523421029,TRUE
NLRP11,ENSG00000179873.14,FALSE,100,0.03,0,-0.2104692781478466,-0.40538168622696835,-0.0673761708046336,-0.20849759969921505,TRUE
NPFFR2,ENSG00000056291.17,FALSE,100,0.03,0,0.2907541109588814,0.17131227833947707,0.41090492224702935,0.2880371555652513,TRUE
NTNG2,ENSG00000196358.11,FALSE,100,0.03,0,0.2532750552392232,0.07194326607882115,0.3996255068836633,0.25082872528372935,TRUE
OSBPL6,ENSG00000079156.17,FALSE,100,0.03,0,0.26049922187088903,0.07894609783349785,0.41961576158295055,0.25661153187677366,TRUE
OVOL1,ENSG00000172818.10,FALSE,100,0.03,0,-0.2574411956846332,-0.4075709040916583,-0.09843994257634003,-0.2673136995998653,TRUE
PDP2,ENSG00000172840.7,FALSE,100,0.03,0,-0.17575283568638664,-0.41316567612183946,0.03454307560573173,-0.21073311811906628,TRUE
PKD1L2,ENSG00000166473.17,FALSE,100,0.03,0,0.26099358335260797,0.1200427076076824,0.4444919539441805,0.2593276142670932,TRUE
PML,ENSG00000140464.20,FALSE,100,0.03,0,0.19523436603015704,0.034588592846318746,0.40573820152251705,0.2334101982853694,TRUE
RASL10A,ENSG00000100276.10,FALSE,100,0.03,0,0.2644710278259499,0.08062673221276946,0.406035095185584,0.24510453138132696,TRUE
SCN3A,ENSG00000153253.19,FALSE,100,0.03,0,0.2713189825440666,0.15267911486222152,0.4008080208139504,0.2598325893525375,TRUE
SLC43A1,ENSG00000149150.9,FALSE,100,0.03,0,0.2739993110190759,0.12972990791530328,0.41511193505524935,0.26971736018626025,TRUE
TMEM132D,ENSG00000151952.16,FALSE,100,0.03,0,-0.21511492318116487,-0.3984583306502457,-0.05830478186095555,-0.20669749304419455,TRUE
TMEM72,ENSG00000187783.12,FALSE,100,0.03,0,-0.2505299994818534,-0.40481935921514867,-0.10730176101071785,-0.2548502510759258,TRUE
TNNT1,ENSG00000105048.17,FALSE,100,0.03,0,0.2691036397811586,0.16151253119982506,0.4182144412198078,0.2871081666808957,TRUE
TSPAN18,ENSG00000157570.12,FALSE,100,0.03,0,-0.29019582944517,-0.4105877377183042,-0.14032238218200146,-0.28064256024521717,TRUE
USP53,ENSG00000145390.11,FALSE,100,0.03,0,-0.24180168635935956,-0.41271094024696925,-0.09807762516450103,-0.26798886748170947,TRUE
ABCA12,ENSG00000144452.15,FALSE,100,0.02,0,-0.26946170436843364,-0.39949087474932715,-0.09835746777426951,-0.25237097055340835,TRUE
ADAM12,ENSG00000148848.14,FALSE,100,0.02,0,0.24339625176622148,0.09050979181376839,0.4014272025088439,0.2311791412244056,TRUE
ADORA2B,ENSG00000170425.3,FALSE,100,0.02,0,0.27699683961403565,0.11124840036958014,0.3976550606983281,0.2787985319180217,TRUE
ALAD,ENSG00000148218.16,FALSE,100,0.02,0,-0.2312402150091254,-0.35690052875488143,-0.10722436998742176,-0.22600806149801325,TRUE
ANXA13,ENSG00000104537.17,FALSE,100,0.02,0,-0.20737913216378026,-0.37734432598475903,-0.07847774701144751,-0.2188226532382271,TRUE
APBA2,ENSG00000034053.14,FALSE,100,0.02,0,0.208012854626894,0.08813740982436556,0.3870347989414134,0.2128083692125366,TRUE
ATP2B3,ENSG00000067842.17,FALSE,100,0.02,0,0.20546234279864656,0.06748613701633419,0.37436425748471347,0.1970193536167796,TRUE
ATP2C2,ENSG00000064270.13,FALSE,100,0.02,0,0.24939856901274027,0.1398995602055117,0.3782832933936103,0.2440396533682672,TRUE
BLM,ENSG00000197299.12,FALSE,100,0.02,0,0.2078437228051332,-0.005948245487492624,0.3940221895906033,0.19244611263313063,TRUE
C14orf180,ENSG00000184601.11,FALSE,100,0.02,0,-0.12349004818608705,-0.3305222131566393,0.04320961081361471,-0.10732538563678454,TRUE
CACNB4,ENSG00000182389.20,FALSE,100,0.02,0,0.26636133848939514,0.13534252804687302,0.362250549482137,0.25687946521173816,TRUE
CASC2,ENSG00000177640.16,FALSE,100,0.02,0,-0.1879675502827363,-0.3659982610352675,-0.04680418663561005,-0.20562468578006984,TRUE
CASP12,ENSG00000204403.9,FALSE,100,0.02,0,-0.13143648931409463,-0.34261875121202934,0.028738703144827585,-0.1536967002495031,TRUE
CCDC142,ENSG00000135637.14,FALSE,100,0.02,0,0.24747407715968758,0.0840595625493124,0.3792037042740545,0.2503413192740498,TRUE
CCDC7,ENSG00000216937.13,FALSE,100,0.02,0,0.24565692847981557,0.028482648497531335,0.38539924665823744,0.20296881295761193,TRUE
CCNO,ENSG00000152669.9,FALSE,100,0.02,0,0.24427410480248962,0.08234474012761539,0.3823920196745959,0.22594958445983088,TRUE
CLK1,ENSG00000013441.16,FALSE,100,0.02,0,0.18639589205327528,-0.027956898492685248,0.3652781911301864,0.1711782148210717,TRUE
CLVS2,ENSG00000146352.13,FALSE,100,0.02,0,-0.20849308343115505,-0.3990836529882985,-0.0755424457207062,-0.2306682491664906,TRUE
CTSE,ENSG00000196188.12,FALSE,100,0.02,0,-0.229676520646732,-0.39017333465146564,-0.045438850488133724,-0.22032068257571072,TRUE
CUZD1,ENSG00000138161.14,FALSE,100,0.02,0,0.2532681173494325,0.09142798483646719,0.3997200833813356,0.22292120216138603,TRUE
DACH2,ENSG00000126733.21,FALSE,100,0.02,0,-0.2048276032769768,-0.39418789358444856,-0.043674850780352284,-0.20674253150135696,TRUE
DIRAS1,ENSG00000176490.5,FALSE,100,0.02,0,0.22500278380614372,0.07339654830112519,0.3771242782071379,0.2292890907302524,TRUE
EPB41L4B,ENSG00000095203.14,FALSE,100,0.02,0,0.28803022287215696,0.17124864442912113,0.39845191457691154,0.28266519708570403,TRUE
ERMP1,ENSG00000099219.14,FALSE,100,0.02,0,-0.1893544774229432,-0.39576932532544085,0.008778094949059189,-0.20687589943587367,TRUE
EYA3,ENSG00000158161.16,FALSE,100,0.02,0,-0.2830821287995177,-0.39820316603743666,-0.1505100262041835,-0.2881955132640119,TRUE
FOXL1,ENSG00000176678.6,FALSE,100,0.02,0,0.1690381253270059,0.025504401776972628,0.39048486117352105,0.17230253311891633,TRUE
GPD1L,ENSG00000152642.11,FALSE,100,0.02,0,-0.16370918212253383,-0.37534730880404366,0.033191606148791006,-0.1993191285623377,TRUE
GRIK5,ENSG00000105737.9,FALSE,100,0.02,0,0.17884460676908814,0.02780661227934485,0.3843312394471241,0.1776311230116858,TRUE
GRIP2,ENSG00000144596.13,FALSE,100,0.02,0,0.2333855481938899,0.03728698989081665,0.3754601627518126,0.21598240952635603,TRUE
GYPA,ENSG00000170180.22,FALSE,100,0.02,0,-0.21664944806177422,-0.4035737516908297,-0.035012974883901635,-0.22627001114127657,TRUE
HMCN1,ENSG00000143341.12,FALSE,100,0.02,0,-0.238694959027771,-0.37204762299441463,-0.09492572873016518,-0.25493580289246215,TRUE
HOXA11,ENSG00000005073.6,FALSE,100,0.02,0,0.2527294458492102,0.10548473280923665,0.3850801079751117,0.2429147741299326,TRUE
IL15RA,ENSG00000134470.21,FALSE,100,0.02,0,0.17500119024795352,-0.014125897031920256,0.3808586149310648,0.18008741834401792,TRUE
ITPKA,ENSG00000137825.11,FALSE,100,0.02,0,0.24774860022496453,0.14046810873516025,0.3586280637870677,0.25751137548712805,TRUE
KLC3,ENSG00000104892.17,FALSE,100,0.02,0,0.23083768688308953,0.07845910646064276,0.3801185786185244,0.2147774476130956,TRUE
LIX1,ENSG00000145721.12,FALSE,100,0.02,0,-0.23862623415068668,-0.3917360598351388,-0.05596551912080561,-0.21796893330962316,TRUE
MAP3K15,ENSG00000180815.14,FALSE,100,0.02,0,0.25124456564178094,0.057407867488715465,0.37864205854157934,0.23518299717121077,TRUE
MCF2,ENSG00000101977.21,FALSE,100,0.02,0,-0.14176905599502831,-0.34027437709331876,0.04434283214803962,-0.13860740003043764,TRUE
MCM10,ENSG00000065328.17,FALSE,100,0.02,0,0.2123667296926149,-0.026746869228035007,0.38853578892017304,0.205784704859809,TRUE
MUC3A,ENSG00000169894.18,FALSE,100,0.02,0,0.1867638654512171,0.0056914331324877995,0.38151391737769813,0.20658301778582425,TRUE
NDST2,ENSG00000166507.19,FALSE,100,0.02,0,0.2536638622071027,0.10208287230457726,0.3863283394844222,0.23543843989901672,TRUE
NFKBID,ENSG00000167604.15,FALSE,100,0.02,0,0.2509624655994186,0.039315350582820284,0.3965456420886644,0.24717592640373445,TRUE
NME3,ENSG00000103024.7,FALSE,100,0.02,0,0.14239608194180958,-0.016516904158592607,0.31439120598118553,0.1496578255608844,TRUE
NTN5,ENSG00000142233.14,FALSE,100,0.02,0,0.25779937776078704,0.07959169875917035,0.3866714109257982,0.24443745465992436,TRUE
NUDT10,ENSG00000122824.11,FALSE,100,0.02,0,0.20727424791429971,0.0388592158405712,0.3788308680147082,0.19473409131106145,TRUE
PDK1,ENSG00000152256.14,FALSE,100,0.02,0,-0.1816498749592357,-0.36113055244664594,0.007933682143166487,-0.1830439788865767,TRUE
PLD4,ENSG00000166428.14,FALSE,100,0.02,0,-0.2516380840199447,-0.3777353740298617,-0.10400326610989534,-0.24238742540439048,TRUE
PREX2,ENSG00000046889.19,FALSE,100,0.02,0,0.13648899088857494,-0.07023252922774509,0.3612622274963648,0.11807042212708985,TRUE
SHC3,ENSG00000148082.10,FALSE,100,0.02,0,0.21100345004501042,0.07740569489918417,0.3685330243945014,0.21281400129145103,TRUE
SIGLEC16,ENSG00000161643.13,FALSE,100,0.02,0,0.1880571612756825,0.015808597405488158,0.39313057653670214,0.1927818468917881,TRUE
SIRPB2,ENSG00000196209.13,FALSE,100,0.02,0,0.14270883864354714,-0.0765438627999626,0.33688830719042917,0.13784577333263232,TRUE
SIX1,ENSG00000126778.12,FALSE,100,0.02,0,0.25711149982945064,0.13465907489197232,0.40028255839466154,0.2647129089641991,TRUE
SLC4A5,ENSG00000188687.17,FALSE,100,0.02,0,0.22125967354793713,0.09327190914221328,0.37781573948568564,0.23265570588955137,TRUE
SLC7A10,ENSG00000130876.11,FALSE,100,0.02,0,0.22334772817580542,0.046465628877049456,0.3897514718980858,0.22565100394166204,TRUE
SPC25,ENSG00000152253.9,FALSE,100,0.02,0,0.22974266122146775,0.03752766384356103,0.3915662105197345,0.22574967959123035,TRUE
SPINK5,ENSG00000133710.16,FALSE,100,0.02,0,-0.18297593539127996,-0.3817049709384823,0.05363133251067917,-0.16356893526719735,TRUE
STEAP3,ENSG00000115107.20,FALSE,100,0.02,0,0.2588562077307368,0.0836170850680831,0.38807613007671626,0.25215073768766105,TRUE
SYT1,ENSG00000067715.14,FALSE,100,0.02,0,0.27147891514743916,0.07624547334102724,0.37925272980000246,0.2540782480386013,TRUE
SYT7,ENSG00000011347.10,FALSE,100,0.02,0,0.28352306867550725,0.14630383597431817,0.3895473213310606,0.28660267724681426,TRUE
TMEM132A,ENSG00000006118.15,FALSE,100,0.02,0,0.2258502770625478,0.06073766268149576,0.40222435771604337,0.24219120412738104,TRUE
TRIB1,ENSG00000173334.4,FALSE,100,0.02,0,0.18612027776410317,0.03996840961222377,0.3653123828086342,0.18391979057913213,TRUE
TRIM34,ENSG00000258659.7,FALSE,100,0.02,0,0.22346276564993006,0.09879825261591435,0.3837111845318607,0.21462029265385668,TRUE
TSPAN32,ENSG00000064201.16,FALSE,100,0.02,0,0.20392372495922928,0.04038766460938929,0.37989058371189044,0.20415734253180473,TRUE
WDR90,ENSG00000161996.19,FALSE,100,0.02,0,0.2463422883769294,0.05675647468918282,0.40276105264897766,0.249642534329242,TRUE
XCR1,ENSG00000173578.8,FALSE,100,0.02,0,-0.20734193664474196,-0.3938550436003037,-0.050794018416805115,-0.20571497901586944,TRUE
ACAP1,ENSG00000072818.12,FALSE,100,0.01,0,0.1950668492088181,0.03229037535767493,0.3581925436102401,0.20613208319335055,TRUE
ACO1,ENSG00000122729.19,FALSE,100,0.01,0,-0.19030320165655645,-0.3643641897608114,-0.02650117002821142,-0.19647475389220917,TRUE
ADAMTS2,ENSG00000087116.16,FALSE,100,0.01,0,0.1733472178239808,0.01863392907723508,0.3558478273472405,0.17189909227707054,TRUE
ADAMTSL4,ENSG00000143382.15,FALSE,100,0.01,0,0.22812711219210385,0.10353430616570825,0.3682614979338341,0.23262267697205105,TRUE
AGBL3,ENSG00000146856.14,FALSE,100,0.01,0,-0.13494037660014704,-0.3207927741400781,0.060893830477185426,-0.14261292907790712,TRUE
AGR3,ENSG00000173467.9,FALSE,100,0.01,0,0.27721340205333456,0.15969635627841813,0.3782457790423356,0.2646955690933871,TRUE
AKAP4,ENSG00000147081.15,FALSE,100,0.01,0,-0.17979047534697679,-0.390662523026142,-0.022809835420933282,-0.19152135304862197,TRUE
AKR1C1,ENSG00000187134.14,FALSE,100,0.01,0,-0.23057794920236685,-0.36710940891150234,-0.07334099598397277,-0.21895887077025636,TRUE
ALAS1,ENSG00000023330.15,FALSE,100,0.01,0,-0.12184700163117645,-0.343379775122297,0.043819121517300344,-0.15023781232427824,TRUE
ALDH1L2,ENSG00000136010.14,FALSE,100,0.01,0,0.25271212970718104,0.108751332329251,0.38191228147628786,0.24672158963184151,TRUE
ALOX15B,ENSG00000179593.16,FALSE,100,0.01,0,-0.11012198789636923,-0.28652494748125135,0.10268291941230984,-0.09913985317058728,TRUE
ALX1,ENSG00000180318.4,FALSE,100,0.01,0,0.151533532767492,-0.011942829421781655,0.30557066788357706,0.15012156728644716,TRUE
ANKRD2,ENSG00000165887.12,FALSE,100,0.01,0,-0.04268949913535791,-0.28071007178896146,0.14342772174957885,-0.02583150558629611,TRUE
ASAP3,ENSG00000088280.19,FALSE,100,0.01,0,0.16749592202586872,0.0313351490362413,0.36786965430614904,0.1963108678402148,TRUE
ATP6V1C2,ENSG00000143882.12,FALSE,100,0.01,0,0.2855884350428612,0.1818045501208238,0.3761342176182468,0.3044443283819943,TRUE
ATP6V1H,ENSG00000047249.18,FALSE,100,0.01,0,-0.04414210912641986,-0.2951897767739926,0.1346066611020956,-0.0577157821769311,TRUE
AZGP1,ENSG00000160862.13,FALSE,100,0.01,0,-0.21846364858546152,-0.3546755037220167,-0.08823262540807583,-0.2156071602733853,TRUE
B3GNT8,ENSG00000177191.2,FALSE,100,0.01,0,0.20879903865124655,0.05115151869871745,0.35739601917036706,0.19902631524815115,TRUE
B4GALNT3,ENSG00000139044.12,FALSE,100,0.01,0,0.1872630384747423,0.008840398701703644,0.34750995445817057,0.17298920170754137,TRUE
BMPR1B,ENSG00000138696.11,FALSE,100,0.01,0,0.19300752899861656,0.030595943617667203,0.3517065403367433,0.17625714932564254,TRUE
BTC,ENSG00000174808.12,FALSE,100,0.01,0,-0.17229806096516775,-0.31866592441033625,0.016475851536473362,-0.19583378222728712,TRUE
C10orf55,ENSG00000222047.9,FALSE,100,0.01,0,0.19990735694400397,0.05055219507662703,0.3476162865629352,0.1967314132755023,TRUE
C3orf36,ENSG00000288547.3,FALSE,100,0.01,0,-0.20402551818240935,-0.3949546307756697,-0.002296951506498188,-0.2047076341308472,TRUE
CARD11,ENSG00000198286.10,FALSE,100,0.01,0,0.1248852382386682,-0.08185434125300152,0.2915901374448532,0.11189623156062302,TRUE
CCDC74A,ENSG00000163040.15,FALSE,100,0.01,0,0.1841827055472999,0.02662741974427526,0.3712424824406765,0.22176068723095868,TRUE
CCDC85B,ENSG00000175602.4,FALSE,100,0.01,0,0.1696855012229733,0.010656956732153073,0.3267088806765617,0.18529843540865143,TRUE
CCDC88A,ENSG00000115355.17,FALSE,100,0.01,0,0.17695461664655462,-0.004302344120275847,0.3693149696741147,0.15414522395035998,TRUE
CCL28,ENSG00000151882.11,FALSE,100,0.01,0,-0.1971431025361069,-0.3424937981186644,-0.029140306569051144,-0.20325467436133549,TRUE
CD180,ENSG00000134061.5,FALSE,100,0.01,0,-0.17364164865164528,-0.3516001378891721,-0.018905720561867498,-0.18123297491886936,TRUE
CD207,ENSG00000116031.9,FALSE,100,0.01,0,-0.18612896658939504,-0.3624082125985436,0.03221048643319659,-0.1976520140051136,TRUE
CDC25C,ENSG00000158402.20,FALSE,100,0.01,0,0.22205314604171564,0.06265038601418398,0.3842417203419646,0.2371390119649837,TRUE
CDH18,ENSG00000145526.12,FALSE,100,0.01,0,0.27087026422280014,0.16576923595614101,0.3859988598385564,0.26683537753214637,TRUE
CDH26,ENSG00000124215.17,FALSE,100,0.01,0,0.20856219095287304,0.09374598848235957,0.37180756004635485,0.21692721190597064,TRUE
CDKN2A,ENSG00000147889.18,FALSE,100,0.01,0,0.13662070761536316,-0.0679158022360825,0.33333405121051335,0.14855675844640295,TRUE
CELP,ENSG00000170827.9,FALSE,100,0.01,0,0.17658962102426196,0.07509017204774054,0.3806780100231959,0.16424455726343148,TRUE
CFHR4,ENSG00000134365.13,FALSE,100,0.01,0,0.2694405235259303,0.17400258295848436,0.3990551534371266,0.30545480275177295,TRUE
CGREF1,ENSG00000138028.16,FALSE,100,0.01,0,-0.2576003251522976,-0.3903378912106775,-0.07996728436576503,-0.255356321527842,TRUE
CHGA,ENSG00000100604.13,FALSE,100,0.01,0,0.26111433944247103,0.1212039777064702,0.36519440000921066,0.24135341858672915,TRUE
CHIT1,ENSG00000133063.16,FALSE,100,0.01,0,-0.09603696852412644,-0.3070798878603311,0.06775426501769252,-0.1077841024041851,TRUE
CHRDL1,ENSG00000101938.15,FALSE,100,0.01,0,0.20996101556359836,0.036645327663394955,0.32188458673133047,0.18817763717608085,TRUE
CHRNA1,ENSG00000138435.16,FALSE,100,0.01,0,-0.016758144214831905,-0.23208637865886256,0.19823378908883632,-0.01803580283254148,TRUE
CLEC2B,ENSG00000110852.4,FALSE,100,0.01,0,0.2086858389536559,0.07109476476750451,0.3702728911629998,0.22098412816021343,TRUE
CLGN,ENSG00000153132.13,FALSE,100,0.01,0,0.17956071235011667,-0.003704620677523391,0.37794183297055717,0.18552701282593104,TRUE
COL6A3,ENSG00000163359.16,FALSE,100,0.01,0,0.2171484565364492,0.08133166411526346,0.3857867468741186,0.21875810242644617,TRUE
COL9A3,ENSG00000092758.18,FALSE,100,0.01,0,0.16852547537690943,0.005719026759909866,0.3236164523590793,0.14955719142933002,TRUE
CPNE5,ENSG00000124772.12,FALSE,100,0.01,0,0.09738064208156133,-0.06443144510516695,0.32433145835569854,0.0954162097751256,TRUE
CST1,ENSG00000170373.8,FALSE,100,0.01,0,0.20751854303656792,0.05900184344765742,0.3401320165211384,0.20499457256841933,TRUE
CYP27B1,ENSG00000111012.10,FALSE,100,0.01,0,0.22493080347209635,0.09384000311590932,0.34630997486589354,0.21913108007814097,TRUE
DENND1B,ENSG00000213047.13,FALSE,100,0.01,0,-0.08580675375268082,-0.2876030908209953,0.07373914936936707,-0.11864667674603704,TRUE
DISP2,ENSG00000140323.6,FALSE,100,0.01,0,0.21324820990269314,0.08602205042461053,0.37721788191758765,0.22469794123908352,TRUE
DLGAP1,ENSG00000170579.17,FALSE,100,0.01,0,0.10601421326646226,-0.029710363817150948,0.3245036646041024,0.11436815061105458,TRUE
DNAJC5B,ENSG00000147570.10,FALSE,100,0.01,0,-0.10903947345003981,-0.3208398090957954,0.07845814707256556,-0.10555360119782926,TRUE
DSCAML1,ENSG00000177103.15,FALSE,100,0.01,0,-0.20926622665462596,-0.37738834713811487,-0.014373981070609667,-0.2170579993057153,TRUE
DSCC1,ENSG00000136982.6,FALSE,100,0.01,0,0.09537905240109697,-0.12068119280067494,0.2857284444489625,0.10977405012447844,TRUE
E2F8,ENSG00000129173.13,FALSE,100,0.01,0,0.15218581523275732,-0.006632089512991683,0.3349366586817637,0.1410031516422596,TRUE
EBF3,ENSG00000108001.15,FALSE,100,0.01,0,-0.17361813935534146,-0.3624677887646932,0.031107567522890178,-0.17038438008261209,TRUE
EFCAB3,ENSG00000172421.10,FALSE,100,0.01,0,0.17002491817203697,-0.004461799168554695,0.31663174723756593,0.159957482292112,TRUE
EGFL7,ENSG00000172889.16,FALSE,100,0.01,0,0.12855512864773197,-0.08007704875730379,0.36206269584399065,0.14510705474202998,TRUE
EPS8L1,ENSG00000131037.15,FALSE,100,0.01,0,0.17326092040760005,0.042924979922587536,0.3041960373541811,0.17206898950202895,TRUE
ETV7,ENSG00000010030.14,FALSE,100,0.01,0,-0.21866470860433915,-0.35942318355672187,-0.025378466117019105,-0.21687631193557785,TRUE
EXO1,ENSG00000174371.17,FALSE,100,0.01,0,0.18733153475245756,0.022708918730959197,0.3804179224839701,0.2005174608386837,TRUE
EYA1,ENSG00000104313.20,FALSE,100,0.01,0,0.19556531230899982,0.037520960054478525,0.3540925982051736,0.18124949940256335,TRUE
FAM111B,ENSG00000189057.11,FALSE,100,0.01,0,-0.17357973633430993,-0.3165134304303302,0.047569954017237154,-0.162901903511373,TRUE
FAM169A,ENSG00000198780.12,FALSE,100,0.01,0,0.0162344462606882,-0.2187427255599272,0.18613154014051772,-0.01821996778314775,FALSE
FAM78B,ENSG00000188859.7,FALSE,100,0.01,0,0.21040478464580978,0.06634663637666709,0.35476594581995985,0.2087664989502451,TRUE
FJX1,ENSG00000179431.7,FALSE,100,0.01,0,0.10301997488855535,-0.07629044110458572,0.271823871198111,0.11498981476803352,TRUE
FLT3LG,ENSG00000090554.13,FALSE,100,0.01,0,0.24016260216296986,0.07609462812659037,0.3883805319398486,0.23089903097424308,TRUE
FLT4,ENSG00000037280.16,FALSE,100,0.01,0,-0.17863627450453984,-0.36139861099295867,0.022188652911667037,-0.18652768875760267,TRUE
FMNL1,ENSG00000184922.14,FALSE,100,0.01,0,0.21722972759029263,0.028475216042461858,0.4006104880398357,0.2267175042453369,TRUE
FRY,ENSG00000073910.22,FALSE,100,0.01,0,-0.22193918919490097,-0.3546398360332994,-0.09892311274649535,-0.23207861500291987,TRUE
GABRB1,ENSG00000163288.14,FALSE,100,0.01,0,-0.20176666312134073,-0.3907307248803852,0.011343656269784572,-0.18536701430117655,TRUE
GDF3,ENSG00000184344.4,FALSE,100,0.01,0,-0.19910066922076408,-0.3767210539429757,-0.021662276612591527,-0.19430960089871807,TRUE
GLYATL2,ENSG00000156689.7,FALSE,100,0.01,0,-0.20125474094792867,-0.369947174463394,-0.02670240230857207,-0.1961378258401897,TRUE
HES4,ENSG00000188290.11,FALSE,100,0.01,0,0.14573081493073492,-0.0063687137865386,0.3846381531744101,0.15823366572443942,TRUE
HLA-DPB2,ENSG00000224557.7,FALSE,100,0.01,0,-0.14417227124305998,-0.2800950480330352,0.03190474783145884,-0.13627120854561894,TRUE
HMMR,ENSG00000072571.20,FALSE,100,0.01,0,0.18622020877796167,0.01001436206181238,0.36436010579883843,0.18567380878474649,TRUE
HOXB13,ENSG00000159184.8,FALSE,100,0.01,0,0.22808564247932772,0.0846219513990524,0.3842249507807019,0.22992370786154484,TRUE
HS3ST2,ENSG00000122254.7,FALSE,100,0.01,0,-0.12241105105331287,-0.32803457981640305,0.0749582390677038,-0.1338957813039905,TRUE
HS6ST2,ENSG00000171004.18,FALSE,100,0.01,0,0.2460501484686785,0.10431916315049843,0.38406455226154185,0.22894832262209033,TRUE
HTRA4,ENSG00000169495.5,FALSE,100,0.01,0,0.08997224559770502,-0.14860217175603196,0.25728381792351795,0.07809251217413188,TRUE
ICAM3,ENSG00000076662.10,FALSE,100,0.01,0,-0.16778763238015942,-0.37743532156537696,0.028121786589232024,-0.1669343582564949,TRUE
IGFALS,ENSG00000099769.6,FALSE,100,0.01,0,0.17730441142310038,-0.02617054035000376,0.34903348168489773,0.16963462493667522,TRUE
IL11,ENSG00000095752.7,FALSE,100,0.01,0,0.2765410441357822,0.16250616140510885,0.3854765430113736,0.2679420479359078,TRUE
IL2RA,ENSG00000134460.18,FALSE,100,0.01,0,0.18510545933685768,0.001108847778980516,0.36668468004265187,0.1667553859945606,TRUE
INO80E,ENSG00000169592.15,FALSE,100,0.01,0,0.1989337590691734,0.009315705558986281,0.37065246249024864,0.19768987441945407,TRUE
KCNB1,ENSG00000158445.10,FALSE,100,0.01,0,-0.1951714650171012,-0.3704869636148782,0.017976225137142893,-0.1841028139798044,TRUE
KCNE3,ENSG00000175538.11,FALSE,100,0.01,0,-0.18939172846413166,-0.35911384060920404,0.001363253674744169,-0.1887986535351591,TRUE
KCNV1,ENSG00000164794.9,FALSE,100,0.01,0,-0.17792399029857356,-0.3272605382613304,0.013375039502034197,-0.1713757116032145,TRUE
KHDRBS2,ENSG00000112232.10,FALSE,100,0.01,0,0.14447224587615942,-0.013520718807228153,0.28652508015093736,0.12726834786562205,TRUE
KLHL3,ENSG00000146021.15,FALSE,100,0.01,0,0.2669779025918367,0.1089136077560938,0.3785434513715773,0.25915262456890326,TRUE
LHX2,ENSG00000106689.11,FALSE,100,0.01,0,0.1600407932887382,0.023384161566498245,0.25407868769188835,0.14248954848925874,TRUE
LIPG,ENSG00000101670.12,FALSE,100,0.01,0,0.16040401299940757,-0.019035197270692833,0.3696903592085301,0.17537844966586202,TRUE
LOC100130691,ENSG00000213963.6,FALSE,100,0.01,0,0.15271396595463818,0.027229270287460812,0.3395339388596363,0.13946759140328308,TRUE
LOXL2,ENSG00000134013.16,FALSE,100,0.01,0,0.1970044104608641,0.006753160329365217,0.3596972416159514,0.19899550473449976,TRUE
LRRC38,ENSG00000162494.6,FALSE,100,0.01,0,0.17216593719395368,-0.01402246030031417,0.33922616960265223,0.18734171421608753,TRUE
LRRC4B,ENSG00000131409.13,FALSE,100,0.01,0,0.012376365198793617,-0.26292490291338955,0.222159886348591,0.02475840892276947,TRUE
LYG2,ENSG00000185674.9,FALSE,100,0.01,0,0.2287243553344572,0.10698873756801938,0.3643086724465903,0.2237385903524493,TRUE
MCHR1,ENSG00000128285.4,FALSE,100,0.01,0,0.13912263409677628,-0.020328629408936025,0.30975191507808847,0.14596282630654886,TRUE
MEIG1,ENSG00000197889.10,FALSE,100,0.01,0,0.18605061794154093,0.004147105369286348,0.34895465515459856,0.19045804180232964,TRUE
MEX3B,ENSG00000183496.6,FALSE,100,0.01,0,0.25309004870468654,0.08857072005218648,0.38401787953901534,0.2352131882512493,TRUE
MKI67,ENSG00000148773.14,FALSE,100,0.01,0,0.15989215298034304,-0.0573280594614226,0.36150211902482166,0.16488164356641802,TRUE
MMP1,ENSG00000196611.5,FALSE,100,0.01,0,0.1669722675057505,-0.0013501940107015014,0.32376920365183515,0.17177973180540848,TRUE
MSH4,ENSG00000057468.7,FALSE,100,0.01,0,0.25527336090559744,0.10321411367879454,0.3652867607466446,0.24116678560042343,TRUE
MSX1,ENSG00000163132.8,FALSE,100,0.01,0,0.16107948944156122,0.027766160384147462,0.3592538108477764,0.18452067946692793,TRUE
MTCP1,ENSG00000214827.11,FALSE,100,0.01,0,0.1994963830695761,0.026563245819067348,0.37721611672019584,0.18711069107790404,TRUE
MYO10,ENSG00000145555.15,FALSE,100,0.01,0,0.120208537751223,-0.05134390448836326,0.3563547970052098,0.12189470081440924,TRUE
NCOA7,ENSG00000111912.20,FALSE,100,0.01,0,-0.21909920442809666,-0.38669540173877803,-0.05376210182624758,-0.23828150257077343,TRUE
NETO1,ENSG00000166342.19,FALSE,100,0.01,0,-0.17142347956026194,-0.3655246362090431,-0.026807972339758988,-0.17512935354008372,TRUE
NINL,ENSG00000101004.15,FALSE,100,0.01,0,0.1896975201973641,0.04234818606585952,0.36531136053244934,0.19329725663012828,TRUE
NMU,ENSG00000109255.11,FALSE,100,0.01,0,0.22792358433248797,0.058548987663024556,0.36224331583422636,0.23495998212790045,TRUE
NNMT,ENSG00000166741.8,FALSE,100,0.01,0,7.595235084732647e-4,-0.18058279711515354,0.23102350947025319,0.01616309518001555,TRUE
NOG,ENSG00000183691.6,FALSE,100,0.01,0,0.18832027500081405,0.06570881863927931,0.32837661231717197,0.1937642771312817,TRUE
NOL3,ENSG00000140939.14,FALSE,100,0.01,0,0.0094320367960312,-0.15707776397643733,0.20030517156662753,0.03573479489791612,TRUE
NPY1R,ENSG00000164128.7,FALSE,100,0.01,0,-0.10058632897069684,-0.2976400612687481,0.07281638505306617,-0.1148730292350958,TRUE
OCLN,ENSG00000197822.11,FALSE,100,0.01,0,-0.20810827051617942,-0.35928823459467263,-0.08292870121026712,-0.22631466190648292,TRUE
OLFML2B,ENSG00000162745.10,FALSE,100,0.01,0,0.15508190093596796,0.038137094108403616,0.35176964947107014,0.1620142861930753,TRUE
P2RY1,ENSG00000169860.7,FALSE,100,0.01,0,-0.21610220568070126,-0.3839241659891387,-0.044315091925880186,-0.220573339325895,TRUE
PARD3B,ENSG00000116117.18,FALSE,100,0.01,0,-0.26889335267773273,-0.39505328890125896,-0.10564340927267293,-0.27255866807035184,TRUE
PARP15,ENSG00000173200.13,FALSE,100,0.01,0,0.2246366962402654,0.04121181036884885,0.36186136413893055,0.2136907984390433,TRUE
PARVG,ENSG00000138964.17,FALSE,100,0.01,0,0.15501559669657955,-0.04727385442501079,0.3421761696012007,0.16213909492971776,TRUE
PATL2,ENSG00000229474.7,FALSE,100,0.01,0,0.22323397999784483,0.060147847809098945,0.36710182966246657,0.22416758055868577,TRUE
PCDH1,ENSG00000156453.14,FALSE,100,0.01,0,-0.14894777514849555,-0.33585288090215926,0.08183765874928048,-0.1546826900199433,TRUE
PCDHGC3,ENSG00000240184.7,FALSE,100,0.01,0,-0.27418743038171733,-0.3927649679952684,-0.14756974190695776,-0.2812543031356635,TRUE
PCGEM1,ENSG00000227418.6,FALSE,100,0.01,0,-0.1741451161495087,-0.337253314534985,0.009803255211389663,-0.17227363566535422,TRUE
PDE6G,ENSG00000185527.12,FALSE,100,0.01,0,0.02791468440369547,-0.1390936308275364,0.24618747955767573,0.04442295970419503,TRUE
PGF,ENSG00000119630.14,FALSE,100,0.01,0,0.004117332293071794,-0.14364944240894184,0.2566026716026599,0.02021104430408627,TRUE
PGM5,ENSG00000154330.13,FALSE,100,0.01,0,-0.19016757163390552,-0.36939653272832107,-0.057610669576285536,-0.2275288943536472,TRUE
PHF21B,ENSG00000056487.16,FALSE,100,0.01,0,0.20522739629347456,0.033803713019259815,0.35060738190862584,0.1916824863064754,TRUE
PIK3R6,ENSG00000276231.5,FALSE,100,0.01,0,0.239232291134026,0.09206441357868515,0.3945868342908416,0.2417929714916115,TRUE
PITX1,ENSG00000069011.16,FALSE,100,0.01,0,0.2379528882456718,0.10028950241378812,0.40031876443609815,0.23955699801752825,TRUE
PLA2G7,ENSG00000146070.17,FALSE,100,0.01,0,-0.02002807379085196,-0.1893966434282814,0.18241261640792417,-0.02605973854761716,TRUE
PPIL6,ENSG00000185250.16,FALSE,100,0.01,0,-0.13519281009360007,-0.35994646018270426,0.07660274872758083,-0.14580639640181114,TRUE
PPP4R4,ENSG00000119698.12,FALSE,100,0.01,0,0.1845526996382319,0.055519058972372456,0.3453498878693556,0.20247639638536769,TRUE
PRSS22,ENSG00000005001.10,FALSE,100,0.01,0,0.2550039969580912,0.09990637779421577,0.3818102636661854,0.24502921351967996,TRUE
PRSS37,ENSG00000165076.14,FALSE,100,0.01,0,0.20912292924722753,0.0901898299576139,0.3940974360650662,0.1831707642421045,TRUE
PSMB9,ENSG00000240065.8,FALSE,100,0.01,0,-0.15188683384225676,-0.3068590900827408,0.005799239913214182,-0.13743981509562697,TRUE
PTPRH,ENSG00000080031.10,FALSE,100,0.01,0,0.2882641412056529,0.16176893891118788,0.3911391527390282,0.27905087562842174,TRUE
RAB11FIP1,ENSG00000156675.16,FALSE,100,0.01,0,-0.1512406471277164,-0.32854668408682575,0.007716562940935916,-0.17464015551733608,TRUE
RASSF10,ENSG00000189431.8,FALSE,100,0.01,0,0.08949154975442455,-0.07951224423936545,0.2979431102604255,0.08144191516699732,TRUE
RDH8,ENSG00000080511.5,FALSE,100,0.01,0,0.2344715289359301,0.11214408340634525,0.3311255620549272,0.24435293585307727,TRUE
RDM1,ENSG00000278023.7,FALSE,100,0.01,0,0.04946096048309442,-0.11995115278332211,0.2449254321420214,0.07611200334510519,TRUE
RGS9BP,ENSG00000186326.4,FALSE,100,0.01,0,-0.12051467980956705,-0.29526257851305526,0.04782161536392199,-0.11296028205499184,TRUE
RPA4,ENSG00000204086.4,FALSE,100,0.01,0,0.24846763482465717,0.07840838929506376,0.38952821297213136,0.22925904500413613,TRUE
RPL22L1,ENSG00000163584.18,FALSE,100,0.01,0,0.25918360046651523,0.1292274481680174,0.381024201736585,0.2724898165635177,TRUE
SCUBE1,ENSG00000159307.19,FALSE,100,0.01,0,0.11601873281689619,-0.09767536585458174,0.32478748654434053,0.10386837288009952,TRUE
SELE,ENSG00000007908.16,FALSE,100,0.01,0,-0.1775869362371699,-0.35355305223137956,0.011557213557206845,-0.18495486767024943,TRUE
SERPINB9,ENSG00000170542.6,FALSE,100,0.01,0,0.12048880199239911,-0.02584702750301763,0.34377061087426175,0.12266159643506584,TRUE
SFRP2,ENSG00000145423.5,FALSE,100,0.01,0,0.17587966228472654,0.029832040999026498,0.3612847583817755,0.1772540030535384,TRUE
SH2D1B,ENSG00000198574.6,FALSE,100,0.01,0,-0.2049381844142916,-0.3885836890062786,-0.062185335444270254,-0.2161050804904513,TRUE
SHC1,ENSG00000160691.19,FALSE,100,0.01,0,0.18682537540692057,0.040963992153907114,0.33939227294001223,0.2056714722649048,TRUE
SLC2A5,ENSG00000142583.18,FALSE,100,0.01,0,-0.1900866425885075,-0.34571770908880795,0.020718317933526784,-0.19036403070845292,TRUE
SLC8A1,ENSG00000183023.18,FALSE,100,0.01,0,-0.23783195260265985,-0.34871711931278815,-0.07492472165260179,-0.2500754299947141,TRUE
SNTG1,ENSG00000147481.17,FALSE,100,0.01,0,0.2206046131280197,0.1089212149646063,0.31499146898169894,0.20960727773470456,TRUE
STARD9,ENSG00000159433.12,FALSE,100,0.01,0,0.18853411705663903,0.050617832031178756,0.34565964012201345,0.19040327315974975,TRUE
SYTL1,ENSG00000142765.18,FALSE,100,0.01,0,0.2518860306925115,0.09019610813802863,0.3917035766821915,0.24916623469206675,TRUE
TBC1D9,ENSG00000109436.8,FALSE,100,0.01,0,-0.1229870739710871,-0.28176738035205195,0.07796342691007206,-0.1464983005428822,TRUE
TFAP2C,ENSG00000087510.7,FALSE,100,0.01,0,0.24617016346437104,0.07872885633776022,0.36092120134549066,0.2222680332785906,TRUE
TFR2,ENSG00000106327.13,FALSE,100,0.01,0,0.2617709437852375,0.10068055591828975,0.39111716102213323,0.2691975418962594,TRUE
THSD7A,ENSG00000005108.16,FALSE,100,0.01,0,-0.21264048446044587,-0.3685650149885734,-0.024385533539728405,-0.2375305224488382,TRUE
TMC8,ENSG00000167895.15,FALSE,100,0.01,0,0.1900147096725154,-0.004874855979903343,0.3733536586590833,0.19131691966187328,TRUE
TMCC2,ENSG00000133069.17,FALSE,100,0.01,0,0.14619837317657003,0.015578355301406274,0.31049447436408883,0.14955569558147397,TRUE
TMEM91,ENSG00000142046.15,FALSE,100,0.01,0,0.14368083804328063,-0.009788512477508123,0.3256248358494772,0.16408162404301666,TRUE
TNFRSF18,ENSG00000186891.14,FALSE,100,0.01,0,0.23633037947514757,0.0476122797688532,0.3800350806557778,0.23338658068263743,TRUE
TPSB2,ENSG00000197253.13,FALSE,100,0.01,0,-0.1419019044470865,-0.34153332501666467,0.019577999447117626,-0.14510353111612598,TRUE
TRIM59,ENSG00000213186.8,FALSE,100,0.01,0,0.16290632368760088,-0.02568805871693325,0.3501583966681775,0.1617751569507747,TRUE
TRPM2,ENSG00000142185.16,FALSE,100,0.01,0,0.19425190052938185,0.013661951282128982,0.37534353462493153,0.18979835186971383,TRUE
UXS1,ENSG00000115652.15,FALSE,100,0.01,0,-0.17063793886997253,-0.3556963712736283,-0.008598707561415623,-0.1667940028480865,TRUE
WNT7B,ENSG00000188064.10,FALSE,100,0.01,0,0.2784875958712466,0.13850866880205165,0.38545747419380105,0.26334326499689814,TRUE
ZAP70,ENSG00000115085.14,FALSE,100,0.01,0,0.17267866022289574,0.0011057668063517898,0.3532465346853499,0.1843218922515732,TRUE
ZBTB32,ENSG00000011590.14,FALSE,100,0.01,0,0.20216773303558486,0.012514108694833858,0.3597183104615136,0.1882357036677626,TRUE
ZDHHC15,ENSG00000102383.14,FALSE,100,0.01,0,-0.1885993483904953,-0.34311072898844547,0.012808340892585758,-0.19457074505743563,TRUE
ZIC2,ENSG00000043355.12,FALSE,100,0.01,0,0.2733325557502855,0.1785338038562984,0.3939344889082986,0.27727982195619716,TRUE
ZNF354B,ENSG00000178338.11,FALSE,100,0.01,0,0.18550173363166644,-0.013479703780090165,0.3549709490286429,0.16489585663163325,TRUE
ZNF425,ENSG00000204947.9,FALSE,100,0.01,0,-0.16126155712835916,-0.32919509643616107,0.0019668404036839128,-0.15080255734338302,TRUE
ZNF488,ENSG00000265763.4,FALSE,100,0.01,0,0.19721391701752772,0.03723765619622993,0.36359117740691327,0.18145041231495243,TRUE
ABCA1,ENSG00000165029.17,FALSE,100,0,0,-0.11201299939522859,-0.2478432023811375,0.09118737740793476,-0.11876902644396262,TRUE
ABCA13,ENSG00000179869.15,FALSE,100,0,0,0.23935240827897675,0.10007825751163509,0.39042521303410627,0.2320852148155642,TRUE
ABCA8,ENSG00000141338.14,FALSE,100,0,0,-0.058322844158718204,-0.16945089738369246,0.08140473200394882,-0.05537838273033985,TRUE
ABCB4,ENSG00000005471.19,FALSE,100,0,0,-0.18138213607707843,-0.35250224581826606,0.02757844803643672,-0.1784881192541908,TRUE
ABCB6,ENSG00000115657.14,FALSE,100,0,0,0.1661314621493986,0.006489489088869737,0.3436554937365116,0.17032465671280142,TRUE
ABCC3,ENSG00000108846.16,FALSE,100,0,0,0.05723197698028021,-0.11166057773562676,0.24864318208302566,0.05528474721694214,TRUE
ABI3,ENSG00000108798.9,FALSE,100,0,0,-0.1967963786766525,-0.3723872131998782,-0.04540501129949362,-0.1933051660371662,TRUE
ABTB2,ENSG00000166016.6,FALSE,100,0,0,-0.08616074668283258,-0.250674373195322,0.10059915203016738,-0.07530611587549844,TRUE
ACAD8,ENSG00000151498.12,FALSE,100,0,0,-0.0820822404442936,-0.2598313558709478,0.11783275377748276,-0.08927291591273237,TRUE
ACAN,ENSG00000157766.19,FALSE,100,0,0,-0.15797895731902145,-0.347879493253198,0.038492357713575426,-0.1675801032770288,TRUE
ACOT11,ENSG00000162390.18,FALSE,100,0,0,-0.1124304797067663,-0.29827401415998045,0.02641846456012103,-0.10309024325942874,TRUE
ACOT12,ENSG00000172497.9,FALSE,100,0,0,-0.014528445327432929,-0.1779767429409299,0.15659273143651492,-0.00851624890150218,TRUE
ACOT6,ENSG00000205669.4,FALSE,100,0,0,0.0862097243811493,-0.07311303181708541,0.24796894677189313,0.08916929166469315,TRUE
ACOX2,ENSG00000168306.13,FALSE,100,0,0,-0.15003661488482417,-0.2911243759331487,0.010705163333990126,-0.1346373013134183,TRUE
ACRBP,ENSG00000111644.8,FALSE,100,0,0,0.012744231471668022,-0.17885450633730263,0.22502111380759116,0.02653544117419516,TRUE
ACSBG2,ENSG00000130377.13,FALSE,100,0,0,-0.01790986197689532,-0.16844714094129346,0.13469828525012187,-0.01615935803724072,TRUE
ACSF2,ENSG00000167107.13,FALSE,100,0,0,0.09119510433775699,-0.03508004794070039,0.27089045104765064,0.10917931503200602,TRUE
ACSL4,ENSG00000068366.20,FALSE,100,0,0,-0.010678667520603986,-0.17421047367678705,0.17945693392912565,-0.01720917962273461,TRUE
ACSL6,ENSG00000164398.15,FALSE,100,0,0,-0.040479909109691306,-0.2395343425834694,0.12036923982277918,-0.05362659066315931,TRUE
ACTG2,ENSG00000163017.14,FALSE,100,0,0,-0.15324806481741848,-0.31625492402372757,0.0618636893840806,-0.13732420314751073,TRUE
ACY1,ENSG00000243989.9,FALSE,100,0,0,0.1627905761714249,-0.006008600837957131,0.30482132443814575,0.17937073106742657,TRUE
ADAD2,ENSG00000140955.11,FALSE,100,0,0,0.09818193834775368,-0.06386158422721228,0.23213880812370652,0.10502356158264987,TRUE
ADAM28,ENSG00000042980.13,FALSE,100,0,0,0.07728878399693916,-0.12806042109405474,0.28068138889499705,0.06511387028075069,TRUE
ADAMDEC1,ENSG00000134028.14,FALSE,100,0,0,0.026437846406358635,-0.17536276484354496,0.1979729901550938,0.02118003076742662,TRUE
ADAMTS15,ENSG00000166106.3,FALSE,100,0,0,0.041696802826835494,-0.14383796732104565,0.19680263181288837,0.03550760850943638,TRUE
ADAMTS18,ENSG00000140873.16,FALSE,100,0,0,0.02889611713631473,-0.1530508300785397,0.24429212864832087,0.01122906855780693,TRUE
ADAMTS19,ENSG00000145808.10,FALSE,100,0,0,0.025385383751648956,-0.12058306163300703,0.15701649212237995,0.00804384795760793,TRUE
ADAMTS8,ENSG00000134917.10,FALSE,100,0,0,-0.02246989282431609,-0.24058561164003534,0.12370040220155319,-0.03245657914200201,TRUE
ADAMTSL2,ENSG00000197859.11,FALSE,100,0,0,-0.08196024007698408,-0.224707816265091,0.13723119331824557,-0.08484027612911711,TRUE
ADAP2,ENSG00000184060.11,FALSE,100,0,0,0.13214873652317324,-0.051803373681106775,0.31906387017171217,0.1265101557544049,TRUE
ADCY7,ENSG00000121281.13,FALSE,100,0,0,0.0983003359126105,-0.10745438435382954,0.2860357794373576,0.07379278978448327,TRUE
ADCY8,ENSG00000155897.10,FALSE,100,0,0,-0.1158682131893144,-0.2987193194565593,0.0707021441378501,-0.10906020308189136,TRUE
ADH1A,ENSG00000187758.8,FALSE,100,0,0,0.01372537999060222,-0.14889124051389818,0.1436824211821654,-0.02544549031427719,FALSE
ADH1B,ENSG00000196616.14,FALSE,100,0,0,-0.027239167828265628,-0.16612387423010322,0.12325238992905038,-0.02995436310299045,TRUE
ADH1C,ENSG00000248144.6,FALSE,100,0,0,0.05958667861979977,-0.13866029450290623,0.20881725325360495,0.0563531917679493,TRUE
ADK,ENSG00000156110.15,FALSE,100,0,0,-0.09877080740307977,-0.3445172419969209,0.05820947474321238,-0.13426515018628085,TRUE
ADM,ENSG00000148926.10,FALSE,100,0,0,-0.09982850259661251,-0.3171550346075388,0.17010887737685446,-0.08989045626489074,TRUE
ADORA1,ENSG00000163485.17,FALSE,100,0,0,0.11610680633044168,-0.03798869628096287,0.23419789618811293,0.11485265148762414,TRUE
ADORA2A,ENSG00000128271.22,FALSE,100,0,0,-0.06794980309205456,-0.2513692251882106,0.10189038793986123,-0.06149482323116757,TRUE
ADORA3,ENSG00000282608.2,FALSE,100,0,0,-0.09071192030743905,-0.26721987453648144,0.09675654384869768,-0.08936867241651629,TRUE
ADRA1D,ENSG00000171873.8,FALSE,100,0,0,0.2492683835949583,0.09580667254299433,0.3746197141301139,0.23956926838327297,TRUE
ADRA2C,ENSG00000184160.8,FALSE,100,0,0,-0.15856660112088128,-0.3295621557093664,-0.004479145902586778,-0.1504829837299875,TRUE
ADRB1,ENSG00000043591.6,FALSE,100,0,0,0.18450009505709358,0.017219277651897298,0.2880427714406844,0.20712397930795837,TRUE
AEN,ENSG00000181026.15,FALSE,100,0,0,-0.13556149490625985,-0.2851659955732436,0.019072280822101127,-0.1369710827324732,TRUE
AFAP1L2,ENSG00000169129.15,FALSE,100,0,0,0.01995678449664258,-0.1722719665953842,0.2108596679279916,0.02040345750181456,TRUE
AFMID,ENSG00000183077.15,FALSE,100,0,0,0.018768335453604845,-0.141669509593813,0.21441172351131604,0.05545927928229703,TRUE
AFP,ENSG00000081051.8,FALSE,100,0,0,0.059989861732966845,-0.07077253584625248,0.18920573689498915,0.06620325807124935,TRUE
AGAP11,ENSG00000151303.11,FALSE,100,0,0,0.04587104702578347,-0.11600315537032829,0.17599705762386966,0.04208917581952379,TRUE
AGR2,ENSG00000106541.12,FALSE,100,0,0,0.24291225377281606,0.12867036807227675,0.3602109555912659,0.2268662661246973,TRUE
AGRP,ENSG00000159723.5,FALSE,100,0,0,0.07857411790855381,-0.07501051100565725,0.23350095192308856,0.08338488734824795,TRUE
AGTR2,ENSG00000180772.7,FALSE,100,0,0,-0.06639858907621807,-0.24039546892759303,0.10550363404147746,-0.0769605602682917,TRUE
AHNAK2,ENSG00000185567.7,FALSE,100,0,0,0.11466053009158123,-0.036371519628061594,0.2982939003170522,0.13429876123685683,TRUE
AHRR,ENSG00000063438.19,FALSE,100,0,0,0.11083374366112209,-0.027447998335018896,0.24925841876438284,0.1004794100741816,TRUE
AICDA,ENSG00000111732.11,FALSE,100,0,0,0.00920699849282609,-0.1579469714534641,0.11275564752018391,0.00318516342653096,TRUE
AIF1,ENSG00000204472.13,FALSE,100,0,0,-0.02302042286358598,-0.19207984616567958,0.15366070022074665,-0.02208648841913755,TRUE
AK3,ENSG00000147853.17,FALSE,100,0,0,-0.14169919780805254,-0.31767300376741064,0.02935090750879238,-0.14552054004142717,TRUE
AK5,ENSG00000154027.19,FALSE,100,0,0,0.0978345447860734,-0.06416563761767966,0.21383987976631125,0.09120039882189453,TRUE
AKAP3,ENSG00000111254.8,FALSE,100,0,0,-0.08215881268841763,-0.2532995631529179,0.1524018803068241,-0.05934932174199975,TRUE
AKIRIN1,ENSG00000174574.16,FALSE,100,0,0,-0.048830013838046166,-0.19440307202258528,0.13103374006915197,-0.0566643139881564,TRUE
AKNA,ENSG00000106948.17,FALSE,100,0,0,0.049832673967547605,-0.11045475494585227,0.2284372018350732,0.03757001010593511,TRUE
ALB,ENSG00000163631.17,FALSE,100,0,0,-0.019971324208957232,-0.2401819811541135,0.13845683118043875,-0.0434308433874897,TRUE
ALDH1A2,ENSG00000128918.15,FALSE,100,0,0,-0.03072122414487274,-0.24120941681124636,0.10220024927210572,-0.04990260831728481,TRUE
ALDH3B2,ENSG00000132746.15,FALSE,100,0,0,0.18289491698581659,0.07635555814702867,0.2786502248821533,0.17100598869520836,TRUE
ALK,ENSG00000171094.18,FALSE,100,0,0,-0.003198199612008924,-0.20286079342311714,0.2102183125840646,-0.03308180006868177,TRUE
ALLC,ENSG00000151360.10,FALSE,100,0,0,0.17058150111232231,-0.07256142572574811,0.28235640361249825,0.15829704325008526,TRUE
ALOX12B,ENSG00000179477.11,FALSE,100,0,0,-0.13862017137221433,-0.28096790565031426,-0.008241252938001436,-0.13382267866062345,TRUE
ALOX5,ENSG00000012779.11,FALSE,100,0,0,0.1416954600585072,-0.0429709090516424,0.311119537032969,0.1321153610380376,TRUE
ALOX5AP,ENSG00000132965.10,FALSE,100,0,0,0.00512256985955853,-0.20130327699713013,0.1736907768281469,0.00719943240219447,TRUE
ALPK2,ENSG00000198796.7,FALSE,100,0,0,-0.04338752319352138,-0.2275116171215507,0.15518875549509908,-0.05546958040844935,TRUE
AMBP,ENSG00000106927.12,FALSE,100,0,0,-0.0994269808409238,-0.2893085148960821,0.0665001320227022,-0.0764394894661488,TRUE
AMFR,ENSG00000159461.15,FALSE,100,0,0,-0.04344011731222047,-0.20398587071671118,0.14366078610994662,-0.04621135225610044,TRUE
AMPH,ENSG00000078053.17,FALSE,100,0,0,0.09657101015232888,-0.0766478114370909,0.24284516723098096,0.08429961248913537,TRUE
ANG,ENSG00000214274.10,FALSE,100,0,0,-0.21892048599169872,-0.3706716261866668,-0.03671867514550724,-0.21210765243410956,TRUE
ANGPTL1,ENSG00000116194.13,FALSE,100,0,0,-0.021977333119253786,-0.18682912471731555,0.124190647376751,-0.04783048693401786,TRUE
ANGPTL2,ENSG00000136859.10,FALSE,100,0,0,-0.09527548485413243,-0.2602946794731493,0.07068878218255463,-0.08759957663755588,TRUE
ANGPTL7,ENSG00000171819.5,FALSE,100,0,0,-0.0011538947268660091,-0.18685245699879954,0.14797336978828102,-0.02025122714074622,TRUE
ANK1,ENSG00000029534.21,FALSE,100,0,0,-0.15009568837367054,-0.2968400628561567,0.0083601062663961,-0.14303960013096886,TRUE
ANK2,ENSG00000145362.20,FALSE,100,0,0,-0.1202199009723516,-0.28091713786275574,0.016349548910256976,-0.1140590271463893,TRUE
ANKHD1,ENSG00000131503.21,FALSE,100,0,0,0.1792564362353808,-0.015299472810805532,0.3094206049540775,0.15480302511779206,TRUE
ANKRD29,ENSG00000154065.17,FALSE,100,0,0,0.054298479126901375,-0.14978224215725439,0.222077737269664,0.03293155253169509,TRUE
ANKRD33,ENSG00000167612.13,FALSE,100,0,0,0.23959463062591876,0.12659592670037995,0.35312009324203475,0.2345357629374601,TRUE
ANKRD37,ENSG00000186352.9,FALSE,100,0,0,-0.06824563885370066,-0.21867762880323377,0.1594675590797898,-0.05273644666694023,TRUE
ANKRD45,ENSG00000183831.7,FALSE,100,0,0,0.013556706948983473,-0.15778120447453123,0.18262181979588477,0.02290089615086512,TRUE
ANKRD9,ENSG00000156381.9,FALSE,100,0,0,0.16502155957505318,0.01918791268607796,0.3351480921210377,0.172775459391649,TRUE
ANO1,ENSG00000131620.17,FALSE,100,0,0,-0.037565444363042405,-0.24437681142552348,0.19721968710853335,-0.04815328009214337,TRUE
ANO4,ENSG00000151572.18,FALSE,100,0,0,-0.11588289352979039,-0.3556717167374185,0.04263002578622426,-0.12231678897817992,TRUE
ANO5,ENSG00000171714.12,FALSE,100,0,0,0.11344289753801437,-0.06064558887589687,0.26817253476988057,0.09218539783418768,TRUE
ANXA1,ENSG00000135046.14,FALSE,100,0,0,-0.0052998097566170545,-0.1259838405279271,0.2169617943925754,0.00327179262151864,FALSE
ANXA3,ENSG00000138772.13,FALSE,100,0,0,-0.050883533882626134,-0.20875695737573757,0.11369840446296475,-0.05586258026022112,TRUE
ANXA9,ENSG00000143412.10,FALSE,100,0,0,-0.14730755436605134,-0.31655740273699706,0.012370242224690771,-0.14710938920509234,TRUE
AOAH,ENSG00000136250.12,FALSE,100,0,0,-0.09820446437289425,-0.2521569191476853,0.08792738683113777,-0.09411382191544564,TRUE
AP3S1,ENSG00000177879.17,FALSE,100,0,0,-0.03396036876581113,-0.22728280051805722,0.12541343701037086,-0.02982829584591029,TRUE
APBB1IP,ENSG00000077420.16,FALSE,100,0,0,-0.17975211759563336,-0.3089981056337967,-0.019213362412334976,-0.17511458326944437,TRUE
APEH,ENSG00000164062.13,FALSE,100,0,0,-0.16273264134629822,-0.35086106898135005,0.08760883561057273,-0.13455930449419878,TRUE
APOB,ENSG00000084674.15,FALSE,100,0,0,-0.1050249801753948,-0.27570621008104196,0.08462177098199207,-0.10077781184317525,TRUE
APOBEC3A,ENSG00000128383.13,FALSE,100,0,0,0.050797058958840915,-0.14095599383411697,0.23257254624146198,0.06628695690952716,TRUE
APOBEC3C,ENSG00000244509.4,FALSE,100,0,0,-0.010896075569762468,-0.16957054038393005,0.1788706876131754,0.00359774305983744,FALSE
APOBEC3F,ENSG00000128394.17,FALSE,100,0,0,0.03233479148312286,-0.11319771840690515,0.16739312999634845,0.04535544537126377,TRUE
APOBEC3G,ENSG00000239713.9,FALSE,100,0,0,0.07332888239065402,-0.0941395842656299,0.22880174431031,0.07731843118232055,TRUE
APOC1,ENSG00000130208.9,FALSE,100,0,0,0.007833957958153503,-0.1615738348107918,0.22892736667693414,0.00973284904793952,TRUE
APOC3,ENSG00000110245.12,FALSE,100,0,0,0.039514831771559816,-0.1684894417447215,0.18694941116267721,0.04332420739982013,TRUE
APOD,ENSG00000189058.9,FALSE,100,0,0,-2.4729902772094737e-4,-0.13767734805481338,0.12469846752421128,-0.00474607999603131,TRUE
APOH,ENSG00000091583.11,FALSE,100,0,0,-0.02142075346607685,-0.2079499767358235,0.1102810076701517,-0.03970704797177529,TRUE
APOL1,ENSG00000100342.21,FALSE,100,0,0,0.08626259766695918,-0.08297144256936873,0.2524214347765531,0.08728359470160792,TRUE
APOL2,ENSG00000128335.14,FALSE,100,0,0,0.14996820825135293,0.026774343872978355,0.28346331009155734,0.153590571633092,TRUE
APOO,ENSG00000184831.14,FALSE,100,0,0,0.08212082497425852,-0.07038030145387887,0.20215736376364163,0.07941689814365951,TRUE
AQP2,ENSG00000167580.8,FALSE,100,0,0,-0.02193418549642142,-0.18408450195987014,0.1389908359555974,-0.03225283576636081,TRUE
AQP5,ENSG00000161798.7,FALSE,100,0,0,0.10331743062758496,-0.10477397422037649,0.21598982971276523,0.09667959325738772,TRUE
AQP6,ENSG00000086159.13,FALSE,100,0,0,0.03388384117888437,-0.1579318490340632,0.19104267705137806,0.04451294664342376,TRUE
AQP7,ENSG00000165269.13,FALSE,100,0,0,-0.13796928638221229,-0.305285570218484,0.04579347380957437,-0.13951383398573255,TRUE
AQP8,ENSG00000103375.11,FALSE,100,0,0,0.19275668200998589,0.05130176279042371,0.32433479930313497,0.19279604326620176,TRUE
AQP9,ENSG00000103569.10,FALSE,100,0,0,0.09867667615276926,-0.07444508338602943,0.2384668972652705,0.08783983658478106,TRUE
ARG2,ENSG00000081181.8,FALSE,100,0,0,0.018381371031675996,-0.14615871534651143,0.1676143559130936,0.01517359537832423,TRUE
ARHGAP11A,ENSG00000198826.11,FALSE,100,0,0,0.15178654622791732,-0.04387387784725061,0.33717066916178207,0.16107765849358335,TRUE
ARHGAP15,ENSG00000075884.14,FALSE,100,0,0,-0.024043013906955416,-0.17543061810813249,0.16782867356101389,-0.02227007378668823,TRUE
ARHGAP25,ENSG00000163219.12,FALSE,100,0,0,-0.15019830378815954,-0.3070080054878255,0.028893158685774162,-0.1489567634895855,TRUE
ARHGAP30,ENSG00000186517.14,FALSE,100,0,0,-0.06968532371219129,-0.25023555000355135,0.12678711268617243,-0.08187519996531986,TRUE
ARHGAP9,ENSG00000123329.20,FALSE,100,0,0,0.15284376752676138,-0.03573300596096701,0.33735936055261173,0.158717990205365,TRUE
ARHGDIB,ENSG00000111348.9,FALSE,100,0,0,-0.047521208059986,-0.19862730672489892,0.13303817064520113,-0.02875663877459913,TRUE
ARL10,ENSG00000175414.7,FALSE,100,0,0,-0.02997535551530283,-0.20789673890344446,0.1388954275582282,-0.0340810120711381,TRUE
ARL11,ENSG00000152213.4,FALSE,100,0,0,-0.03868485160996915,-0.21754275083032037,0.14409187944632326,-0.04498596968235496,TRUE
ARL4A,ENSG00000122644.13,FALSE,100,0,0,0.011262489323162678,-0.13806454717185185,0.1558927199328848,0.01429935337319636,TRUE
ARL4C,ENSG00000188042.8,FALSE,100,0,0,0.22240404608961994,0.07914316267115179,0.36470343699393526,0.21893941254953603,TRUE
ARRB2,ENSG00000141480.18,FALSE,100,0,0,0.1404688469560871,-0.01945288989309544,0.33880231427611734,0.15078974440123413,TRUE
ASAP1,ENSG00000153317.15,FALSE,100,0,0,0.02086560689091521,-0.15798888718068083,0.22933371744454814,0.03088277581503352,TRUE
ASAP2,ENSG00000151693.11,FALSE,100,0,0,-0.18574566142764268,-0.3525309811580728,-0.00818029750755698,-0.1994419288461033,TRUE
ASB15,ENSG00000146809.13,FALSE,100,0,0,0.1596766688699008,0.020372061566852718,0.29442047591133796,0.15553421754388386,TRUE
ASB2,ENSG00000100628.12,FALSE,100,0,0,-0.07147305097078308,-0.25644104597784045,0.08945646451410574,-0.0783867895507994,TRUE
ASB9,ENSG00000102048.16,FALSE,100,0,0,-0.05131276796859725,-0.21263900576154032,0.12260442781078792,-0.0406511288196262,TRUE
ASCL3,ENSG00000176009.3,FALSE,100,0,0,0.16916478046138067,-9.642601681360318e-4,0.297194842356583,0.15727147465966013,TRUE
ASF1B,ENSG00000105011.9,FALSE,100,0,0,0.06391267066101988,-0.12678450205828112,0.24042877078260808,0.07749922449645644,TRUE
ASPHD1,ENSG00000174939.11,FALSE,100,0,0,-0.11210406256435049,-0.26945553628330066,0.031340445073390365,-0.10232978275562953,TRUE
ASS1,ENSG00000130707.18,FALSE,100,0,0,-0.062148504316300944,-0.21588937305648825,0.13799511094977207,-0.05377515088145056,TRUE
ATG9B,ENSG00000181652.19,FALSE,100,0,0,0.06740824093485392,-0.03423211896021743,0.18218239487457272,0.07459840087692617,TRUE
ATP12A,ENSG00000075673.12,FALSE,100,0,0,-0.05037490540014255,-0.23935999287366266,0.1153540788878389,-0.0750554888641489,TRUE
ATP13A5,ENSG00000187527.11,FALSE,100,0,0,0.14789064839137583,-0.0017131591581291913,0.24741872196451276,0.13786210216816594,TRUE
ATP2B2,ENSG00000157087.20,FALSE,100,0,0,-0.08494738761831254,-0.26728180948693475,0.09087170850309524,-0.09573609683286202,TRUE
ATP4B,ENSG00000186009.5,FALSE,100,0,0,0.14765926477062916,-0.023267342406837123,0.25565701240822014,0.1415634961853487,TRUE
ATP6V0A4,ENSG00000105929.16,FALSE,100,0,0,0.022713406318896286,-0.21464626151844302,0.157809021305332,0.00356061214957562,TRUE
ATP6V0D2,ENSG00000147614.4,FALSE,100,0,0,0.026579531998507988,-0.1897482587010596,0.17301443481162704,0.00889490634011838,TRUE
ATP6V0E2,ENSG00000171130.18,FALSE,100,0,0,-0.04625151111015369,-0.20807384331018836,0.11255131352376757,-0.04368472832175516,TRUE
ATP6V1B1,ENSG00000116039.13,FALSE,100,0,0,0.1869200948490336,0.019166163598180783,0.2774411261284825,0.18463019958538351,TRUE
ATP6V1G2,ENSG00000213760.11,FALSE,100,0,0,0.1513022670811464,-0.04068907363903733,0.32979158767949435,0.15222615702507672,TRUE
ATP6V1G3,ENSG00000151418.12,FALSE,100,0,0,0.07196005136751785,-0.13831743879265201,0.19235183027613434,0.0636923888201339,TRUE
ATP8B3,ENSG00000130270.16,FALSE,100,0,0,0.12944601466302774,-0.043125625160382264,0.26819128018038885,0.11460041190739294,TRUE
ATRNL1,ENSG00000107518.18,FALSE,100,0,0,0.04486916267689924,-0.10735744460563112,0.20460989530070336,0.04368675223591811,TRUE
AVP,ENSG00000101200.5,FALSE,100,0,0,0.1277863974405798,0.007718537489336395,0.25880815678469726,0.11629947377325307,TRUE
AVPR2,ENSG00000126895.15,FALSE,100,0,0,0.023682575929429774,-0.1352858140626104,0.21803156715806377,0.03563825742000811,TRUE
B2M,ENSG00000166710.21,FALSE,100,0,0,-0.2117238008207109,-0.3216154818643989,-0.07358421269149822,-0.2039766547587339,TRUE
B3GALT2,ENSG00000162630.6,FALSE,100,0,0,-0.13749847118749864,-0.3711104984130339,0.017970741291400832,-0.1710944221407885,TRUE
B4GALNT2,ENSG00000167080.9,FALSE,100,0,0,-0.0129991111194414,-0.2257117475879541,0.15611045325427544,-0.0283595954041358,TRUE
BACH2,ENSG00000112182.15,FALSE,100,0,0,0.0016343223085349377,-0.1956189812364711,0.18567831131419033,-0.00263259014090951,FALSE
BAIAP3,ENSG00000007516.14,FALSE,100,0,0,-0.02565614462590291,-0.20843002698565588,0.11784980508097977,-0.0104374108403381,TRUE
BATF,ENSG00000156127.8,FALSE,100,0,0,0.10054902190615911,-0.07502491214506264,0.2404900196243419,0.0995503023314031,TRUE
BAX,ENSG00000087088.20,FALSE,100,0,0,0.03679056579794775,-0.11601204021300228,0.1838155533939212,0.0478993076968746,TRUE
BCAM,ENSG00000187244.12,FALSE,100,0,0,-0.043299842545028,-0.20663695033249074,0.15118017342733747,-0.0364615033258547,TRUE
BCAR3,ENSG00000137936.18,FALSE,100,0,0,-0.219193511378631,-0.3435934472135001,-0.05785086812732945,-0.2034506411975062,TRUE
BCAS1,ENSG00000064787.13,FALSE,100,0,0,0.15795624380051038,0.03249501644778753,0.3068729170462242,0.15719988853743042,TRUE
BCHE,ENSG00000114200.10,FALSE,100,0,0,0.07416024111821765,-0.0847774973309088,0.19090438416380762,0.06252214911781533,TRUE
BCKDHB,ENSG00000083123.15,FALSE,100,0,0,-0.12611906139805734,-0.3255821229727595,0.016841530964702325,-0.1593208572291599,TRUE
BCL11A,ENSG00000119866.22,FALSE,100,0,0,-0.011220015224270226,-0.18470950731539676,0.16870199957235318,-0.01935431731279754,TRUE
BCL11B,ENSG00000127152.18,FALSE,100,0,0,-0.03316234527148143,-0.20747381014619937,0.12761324571366212,-0.04971399075825804,TRUE
BCL2A1,ENSG00000140379.9,FALSE,100,0,0,0.03805312624983759,-0.11174134212263961,0.19778454274211496,0.04916256868440507,TRUE
BCL2L10,ENSG00000137875.4,FALSE,100,0,0,0.0974365999241172,-0.04960563241264247,0.23512508996971945,0.08602455786835005,TRUE
BCL6B,ENSG00000161940.11,FALSE,100,0,0,-0.18523001476170176,-0.34375473356240527,0.019615484202870865,-0.1774205595143189,TRUE
BCL9,ENSG00000116128.11,FALSE,100,0,0,-0.009217647864491054,-0.17425064628068182,0.12857442020738014,-0.00495770927913017,TRUE
BDH1,ENSG00000161267.12,FALSE,100,0,0,0.18626975284418817,0.017203342667379225,0.36050610945910805,0.18743429563428116,TRUE
BDKRB2,ENSG00000168398.7,FALSE,100,0,0,0.11642555895638171,-0.05726305845608941,0.33688894343180176,0.1202460111564132,TRUE
BDNF,ENSG00000176697.20,FALSE,100,0,0,-0.0860598460771092,-0.30781820606214394,0.10581144206959747,-0.08004722226648106,TRUE
BEST4,ENSG00000142959.5,FALSE,100,0,0,0.21191533380319616,0.03156699132615209,0.3339374941158532,0.2177561062971555,TRUE
BGN,ENSG00000182492.16,FALSE,100,0,0,0.0418229737829279,-0.11581152151275342,0.23038194943105827,0.0704707968100767,TRUE
BIK,ENSG00000100290.3,FALSE,100,0,0,0.20039399338588423,0.07930887213008761,0.31700683483975023,0.19762733248885037,TRUE
BIN2,ENSG00000110934.13,FALSE,100,0,0,0.022066885177552564,-0.1681338543313612,0.23113684714743357,0.02400260328695115,TRUE
BIRC3,ENSG00000023445.16,FALSE,100,0,0,-0.10893942971349108,-0.27922916806158826,0.07357266699846213,-0.12387450653029088,TRUE
BIRC7,ENSG00000101197.13,FALSE,100,0,0,0.08835967211905478,-0.11149108126080637,0.29962114726603273,0.0845176010392835,TRUE
BLNK,ENSG00000095585.17,FALSE,100,0,0,-0.07403621562000326,-0.2826119097748454,0.07847074175785007,-0.09429445147632907,TRUE
BMP5,ENSG00000112175.8,FALSE,100,0,0,-0.07745445693238266,-0.2585975279521549,0.09584221636358871,-0.09951765215652932,TRUE
BMP7,ENSG00000101144.13,FALSE,100,0,0,0.23010123631899415,0.07471579292958316,0.366915054276817,0.22407438221931217,TRUE
BMP8B,ENSG00000116985.12,FALSE,100,0,0,-0.07883580097781029,-0.2919791899381025,0.044316703833971,-0.11079003972637702,TRUE
BMPER,ENSG00000164619.10,FALSE,100,0,0,0.15112081229154276,0.021599869942930464,0.32060158757975105,0.13713662187563772,TRUE
BPI,ENSG00000101425.14,FALSE,100,0,0,-0.06042071180446022,-0.18831366557130214,0.09228898722233357,-0.05258510236182136,TRUE
BRCA2,ENSG00000139618.16,FALSE,100,0,0,-0.026752225177810222,-0.20005109565066378,0.16444665786135582,-0.03057485416751935,TRUE
BRCC3,ENSG00000185515.15,FALSE,100,0,0,0.00425349379017044,-0.18302127887805475,0.18912013326710603,-0.02602994797086754,FALSE
BRIP1,ENSG00000136492.9,FALSE,100,0,0,0.1164887929568042,-0.07719664813228876,0.28873133458259653,0.11015891989926407,TRUE
BSND,ENSG00000162399.9,FALSE,100,0,0,0.07695469630396744,-0.10973197253674928,0.21648945277066886,0.06576202565737747,TRUE
BST2,ENSG00000130303.13,FALSE,100,0,0,0.04494039505979812,-0.1614457947868235,0.2228948515986825,0.05189100548660674,TRUE
BTBD16,ENSG00000138152.10,FALSE,100,0,0,-0.07618066751302269,-0.2240539324614978,0.11970868221276128,-0.0694616351837613,TRUE
BTK,ENSG00000010671.16,FALSE,100,0,0,-0.05168052002282866,-0.2184792888998336,0.1634896910306151,-0.05444348545125557,TRUE
BTLA,ENSG00000186265.10,FALSE,100,0,0,-0.07734757115098877,-0.2917041986565065,0.10120763513590719,-0.09372530497838956,TRUE
BTN2A2,ENSG00000124508.17,FALSE,100,0,0,-0.05707483220161874,-0.24758655574354987,0.07680366737095748,-0.08625722073384487,TRUE
BTN3A1,ENSG00000026950.17,FALSE,100,0,0,-0.057846281722525976,-0.207837392723397,0.08711398328560477,-0.06895303000681638,TRUE
BTN3A2,ENSG00000186470.14,FALSE,100,0,0,-0.12577120867913782,-0.2886924654279252,0.044719991356954425,-0.12005286354520624,TRUE
BTN3A3,ENSG00000111801.16,FALSE,100,0,0,-0.13816689516984126,-0.27965686846578697,0.016386921295120184,-0.14455668010508496,TRUE
BTNL8,ENSG00000113303.12,FALSE,100,0,0,-0.11015793588525369,-0.2446189635631826,0.012346799261867044,-0.10333419005332832,TRUE
BTNL9,ENSG00000165810.17,FALSE,100,0,0,-0.13828379710398517,-0.3078903961273313,-0.005697527682521632,-0.1406202157754381,TRUE
C11orf21,ENSG00000110665.12,FALSE,100,0,0,0.13640519816047628,-0.04958721708244054,0.3095289430659921,0.1379779279056537,TRUE
C16orf54,ENSG00000185905.4,FALSE,100,0,0,-0.06900783713472035,-0.27102236467972823,0.10379373614810114,-0.08132575305045643,TRUE
C16orf89,ENSG00000153446.16,FALSE,100,0,0,0.10594845979544662,-0.038860672365635895,0.26195036985849296,0.10635411536832466,TRUE
C1QA,ENSG00000173372.17,FALSE,100,0,0,0.001285925373299318,-0.1847407423324069,0.17204327512783346,0.00453832106490426,TRUE
C1QB,ENSG00000173369.17,FALSE,100,0,0,-0.011814931327754715,-0.19554176957510583,0.18209419339557006,-0.01077864190172666,TRUE
C1QC,ENSG00000159189.12,FALSE,100,0,0,-0.026605965866945566,-0.21593072814962605,0.17700686088342732,-0.02191204644366962,TRUE
C1QL1,ENSG00000131094.4,FALSE,100,0,0,-0.038935205309388835,-0.21969237027041122,0.1302469588988075,-0.02938689440061797,TRUE
C1QTNF3,ENSG00000082196.21,FALSE,100,0,0,0.04165548858654704,-0.1294444651922093,0.20412496532677105,0.04568464602587079,TRUE
C1QTNF7,ENSG00000163145.13,FALSE,100,0,0,-0.10873260215874783,-0.2925409146128162,0.038719041655756625,-0.1296099548325013,TRUE
C1orf116,ENSG00000182795.13,FALSE,100,0,0,-0.09096401374746682,-0.2542067596979406,0.08166774869138238,-0.09055611832136096,TRUE
C1orf162,ENSG00000143110.12,FALSE,100,0,0,0.021528751681079757,-0.1233778620988489,0.2304833575619881,0.0385953001252704,TRUE
C1orf167,ENSG00000215910.7,FALSE,100,0,0,0.07095278946577967,-0.08412730008967118,0.17550689867906627,0.06065942902542074,TRUE
C1orf226,ENSG00000239887.6,FALSE,100,0,0,-0.025156338980508095,-0.2507773235028343,0.13968948293237332,-0.01725278893117736,TRUE
C1orf54,ENSG00000118292.9,FALSE,100,0,0,0.025144237013441203,-0.1387356281629492,0.1733092707580266,0.03078184955215126,TRUE
C2CD4C,ENSG00000183186.8,FALSE,100,0,0,-0.06321477052007068,-0.27792072953810953,0.1396443355911839,-0.0729118320249131,TRUE
C2orf15,ENSG00000273045.7,FALSE,100,0,0,-0.03813490189263147,-0.21313549385896072,0.12377866321669831,-0.0420037525461817,TRUE
C3,ENSG00000125730.17,FALSE,100,0,0,0.015623958932840474,-0.20074190708955467,0.20513146322479556,0.01467302974568438,TRUE
C3orf52,ENSG00000114529.13,FALSE,100,0,0,-0.010687348098203589,-0.22058152328567576,0.1854507223914821,-0.00947318924013056,TRUE
C4A,ENSG00000244731.8,FALSE,100,0,0,-0.19047448530394812,-0.3283730438982577,0.044691049850899424,-0.19093886652314365,TRUE
C4BPA,ENSG00000123838.11,FALSE,100,0,0,0.1816655258242961,0.05163174962770281,0.29159900714671555,0.16910626577751198,TRUE
C5AR1,ENSG00000197405.8,FALSE,100,0,0,0.060084049496411725,-0.09104990330735532,0.25347095134346953,0.06601782820184995,TRUE
C5orf46,ENSG00000178776.5,FALSE,100,0,0,0.009636150098057471,-0.152600709047925,0.1879593508095716,0.01453210309776118,TRUE
C6orf52,ENSG00000137434.11,FALSE,100,0,0,0.05743873932969196,-0.1731259367317482,0.18249938725150366,0.0380540635185374,TRUE
C7,ENSG00000112936.19,FALSE,100,0,0,0.04006443465383856,-0.12068588440614289,0.18224133010632088,0.02294725605269783,TRUE
C9orf152,ENSG00000188959.9,FALSE,100,0,0,0.25136827946636986,0.12754890294098944,0.35086429881740744,0.25166677283237077,TRUE
C9orf50,ENSG00000179058.7,FALSE,100,0,0,0.029757506280841943,-0.1370860210254154,0.1532981191044902,0.03781162183377659,TRUE
CA10,ENSG00000154975.14,FALSE,100,0,0,0.03087947071289404,-0.15937962854795096,0.17010753463268252,0.00321196302407405,TRUE
CA2,ENSG00000104267.10,FALSE,100,0,0,-0.26058606157379716,-0.3820475035292399,-0.11745021146310007,-0.2739416089132384,TRUE
CACNA1S,ENSG00000081248.11,FALSE,100,0,0,-0.05386264114625911,-0.2938082344218922,0.09569651531958166,-0.08646218380428539,TRUE
CACNA2D2,ENSG00000007402.12,FALSE,100,0,0,0.13082303698353764,-0.021090858915381903,0.30046480394232944,0.12516197217625144,TRUE
CACNA2D3,ENSG00000157445.15,FALSE,100,0,0,0.04393628108175989,-0.07995956064713004,0.21587276942932287,0.05984228154965623,TRUE
CACNA2D4,ENSG00000151062.15,FALSE,100,0,0,0.0978072647433732,-0.012644460520691347,0.25483538962134095,0.11751825222220816,TRUE
CADM1,ENSG00000182985.18,FALSE,100,0,0,-0.1502660250767227,-0.3460955705656015,0.07224024377719859,-0.15201527041335622,TRUE
CADM2,ENSG00000175161.14,FALSE,100,0,0,0.10421183685109936,-0.04196699808641257,0.2372118260194923,0.09758331542555096,TRUE
CADM3,ENSG00000162706.13,FALSE,100,0,0,0.16814811927817655,0.007288043256757385,0.3495579524169704,0.18715455964890856,TRUE
CALB1,ENSG00000104327.7,FALSE,100,0,0,0.07856441293533081,-0.07294443894159296,0.2530413647330755,0.07558163768569931,TRUE
CALCA,ENSG00000110680.13,FALSE,100,0,0,0.10482858700562313,-0.050591971683626114,0.22071398114935867,0.10064138667327636,TRUE
CALCR,ENSG00000004948.16,FALSE,100,0,0,-0.005863930939241788,-0.19328904331739233,0.13009363173917132,-0.01390352979883357,TRUE
CALML3,ENSG00000178363.5,FALSE,100,0,0,0.006885160138381171,-0.15385573749578224,0.17631674745636733,0.0047863251156387,TRUE
CALY,ENSG00000130643.9,FALSE,100,0,0,0.12672708529151144,0.01885656377107475,0.24451288023104373,0.12324484840037696,TRUE
CAMK1D,ENSG00000183049.13,FALSE,100,0,0,-0.07146847512014345,-0.23692304752998639,0.16977525070693128,-0.06833952615795348,TRUE
CAMKK1,ENSG00000004660.15,FALSE,100,0,0,0.12393598871634813,-0.07474714731182011,0.3082498463177113,0.13450591428884087,TRUE
CAND2,ENSG00000144712.12,FALSE,100,0,0,0.08411531206482376,-0.07265058195856876,0.25080998002317423,0.0740924656108523,TRUE
CAPN11,ENSG00000137225.13,FALSE,100,0,0,0.09346997043711129,-0.042202911093923205,0.24445246702033058,0.09929769787883444,TRUE
CAPN12,ENSG00000182472.9,FALSE,100,0,0,0.008337734014250088,-0.20036092784409773,0.18833312542630426,0.00175841296389709,TRUE
CAPN5,ENSG00000149260.18,FALSE,100,0,0,-0.004021229581712023,-0.1683415898619569,0.16370196931320538,0.00231148352545288,FALSE
CAPN6,ENSG00000077274.9,FALSE,100,0,0,-0.08816672118500847,-0.240722965318026,0.0778985220779417,-0.06864539248696326,TRUE
CAPSL,ENSG00000152611.12,FALSE,100,0,0,0.0464945813568057,-0.10347942735066672,0.23915988951638145,0.0501743914868732,TRUE
CAPZA3,ENSG00000177938.5,FALSE,100,0,0,0.11102287695600846,-0.05982276281224693,0.1883723947463334,0.09138682814245104,TRUE
CARD16,ENSG00000204397.8,FALSE,100,0,0,-0.014922912223999992,-0.19480548915881835,0.1442128499489909,-0.00819057751273527,TRUE
CASP1,ENSG00000137752.24,FALSE,100,0,0,-0.07786078917222698,-0.2355636306721359,0.1099756990617406,-0.07482373676222663,TRUE
CASP5,ENSG00000137757.11,FALSE,100,0,0,0.1605661421360196,0.0055277899573518,0.3033187192051399,0.15068339843426043,TRUE
CASR,ENSG00000036828.17,FALSE,100,0,0,-0.1449710936320391,-0.3271596922527434,-0.006583126950895069,-0.14275248816304165,TRUE
CASS4,ENSG00000087589.16,FALSE,100,0,0,-0.06799232450112722,-0.25232272189861193,0.10922884149176035,-0.06947528627968189,TRUE
CASZ1,ENSG00000130940.15,FALSE,100,0,0,0.13572367572183025,1.0358520904708283e-4,0.2914616496996413,0.1265751605174247,TRUE
CATSPER1,ENSG00000175294.6,FALSE,100,0,0,0.2611055250352007,0.10241940410651856,0.3677169655331539,0.26621002122802634,TRUE
CATSPER3,ENSG00000152705.8,FALSE,100,0,0,-0.09054611025081326,-0.2301053711691506,0.09618976818294037,-0.0851031261899484,TRUE
CAV1,ENSG00000105974.13,FALSE,100,0,0,-0.06356594964082896,-0.23341366689915982,0.09620667456424223,-0.05338779029565126,TRUE
CBLC,ENSG00000142273.13,FALSE,100,0,0,0.045576594728574504,-0.11946782345806714,0.18097478229830607,0.03693894590497807,TRUE
CBLN2,ENSG00000141668.10,FALSE,100,0,0,-0.07710643834009098,-0.24597247488820462,0.12287215373878427,-0.0672093113597282,TRUE
CBLN3,ENSG00000139899.11,FALSE,100,0,0,0.09257877472820317,-0.08405742059860008,0.23332578820902716,0.10821339832777042,TRUE
CBLN4,ENSG00000054803.4,FALSE,100,0,0,-0.01568028275527073,-0.19587831086054847,0.18166647955837095,-0.02152721357463086,TRUE
CBR3,ENSG00000159231.6,FALSE,100,0,0,0.09752778760405942,-0.08478685850190819,0.25193358648849196,0.10439999888734816,TRUE
CCBE1,ENSG00000183287.14,FALSE,100,0,0,0.14732078963939788,0.00356252083669618,0.25805805951877286,0.13469323117154067,TRUE
CCDC13,ENSG00000244607.7,FALSE,100,0,0,0.1316881381154091,-0.02973471367764056,0.2971198019468003,0.11721968801911216,TRUE
CCDC141,ENSG00000163492.15,FALSE,100,0,0,-0.1504332034697476,-0.35359292465485326,0.03589582445583289,-0.170821120133777,TRUE
CCDC144A,ENSG00000170160.17,FALSE,100,0,0,0.1321568802593831,-0.04305572872739911,0.2855975150375637,0.12108273023458792,TRUE
CCDC8,ENSG00000169515.8,FALSE,100,0,0,-0.10477781361562685,-0.2740534448922881,0.05356446210909144,-0.09242621638448686,TRUE
CCDC81,ENSG00000149201.10,FALSE,100,0,0,0.04276032739290225,-0.08687180726463536,0.1820940534699019,0.02494766958889132,TRUE
CCL11,ENSG00000172156.4,FALSE,100,0,0,0.18311580401680996,0.031243151233724058,0.31277525317720273,0.18051135076483987,TRUE
CCL18,ENSG00000275385.2,FALSE,100,0,0,0.018678477012371925,-0.18426863669871313,0.16751123881245888,0.00558867754527371,TRUE
CCL20,ENSG00000115009.13,FALSE,100,0,0,-0.06829087656653564,-0.22251520388855106,0.07580838036431092,-0.0508446908609515,TRUE
CCL23,ENSG00000274736.5,FALSE,100,0,0,0.08111125639321054,-0.11861278642323177,0.2729195866537575,0.08322967350911366,TRUE
CCL3,ENSG00000277632.2,FALSE,100,0,0,0.0036791592881035744,-0.16652222926924554,0.15761282065785825,0.00715311425316493,TRUE
CCL4,ENSG00000275302.2,FALSE,100,0,0,-0.007261094272177023,-0.15399149558658948,0.13417410594142426,-0.00557795852972275,TRUE
CCL5,ENSG00000271503.6,FALSE,100,0,0,0.004569993771663712,-0.17688233021091138,0.1475237545578816,0.00734494876002261,TRUE
CCM2,ENSG00000136280.17,FALSE,100,0,0,0.1799495849400548,0.0310200311312102,0.3248308021079853,0.18466647760616703,TRUE
CCND2,ENSG00000118971.9,FALSE,100,0,0,0.08581935637975953,-0.060653326236032395,0.2825945170276274,0.09524330779180729,TRUE
CCR1,ENSG00000163823.4,FALSE,100,0,0,-0.018488523848606175,-0.21621081017516408,0.1663343131107047,-0.03200977125141274,TRUE
CCR2,ENSG00000121807.6,FALSE,100,0,0,-0.1970057808829232,-0.35474322618816717,-0.06684912341624644,-0.21648106694074665,TRUE
CCR5,ENSG00000160791.13,FALSE,100,0,0,-0.08817622682678691,-0.2719242354885186,0.06990461273469493,-0.10287107434395426,TRUE
CCR7,ENSG00000126353.3,FALSE,100,0,0,-0.003875532785606484,-0.1947026827374232,0.15413376287033925,6.794752795525797e-4,FALSE
CCR9,ENSG00000173585.16,FALSE,100,0,0,0.0880480564909366,-0.0886287110026885,0.22983952983390005,0.0702583919384889,TRUE
CCRL2,ENSG00000121797.10,FALSE,100,0,0,-0.0820464637870698,-0.2636773638585837,0.09864369285216561,-0.09415064703167111,TRUE
CD109,ENSG00000156535.15,FALSE,100,0,0,-0.2022433634736882,-0.3430500298220439,-0.050635878327696934,-0.19769214719630568,TRUE
CD14,ENSG00000170458.14,FALSE,100,0,0,0.09901372401869091,-0.0914852145885638,0.28336556554467685,0.10468941351657894,TRUE
CD160,ENSG00000117281.16,FALSE,100,0,0,0.09931330543673214,-0.032120331336654664,0.24747879984683918,0.08246810421328046,TRUE
CD163,ENSG00000177575.13,FALSE,100,0,0,-0.024426371335263375,-0.18624005524030746,0.15723523229491454,-0.02766772177568881,TRUE
CD163L1,ENSG00000177675.9,FALSE,100,0,0,0.11770954424544423,-0.009426702947574462,0.276882775862881,0.10874524690055463,TRUE
CD1D,ENSG00000158473.8,FALSE,100,0,0,-0.08462935331627203,-0.27218258233145654,0.10783796327152113,-0.07687247118571965,TRUE
CD2,ENSG00000116824.5,FALSE,100,0,0,-0.08759171839608784,-0.2852728407108157,0.04867790789133538,-0.0955105321136912,TRUE
CD200R1,ENSG00000163606.11,FALSE,100,0,0,-0.03374466356500381,-0.2258869772165592,0.124385139947131,-0.05879553733888677,TRUE
CD244,ENSG00000122223.13,FALSE,100,0,0,-0.06756527783109412,-0.2510537443434747,0.09325740569848545,-0.07735900998134215,TRUE
CD247,ENSG00000198821.11,FALSE,100,0,0,-0.07235433048967255,-0.21653661091800736,0.1090618233991563,-0.0732763545093546,TRUE
CD27,ENSG00000139193.4,FALSE,100,0,0,-0.05444484230359582,-0.24933810691707287,0.07973350405724083,-0.06638210781652575,TRUE
CD276,ENSG00000103855.18,FALSE,100,0,0,0.16737330978106696,-1.0161065703421891e-4,0.3055685522587701,0.183345728492329,TRUE
CD28,ENSG00000178562.18,FALSE,100,0,0,0.026784705263646492,-0.17243141211234764,0.23711058227783763,0.00828878718884628,TRUE
CD300A,ENSG00000167851.15,FALSE,100,0,0,0.04316388006132532,-0.12498890930008785,0.21316320357446478,0.04378891274665007,TRUE
CD300C,ENSG00000167850.4,FALSE,100,0,0,-0.012096624549867596,-0.16992863508168232,0.13950269840016138,-0.01416998452907767,TRUE
CD33,ENSG00000105383.15,FALSE,100,0,0,0.0031173777644310113,-0.20086343388139338,0.18586822175567697,0.00710332259837589,TRUE
CD37,ENSG00000104894.12,FALSE,100,0,0,0.002011232602324164,-0.18349749553526318,0.21112285278134774,0.00768273879048656,TRUE
CD38,ENSG00000004468.13,FALSE,100,0,0,-0.0021668880559586722,-0.2125797642350088,0.16941112448738524,-0.00658233044471003,TRUE
CD3D,ENSG00000167286.10,FALSE,100,0,0,-0.06394180837835348,-0.2746837039255536,0.07012222078579175,-0.07508220608636436,TRUE
CD3E,ENSG00000198851.10,FALSE,100,0,0,-0.058796016459357475,-0.2602934200008322,0.08717365587640288,-0.06767927202250822,TRUE
CD3G,ENSG00000160654.11,FALSE,100,0,0,-0.12919935867902504,-0.3213901641833521,0.01356216811131453,-0.1431993229256729,TRUE
CD4,ENSG00000010610.10,FALSE,100,0,0,-0.05264502945571154,-0.2341054728833641,0.1812662006081795,-0.05374109832148904,TRUE
CD40,ENSG00000101017.14,FALSE,100,0,0,-0.05416871244875207,-0.19009878799180566,0.13083995871370777,-0.03470463500515981,TRUE
CD40LG,ENSG00000102245.8,FALSE,100,0,0,-0.14490404589099634,-0.3338740700903763,0.009567529832594127,-0.15423797278305906,TRUE
CD44,ENSG00000026508.20,FALSE,100,0,0,0.25191580044402706,0.1007483820219596,0.3838592045571965,0.24575582881341393,TRUE
CD48,ENSG00000117091.10,FALSE,100,0,0,-0.18507723275931048,-0.3522707396527592,-0.02216556578909049,-0.18684258700202908,TRUE
CD5,ENSG00000110448.11,FALSE,100,0,0,-0.103417281112927,-0.2826035856939053,0.08748427093938858,-0.10163791140249914,TRUE
CD52,ENSG00000169442.9,FALSE,100,0,0,-0.02136750095953544,-0.2251471371015532,0.18743401908393525,-0.00817800529915263,TRUE
CD53,ENSG00000143119.14,FALSE,100,0,0,-0.10117315359085594,-0.27598282568334287,0.08775955587049494,-0.1075791281506592,TRUE
CD6,ENSG00000013725.14,FALSE,100,0,0,-0.05209297022886984,-0.23927259402413542,0.12947270633569563,-0.03615127217298227,TRUE
CD68,ENSG00000129226.14,FALSE,100,0,0,0.09763067456191968,-0.037991838472929994,0.27082660886291554,0.09688342989249438,TRUE
CD69,ENSG00000110848.8,FALSE,100,0,0,-0.04084278489349198,-0.195211463664546,0.16336082760943796,-0.04893697296032343,TRUE
CD7,ENSG00000173762.8,FALSE,100,0,0,0.1393958492738282,-0.011350136106377109,0.2899892851816033,0.1492561567881129,TRUE
CD72,ENSG00000137101.13,FALSE,100,0,0,0.10333825118765663,-0.062148768224119334,0.30948558601287846,0.109335824923173,TRUE
CD79A,ENSG00000105369.10,FALSE,100,0,0,0.03267817228358167,-0.16024053532190574,0.17582394081779168,0.02149012746781278,TRUE
CD80,ENSG00000121594.12,FALSE,100,0,0,0.1100271026208941,-0.05874930068895132,0.259632974680647,0.08979372442541995,TRUE
CD84,ENSG00000066294.15,FALSE,100,0,0,-0.10132250371820228,-0.2939008227053318,0.10539099447597522,-0.11729725095430282,TRUE
CD86,ENSG00000114013.16,FALSE,100,0,0,-0.08257179470720158,-0.2623248805266329,0.12322172837208262,-0.07913647813285687,TRUE
CD8A,ENSG00000153563.16,FALSE,100,0,0,-0.06716930825077236,-0.26380502560861974,0.06011073476194169,-0.08388184367337055,TRUE
CD8B,ENSG00000172116.23,FALSE,100,0,0,-0.08067767306103228,-0.2718425998333831,0.055536591680278205,-0.09535654312070564,TRUE
CD96,ENSG00000153283.13,FALSE,100,0,0,-0.08058355235388309,-0.25897559335308973,0.09596110874841811,-0.09195599780683872,TRUE
CD99,ENSG00000002586.20,FALSE,100,0,0,0.10922300017742793,-0.10526744112996507,0.31765483125302163,0.13016187179695196,TRUE
CDC20B,ENSG00000164287.13,FALSE,100,0,0,0.056038199407988404,-0.13770428172348664,0.16505028289675408,0.0425855804396769,TRUE
CDC6,ENSG00000094804.12,FALSE,100,0,0,0.19395878829916885,-0.008625893417840555,0.38804438814916875,0.20132866949661848,TRUE
CDCA2,ENSG00000184661.14,FALSE,100,0,0,-0.19080992291903257,-0.33621891830740236,-0.006956941921427792,-0.17962618584008447,TRUE
CDCA7L,ENSG00000164649.20,FALSE,100,0,0,-0.023077314870961402,-0.1815887041430127,0.16485036798982972,-0.01850367013317126,TRUE
CDH10,ENSG00000040731.10,FALSE,100,0,0,0.24226375650630938,0.12048483858523769,0.37885651822335575,0.22959307799531747,TRUE
CDH19,ENSG00000071991.9,FALSE,100,0,0,0.017780387779678362,-0.13862159614365865,0.14486393773541242,-0.00929399994476458,FALSE
CDH2,ENSG00000170558.10,FALSE,100,0,0,-0.12889348612523982,-0.2605541603599007,0.048652828930595735,-0.1260986691078121,TRUE
CDH3,ENSG00000062038.14,FALSE,100,0,0,0.12761725373895508,-0.017065992233464798,0.2683773833403238,0.12423690022849172,TRUE
CDH4,ENSG00000179242.16,FALSE,100,0,0,-0.01405501952197197,-0.17495871146158748,0.21470409015747352,3.342592796254479e-4,FALSE
CDH8,ENSG00000150394.14,FALSE,100,0,0,-0.10504628367960338,-0.26598929222755385,0.061377807637537106,-0.10984890748586948,TRUE
CDH9,ENSG00000113100.10,FALSE,100,0,0,0.009582208916163786,-0.16744060443987635,0.1275265952654036,-0.02351586071583886,FALSE
CDKN1C,ENSG00000129757.14,FALSE,100,0,0,-0.035947847397801214,-0.2425750364091723,0.12803724209391237,-0.03751987403554434,TRUE
CDKN2B,ENSG00000147883.12,FALSE,100,0,0,-0.17587012178587372,-0.3137844405045178,0.021209568628727707,-0.1586160793427274,TRUE
CDKN2C,ENSG00000123080.12,FALSE,100,0,0,0.09323024628590583,-0.08365167572944135,0.28189945554415663,0.10258987300539858,TRUE
CDO1,ENSG00000129596.5,FALSE,100,0,0,-0.02938798227932835,-0.20483560051047217,0.1540229382130054,-0.04398778304295227,TRUE
CDON,ENSG00000064309.14,FALSE,100,0,0,-0.11327731329601487,-0.2434616894676593,0.028501684400033932,-0.102881336311579,TRUE
CDT1,ENSG00000167513.9,FALSE,100,0,0,0.15543122519853503,-0.02801547454228283,0.30948995009671265,0.16594854422235938,TRUE
CEACAM21,ENSG00000007129.18,FALSE,100,0,0,0.041487517195643614,-0.11892710368104517,0.22173346674362102,0.05377624504280894,TRUE
CEACAM3,ENSG00000170956.17,FALSE,100,0,0,0.08783471135236931,-0.06021435665096867,0.2285480205793462,0.0966956878891063,TRUE
CEBPA,ENSG00000245848.3,FALSE,100,0,0,-0.10575374343286628,-0.3114119209057069,0.08996660051436123,-0.12974549678099676,TRUE
CENPH,ENSG00000153044.10,FALSE,100,0,0,0.13816144193785773,-0.007829863483210015,0.31792240174749553,0.14892426061318537,TRUE
CENPM,ENSG00000100162.15,FALSE,100,0,0,0.22543386207210625,0.06551896151207563,0.3743044372839698,0.2328455993683423,TRUE
CER1,ENSG00000147869.5,FALSE,100,0,0,-0.0540897848923501,-0.25063227706352253,0.14178290126442322,-0.06416721229488626,TRUE
CES3,ENSG00000172828.13,FALSE,100,0,0,-0.14500675136731303,-0.30785891669320503,0.019970438964221057,-0.1412295007824205,TRUE
CFB,ENSG00000243649.9,FALSE,100,0,0,0.03504143258988715,-0.17472361193045058,0.248975764423477,0.0228718881629193,TRUE
CFD,ENSG00000197766.8,FALSE,100,0,0,0.05277648565511378,-0.13351853707332206,0.2765935378223574,0.06329418479219434,TRUE
CFP,ENSG00000126759.14,FALSE,100,0,0,0.08293533209449427,-0.11083863465637075,0.2337510509504552,0.08867434960889847,TRUE
CGA,ENSG00000135346.9,FALSE,100,0,0,0.09980441613967522,-0.09596061380947134,0.2143134165233647,0.09882045479415644,TRUE
CHD5,ENSG00000116254.18,FALSE,100,0,0,0.18291536432950137,0.028468295930438696,0.35161205155577485,0.17604725128735152,TRUE
CHGB,ENSG00000089199.10,FALSE,100,0,0,0.0725814367087241,-0.12462134728847112,0.23507569652706622,0.06114783303062002,TRUE
CHI3L2,ENSG00000064886.14,FALSE,100,0,0,0.17408754846198543,-0.02428461022261108,0.3264175757262201,0.17191456622420023,TRUE
CHL1,ENSG00000134121.10,FALSE,100,0,0,-0.09757740562663754,-0.3418617709114013,0.12467809163633078,-0.11374475675978302,TRUE
CHP2,ENSG00000166869.3,FALSE,100,0,0,0.16105153141131678,0.04009280704015686,0.31140295328651174,0.15430066915652307,TRUE
CHRM1,ENSG00000168539.4,FALSE,100,0,0,0.07589484517253677,-0.15112940885814874,0.18698337219448957,0.06571558887069817,TRUE
CHRNA4,ENSG00000101204.18,FALSE,100,0,0,0.021158665768778995,-0.2128768366534549,0.16771492099101082,0.00727163046531271,TRUE
CHST1,ENSG00000175264.8,FALSE,100,0,0,0.07538163267784195,-0.04249043441197613,0.22912444383742114,0.08120431079945731,TRUE
CHST11,ENSG00000171310.11,FALSE,100,0,0,0.14236790956727366,-0.0191003860286797,0.3430289992134917,0.15023475194391842,TRUE
CHST13,ENSG00000180767.10,FALSE,100,0,0,-0.1916517021886549,-0.3570969557968804,-0.030756809706886032,-0.18426620335481572,TRUE
CHSY3,ENSG00000198108.4,FALSE,100,0,0,-0.009570714417389308,-0.14586736956972346,0.19426341809995815,-6.115933746571016e-4,TRUE
CIB4,ENSG00000157884.11,FALSE,100,0,0,0.04101042369350537,-0.1491238823543935,0.24444559022357606,0.04169034338700192,TRUE
CIITA,ENSG00000179583.19,FALSE,100,0,0,0.028019844277215086,-0.1418623699606849,0.21506109707354193,0.0174941104396342,TRUE
CITED4,ENSG00000179862.7,FALSE,100,0,0,-0.09810487131591615,-0.29108377306042177,0.06504183401727594,-0.08709950737360951,TRUE
CKM,ENSG00000104879.5,FALSE,100,0,0,0.16615901488259455,0.04159782738936809,0.2890177842318865,0.16304226056089702,TRUE
CLCN1,ENSG00000188037.12,FALSE,100,0,0,0.017976896753820273,-0.14088032223093438,0.19748166928262817,0.01556775719511931,TRUE
CLCNKB,ENSG00000184908.18,FALSE,100,0,0,0.024353175948445556,-0.18257967100621092,0.16816400121453123,0.00714701968652264,TRUE
CLDN11,ENSG00000013297.12,FALSE,100,0,0,0.2056105497803889,0.06752010709948028,0.34034427042169213,0.18870028913257103,TRUE
CLDN16,ENSG00000113946.4,FALSE,100,0,0,0.07670744533206866,-0.10635367430554953,0.2923050432165729,0.06662368959454239,TRUE
CLDN19,ENSG00000164007.11,FALSE,100,0,0,-0.1212136054912678,-0.28222140682201685,0.01987963022091434,-0.13545673512513015,TRUE
CLDN7,ENSG00000181885.18,FALSE,100,0,0,-0.11529021282529314,-0.25068855155428693,0.0634509564377494,-0.11837849671184206,TRUE
CLDN8,ENSG00000156284.6,FALSE,100,0,0,-1.0024558289079545e-4,-0.21491079108614347,0.16070421216819528,-0.03820562118656319,TRUE
CLEC12A,ENSG00000172322.14,FALSE,100,0,0,-0.049076763391392206,-0.21180464503632362,0.13387378436871175,-0.04253866419704254,TRUE
CLEC12B,ENSG00000256660.6,FALSE,100,0,0,0.17371520920756398,-0.014283143870594968,0.2870308818242286,0.1637621962739357,TRUE
CLEC4E,ENSG00000166523.8,FALSE,100,0,0,-0.09244587480643959,-0.24878285052665067,0.06253930141503887,-0.07008053935329162,TRUE
CLEC4F,ENSG00000152672.8,FALSE,100,0,0,0.04860458762770817,-0.1310432092689842,0.22860897137129238,0.03994410939270603,TRUE
CLEC4M,ENSG00000104938.18,FALSE,100,0,0,0.16494744038311904,0.0434540352526737,0.2680113118690485,0.1672374836448783,TRUE
CLEC5A,ENSG00000258227.7,FALSE,100,0,0,0.05087489701608536,-0.12129938008008526,0.23519431449023642,0.05354837005509975,TRUE
CLEC7A,ENSG00000172243.18,FALSE,100,0,0,0.03864597263209029,-0.1602850952581943,0.21437399737434792,0.0259572654963762,TRUE
CLK4,ENSG00000113240.13,FALSE,100,0,0,-0.062365420215897735,-0.254245495909776,0.07728125910188186,-0.08351580427455753,TRUE
CLMN,ENSG00000165959.12,FALSE,100,0,0,-0.12188034841727056,-0.24058394706828357,0.05315954502442401,-0.12310530610766442,TRUE
CLSTN2,ENSG00000158258.16,FALSE,100,0,0,-0.03178790672055991,-0.17904151849078503,0.11660407048647123,-0.02844636108496876,TRUE
CLUL1,ENSG00000079101.16,FALSE,100,0,0,0.06247942005518625,-0.12814555325369115,0.22920207153887234,0.05186762082023437,TRUE
CMTM4,ENSG00000183723.13,FALSE,100,0,0,-0.13912332675639763,-0.3411677620078224,0.05784680791774365,-0.16508322431815353,TRUE
CNKSR1,ENSG00000142675.18,FALSE,100,0,0,0.2214392779078797,0.08091627163912476,0.34764132212322096,0.20250933603117977,TRUE
CNP,ENSG00000173786.17,FALSE,100,0,0,0.11629712443114995,-0.004596693160927303,0.24571558778505134,0.13113330266202594,TRUE
CNTFR,ENSG00000122756.15,FALSE,100,0,0,0.15177424665759642,-0.009541786815773463,0.2869290637466486,0.13356768074538417,TRUE
CNTN1,ENSG00000018236.15,FALSE,100,0,0,-0.044425947851746236,-0.23421024352370393,0.10449036094156514,-0.04425387533316187,TRUE
CNTN3,ENSG00000113805.8,FALSE,100,0,0,-0.002379327051743837,-0.16607680852739004,0.1691758491108156,-0.01086490478544,TRUE
COCH,ENSG00000100473.18,FALSE,100,0,0,0.17988007891914468,0.00908334012023209,0.3238307172920784,0.1713358824412108,TRUE
COL14A1,ENSG00000187955.12,FALSE,100,0,0,-0.08408562620389604,-0.24515254154525773,0.09930219747939364,-0.08753415407278914,TRUE
COL15A1,ENSG00000204291.11,FALSE,100,0,0,-0.15862640200930705,-0.29522070245976717,0.09646632476489471,-0.15258378516694474,TRUE
COL21A1,ENSG00000124749.17,FALSE,100,0,0,-0.19394735465146234,-0.34071712436750257,-0.023848488042110032,-0.20042714023050703,TRUE
COL3A1,ENSG00000168542.16,FALSE,100,0,0,0.09123808795551169,-0.0296674425902412,0.24544293173299933,0.09204450683450412,TRUE
COL4A1,ENSG00000187498.16,FALSE,100,0,0,-0.17608569415225,-0.31026238342426954,0.07854878631375538,-0.1645556458548274,TRUE
COL4A2,ENSG00000134871.19,FALSE,100,0,0,-0.1345283554864421,-0.28188118078109375,0.12483483897943604,-0.12192358782739555,TRUE
COL4A3,ENSG00000169031.20,FALSE,100,0,0,-0.07890012158358786,-0.22588376456744863,0.12121004190795061,-0.08966543468629799,TRUE
COL4A6,ENSG00000197565.16,FALSE,100,0,0,0.16074151381954244,-0.10738193958703382,0.34228977995756715,0.1369906932340435,TRUE
COL5A2,ENSG00000204262.14,FALSE,100,0,0,0.13793731519873062,-0.017120536688356995,0.31178221931640687,0.13499731361769804,TRUE
COL8A1,ENSG00000144810.16,FALSE,100,0,0,-0.16710848714347223,-0.3277944178593847,-0.022034901316405772,-0.1714459099520307,TRUE
CORIN,ENSG00000145244.12,FALSE,100,0,0,0.14659012197568602,0.005678769744856485,0.2886436268768926,0.12525093315774935,TRUE
CORO1A,ENSG00000102879.16,FALSE,100,0,0,0.03455491189937085,-0.14829524813940767,0.18897954627043034,0.03796681123053202,TRUE
CORO1C,ENSG00000110880.11,FALSE,100,0,0,-0.08615761317498608,-0.21557116573790608,0.08835036449009842,-0.0770367498284368,TRUE
CORO2B,ENSG00000103647.13,FALSE,100,0,0,0.17958509047147292,0.007579411271082033,0.32125270130642514,0.17184583306741935,TRUE
CORO7,ENSG00000262246.6,FALSE,100,0,0,0.21129639372054707,0.04318143391874134,0.366719501939229,0.2098046321956691,TRUE
COX4I2,ENSG00000131055.5,FALSE,100,0,0,-0.05080005077288095,-0.30001191881942035,0.15892145456964263,-0.03682778423120604,TRUE
CP,ENSG00000047457.14,FALSE,100,0,0,0.01079702164780785,-0.22197462977128019,0.17590135397884477,-0.00574232852188957,FALSE
CPA4,ENSG00000128510.12,FALSE,100,0,0,0.17871638362323333,0.04523311821734454,0.3182613914953436,0.18031988141149696,TRUE
CPA6,ENSG00000165078.13,FALSE,100,0,0,0.09651056961269794,-0.08303549641412249,0.2456564174903461,0.07079266346414814,TRUE
CPAMD8,ENSG00000160111.14,FALSE,100,0,0,-0.03263985895594146,-0.26049851638273885,0.238510819032412,-0.04542553895985474,TRUE
CPB1,ENSG00000153002.12,FALSE,100,0,0,0.2660604300147966,0.10365463662735121,0.3746985852019077,0.24692400055003064,TRUE
CPEB3,ENSG00000107864.15,FALSE,100,0,0,-0.1577706406461387,-0.3469781999678163,0.03738199282560152,-0.17979410399761156,TRUE
CPN2,ENSG00000178772.7,FALSE,100,0,0,0.07340377468894077,-0.0871068723878707,0.24413595208269917,0.06397010207564528,TRUE
CPNE4,ENSG00000196353.11,FALSE,100,0,0,0.13689494395020654,-0.03345176447255536,0.2627716997793686,0.12614316336170078,TRUE
CR1,ENSG00000203710.12,FALSE,100,0,0,0.08833078601062908,-0.07382662584293423,0.2592634846624708,0.0715037371129911,TRUE
CR2,ENSG00000117322.18,FALSE,100,0,0,0.06393033218366789,-0.10939332015573212,0.2036063962248454,0.04937924015880693,TRUE
CRABP1,ENSG00000166426.8,FALSE,100,0,0,0.1408074607498992,-0.01877131501242814,0.28579934399257045,0.13848886662382118,TRUE
CRB2,ENSG00000148204.12,FALSE,100,0,0,0.07861744990948745,-0.09575988646430544,0.22134096362952405,0.05631055816420466,TRUE
CREB5,ENSG00000146592.17,FALSE,100,0,0,-0.19866067314341973,-0.36247672123411195,-0.0013411667208099777,-0.19967212038894935,TRUE
CREG2,ENSG00000175874.10,FALSE,100,0,0,0.05245829147945191,-0.11092611301495015,0.20246398977975044,0.03937556514901333,TRUE
CRISP2,ENSG00000124490.14,FALSE,100,0,0,0.079919218968127,-0.09698798534287492,0.1606023855349829,0.07684123947516969,TRUE
CRLF2,ENSG00000205755.12,FALSE,100,0,0,0.08520843710728682,-0.03436353262468946,0.21461481923991926,0.07299894377281192,TRUE
CRP,ENSG00000132693.12,FALSE,100,0,0,0.1677147036973789,0.022808193005907054,0.2785249753892327,0.16586124685477832,TRUE
CRTAM,ENSG00000109943.9,FALSE,100,0,0,-0.08750870995649937,-0.27828429165992397,0.07147497763052753,-0.09715762942376868,TRUE
CRYAA,ENSG00000160202.7,FALSE,100,0,0,-0.07341031335852506,-0.26221592498837343,0.05487150406591047,-0.08289435228413207,TRUE
CRYBB1,ENSG00000100122.7,FALSE,100,0,0,0.09272581643229333,-0.11393781012872645,0.24939219130362927,0.08190555380961419,TRUE
CRYBB2,ENSG00000244752.3,FALSE,100,0,0,0.11966171033452976,-0.0321193264685973,0.2530921483054911,0.12194650325027856,TRUE
CSDC2,ENSG00000172346.15,FALSE,100,0,0,-0.11029163657510566,-0.2805348944930832,0.019571612794197186,-0.10415922527476436,TRUE
CSF1R,ENSG00000182578.14,FALSE,100,0,0,-0.035270527512980446,-0.2087853119878923,0.14885219567321423,-0.03055717693952512,TRUE
CSF2RA,ENSG00000198223.17,FALSE,100,0,0,-0.046205602095057106,-0.19748703118359884,0.1489983214691525,-0.04662008700679249,TRUE
CSF2RB,ENSG00000100368.14,FALSE,100,0,0,-0.026749965592909906,-0.1709041610901631,0.14159623900490564,-0.03191074080280275,TRUE
CSF3R,ENSG00000119535.18,FALSE,100,0,0,0.17518822632843484,-0.04078352940142241,0.3098580618468668,0.16739361870962982,TRUE
CSMD1,ENSG00000183117.19,FALSE,100,0,0,-0.07963303030652324,-0.22891372759535866,0.048037902531792145,-0.08495891999818059,TRUE
CSPG4,ENSG00000173546.7,FALSE,100,0,0,-0.1197422613053579,-0.27435777813167295,0.08492979610871845,-0.11487312558047572,TRUE
CSRNP3,ENSG00000178662.16,FALSE,100,0,0,-0.1621813192990731,-0.29750076953617044,-0.010281583690403306,-0.1750872488310685,TRUE
CST5,ENSG00000170367.5,FALSE,100,0,0,0.103884920501749,-0.06089284425859913,0.23717382102530563,0.10996146273587912,TRUE
CST6,ENSG00000175315.3,FALSE,100,0,0,0.11513536030302653,-0.017907105073279646,0.22230128360300144,0.11851664368999676,TRUE
CST7,ENSG00000077984.6,FALSE,100,0,0,-0.05552945502490192,-0.22262019891227064,0.0978802370852656,-0.05963609213401186,TRUE
CST9,ENSG00000173335.5,FALSE,100,0,0,0.17356799188566252,0.022635408270249555,0.27782337482206176,0.1656770159175208,TRUE
CSTA,ENSG00000121552.4,FALSE,100,0,0,0.03152943327004236,-0.18491769623948773,0.2325576458656053,0.04924981597036761,TRUE
CTF1,ENSG00000150281.7,FALSE,100,0,0,-0.11526759080834065,-0.28471669287012435,0.015241095005767088,-0.10604316696931793,TRUE
CTH,ENSG00000116761.12,FALSE,100,0,0,-0.07430784666448517,-0.230619158717411,0.060268064243274064,-0.07432552009187628,TRUE
CTHRC1,ENSG00000164932.13,FALSE,100,0,0,0.17568811124058772,0.02737765132839947,0.3221261924433876,0.17548500260470262,TRUE
CTLA4,ENSG00000163599.17,FALSE,100,0,0,0.14350114290655913,-0.005686744029399156,0.2963730316100279,0.14339840598109307,TRUE
CTNNAL1,ENSG00000119326.15,FALSE,100,0,0,0.10525534765164093,-0.04450527003230207,0.31654662334356276,0.11243556466488616,TRUE
CTSW,ENSG00000172543.8,FALSE,100,0,0,-0.04543979523537117,-0.21344030512151785,0.12493694283522129,-0.04255949421219588,TRUE
CTSZ,ENSG00000101160.14,FALSE,100,0,0,0.07690249809030217,-0.10536264513702939,0.23493665615981513,0.06933920244317972,TRUE
CXCL1,ENSG00000163739.5,FALSE,100,0,0,0.22638036654209653,0.11877068347439944,0.3467326201298815,0.23551710474300272,TRUE
CXCL10,ENSG00000169245.6,FALSE,100,0,0,-0.09027239099954926,-0.2449960060098066,0.08122028355455854,-0.08508126987160726,TRUE
CXCL11,ENSG00000169248.13,FALSE,100,0,0,-0.08545529855014986,-0.22156619283073004,0.09030081270522974,-0.08503995893195665,TRUE
CXCL12,ENSG00000107562.16,FALSE,100,0,0,-0.16089312364643824,-0.3039489020396111,0.001061512103025201,-0.15631534509252834,TRUE
CXCL13,ENSG00000156234.7,FALSE,100,0,0,0.06640078179204123,-0.10404129362499838,0.22993918098624103,0.06524512908543649,TRUE
CXCL9,ENSG00000138755.6,FALSE,100,0,0,-0.09737726487053394,-0.2586560713802807,0.0876949344452453,-0.09903480554761931,TRUE
CXCR3,ENSG00000186810.8,FALSE,100,0,0,-0.03947085728670968,-0.22572310704794246,0.11001467895791382,-0.04157021338968235,TRUE
CXCR4,ENSG00000121966.7,FALSE,100,0,0,0.0010467940774521963,-0.1638379201987657,0.21701181841018957,0.00489113496910381,TRUE
CXCR6,ENSG00000172215.6,FALSE,100,0,0,-0.07683545352355725,-0.2808723857724652,0.11814119690611397,-0.09232543686920842,TRUE
CXorf58,ENSG00000165182.12,FALSE,100,0,0,0.10633701077122107,-0.04976564332470444,0.2231246700132946,0.0927099811660775,TRUE
CYBA,ENSG00000051523.11,FALSE,100,0,0,0.10995138891869566,-0.03476556784766297,0.2770240001943348,0.13587658053968116,TRUE
CYBB,ENSG00000165168.8,FALSE,100,0,0,-0.11714642265201947,-0.2779924199415107,0.02677427497725847,-0.1238811663620037,TRUE
CYGB,ENSG00000161544.10,FALSE,100,0,0,-0.0351122504439161,-0.22774650576264902,0.1714553680936799,-0.01237538707173977,TRUE
CYP17A1,ENSG00000148795.7,FALSE,100,0,0,-0.2060407085549771,-0.38748065244483043,-0.04162606670686968,-0.20441024539443256,TRUE
CYP1A1,ENSG00000140465.14,FALSE,100,0,0,0.10362621237034296,-0.05136106854771465,0.21445047748398788,0.08435832478623029,TRUE
CYP1B1,ENSG00000138061.12,FALSE,100,0,0,0.05519224912777371,-0.1013527672160936,0.1855562215876106,0.04520586686747921,TRUE
CYP24A1,ENSG00000019186.10,FALSE,100,0,0,-0.046789717414253654,-0.1839778285047489,0.1361372434098491,-0.02699800829053339,TRUE
CYP26A1,ENSG00000095596.12,FALSE,100,0,0,0.19542124072968783,0.09866741341624514,0.2927507844223698,0.21067088554035773,TRUE
CYP26B1,ENSG00000003137.8,FALSE,100,0,0,0.06975820378305811,-0.09696954464603474,0.23549976823129992,0.06914295553528978,TRUE
CYP2B6,ENSG00000197408.10,FALSE,100,0,0,-0.004613645993358281,-0.15383297804226054,0.1737978292678382,-0.00282777924041118,TRUE
CYP39A1,ENSG00000146233.8,FALSE,100,0,0,-0.07405044397885793,-0.24754614608060702,0.1046772570476447,-0.08433194071414564,TRUE
CYP4B1,ENSG00000142973.14,FALSE,100,0,0,-0.08378152431272408,-0.2586779030177494,0.08949790670808161,-0.08754546363667197,TRUE
CYP4F2,ENSG00000186115.13,FALSE,100,0,0,-0.08352288134258931,-0.27401955636690567,0.06426400647886091,-0.08591025663975496,TRUE
CYP4F3,ENSG00000186529.16,FALSE,100,0,0,0.02882490901278896,-0.15859515938245256,0.15664941084204004,0.02629480343897678,TRUE
CYSLTR1,ENSG00000173198.6,FALSE,100,0,0,-0.1883839679683577,-0.3350531098036467,0.0051691852070047,-0.18980991624745663,TRUE
CYTH4,ENSG00000100055.21,FALSE,100,0,0,0.12937847703263078,-0.05444074148290915,0.28469462588743244,0.12819166109667482,TRUE
CYTIP,ENSG00000115165.10,FALSE,100,0,0,-0.047079623167134446,-0.22034156515991526,0.15293115894713855,-0.06706116423456693,TRUE
CYTL1,ENSG00000170891.11,FALSE,100,0,0,0.18789167670594709,0.03157369065473797,0.3724695061921892,0.18186516658903212,TRUE
DACH1,ENSG00000276644.5,FALSE,100,0,0,-0.179050447305389,-0.3417342222686622,-0.016081623783383108,-0.17841251202668548,TRUE
DACT2,ENSG00000164488.12,FALSE,100,0,0,-0.022680207904016647,-0.2079724488434544,0.13710475336059857,-0.03147369749719341,TRUE
DAG1,ENSG00000173402.12,FALSE,100,0,0,-0.0052780554811178645,-0.1471608491338734,0.18721041155702922,-8.122275738461933e-4,TRUE
DAND5,ENSG00000179284.5,FALSE,100,0,0,0.20420855896473097,0.06474833711858882,0.3288898491466301,0.2113437296066875,TRUE
DCDC2,ENSG00000146038.12,FALSE,100,0,0,-0.0738459512823087,-0.26602832160517187,0.13310143584111137,-0.08817410976871258,TRUE
DCLK1,ENSG00000133083.15,FALSE,100,0,0,-0.1212367972236513,-0.2857784634520909,0.0709531092129805,-0.10475830522092988,TRUE
DCLK3,ENSG00000163673.7,FALSE,100,0,0,-0.06417116841344858,-0.2242120860470529,0.1062737234106213,-0.0587072914273147,TRUE
DCN,ENSG00000011465.18,FALSE,100,0,0,0.10824655133117789,-0.02810740469442068,0.24539286024043333,0.09686009287961564,TRUE
DCXR,ENSG00000169738.8,FALSE,100,0,0,0.13756805144444764,-0.01921200255311372,0.2859416353038825,0.15763980384840096,TRUE
DDB2,ENSG00000134574.12,FALSE,100,0,0,-0.11117354743129532,-0.3034712847745129,0.05560276075702672,-0.09987089609536512,TRUE
DDIT4,ENSG00000168209.5,FALSE,100,0,0,-0.09676234109115708,-0.2603247182599679,0.08661493209214452,-0.09159749319233504,TRUE
DDN,ENSG00000181418.8,FALSE,100,0,0,0.10745546144238355,-0.036040809352140546,0.3302327837306353,0.09735720323057996,TRUE
DDX25,ENSG00000109832.14,FALSE,100,0,0,-0.10619777821700341,-0.26841855459870656,0.09302794209068417,-0.09043417205899285,TRUE
DDX41,ENSG00000183258.12,FALSE,100,0,0,-0.0276736283656712,-0.1513164796592623,0.12851034990665158,0.00139413955077817,FALSE
DDX43,ENSG00000080007.8,FALSE,100,0,0,0.0017311022245381446,-0.1382995320701761,0.18482975764632487,0.00676621474595839,TRUE
DEF6,ENSG00000023892.11,FALSE,100,0,0,0.16411575153414998,-0.028882556451282113,0.33192715301865217,0.16489093082150152,TRUE
DEFA4,ENSG00000164821.5,FALSE,100,0,0,0.02846517193295723,-0.13715273865437783,0.1875075400930526,0.02398357992947236,TRUE
DEFB1,ENSG00000164825.4,FALSE,100,0,0,0.010064609609160032,-0.14085321482591234,0.24961174596760005,0.01149138027649957,TRUE
DEGS1,ENSG00000143753.13,FALSE,100,0,0,-0.0861622407809931,-0.22987274853957607,0.08309396924789225,-0.07417998538942765,TRUE
DEGS2,ENSG00000168350.8,FALSE,100,0,0,-0.1374339003508191,-0.3565982661302467,0.016553553528670592,-0.16059586589339836,TRUE
DERL3,ENSG00000099958.15,FALSE,100,0,0,0.010979862384039642,-0.17659955763758708,0.16735403323595907,-0.00403428682340366,FALSE
DGCR5,ENSG00000273032.3,FALSE,100,0,0,-0.18211517092344293,-0.32656529656056055,0.0128453724165202,-0.17896387047433665,TRUE
DGKZ,ENSG00000149091.15,FALSE,100,0,0,0.08696348346047782,-0.09008874893943636,0.2587302712419768,0.10629979055479312,TRUE
DHRS11,ENSG00000278535.5,FALSE,100,0,0,0.1463889135272513,0.011540985163474496,0.31775624794220747,0.16909259485292352,TRUE
DHRS4,ENSG00000157326.19,FALSE,100,0,0,-0.18138885211543426,-0.3489781999804329,-0.02170729410934369,-0.1474794116055053,TRUE
DIO1,ENSG00000211452.11,FALSE,100,0,0,0.034088516537608145,-0.15573345144050602,0.18378182225689726,0.03318620540122583,TRUE
DIRAS3,ENSG00000162595.7,FALSE,100,0,0,0.035073368421671997,-0.12918346776692727,0.16906121974552385,0.01821478920196214,TRUE
DISC1,ENSG00000162946.23,FALSE,100,0,0,-0.13538002699558108,-0.2879397118619379,0.09064185583701892,-0.14236526124270835,TRUE
DLEU1,ENSG00000176124.15,FALSE,100,0,0,-0.06435759720753148,-0.24199466947223003,0.12699532604154434,-0.08663644870356627,TRUE
DLEU7,ENSG00000186047.10,FALSE,100,0,0,-0.03804464018039416,-0.24012110634060885,0.12139174680579705,-0.05898875837185218,TRUE
DLG2,ENSG00000150672.17,FALSE,100,0,0,-0.11714015086811971,-0.29321312132546795,0.029686124066337687,-0.14892218944131874,TRUE
DLGAP2,ENSG00000198010.13,FALSE,100,0,0,0.14160149710243464,0.03894371313143653,0.25024955526868015,0.1432301764646848,TRUE
DLK1,ENSG00000185559.16,FALSE,100,0,0,-0.015070418668780264,-0.1755664873217911,0.12819642100106687,-0.01599924864074383,TRUE
DLK2,ENSG00000171462.15,FALSE,100,0,0,0.18239384418506355,0.057127992156446164,0.30343351500336746,0.18379615291090184,TRUE
DLX3,ENSG00000064195.7,FALSE,100,0,0,0.08178787343203292,-0.10964485557913953,0.20982906881821434,0.08120644068709672,TRUE
DMBX1,ENSG00000197587.11,FALSE,100,0,0,0.24146776969362233,0.11574808633474391,0.36961427996296925,0.2408083860543882,TRUE
DMRT2,ENSG00000173253.15,FALSE,100,0,0,0.14245702492048912,-0.008610465562561337,0.2604127771867672,0.13910503217244763,TRUE
DMRT3,ENSG00000064218.5,FALSE,100,0,0,0.24246999134064495,0.14147786491539704,0.36164323283086447,0.24570677763448817,TRUE
DNAH11,ENSG00000105877.18,FALSE,100,0,0,-0.01948542056369816,-0.2124656668298805,0.1753515764028496,-0.03167416183156226,TRUE
DNAJB13,ENSG00000187726.9,FALSE,100,0,0,0.10400259979493176,-0.10078444907468515,0.30334741100653717,0.09669351906261422,TRUE
DNAJC11,ENSG00000007923.16,FALSE,100,0,0,-0.19617564961482503,-0.3371853574669145,-0.005535252513185194,-0.18233768687841936,TRUE
DNAJC12,ENSG00000108176.15,FALSE,100,0,0,0.14610098964267415,0.010858382700408722,0.29722392833301137,0.15407850472223686,TRUE
DNAJC28,ENSG00000177692.12,FALSE,100,0,0,-0.06932202020117242,-0.24809712720325172,0.11451144622677997,-0.06548910570790814,TRUE
DNAJC6,ENSG00000116675.16,FALSE,100,0,0,-0.2110905831795007,-0.3514520629504095,0.006839914364389965,-0.20167175152446049,TRUE
DNER,ENSG00000187957.8,FALSE,100,0,0,0.06318505614470632,-0.06510770721361005,0.21308396851163414,0.06594367237004373,TRUE
DNM3,ENSG00000197959.14,FALSE,100,0,0,-0.05683756919815193,-0.21389310829807753,0.1251657695279347,-0.07764595134595706,TRUE
DNMBP,ENSG00000107554.17,FALSE,100,0,0,-0.10483955748897783,-0.2856238759315043,0.06743490394262963,-0.1218406964352926,TRUE
DOC2A,ENSG00000149927.18,FALSE,100,0,0,0.05689839959415728,-0.17643046054693334,0.2248521617039487,0.05955981457786708,TRUE
DOC2B,ENSG00000272636.4,FALSE,100,0,0,-0.020313160699709808,-0.22616397223998042,0.18333096559306888,-0.03091521760159069,TRUE
DOCK10,ENSG00000135905.20,FALSE,100,0,0,-0.026403150117312174,-0.19918027020289397,0.13743791100664998,-0.05670184850689167,TRUE
DOCK2,ENSG00000134516.18,FALSE,100,0,0,-0.08510350072371767,-0.2703219311891972,0.09303808622778824,-0.10769237803418466,TRUE
DOCK6,ENSG00000130158.14,FALSE,100,0,0,0.0319810585253532,-0.22525815349105616,0.22776564180581602,0.03021383304003837,TRUE
DOK2,ENSG00000147443.13,FALSE,100,0,0,-0.00882155712113513,-0.2129746769861316,0.19778070784936783,-0.01030250255553974,TRUE
DOK7,ENSG00000175920.18,FALSE,100,0,0,0.17969513955574296,-0.006424759970729432,0.29453847787873794,0.15225831421793337,TRUE
DPEP2,ENSG00000167261.14,FALSE,100,0,0,-0.014231851891476481,-0.22447875840608106,0.22058842415304286,-0.01584166673481512,TRUE
DPP10,ENSG00000175497.17,FALSE,100,0,0,0.04626133725755578,-0.22500144567174332,0.1995098570422953,0.00856529745060033,TRUE
DPP9,ENSG00000142002.17,FALSE,100,0,0,0.04682470486963793,-0.13981275280132904,0.21750872993604015,0.05720902505536134,TRUE
DPPA2,ENSG00000163530.4,FALSE,100,0,0,-0.022930488419575422,-0.1960332958110109,0.10685917443737086,-0.01567109410393458,TRUE
DPT,ENSG00000143196.5,FALSE,100,0,0,0.028908287819181346,-0.14955739769712834,0.18531667308654676,0.02773614050801999,TRUE
DSP,ENSG00000096696.14,FALSE,100,0,0,-0.043120120397829864,-0.22980151936456422,0.15223602130362368,-0.05035231367120054,TRUE
DTL,ENSG00000143476.18,FALSE,100,0,0,0.0018809251375548727,-0.17502329334161168,0.19226483041950806,0.00626963976505804,TRUE
DUOXA2,ENSG00000140274.14,FALSE,100,0,0,0.16689857002953212,0.0032810668068474448,0.3023527521200473,0.1609314106729194,TRUE
DUSP10,ENSG00000143507.18,FALSE,100,0,0,0.18077327445390223,0.005870001655813734,0.35962591105323605,0.16521163030668193,TRUE
DUSP15,ENSG00000149599.15,FALSE,100,0,0,0.10345559587296377,-0.07536320060704389,0.2246020606057289,0.09020310003939094,TRUE
DUSP23,ENSG00000158716.9,FALSE,100,0,0,0.04933794537123576,-0.12377906281046513,0.19689953774221847,0.06060025514732623,TRUE
DUSP26,ENSG00000133878.9,FALSE,100,0,0,0.014083883444130836,-0.1514967506639704,0.17354099871128092,0.01460734169234096,TRUE
DUSP4,ENSG00000120875.9,FALSE,100,0,0,-0.03676225243108918,-0.21545039586084658,0.17019139128939578,-0.05295253284519918,TRUE
DUSP9,ENSG00000130829.18,FALSE,100,0,0,0.1543886740332634,0.014529462770089402,0.31428769781075716,0.15691352802322284,TRUE
E2F1,ENSG00000101412.13,FALSE,100,0,0,0.14349476791638105,-0.01160260192320164,0.3125679898848154,0.15002539526208983,TRUE
E2F2,ENSG00000007968.7,FALSE,100,0,0,0.10824459754125113,-0.0849986548675118,0.29767715513295545,0.10866588545725134,TRUE
EBF2,ENSG00000221818.9,FALSE,100,0,0,-0.010963767616729087,-0.1887452191741163,0.24297987857873715,-0.00946524807254779,TRUE
EBI3,ENSG00000105246.6,FALSE,100,0,0,0.03496179656664663,-0.13072947790763242,0.23375816099179245,0.05197684096256835,TRUE
ECHS1,ENSG00000127884.5,FALSE,100,0,0,-0.12900051077656238,-0.2947401049694456,5.307158324061997e-4,-0.11279571711386426,TRUE
EDA2R,ENSG00000131080.15,FALSE,100,0,0,-0.1861566642247266,-0.31929330455355176,-0.051590728171193756,-0.1951638657492344,TRUE
EDARADD,ENSG00000186197.15,FALSE,100,0,0,0.04367020687867925,-0.12115839290894583,0.1986614090567628,0.03089882554862963,TRUE
EDIL3,ENSG00000164176.13,FALSE,100,0,0,-0.130506097111664,-0.2660531870834962,0.020584497123593906,-0.13951193174803805,TRUE
EDN3,ENSG00000124205.18,FALSE,100,0,0,-0.01812582868885581,-0.14946962284041643,0.13004395819339643,-0.01989668387973123,TRUE
EDNRA,ENSG00000151617.17,FALSE,100,0,0,0.010174892229773148,-0.14586415767186284,0.20602200958382372,0.00842956781354647,TRUE
EFHD1,ENSG00000115468.12,FALSE,100,0,0,-0.1897085946597446,-0.34955513023985035,-0.01929464460393019,-0.20297862303892503,TRUE
EFHD2,ENSG00000142634.13,FALSE,100,0,0,0.11003609350395846,-0.046668507896131986,0.2519985602764741,0.12543014152370258,TRUE
EGF,ENSG00000138798.13,FALSE,100,0,0,0.018751258252614852,-0.14856111983706832,0.17578250273583368,-0.0078361847241048,FALSE
EGFLAM,ENSG00000164318.18,FALSE,100,0,0,-0.09413176379181021,-0.25600860867397845,0.09027639309407895,-0.09800719238653068,TRUE
EHD2,ENSG00000024422.12,FALSE,100,0,0,-0.10161743239290037,-0.2139314408765841,0.09530833970939108,-0.07814301897467565,TRUE
EHD3,ENSG00000013016.16,FALSE,100,0,0,-0.08824984658781923,-0.2109248140699927,0.12193146733034929,-0.08094384842011798,TRUE
EHF,ENSG00000135373.13,FALSE,100,0,0,0.04520961799080346,-0.13144762654324477,0.21613936139870157,0.03276917023450233,TRUE
ELAVL4,ENSG00000162374.18,FALSE,100,0,0,0.10891622624698488,-0.034438414084019556,0.22221232234700394,0.09620254762554188,TRUE
ELF3,ENSG00000163435.16,FALSE,100,0,0,-0.013526430964024456,-0.16094696800922048,0.22452531230293163,-0.01090914669427728,TRUE
ELF5,ENSG00000135374.11,FALSE,100,0,0,0.10134799503036385,-0.03993516323807207,0.20516694783658795,0.09379029206113734,TRUE
ELMO1,ENSG00000155849.15,FALSE,100,0,0,-0.1949035249368739,-0.3140257135059244,0.004751964780665107,-0.1867805959243143,TRUE
EMB,ENSG00000170571.12,FALSE,100,0,0,0.04969122286256494,-0.14386323233769305,0.22731355330597502,0.03306701568228609,TRUE
EMILIN2,ENSG00000132205.11,FALSE,100,0,0,0.03244581645197258,-0.16821188314372382,0.2791389486855163,0.03058099784213032,TRUE
EMP3,ENSG00000142227.11,FALSE,100,0,0,0.13432390447138343,-0.042041388746357364,0.2788101073540431,0.1528813885631976,TRUE
ENKUR,ENSG00000151023.17,FALSE,100,0,0,-0.004457096111844845,-0.15204259014113736,0.1697960330339956,-0.00755014877815934,TRUE
ENOX1,ENSG00000120658.13,FALSE,100,0,0,-0.0769967026873445,-0.25907107000848995,0.08383225626511845,-0.07657378854923917,TRUE
ENPP1,ENSG00000197594.13,FALSE,100,0,0,-0.060873429526310835,-0.22640263857093063,0.10886371256715646,-0.07285437839867079,TRUE
ENPP6,ENSG00000164303.11,FALSE,100,0,0,-0.00572203677997708,-0.24276728031360387,0.13799201625303348,-0.01634944422194785,TRUE
ENTPD3,ENSG00000168032.10,FALSE,100,0,0,0.13896200914375373,-0.004446957800219432,0.30022755570168247,0.1107278093599232,TRUE
EOMES,ENSG00000163508.13,FALSE,100,0,0,-0.09884308134853692,-0.28344697393573925,0.05471767135613505,-0.11002304341302271,TRUE
EPB41L5,ENSG00000115109.14,FALSE,100,0,0,-0.12791145921893188,-0.2806505586383094,0.019975178619079263,-0.14872421277780373,TRUE
EPCAM,ENSG00000119888.11,FALSE,100,0,0,-0.11017702974118507,-0.26362301142327715,0.06025708586625375,-0.11311605757362918,TRUE
EPHA1,ENSG00000146904.9,FALSE,100,0,0,0.08561857853010924,-0.08752204969008939,0.26238239639094463,0.06922020791018076,TRUE
EPHA3,ENSG00000044524.11,FALSE,100,0,0,0.014751354465867929,-0.12521316892414538,0.22229280383921463,0.00641154278222899,TRUE
EPHA5,ENSG00000145242.13,FALSE,100,0,0,0.1954166713893105,0.09053515724350333,0.2942949625586211,0.1914258778309314,TRUE
EPHB3,ENSG00000182580.3,FALSE,100,0,0,0.025989779784678452,-0.13090756439276519,0.19249689065492911,0.04527734053018244,TRUE
EPO,ENSG00000130427.3,FALSE,100,0,0,0.1469383961691726,-0.010358969210599586,0.353386734416003,0.14907472757385024,TRUE
EPS8L3,ENSG00000198758.11,FALSE,100,0,0,0.03599878392426623,-0.11811106334839375,0.1728213544749123,0.04414309876919937,TRUE
EPSTI1,ENSG00000133106.15,FALSE,100,0,0,-0.04998928645172781,-0.23385681170021644,0.0952837960400478,-0.05881955730641367,TRUE
EPX,ENSG00000121053.6,FALSE,100,0,0,0.17186818036884344,0.02853578836692621,0.310342868278566,0.16758184423145686,TRUE
ERAP2,ENSG00000164308.17,FALSE,100,0,0,-0.12444344908209665,-0.26751102077631406,0.027451651439877732,-0.12841111210916248,TRUE
ERBB2,ENSG00000141736.14,FALSE,100,0,0,-0.1532477317833471,-0.3032079807400424,7.860182593874871e-4,-0.15558410182914265,TRUE
ERBB4,ENSG00000178568.15,FALSE,100,0,0,0.18765302723951505,0.038876464092314156,0.3564376612266952,0.1549760802208609,TRUE
ERP27,ENSG00000139055.7,FALSE,100,0,0,0.0987947582917452,-0.08206238378592376,0.2332765953498085,0.08198406565388525,TRUE
ESCO2,ENSG00000171320.15,FALSE,100,0,0,0.11589014879128033,-0.14446650575149536,0.28187961606244977,0.08946066388939636,TRUE
ESRP2,ENSG00000103067.14,FALSE,100,0,0,-0.16443460229381235,-0.3119794924421043,-0.0037501107538289455,-0.17955349119959088,TRUE
ESRRB,ENSG00000119715.15,FALSE,100,0,0,0.06847817018223316,-0.07975590165813917,0.2125999357519275,0.06025820133856646,TRUE
EVI2A,ENSG00000126860.12,FALSE,100,0,0,-0.024292605656599017,-0.22461448583119062,0.14673461280038286,-0.03045765980130463,TRUE
EVI2B,ENSG00000185862.7,FALSE,100,0,0,-0.13737760368747515,-0.32370424245036067,0.045324140556716463,-0.13238539272913363,TRUE
EVPL,ENSG00000167880.8,FALSE,100,0,0,-0.028706937846203068,-0.1969761762198673,0.14969939693463338,-0.01123879345974581,TRUE
EXOSC5,ENSG00000077348.9,FALSE,100,0,0,0.07475600899532031,-0.084183777753117,0.23047358100742155,0.07401621974769454,TRUE
EYA2,ENSG00000064655.19,FALSE,100,0,0,0.013410078930430665,-0.141561244644067,0.16750666679740867,0.01653724343940238,TRUE
EYA4,ENSG00000112319.19,FALSE,100,0,0,-0.06082250926895068,-0.23002736739176088,0.13959616272569098,-0.05752190839143668,TRUE
F11,ENSG00000088926.14,FALSE,100,0,0,-0.13435017007124234,-0.33809987593278074,0.03726273480840193,-0.12914681749775703,TRUE
F12,ENSG00000131187.10,FALSE,100,0,0,0.1070707110949283,-0.057475034087840646,0.25015240022460106,0.1228227825911142,TRUE
F2,ENSG00000180210.15,FALSE,100,0,0,0.13617017367883022,-0.07483360080866393,0.29225578081596937,0.12746324104478648,TRUE
FA2H,ENSG00000103089.9,FALSE,100,0,0,0.1384421603626511,0.016335103321014607,0.2658234104895624,0.1374979121170877,TRUE
FABP2,ENSG00000145384.4,FALSE,100,0,0,0.05487488957232502,-0.07245346155080629,0.16162198514978748,0.04972940277524328,TRUE
FABP5,ENSG00000164687.11,FALSE,100,0,0,0.22954754824292278,0.02093749197777919,0.37064672499386964,0.22227105209854583,TRUE
FABP7,ENSG00000164434.12,FALSE,100,0,0,-0.17796581751891372,-0.3120225319076584,0.023959050800879206,-0.16987800090317312,TRUE
FAIM2,ENSG00000135472.9,FALSE,100,0,0,0.057886448311611105,-0.11802652369651508,0.19704026263017027,0.05962389033210168,TRUE
FAM110A,ENSG00000125898.13,FALSE,100,0,0,0.11958391733883669,-0.049720086131277506,0.28088486121738415,0.1389851346584422,TRUE
FAM153A,ENSG00000170074.19,FALSE,100,0,0,-0.020750544596545628,-0.152874249898457,0.13492716638179358,-0.01382843646401316,TRUE
FAM167A,ENSG00000154319.16,FALSE,100,0,0,0.1531959581637841,-0.0028640261564739904,0.3291091479004489,0.1495636689044776,TRUE
FAM171A1,ENSG00000148468.17,FALSE,100,0,0,-0.04084363286802396,-0.19787650005920326,0.17222200169850344,-0.03269207074965684,TRUE
FAM181B,ENSG00000182103.5,FALSE,100,0,0,-0.010318624989586215,-0.1909311770581909,0.14448980990412122,-0.02573815651235438,TRUE
FAM184A,ENSG00000111879.20,FALSE,100,0,0,0.03443070560704867,-0.12417501883817755,0.18187936367680113,0.00830034631970321,TRUE
FAM184B,ENSG00000047662.5,FALSE,100,0,0,0.23753802257928347,0.10779055268084965,0.32495100186768755,0.23455753157722883,TRUE
FAM3B,ENSG00000183844.17,FALSE,100,0,0,0.04584650982227198,-0.13147437016537336,0.19591212585641504,0.01681538496042309,TRUE
FAM43B,ENSG00000183114.8,FALSE,100,0,0,0.2563813328863702,0.12456597958147247,0.39114444941038184,0.24824066326175037,TRUE
FAM78A,ENSG00000126882.13,FALSE,100,0,0,-0.006133921864366905,-0.172674821669972,0.20114377671509923,-0.0050822092254083,TRUE
FAM81A,ENSG00000157470.12,FALSE,100,0,0,0.06468812007397104,-0.07872720554593304,0.2165467043091754,0.06696794142554242,TRUE
FAM89B,ENSG00000176973.8,FALSE,100,0,0,-0.0015496015628783668,-0.14709882339450148,0.1612378689147828,0.00783949919085327,FALSE
FANCI,ENSG00000140525.19,FALSE,100,0,0,0.17066806461749484,-0.053522298800020976,0.3286147250081163,0.1553616386723187,TRUE
FAP,ENSG00000078098.14,FALSE,100,0,0,0.16619797803522074,0.026587686890018482,0.33789474215392523,0.1570871385164402,TRUE
FAS,ENSG00000026103.22,FALSE,100,0,0,-0.13655851350078918,-0.2804318687650488,0.030531633949460214,-0.15586063246374182,TRUE
FASLG,ENSG00000117560.8,FALSE,100,0,0,-0.010551383385150232,-0.17411176242175347,0.14603754981634476,-0.01050490160055012,TRUE
FBLN1,ENSG00000077942.19,FALSE,100,0,0,0.11130419934240789,-0.028315334912328086,0.24145943340894038,0.11887175811335816,TRUE
FBLN5,ENSG00000140092.14,FALSE,100,0,0,-0.0744666853183335,-0.21620498706615873,0.080295679170162,-0.07388742690923676,TRUE
FBLN7,ENSG00000144152.13,FALSE,100,0,0,0.01648296872934153,-0.1746674837264397,0.18082761152505933,0.00812673088776265,TRUE
FBXL8,ENSG00000135722.9,FALSE,100,0,0,0.1072749989610127,-0.08672524243165115,0.3090256425788851,0.11649044087034446,TRUE
FBXO17,ENSG00000269190.6,FALSE,100,0,0,-0.12958501023616797,-0.27954308829891983,0.03317814665401218,-0.12144438897943648,TRUE
FBXO2,ENSG00000116661.11,FALSE,100,0,0,0.12025350010270863,-0.0027535552560202774,0.26281047201763963,0.11714490694329537,TRUE
FCAMR,ENSG00000162897.16,FALSE,100,0,0,-0.1621087679994776,-0.33336005306107863,-0.010911048244741563,-0.15233645941565768,TRUE
FCER1G,ENSG00000158869.11,FALSE,100,0,0,0.02323881644751535,-0.17225237927533066,0.2298492439469263,0.03215776825717627,TRUE
FCGR1A,ENSG00000150337.13,FALSE,100,0,0,0.07736513152671284,-0.10905130394671092,0.26180305356885336,0.06735506442317049,TRUE
FCGR2A,ENSG00000143226.15,FALSE,100,0,0,-0.005081446339091901,-0.17852428344978183,0.19812979400986172,-0.00902011087767597,TRUE
FCGR2B,ENSG00000072694.21,FALSE,100,0,0,0.09833644641656866,-0.14102134419712517,0.256631704944834,0.07935009065308403,TRUE
FCGR3B,ENSG00000162747.12,FALSE,100,0,0,0.07368418036819481,-0.11184587988631176,0.23563263053730787,0.08054222506223678,TRUE
FCHO1,ENSG00000130475.14,FALSE,100,0,0,0.1394523587391297,-0.049070864960560935,0.30219715096361766,0.14230288820191245,TRUE
FCN1,ENSG00000085265.11,FALSE,100,0,0,-0.05644704120912003,-0.20550092790935742,0.10178900311019706,-0.04300264363504865,TRUE
FCRL3,ENSG00000160856.21,FALSE,100,0,0,-0.07987414761310718,-0.2723802328902184,0.12215394595442572,-0.0858101314558233,TRUE
FCRL5,ENSG00000143297.19,FALSE,100,0,0,0.12534380299961187,-0.0636465197639996,0.27396273861711223,0.1065241198748247,TRUE
FDFT1,ENSG00000079459.13,FALSE,100,0,0,-0.19745664777623023,-0.3678554266260588,-0.04045530959691154,-0.22115168100878768,TRUE
FDXR,ENSG00000161513.12,FALSE,100,0,0,-0.09105434566645282,-0.24844030067942557,0.0625767338514464,-0.06907359902366778,TRUE
FERMT1,ENSG00000101311.16,FALSE,100,0,0,0.027790605812354516,-0.1503460980808663,0.17265419690245631,0.02974037663623315,TRUE
FERMT3,ENSG00000149781.13,FALSE,100,0,0,0.0348114008620302,-0.1639710199791965,0.24114272873971346,0.0327159265705013,TRUE
FFAR2,ENSG00000126262.5,FALSE,100,0,0,0.15919283785943644,0.004372073597702331,0.3002613801703573,0.16616149152762189,TRUE
FGA,ENSG00000171560.16,FALSE,100,0,0,-0.04220411255594292,-0.1919909904253621,0.09948048845086613,-0.0444262786775881,TRUE
FGD2,ENSG00000146192.15,FALSE,100,0,0,0.05358084706706692,-0.13468723082284761,0.24521198182610524,0.04824627839391205,TRUE
FGF1,ENSG00000113578.18,FALSE,100,0,0,-0.12381669347782812,-0.26432643985235377,0.05835748913681986,-0.13521214618024863,TRUE
FGF11,ENSG00000161958.11,FALSE,100,0,0,0.2190794563248344,0.055497566390730044,0.3703331955991907,0.22387201085671904,TRUE
FGF14,ENSG00000102466.16,FALSE,100,0,0,-0.06048943885453245,-0.28866151042255117,0.07755526016694039,-0.08097523263411543,TRUE
FGF20,ENSG00000078579.9,FALSE,100,0,0,-0.037409010999473837,-0.19796629267845242,0.13795337362823784,-0.02941859090870832,TRUE
FGF9,ENSG00000102678.7,FALSE,100,0,0,0.10814669639313171,-0.08495515637056873,0.2426082931778837,0.10450863835682088,TRUE
FGFBP1,ENSG00000137440.5,FALSE,100,0,0,0.19256156136102937,0.07542211036282614,0.30672045113362445,0.1907456141366078,TRUE
FGFR2,ENSG00000066468.23,FALSE,100,0,0,-0.11223325872509393,-0.2803367424860357,0.06419224120375025,-0.11325357739717372,TRUE
FGG,ENSG00000171557.17,FALSE,100,0,0,-0.021689736119626747,-0.15145210006110643,0.15317044239451377,-0.02469260008055523,TRUE
FGR,ENSG00000000938.13,FALSE,100,0,0,-0.03668236323218649,-0.2045745400731896,0.20142567124170838,-0.01425634454586279,TRUE
FHOD3,ENSG00000134775.15,FALSE,100,0,0,-0.12510136246576328,-0.3071224867762098,0.04781009943920323,-0.13968488360589942,TRUE
FLI1,ENSG00000151702.17,FALSE,100,0,0,-0.22351846492466448,-0.34723381692700017,-0.04854654092305992,-0.22310901424884977,TRUE
FLRT2,ENSG00000185070.11,FALSE,100,0,0,0.03267369675008691,-0.1044592104027291,0.2111914772972609,0.03212451532135942,TRUE
FMN2,ENSG00000155816.20,FALSE,100,0,0,0.155188170348359,-0.018401757502642974,0.30645571882451594,0.14756115644174503,TRUE
FMNL3,ENSG00000161791.14,FALSE,100,0,0,-0.04472378945977294,-0.1760165552874654,0.1934662955659452,-0.03885971255533285,TRUE
FMO5,ENSG00000131781.13,FALSE,100,0,0,-0.013396398855139784,-0.21636396153484622,0.13218246375089493,-0.03739137090428306,TRUE
FN1,ENSG00000115414.21,FALSE,100,0,0,0.12182008827867702,-0.07295151471514776,0.27208547734422084,0.10609714599107052,TRUE
FNDC5,ENSG00000160097.20,FALSE,100,0,0,0.2615667399856486,0.113410012768137,0.3423870585076938,0.26681382289003214,TRUE
FOLR2,ENSG00000165457.14,FALSE,100,0,0,-0.028710229566676,-0.16316017095825297,0.16269644496355423,-0.0201443272330373,TRUE
FOLR3,ENSG00000110203.9,FALSE,100,0,0,0.05355213464433646,-0.12442770306647685,0.22749334668369328,0.05342605539970244,TRUE
FOXA3,ENSG00000170608.3,FALSE,100,0,0,0.19983128028615926,0.07335728099191853,0.3492075568813237,0.19410060338707769,TRUE
FOXC1,ENSG00000054598.9,FALSE,100,0,0,0.008734815331963885,-0.12719158649559348,0.19277214304209822,0.01100235002422277,TRUE
FOXC2,ENSG00000176692.8,FALSE,100,0,0,-0.08001145708650514,-0.22174767274905235,0.14515112147941778,-0.08297538355905887,TRUE
FOXD3,ENSG00000187140.6,FALSE,100,0,0,0.13991085262900615,0.002980354359880809,0.2625587330784153,0.1307804298341196,TRUE
FOXE3,ENSG00000186790.6,FALSE,100,0,0,0.18468013764059543,0.06068912338374604,0.2971547564834689,0.16915271743118163,TRUE
FOXF1,ENSG00000103241.7,FALSE,100,0,0,0.009423786839527458,-0.21896631258767607,0.2571344170176127,-0.00190324241675772,FALSE
FOXF2,ENSG00000137273.6,FALSE,100,0,0,0.09284745942266774,-0.06269057374956638,0.24498979025293402,0.10981628194523904,TRUE
FOXJ1,ENSG00000129654.8,FALSE,100,0,0,0.11240608994240274,-0.012139102306793426,0.2801375242236148,0.1099264928002094,TRUE
FOXJ3,ENSG00000198815.9,FALSE,100,0,0,-0.07632275644342201,-0.24826202807518066,0.085971739616031,-0.08907115375357752,TRUE
FOXN1,ENSG00000109101.8,FALSE,100,0,0,0.14060178499805306,0.023495015810033486,0.2987433448952619,0.1449807396274555,TRUE
FOXN4,ENSG00000139445.18,FALSE,100,0,0,0.03290840591268471,-0.10121823330540325,0.1739471466363752,0.03284382557269194,TRUE
FOXQ1,ENSG00000164379.7,FALSE,100,0,0,-0.07806921973426595,-0.28738368229705086,0.08134533188024984,-0.06694431321387741,TRUE
FOXS1,ENSG00000179772.8,FALSE,100,0,0,0.2029416737665826,0.0029255330080748044,0.35508301528480346,0.19163602717525777,TRUE
FPR1,ENSG00000171051.9,FALSE,100,0,0,-0.040386086797550846,-0.23715242179811064,0.14154479468827819,-0.04720590759870927,TRUE
FPR2,ENSG00000171049.9,FALSE,100,0,0,0.020072353048809236,-0.1540727492710801,0.1992953196147248,0.02889861583067295,TRUE
FPR3,ENSG00000187474.5,FALSE,100,0,0,-0.1503662625853946,-0.2976966866238314,0.022356974894351546,-0.1519462872061111,TRUE
FRMD1,ENSG00000153303.17,FALSE,100,0,0,-0.08517690127384175,-0.3083886117916226,0.07458825908062838,-0.09055419510980384,TRUE
FRMD7,ENSG00000165694.10,FALSE,100,0,0,0.05705095734674738,-0.08626700677461253,0.1853595334670579,0.06033633841859784,TRUE
FRMPD3,ENSG00000147234.10,FALSE,100,0,0,0.17805447477817785,0.008934065651969112,0.31906378192747287,0.15650970892059077,TRUE
FRZB,ENSG00000162998.5,FALSE,100,0,0,-0.01624384624375422,-0.2125031182908469,0.1640530985993715,-0.00885821110074069,TRUE
FSTL1,ENSG00000163430.12,FALSE,100,0,0,-0.007965932429510405,-0.14889766485288414,0.1608632701559494,0.00943808877126256,FALSE
FSTL3,ENSG00000070404.10,FALSE,100,0,0,-0.13088235278298438,-0.3075376416196667,0.06430225683520785,-0.10302603397648898,TRUE
FTCD,ENSG00000160282.14,FALSE,100,0,0,-0.07297850768220143,-0.2508207540046791,0.07755549221469052,-0.0647509933476021,TRUE
FXYD4,ENSG00000150201.15,FALSE,100,0,0,0.06993828776949397,-0.0835523392234987,0.17113336817469296,0.06225526230042619,TRUE
GAB3,ENSG00000160219.12,FALSE,100,0,0,0.11639713650251965,-0.06366280911292968,0.30922263243330594,0.09817234992816017,TRUE
GABARAPL1,ENSG00000139112.11,FALSE,100,0,0,-0.024648962508910376,-0.24183400087199414,0.14306255672697932,-0.04366841396342712,TRUE
GABBR2,ENSG00000136928.7,FALSE,100,0,0,0.04999150260107236,-0.12605748309118014,0.20489911513396109,0.05310077145666425,TRUE
GABRA2,ENSG00000151834.16,FALSE,100,0,0,0.17506269748257197,0.014560175151676472,0.3160397548017129,0.1499621680960258,TRUE
GABRA4,ENSG00000109158.11,FALSE,100,0,0,-0.024046558364403565,-0.21001909113013328,0.10651651220332312,-0.03579843609513891,TRUE
GABRP,ENSG00000094755.17,FALSE,100,0,0,0.02702280795970175,-0.14967063216607823,0.1572960613686189,0.00971722958664521,TRUE
GADL1,ENSG00000144644.14,FALSE,100,0,0,0.029426466625871353,-0.13303178540068977,0.18289344242590666,0.02646315951300901,TRUE
GAL,ENSG00000069482.7,FALSE,100,0,0,0.177838473623525,0.0425876193588004,0.2791573930453693,0.17314337586421932,TRUE
GAL3ST3,ENSG00000175229.7,FALSE,100,0,0,0.05547141393436726,-0.0787713298018553,0.18691343315817444,0.06660025216767482,TRUE
GAL3ST4,ENSG00000197093.11,FALSE,100,0,0,0.07482075249549551,-0.14322401925520567,0.2895855246191814,0.05976517374811772,TRUE
GALNT14,ENSG00000158089.15,FALSE,100,0,0,-0.22443940621946037,-0.341278781336326,-0.10300050535110788,-0.23974686094836248,TRUE
GALNT3,ENSG00000115339.14,FALSE,100,0,0,0.16222932607329332,-0.014955243171013485,0.32648081263208234,0.14781160839154908,TRUE
GAPDH,ENSG00000111640.15,FALSE,100,0,0,0.0014993402818919942,-0.1855826377810786,0.13935574295526318,0.01868131905893993,TRUE
GAS1,ENSG00000180447.7,FALSE,100,0,0,0.13261104377018368,-0.01763486342536872,0.2987258968025076,0.1259316380679093,TRUE
GAS2L3,ENSG00000139354.11,FALSE,100,0,0,-0.14803042525634114,-0.30193358539635823,0.003180764311702891,-0.14695750678769262,TRUE
GATA2,ENSG00000179348.12,FALSE,100,0,0,-0.08410387191672478,-0.29490618453524287,0.11329624165228389,-0.10097541614185784,TRUE
GATA3,ENSG00000107485.18,FALSE,100,0,0,0.17500249383509664,0.025269334671265225,0.27669116564172147,0.15986782900662994,TRUE
GATA5,ENSG00000130700.7,FALSE,100,0,0,-0.08034955418017292,-0.30004770902781386,0.06805564496277086,-0.08959065153532372,TRUE
GBP1,ENSG00000117228.10,FALSE,100,0,0,-0.05731743630786729,-0.19250215355637512,0.1686571604586106,-0.04939554286776167,TRUE
GBP5,ENSG00000154451.14,FALSE,100,0,0,0.030726080575414934,-0.14859213720259154,0.2334587887752407,0.01666194509442099,TRUE
GBP6,ENSG00000183347.15,FALSE,100,0,0,0.041064388006746805,-0.10647123017423546,0.21784018700538904,0.02759141848413473,TRUE
GCAT,ENSG00000100116.17,FALSE,100,0,0,0.09363655679366005,-0.05984932497758111,0.2589091065828085,0.1033882088695768,TRUE
GCDH,ENSG00000105607.13,FALSE,100,0,0,-0.02467377224364202,-0.1842165698139675,0.142932979356181,-0.00598028977930403,TRUE
GCGR,ENSG00000215644.10,FALSE,100,0,0,0.22234760710030688,0.09753889969812791,0.34128621175328533,0.2272762059326413,TRUE
GCH1,ENSG00000131979.20,FALSE,100,0,0,-0.027285064573775136,-0.2080085749701864,0.1255558583595432,-0.0328663272875192,TRUE
GCM1,ENSG00000137270.11,FALSE,100,0,0,0.042611157133313746,-0.12319381769327153,0.20859288340246007,0.05602103760466761,TRUE
GDF15,ENSG00000130513.6,FALSE,100,0,0,-0.0028340202965280352,-0.1779043164106427,0.17050066715038795,-0.00252316488909664,TRUE
GDNF,ENSG00000168621.15,FALSE,100,0,0,0.09989475259379121,-0.08002532641847279,0.21094487263884248,0.0807674844399457,TRUE
GFI1,ENSG00000162676.12,FALSE,100,0,0,0.07238457821547281,-0.11889746693287875,0.23239145096209535,0.04859448098328114,TRUE
GFRA3,ENSG00000146013.11,FALSE,100,0,0,0.05249704533344003,-0.06117204880914572,0.22580502275373399,0.04586746716261702,TRUE
GGH,ENSG00000137563.13,FALSE,100,0,0,-0.14619481699184786,-0.3141145280042467,0.02495276481676788,-0.14016676082807972,TRUE
GGT6,ENSG00000167741.11,FALSE,100,0,0,-0.024149758938187472,-0.23140482667885226,0.11819362470244317,-0.04783430455707218,TRUE
GHRHR,ENSG00000106128.19,FALSE,100,0,0,0.08118000377070439,-0.1122359624340041,0.22296625907504272,0.07147690217702851,TRUE
GIMAP2,ENSG00000106560.11,FALSE,100,0,0,-0.19608603033756744,-0.35898175698817786,-0.03430734955976565,-0.19643672296322676,TRUE
GINS2,ENSG00000131153.9,FALSE,100,0,0,0.04637040126123222,-0.11608689592330504,0.20327679046769323,0.05399078448463699,TRUE
GIT2,ENSG00000139436.21,FALSE,100,0,0,-0.13224814430505774,-0.2517422910480425,0.028905120299424346,-0.12753989513510253,TRUE
GJA1,ENSG00000152661.9,FALSE,100,0,0,-0.16064166850906308,-0.32704067501317136,-0.002556422032741223,-0.1604420684900137,TRUE
GJA3,ENSG00000121743.4,FALSE,100,0,0,-0.1304574250305551,-0.28468132920946876,0.050452432823838676,-0.12964954232606157,TRUE
GJA8,ENSG00000121634.6,FALSE,100,0,0,0.11891610631543964,-0.017799449657829453,0.2872567826968264,0.12580288630154876,TRUE
GLDC,ENSG00000178445.10,FALSE,100,0,0,-0.1606811818729436,-0.3401122134575936,-0.041620145163935904,-0.162795629734301,TRUE
GLIPR1,ENSG00000139278.10,FALSE,100,0,0,0.07545408645916543,-0.06491619075200109,0.2425201159821707,0.06735111275274924,TRUE
GLIPR2,ENSG00000122694.16,FALSE,100,0,0,0.13886180591912367,-0.009951308762364115,0.2961131108903514,0.13372104165725912,TRUE
GLRB,ENSG00000109738.11,FALSE,100,0,0,0.05157563200599989,-0.07226695041694545,0.25304897469293747,0.05379543363473438,TRUE
GLRX5,ENSG00000182512.5,FALSE,100,0,0,0.0017666752691191567,-0.22684497865174497,0.14487814273409097,-0.00280937809977582,FALSE
GLYCTK,ENSG00000168237.18,FALSE,100,0,0,0.06455657262616417,-0.08170312168470387,0.2103093648133656,0.07270483439878087,TRUE
GMDS,ENSG00000112699.11,FALSE,100,0,0,-0.042906873150022125,-0.178344051401659,0.12270809775010427,-0.0518874825023968,TRUE
GMFG,ENSG00000130755.13,FALSE,100,0,0,-0.0562580565330662,-0.21460969541641697,0.12139207657986897,-0.03362652197337597,TRUE
GMIP,ENSG00000089639.11,FALSE,100,0,0,0.11704833689278862,-0.061266106694697745,0.2981272066222238,0.1088535574054211,TRUE
GMPR,ENSG00000137198.10,FALSE,100,0,0,0.07076678518534989,-0.04105063391845164,0.2030701725086847,0.06944263820832017,TRUE
GNA15,ENSG00000060558.4,FALSE,100,0,0,0.14293948699993694,-0.018779721278059956,0.29325134089192745,0.14333045317831938,TRUE
GNAI1,ENSG00000127955.17,FALSE,100,0,0,-0.009545156287729785,-0.15887846310236273,0.17101069533695185,-0.01914849764963346,TRUE
GNGT1,ENSG00000127928.13,FALSE,100,0,0,-0.02158884472697213,-0.20908774303601757,0.16869368727740397,-0.02730239650520572,TRUE
GNLY,ENSG00000115523.17,FALSE,100,0,0,0.03620729527429232,-0.1821410141749206,0.19071394153396548,0.04037086624866798,TRUE
GOLGA7B,ENSG00000155265.11,FALSE,100,0,0,0.05507711741499359,-0.13163351636209952,0.2403901922418355,0.06645262472966522,TRUE
GOT2,ENSG00000125166.13,FALSE,100,0,0,-0.10755256386413291,-0.2726070430317854,0.061080525894048526,-0.0989907686708602,TRUE
GP2,ENSG00000169347.17,FALSE,100,0,0,0.1697317950107535,0.025464632529461077,0.27403445735893905,0.16595700235936386,TRUE
GP6,ENSG00000088053.11,FALSE,100,0,0,0.040333594791413324,-0.06468927407851478,0.16581265283452057,0.04522612939021762,TRUE
GP9,ENSG00000169704.5,FALSE,100,0,0,-0.025180904364491892,-0.25259552670250107,0.14831669082167043,-0.02253848091351432,TRUE
GPC3,ENSG00000147257.15,FALSE,100,0,0,0.09604817733571813,-0.044519047098314043,0.26830226961622294,0.08366738356048989,TRUE
GPC5,ENSG00000179399.15,FALSE,100,0,0,0.12650247307811813,-0.05964200082895296,0.26800614706997916,0.11556928220963282,TRUE
GPD1,ENSG00000167588.13,FALSE,100,0,0,-0.2086470213731002,-0.34954371602745293,-0.04790554306250756,-0.1962950045047996,TRUE
GPHN,ENSG00000171723.16,FALSE,100,0,0,-0.11198516644339455,-0.31729653180558176,0.07958731387713744,-0.10049007265854974,TRUE
GPM6B,ENSG00000046653.15,FALSE,100,0,0,0.1264958831556991,-0.04276875849804414,0.24902288913281506,0.10532187495514124,TRUE
GPNMB,ENSG00000136235.17,FALSE,100,0,0,-0.07541487041384967,-0.26660705273412694,0.15588415705796854,-0.08532430664072688,TRUE
GPR155,ENSG00000163328.14,FALSE,100,0,0,-0.10440007789948341,-0.28440395750733216,0.024529319242184894,-0.12082310921288816,TRUE
GPR171,ENSG00000174946.7,FALSE,100,0,0,0.07227188579831768,-0.1184484624741562,0.24290640522269602,0.05609886658215383,TRUE
GPR174,ENSG00000147138.3,FALSE,100,0,0,-0.035130107262557435,-0.21007188018676048,0.1131009669833847,-0.04683358657972108,TRUE
GPR176,ENSG00000166073.11,FALSE,100,0,0,-0.08166771842983775,-0.24691394100076192,0.12293173877816156,-0.06560720274951541,TRUE
GPR18,ENSG00000125245.13,FALSE,100,0,0,0.0013768427987378778,-0.17331709624592928,0.14425006233586082,-0.01738424137720225,FALSE
GPR183,ENSG00000169508.7,FALSE,100,0,0,-0.052310200854683894,-0.18238079893790776,0.13449961222585427,-0.05134458038943315,TRUE
GPR19,ENSG00000183150.8,FALSE,100,0,0,0.10094829618813247,-0.06764516968239068,0.26678089111089764,0.10594227752163414,TRUE
GPR20,ENSG00000204882.4,FALSE,100,0,0,0.00753866223960228,-0.23206005797125911,0.19082952670711562,-0.0264456902314989,FALSE
GPR27,ENSG00000170837.3,FALSE,100,0,0,-0.07835350429700674,-0.24004944441925075,0.09555708888808692,-0.07437081219073481,TRUE
GPR37,ENSG00000170775.3,FALSE,100,0,0,0.044536339989593526,-0.11745137675051849,0.212529765190747,0.02942460842569949,TRUE
GPR4,ENSG00000177464.5,FALSE,100,0,0,-0.16644532182400232,-0.34300906352781846,0.07208931178639695,-0.15879843263714177,TRUE
GPR62,ENSG00000180929.6,FALSE,100,0,0,0.0679631472399381,-0.07215449005640182,0.2298309896780632,0.07761049594669073,TRUE
GPR65,ENSG00000140030.6,FALSE,100,0,0,-0.05246627717110148,-0.21599225756856244,0.0942375796836862,-0.0589576174034233,TRUE
GPR82,ENSG00000171657.6,FALSE,100,0,0,-0.16858990886325384,-0.3372810460319123,0.005930033476683066,-0.17103097364755895,TRUE
GPR84,ENSG00000139572.4,FALSE,100,0,0,0.2153316651139313,0.06009374619681329,0.34290740298437683,0.21956092530323432,TRUE
GPR85,ENSG00000164604.13,FALSE,100,0,0,-0.10500188751018757,-0.2823829599439449,0.07899059140285,-0.09337906707875096,TRUE
GPRC5B,ENSG00000167191.12,FALSE,100,0,0,-0.1441512507636456,-0.3113865221002525,0.057829446981175536,-0.1597733472650512,TRUE
GPSM3,ENSG00000213654.10,FALSE,100,0,0,0.15238529774752751,-0.02532044823593593,0.31820201828276184,0.16311834193968316,TRUE
GPT2,ENSG00000166123.14,FALSE,100,0,0,0.1017551525005726,-0.05048986363963809,0.23639190342901784,0.1048001646555136,TRUE
GPX2,ENSG00000176153.12,FALSE,100,0,0,0.1310518443609056,0.021208582046754673,0.2429343548958916,0.1250508252443443,TRUE
GRAMD4,ENSG00000075240.17,FALSE,100,0,0,0.1853819936683644,0.02577881833913857,0.3710908296093204,0.1582027794779027,TRUE
GRAP,ENSG00000154016.14,FALSE,100,0,0,-0.14598932488610022,-0.2840303826014488,0.042796385150555574,-0.14915920787309592,TRUE
GRAP2,ENSG00000100351.17,FALSE,100,0,0,-0.07323449658646014,-0.2333318456175708,0.11383760638671855,-0.08567230458065574,TRUE
GRB14,ENSG00000115290.10,FALSE,100,0,0,0.03441427229990629,-0.1400122371684424,0.23794706104217847,0.02812927228998816,TRUE
GRB7,ENSG00000141738.14,FALSE,100,0,0,-0.0686594162315117,-0.2688046576313672,0.1144374987698818,-0.06766336689908554,TRUE
GRHL1,ENSG00000134317.18,FALSE,100,0,0,-0.01246412283766895,-0.19238951323644632,0.14349662203215233,-0.02436352015287627,TRUE
GRHL2,ENSG00000083307.12,FALSE,100,0,0,0.22040837360004856,0.07510450090226772,0.33642307400014704,0.20755317656691577,TRUE
GRIA2,ENSG00000120251.21,FALSE,100,0,0,0.10305999455896697,-0.11310166426009256,0.2851540133682363,0.09495108571504988,TRUE
GRIK2,ENSG00000164418.21,FALSE,100,0,0,0.1326036045628182,0.01513252973725104,0.29790579178386467,0.11631779923984466,TRUE
GRIN2A,ENSG00000183454.18,FALSE,100,0,0,-0.04391835983954761,-0.22900661187798402,0.1076973946879651,-0.05787693008652939,TRUE
GRIP1,ENSG00000155974.12,FALSE,100,0,0,0.04601597627791082,-0.13264435824602164,0.20507737576453083,0.01370664507381959,TRUE
GRK5,ENSG00000198873.12,FALSE,100,0,0,-0.08023254394345444,-0.27170067578734886,0.15499618965770282,-0.07333858237142202,TRUE
GRM1,ENSG00000152822.14,FALSE,100,0,0,0.0634074472365759,-0.11928469313201448,0.20672902175749963,0.0380813316270882,TRUE
GRM8,ENSG00000179603.18,FALSE,100,0,0,-0.14119283639580021,-0.33094504928504487,0.020832896405337996,-0.1541902652737855,TRUE
GSG1L,ENSG00000169181.13,FALSE,100,0,0,0.17121154245170256,0.029686977359199184,0.2509356528096502,0.15412430997947388,TRUE
GSTM3,ENSG00000134202.11,FALSE,100,0,0,-0.08346094783407132,-0.24301811269324447,0.058587598847747724,-0.08329412864684813,TRUE
GSTM5,ENSG00000134201.12,FALSE,100,0,0,-0.04580204992936558,-0.20226911293459754,0.07814409865667107,-0.06040430325609056,TRUE
GSTO2,ENSG00000065621.15,FALSE,100,0,0,0.0777849932705369,-0.08806010488481122,0.2648320928260525,0.08462135897154706,TRUE
GTSF1,ENSG00000170627.11,FALSE,100,0,0,0.03101480717713139,-0.13904786093495777,0.18978867274352818,0.03293694410753144,TRUE
GTSF1L,ENSG00000124196.6,FALSE,100,0,0,0.05648382372424823,-0.12084891759111976,0.23613820472521493,0.04963023351473433,TRUE
GUCA1C,ENSG00000138472.11,FALSE,100,0,0,0.048424359245915406,-0.08990726927734781,0.18252610010357848,0.04087189984579501,TRUE
GXYLT2,ENSG00000172986.13,FALSE,100,0,0,0.09622616405538484,-0.06400362143764432,0.29074736046627336,0.09165388521223689,TRUE
GYPC,ENSG00000136732.16,FALSE,100,0,0,-0.144133266962032,-0.2968214269813536,-0.015933951875618718,-0.15066458726208673,TRUE
GZMA,ENSG00000145649.8,FALSE,100,0,0,-0.07580176352382464,-0.2526697091026939,0.07586758972484536,-0.0773872169134974,TRUE
GZMB,ENSG00000100453.13,FALSE,100,0,0,0.041504043032947864,-0.1348453460876436,0.23730511550531563,0.05296624853122976,TRUE
GZMH,ENSG00000100450.13,FALSE,100,0,0,-9.896200852647563e-4,-0.16752583479813432,0.2068557531750546,0.01161426205452842,FALSE
GZMK,ENSG00000113088.6,FALSE,100,0,0,-0.10232851158387099,-0.287571850828108,0.03455978180619379,-0.11198125663273067,TRUE
GZMM,ENSG00000197540.8,FALSE,100,0,0,0.0291761565962246,-0.1259430681548862,0.19371921048139315,0.03006945883146731,TRUE
HAL,ENSG00000084110.11,FALSE,100,0,0,0.17464962201982298,0.032469055536885824,0.28799931683946456,0.18872946431272697,TRUE
HAO1,ENSG00000101323.5,FALSE,100,0,0,0.19264503247313441,0.07070371218987828,0.2606494227247135,0.20931435080788657,TRUE
HAPLN1,ENSG00000145681.11,FALSE,100,0,0,-0.1929482717546351,-0.34060853565610977,0.011195337156861001,-0.1733291077245015,TRUE
HAVCR1,ENSG00000113249.13,FALSE,100,0,0,-0.22019959623633883,-0.3651253849026018,-0.04176965469812833,-0.22825792215400628,TRUE
HCK,ENSG00000101336.17,FALSE,100,0,0,0.00350961707332614,-0.18040875630368663,0.20425828769427357,-0.0058990630146223,FALSE
HCLS1,ENSG00000180353.11,FALSE,100,0,0,-0.07359674499618958,-0.20608654091787443,0.152258581124191,-0.05815761926235718,TRUE
HCP5,ENSG00000206337.12,FALSE,100,0,0,-0.05834242371259303,-0.21702607726893108,0.07486920456764767,-0.07296174327683552,TRUE
HCRTR2,ENSG00000137252.9,FALSE,100,0,0,0.07510383976273691,-0.14185447382658273,0.2135722744731392,0.06757880565935252,TRUE
HCST,ENSG00000126264.10,FALSE,100,0,0,0.022184434318207324,-0.15822904942651828,0.12979018264437672,0.02261080137270121,TRUE
HDAC11,ENSG00000163517.15,FALSE,100,0,0,-0.07913614404589739,-0.27863156136771583,0.09166693116553801,-0.09466763750380185,TRUE
HECW1,ENSG00000002746.15,FALSE,100,0,0,-0.08423351078990564,-0.2311038547608358,0.09922285086233541,-0.07466831253177404,TRUE
HEPACAM,ENSG00000165478.7,FALSE,100,0,0,0.12098131840976797,0.03557754986070799,0.2226910957281732,0.13004718240475105,TRUE
HEPACAM2,ENSG00000188175.10,FALSE,100,0,0,0.04586462459913003,-0.20170314567699643,0.18070706927441166,0.02515763740634338,TRUE
HES5,ENSG00000197921.6,FALSE,100,0,0,-0.004869399658812003,-0.2015615991844536,0.18497704457506156,-0.00112205606965485,TRUE
HEY1,ENSG00000164683.18,FALSE,100,0,0,-0.14054012661254317,-0.30122744847173866,0.05184514513522662,-0.13878022048187108,TRUE
HEY2,ENSG00000135547.9,FALSE,100,0,0,-0.10050425220147022,-0.3027891960239698,0.10526354177211128,-0.11146006889625253,TRUE
HEYL,ENSG00000163909.8,FALSE,100,0,0,-0.007449527439538781,-0.16776385764655785,0.19050108743245825,-0.00128020216085238,TRUE
HHATL,ENSG00000010282.15,FALSE,100,0,0,0.1931846973000386,0.07130727488354283,0.33280766225905745,0.1997649174657389,TRUE
HIGD1A,ENSG00000181061.14,FALSE,100,0,0,0.05425540743241443,-0.11633611089966622,0.20203782795095207,0.03858274180427139,TRUE
HIGD1B,ENSG00000131097.7,FALSE,100,0,0,0.02261016145649341,-0.18758577910500493,0.17860284822479194,0.01884675713837917,TRUE
HK2,ENSG00000159399.10,FALSE,100,0,0,-0.0451938579168874,-0.20829012358817006,0.13613766099257818,-0.0349965041430979,TRUE
HLA-A,ENSG00000206503.13,FALSE,100,0,0,-0.08879100388952921,-0.2738307188054891,0.0642965504694253,-0.09242950124566736,TRUE
HLA-C,ENSG00000204525.17,FALSE,100,0,0,-0.12966979456100106,-0.28696781510971114,0.003422369308990482,-0.1290659335444966,TRUE
HLA-DMA,ENSG00000204257.15,FALSE,100,0,0,-0.07000376715428777,-0.2603137008444909,0.10181154017442479,-0.08170194602432543,TRUE
HLA-DMB,ENSG00000242574.9,FALSE,100,0,0,-0.08418761742640582,-0.24442895053431782,0.12318570805525156,-0.08455847537655489,TRUE
HLA-DOB,ENSG00000241106.8,FALSE,100,0,0,-0.011208330535100175,-0.19899535616101277,0.1619796971542166,-0.02278715903070182,TRUE
HLA-DQA1,ENSG00000196735.13,FALSE,100,0,0,-0.18282417375754118,-0.3270690844311793,0.006528661497586528,-0.18856155602938848,TRUE
HLA-DQB1,ENSG00000179344.16,FALSE,100,0,0,-0.18177188493264493,-0.33146187725201604,0.015428452768609428,-0.16202523301259977,TRUE
HLA-DRB1,ENSG00000196126.11,FALSE,100,0,0,-0.15068570538708115,-0.29832753870293577,0.03902169371491918,-0.1407249180800838,TRUE
HLA-F,ENSG00000204642.14,FALSE,100,0,0,-0.009172578653428062,-0.20545651711708218,0.1551783684094371,-0.01801937827113973,TRUE
HLX,ENSG00000136630.13,FALSE,100,0,0,0.14791091697582595,0.0058978508267833255,0.305782343529021,0.16628151163475963,TRUE
HMX2,ENSG00000188816.3,FALSE,100,0,0,0.11984154428400638,-0.0024106185177935136,0.3031045768151398,0.11931911537280276,TRUE
HOMER1,ENSG00000152413.15,FALSE,100,0,0,0.10986970724080654,-0.05461289766636893,0.2846299046506131,0.093149162625222,TRUE
HORMAD1,ENSG00000143452.16,FALSE,100,0,0,0.2350024680947611,0.07019152277670626,0.3681209645610408,0.2168800008524998,TRUE
HOXA13,ENSG00000106031.9,FALSE,100,0,0,0.16611939578325544,0.03775680290096752,0.30707813381524907,0.15657026276530572,TRUE
HOXA4,ENSG00000197576.14,FALSE,100,0,0,-0.06039004999689392,-0.21170537977306805,0.08608336357160401,-0.05451131776152378,TRUE
HOXA7,ENSG00000122592.8,FALSE,100,0,0,-0.050629626495850746,-0.22753897586247357,0.15221890374458608,-0.0481031343397413,TRUE
HOXB1,ENSG00000120094.9,FALSE,100,0,0,0.10492249254218403,-0.021103489984055757,0.22235529743269136,0.09485638492800598,TRUE
HOXB6,ENSG00000108511.10,FALSE,100,0,0,0.18824183354741103,0.02365151478915746,0.33768661127753713,0.17920086969949342,TRUE
HOXB8,ENSG00000120068.7,FALSE,100,0,0,0.13756595194579288,-0.08276028349033285,0.2779728863808679,0.10896751715349652,TRUE
HOXD1,ENSG00000128645.15,FALSE,100,0,0,-0.11591158901280071,-0.2991116326852841,0.029510215218853587,-0.12642225276970298,TRUE
HOXD10,ENSG00000128710.6,FALSE,100,0,0,0.12208724762078257,-0.07561658143070227,0.34055072521446295,0.10783146306662544,TRUE
HOXD13,ENSG00000128714.6,FALSE,100,0,0,0.06771672641713333,-0.05221188515682749,0.25074281227191697,0.07988391537254026,TRUE
HP,ENSG00000257017.9,FALSE,100,0,0,0.11806315244735609,-0.036671234347455214,0.26333017436411565,0.11651701012246644,TRUE
HPCA,ENSG00000121905.10,FALSE,100,0,0,-0.18961030243568855,-0.3652716264804936,-0.02585323864028327,-0.17470803034189974,TRUE
HPCAL1,ENSG00000115756.13,FALSE,100,0,0,-0.12963916735852787,-0.2956506475047328,0.07037450402781789,-0.11722911482495976,TRUE
HPCAL4,ENSG00000116983.13,FALSE,100,0,0,-0.09118427500239099,-0.242900851676695,0.05147316267933025,-0.08786657125415684,TRUE
HPD,ENSG00000158104.11,FALSE,100,0,0,-0.10627161364047671,-0.2361873161974482,0.039677355820286836,-0.0952413425592292,TRUE
HRG,ENSG00000113905.5,FALSE,100,0,0,0.08499704951516222,-0.14065285488753956,0.2404659324400376,0.09221220777324136,TRUE
HRH1,ENSG00000196639.7,FALSE,100,0,0,0.10205419950028646,-0.12155483515414472,0.2823849265318594,0.0987012518873501,TRUE
HS3ST3B1,ENSG00000125430.9,FALSE,100,0,0,0.048199846355540615,-0.1833929795063987,0.2573250720484611,0.03939281504867909,TRUE
HS3ST6,ENSG00000162040.7,FALSE,100,0,0,0.10982555628044209,-0.04311871822063359,0.28619023157936463,0.11019355460797588,TRUE
HS6ST1,ENSG00000136720.7,FALSE,100,0,0,-0.009153609132438307,-0.1804184105047635,0.16399080633826904,-0.00513903124234667,TRUE
HSD11B2,ENSG00000176387.7,FALSE,100,0,0,-0.1455417697377137,-0.3587765582439192,0.06802745039471288,-0.1643312248090822,TRUE
HSD17B1,ENSG00000108786.11,FALSE,100,0,0,0.11200893700384477,-0.016386139435439734,0.24362556235965943,0.11732851887560691,TRUE
HSD3B7,ENSG00000099377.14,FALSE,100,0,0,-0.10145720835268579,-0.25730612964649535,0.1340744195003242,-0.07752378132320917,TRUE
HSF4,ENSG00000102878.17,FALSE,100,0,0,0.16696911410414672,-0.028116154637373967,0.34743492108563584,0.1716224602296031,TRUE
HSH2D,ENSG00000196684.12,FALSE,100,0,0,0.21765102318682525,0.0550473714245282,0.3580746844216752,0.21190385741932305,TRUE
HSPA2,ENSG00000126803.9,FALSE,100,0,0,0.11040026800585219,-0.07670937037991787,0.27083799611645515,0.10479816605065796,TRUE
HSPB3,ENSG00000169271.3,FALSE,100,0,0,0.019921118641771846,-0.12011269904916722,0.1423200433885337,0.03324591021032333,TRUE
HSPB7,ENSG00000173641.18,FALSE,100,0,0,0.0276254493791624,-0.10057774117223364,0.18473955930940217,0.00753132040497816,TRUE
HSPB8,ENSG00000152137.8,FALSE,100,0,0,-0.2477362680783656,-0.3734284318105464,-0.09649093843967022,-0.24927489828518368,TRUE
HSPB9,ENSG00000260325.2,FALSE,100,0,0,0.0998922743822866,-0.09172148830841936,0.23757340032359475,0.11073405955926492,TRUE
HTATIP2,ENSG00000109854.14,FALSE,100,0,0,-0.026653168884353748,-0.18487140932688267,0.12911642484189984,-0.00968969145827778,TRUE
HTR1A,ENSG00000178394.5,FALSE,100,0,0,-0.05203692399261754,-0.21811917372083078,0.09391649444418934,-0.06345488123555723,TRUE
HTR1F,ENSG00000179097.6,FALSE,100,0,0,0.045680443047556515,-0.06805406616751902,0.2203356618450258,0.05103767754632799,TRUE
HTR3B,ENSG00000149305.7,FALSE,100,0,0,0.07109404206600985,-0.08018285529674962,0.2095957303517198,0.06970732469242262,TRUE
HTR7,ENSG00000148680.16,FALSE,100,0,0,-0.1847450928705336,-0.3422550541609397,-0.027853500575184313,-0.198902261849044,TRUE
HVCN1,ENSG00000122986.14,FALSE,100,0,0,-0.09183486466515325,-0.24140512744160295,0.11117119650535942,-0.08971317091718534,TRUE
IBSP,ENSG00000029559.7,FALSE,100,0,0,0.16539074118826863,0.007705836416823876,0.3168007840213706,0.15560571917947777,TRUE
ICAM1,ENSG00000090339.9,FALSE,100,0,0,-0.05495195630410998,-0.2319634609132473,0.12150307795789031,-0.05095722411609434,TRUE
ICOS,ENSG00000163600.13,FALSE,100,0,0,0.015690778665682283,-0.17183921625427456,0.18936357202068663,-0.00407355868441331,FALSE
IDH2,ENSG00000182054.10,FALSE,100,0,0,-0.041766559227990274,-0.18915372868100408,0.12731020642741825,-0.02049697848360511,TRUE
IFI27,ENSG00000165949.12,FALSE,100,0,0,-0.09619192547379847,-0.3039362149880919,0.06375287864618331,-0.09361487715768883,TRUE
IFI44L,ENSG00000137959.16,FALSE,100,0,0,-0.0016031753536618698,-0.22194388180677554,0.15979181340702397,-0.02138121949341718,TRUE
IFNG,ENSG00000111537.5,FALSE,100,0,0,0.05620955115336268,-0.11504756319774612,0.20678262973039166,0.05402405747810845,TRUE
IFNGR2,ENSG00000159128.15,FALSE,100,0,0,0.015126843447765563,-0.1564834970624099,0.18791601134787134,0.03287288576521546,TRUE
IGDCC3,ENSG00000174498.14,FALSE,100,0,0,0.24440471824645255,0.13193113581592533,0.3754749235242377,0.23739485586004433,TRUE
IGFBP1,ENSG00000146678.10,FALSE,100,0,0,0.10742665501857337,-0.03237429233404311,0.2187547807825309,0.09816900108344936,TRUE
IGFBP2,ENSG00000115457.10,FALSE,100,0,0,0.24468420081440306,0.09283130796913916,0.3517342263949202,0.23171201167623565,TRUE
IGFBP3,ENSG00000146674.15,FALSE,100,0,0,-0.11196584395409954,-0.31888454971436264,0.11249724370639287,-0.1093222036771798,TRUE
IGSF10,ENSG00000152580.8,FALSE,100,0,0,0.19355529557959136,0.057283442620487714,0.3130692842801571,0.18054234399290237,TRUE
IGSF11,ENSG00000144847.13,FALSE,100,0,0,0.03841406414995763,-0.16589920938956831,0.1921536456439363,0.01823989739389687,TRUE
IGSF21,ENSG00000117154.12,FALSE,100,0,0,-0.07903451745852569,-0.23396382429721366,0.10093663515730482,-0.07427033260836326,TRUE
IGSF3,ENSG00000143061.18,FALSE,100,0,0,-0.12249593599942235,-0.3275250824033018,0.08674142046557454,-0.1469701974299602,TRUE
IGSF5,ENSG00000183067.5,FALSE,100,0,0,0.11888939495268065,-0.038191658641957636,0.27915970100348075,0.10483577484723726,TRUE
IGSF6,ENSG00000140749.9,FALSE,100,0,0,-0.10528909067664619,-0.29340013840330614,0.08033272459114556,-0.1224775564028516,TRUE
IGSF9,ENSG00000085552.17,FALSE,100,0,0,0.09495228745433129,-0.0611902205420823,0.23550098821419696,0.10447854652215809,TRUE
IKBIP,ENSG00000166130.15,FALSE,100,0,0,-0.09316904539524978,-0.2332529196221435,0.0985824055969938,-0.0740312182207755,TRUE
IKZF1,ENSG00000185811.19,FALSE,100,0,0,-0.16218792420334655,-0.32315393343320303,0.029327033520866012,-0.17245843044425843,TRUE
IKZF3,ENSG00000161405.17,FALSE,100,0,0,-0.060734798051531015,-0.2462203328578486,0.08564467722299397,-0.07697336225235972,TRUE
IL10RA,ENSG00000110324.11,FALSE,100,0,0,0.05410080522426093,-0.14855633379915872,0.24434141001153026,0.04191750252514682,TRUE
IL12RB1,ENSG00000096996.16,FALSE,100,0,0,-0.010031912447879507,-0.19169890905248796,0.16323671908189347,-0.01579572910765557,TRUE
IL12RB2,ENSG00000081985.13,FALSE,100,0,0,-0.05622429610941506,-0.2429829690953304,0.11049644246282397,-0.06085660697865033,TRUE
IL13RA2,ENSG00000123496.8,FALSE,100,0,0,0.010979157702844938,-0.10762149331744453,0.16284012383961496,0.03354351848061845,TRUE
IL15,ENSG00000164136.17,FALSE,100,0,0,-0.034950677984903304,-0.21559384412744428,0.14865569777066456,-0.05234268236166563,TRUE
IL16,ENSG00000172349.17,FALSE,100,0,0,-0.09878749225290978,-0.28374603794622855,0.07223835462419577,-0.11448805965664832,TRUE
IL17RE,ENSG00000163701.19,FALSE,100,0,0,0.12274399450702284,-0.0690183048497511,0.26938945970005773,0.108910205606222,TRUE
IL18BP,ENSG00000137496.18,FALSE,100,0,0,0.02976798635640214,-0.14579655063587166,0.24285461926614155,0.02943274193921289,TRUE
IL18R1,ENSG00000115604.11,FALSE,100,0,0,-0.2356698171828288,-0.3551242011257265,-0.1081303844221877,-0.2383771631298208,TRUE
IL18RAP,ENSG00000115607.9,FALSE,100,0,0,0.09529828012087374,-0.09214251945735122,0.269776000634172,0.08899231538158549,TRUE
IL1RAP,ENSG00000196083.10,FALSE,100,0,0,0.10013243838008093,-0.03682041364803333,0.27374837324110246,0.11356735925911576,TRUE
IL20,ENSG00000162891.10,FALSE,100,0,0,0.128896508181937,-0.018893087426676572,0.25349996471044395,0.11206634080739925,TRUE
IL20RA,ENSG00000016402.13,FALSE,100,0,0,0.2314104078980056,0.07097921232617795,0.34715668023111396,0.22036353835745312,TRUE
IL21R,ENSG00000103522.16,FALSE,100,0,0,0.12735460511470614,-0.056557823982073215,0.2777790214721813,0.11506198264179972,TRUE
IL2RB,ENSG00000100385.14,FALSE,100,0,0,9.013065070989706e-4,-0.12878529759383853,0.18874969126094088,0.00177054156966807,TRUE
IL2RG,ENSG00000147168.13,FALSE,100,0,0,0.03698372998037516,-0.15691857407316687,0.18244673989936683,0.04098311445257852,TRUE
IL32,ENSG00000008517.18,FALSE,100,0,0,-0.20709763559924266,-0.36451805496106454,-0.044767389826420076,-0.187445356469408,TRUE
IL3RA,ENSG00000185291.12,FALSE,100,0,0,-0.038584301568175404,-0.2588385384152248,0.1988831016386744,-0.02802157685698099,TRUE
IL4I1,ENSG00000104951.16,FALSE,100,0,0,0.08537369480045787,-0.1562506990786063,0.2724690260716862,0.10254972881748832,TRUE
IL7,ENSG00000104432.14,FALSE,100,0,0,-0.1095481516913975,-0.25136427307438947,0.03684871264123671,-0.1414598762298476,TRUE
IL7R,ENSG00000168685.15,FALSE,100,0,0,-0.10194093895638212,-0.27503070475868685,0.09394448464181311,-0.10204587859165822,TRUE
INF2,ENSG00000203485.14,FALSE,100,0,0,0.08737164716241208,-0.05516576830880683,0.26025275148753835,0.12114897923587092,TRUE
INHBB,ENSG00000163083.6,FALSE,100,0,0,-0.013621040026922899,-0.2210152128864072,0.18873999866444147,-0.00995659871054101,TRUE
INHBE,ENSG00000139269.3,FALSE,100,0,0,0.02204589620000013,-0.11856141018188597,0.20685866129689998,0.04236209565323792,TRUE
INPP5D,ENSG00000168918.14,FALSE,100,0,0,0.003802702601660414,-0.15343869544173244,0.19877126229873154,0.00243020775321085,TRUE
INPP5J,ENSG00000185133.14,FALSE,100,0,0,0.1289336393883287,-0.022259154763861748,0.23820942862876315,0.11713353840553434,TRUE
INSC,ENSG00000188487.12,FALSE,100,0,0,0.07986828300021795,-0.10918619909469254,0.22929662786586064,0.08332049460651185,TRUE
INSL3,ENSG00000248099.4,FALSE,100,0,0,0.10432319018165644,-0.018898855588253063,0.24299308340205905,0.10711990408485196,TRUE
IPO13,ENSG00000117408.11,FALSE,100,0,0,0.06578651290112014,-0.11708260306590489,0.205900255781777,0.06149224383828018,TRUE
IQCH,ENSG00000103599.20,FALSE,100,0,0,0.034072099675509185,-0.11119559257102038,0.18882602871157664,0.01477928148824388,TRUE
IRF1,ENSG00000125347.14,FALSE,100,0,0,-0.0027844443253403463,-0.15710975380133435,0.16391009971817488,-0.00569772689031643,TRUE
IRF4,ENSG00000137265.15,FALSE,100,0,0,0.08089189704282904,-0.12248881974447401,0.2335994290288151,0.05753024242678978,TRUE
IRF6,ENSG00000117595.12,FALSE,100,0,0,-0.21566214432659117,-0.3609297655066908,-0.06259215459068178,-0.22379851177294768,TRUE
IRF8,ENSG00000140968.11,FALSE,100,0,0,-0.13248772753517807,-0.3098227979596726,-9.856973565466652e-4,-0.14803216766776944,TRUE
IRS1,ENSG00000169047.5,FALSE,100,0,0,0.04086540146308226,-0.11154992652693516,0.2055286470715191,0.03937778934428173,TRUE
IRX1,ENSG00000170549.4,FALSE,100,0,0,0.06077209978260345,-0.16727350836904986,0.25525678126040113,0.06653622694605177,TRUE
IRX2,ENSG00000170561.13,FALSE,100,0,0,0.12070236142653071,-0.050211703262270854,0.30272576910992066,0.12001432365957228,TRUE
IRX3,ENSG00000177508.12,FALSE,100,0,0,-0.13805041579775595,-0.26709731094539346,0.04890431289653885,-0.11998397654226224,TRUE
ISG20,ENSG00000172183.15,FALSE,100,0,0,0.11682825654938495,-0.03685436925207954,0.3350268836961172,0.1301389176851165,TRUE
ISM2,ENSG00000100593.18,FALSE,100,0,0,0.08750603288199774,-0.011786243773461349,0.22738857212021316,0.10177286792143614,TRUE
ISX,ENSG00000175329.13,FALSE,100,0,0,0.1901762827657668,0.08340456897614482,0.2969397623510013,0.19339004485173283,TRUE
ITGA10,ENSG00000143127.13,FALSE,100,0,0,0.028922624695764076,-0.13609455461166325,0.21886046580064494,0.02759501745505155,TRUE
ITGA4,ENSG00000115232.14,FALSE,100,0,0,-0.13039015359642758,-0.26110898365123325,0.04691364186470369,-0.1454416913482451,TRUE
ITGA5,ENSG00000161638.11,FALSE,100,0,0,0.075482043208833,-0.06070850779937566,0.30272573195205965,0.09614317880716897,TRUE
ITGAD,ENSG00000156886.12,FALSE,100,0,0,0.02602673866255773,-0.18461320324860597,0.2484335608789739,0.01777001692912944,TRUE
ITGAL,ENSG00000005844.19,FALSE,100,0,0,-0.010320640324634749,-0.21121270676923098,0.1455303992601777,-0.01939005083870816,TRUE
ITGAM,ENSG00000169896.18,FALSE,100,0,0,-0.05097204714311976,-0.22915169112291653,0.14202987124659822,-0.05486313248850994,TRUE
ITGB2,ENSG00000160255.18,FALSE,100,0,0,-0.09388445711573562,-0.28076921483373896,0.0980274542399215,-0.08622951681048309,TRUE
ITGB6,ENSG00000115221.12,FALSE,100,0,0,0.11778689507895132,-0.06269184323949167,0.29117143110963045,0.09363036903264768,TRUE
ITIH2,ENSG00000151655.19,FALSE,100,0,0,0.16635984001938603,0.05919024222713662,0.29251386668295015,0.18780514135141907,TRUE
ITIH3,ENSG00000162267.12,FALSE,100,0,0,0.12164376928064653,-0.038319976899578535,0.26782771942778333,0.11803141201027276,TRUE
ITK,ENSG00000113263.13,FALSE,100,0,0,-0.053872469105187074,-0.2303910622899633,0.14658750880497695,-0.0706088528996579,TRUE
ITM2C,ENSG00000135916.16,FALSE,100,0,0,-0.051247707044726,-0.2188990043653011,0.11460431702886034,-0.05610945904019171,TRUE
ITPR2,ENSG00000123104.12,FALSE,100,0,0,-0.0030473998745030578,-0.23262454687073633,0.21378262777314,-0.04236404161935267,TRUE
ITPRIPL1,ENSG00000198885.10,FALSE,100,0,0,0.09864460084921298,-0.07839581220182008,0.32263210102279904,0.09984430390907596,TRUE
IZUMO1,ENSG00000182264.9,FALSE,100,0,0,0.21644598329494041,0.030607768738392258,0.35128860633451175,0.2050831303995863,TRUE
JMY,ENSG00000152409.9,FALSE,100,0,0,-0.040044034753917906,-0.20908433642779733,0.11462463452251934,-0.06873165800774209,TRUE
JPH2,ENSG00000149596.7,FALSE,100,0,0,-0.10096949550886901,-0.2506522625432689,0.07958718556798526,-0.10269140648763594,TRUE
KCNA3,ENSG00000177272.9,FALSE,100,0,0,-0.1566744571175321,-0.3432455452507672,4.387459050198463e-4,-0.17056267091481894,TRUE
KCNB2,ENSG00000182674.6,FALSE,100,0,0,-0.04414223712548612,-0.2669460124897236,0.11524158963722694,-0.0440437756647091,TRUE
KCND2,ENSG00000184408.10,FALSE,100,0,0,0.05195372508886503,-0.09785398656131225,0.1843094681869188,0.05250665956481974,TRUE
KCNE4,ENSG00000152049.6,FALSE,100,0,0,-0.10057797213744672,-0.23717433428500512,0.0894489092966409,-0.09142317547308326,TRUE
KCNG2,ENSG00000178342.4,FALSE,100,0,0,0.12845470274290333,-0.0036477963603423302,0.29690208352879355,0.10827194483646792,TRUE
KCNG3,ENSG00000171126.8,FALSE,100,0,0,0.16938083454676933,-0.052686013383179374,0.2912014920029844,0.1984846592833267,TRUE
KCNH7,ENSG00000184611.12,FALSE,100,0,0,0.05049307489935052,-0.16770128843566895,0.2744024472087625,0.04184183543166357,TRUE
KCNIP1,ENSG00000182132.14,FALSE,100,0,0,0.09831855384321007,-0.08018062646922874,0.24948672935979427,0.08233846767950423,TRUE
KCNJ1,ENSG00000151704.16,FALSE,100,0,0,0.04086351645515644,-0.1414611188927517,0.19665086113660363,0.04423299873808944,TRUE
KCNJ10,ENSG00000177807.10,FALSE,100,0,0,0.09094019687080107,-0.1158107463050213,0.20791671662949918,0.06799780955093981,TRUE
KCNJ12,ENSG00000184185.10,FALSE,100,0,0,-0.033015645656466266,-0.20408737862434184,0.13064477825345772,-0.03488085951876722,TRUE
KCNJ13,ENSG00000115474.7,FALSE,100,0,0,0.105950309564407,-0.05187441610076378,0.2290692605054031,0.09237291980268932,TRUE
KCNJ2,ENSG00000123700.5,FALSE,100,0,0,0.009605711465484819,-0.15378385511937895,0.1720197391742152,0.00656659622149576,TRUE
KCNK13,ENSG00000152315.5,FALSE,100,0,0,-0.05309781515837923,-0.24993742262215193,0.12528048390217006,-0.06107344677283434,TRUE
KCNK3,ENSG00000171303.7,FALSE,100,0,0,-0.1607716058133179,-0.32375641504949215,0.021277366780750914,-0.16533818225638777,TRUE
KCNMA1,ENSG00000156113.24,FALSE,100,0,0,-0.15820037221940075,-0.333046581726115,7.516647091458414e-4,-0.1672050691868733,TRUE
KCNMB1,ENSG00000145936.9,FALSE,100,0,0,0.0022963432249837384,-0.12943917291810264,0.15155194518647871,9.603579401538554e-4,TRUE
KCNMB2,ENSG00000197584.12,FALSE,100,0,0,0.14260079144666055,-0.023646959751166267,0.28290261458960503,0.1351443429659018,TRUE
KCNN1,ENSG00000105642.15,FALSE,100,0,0,0.007107857240778882,-0.1716140643237611,0.18164034359918652,0.01024624573859907,TRUE
KCNQ1,ENSG00000053918.18,FALSE,100,0,0,-0.03998903605357539,-0.2417041683329537,0.22568036645121306,-0.05605133879577478,TRUE
KIAA0319,ENSG00000137261.14,FALSE,100,0,0,-0.010688197761094607,-0.18391159840059676,0.16318447492616772,-0.01761363593981958,TRUE
KIAA0408,ENSG00000189367.15,FALSE,100,0,0,0.06824201036871433,-0.12976977779055607,0.2521788455083912,0.05368873426940641,TRUE
KIAA1210,ENSG00000250423.2,FALSE,100,0,0,0.011032720946911045,-0.18135909630010266,0.1669081100226443,0.00274981798874893,TRUE
KIF21B,ENSG00000116852.15,FALSE,100,0,0,0.09046165395271871,-0.061213889333666685,0.2973850608311717,0.0771912682643851,TRUE
KIF25,ENSG00000125337.19,FALSE,100,0,0,0.18426500372876264,-0.03830930282363422,0.352655016821394,0.19210844001293712,TRUE
KIF6,ENSG00000164627.18,FALSE,100,0,0,-0.0019448648326134594,-0.14963540217179433,0.20313152454088668,2.550575188970415e-4,FALSE
KIR2DL4,ENSG00000189013.14,FALSE,100,0,0,-0.005934736089577869,-0.13954420897467146,0.15602112158164122,-0.00496139337898312,TRUE
KIR3DL1,ENSG00000167633.18,FALSE,100,0,0,-0.15104935468854958,-0.2802020136996769,-0.03255342069100771,-0.15204972874213285,TRUE
KIRREL2,ENSG00000126259.20,FALSE,100,0,0,0.16200419631515922,0.0077649594688376355,0.27207128030209154,0.15247085330861665,TRUE
KISS1R,ENSG00000116014.10,FALSE,100,0,0,-0.06970749512777505,-0.22878864694606532,0.1310800134591029,-0.06698823445706815,TRUE
KITLG,ENSG00000049130.16,FALSE,100,0,0,-0.11904150192959351,-0.279939850134844,0.0717328231900257,-0.1337247291605226,TRUE
KLF5,ENSG00000102554.14,FALSE,100,0,0,-0.14924378753493428,-0.33964228469107227,0.04721159278473881,-0.144668011861824,TRUE
KLF8,ENSG00000102349.18,FALSE,100,0,0,-0.0108868734593054,-0.17573994468057896,0.12381426830809995,-0.0115062931522222,TRUE
KLHDC8A,ENSG00000162873.15,FALSE,100,0,0,0.10909236159757162,-0.01347394913951605,0.28908730721871234,0.12184865350488558,TRUE
KLHL1,ENSG00000150361.12,FALSE,100,0,0,0.09909828102086482,-0.05221109977311782,0.20521411030812492,0.09085624523490073,TRUE
KLHL21,ENSG00000162413.16,FALSE,100,0,0,-0.049184655039669165,-0.26969208968934555,0.11990632372382297,-0.06504071970393863,TRUE
KLHL6,ENSG00000172578.12,FALSE,100,0,0,0.004056089245824238,-0.16744604085951442,0.2382459800743561,-9.780056157359966e-4,FALSE
KLK1,ENSG00000167748.11,FALSE,100,0,0,0.1732614563232781,0.032973459404502095,0.30614940439130045,0.18071962114522647,TRUE
KLK5,ENSG00000167754.13,FALSE,100,0,0,0.10120257421488296,-0.010434564763300173,0.2342141120340312,0.09631442934879574,TRUE
KLK6,ENSG00000167755.15,FALSE,100,0,0,0.024659027730162906,-0.15252582255597597,0.17047848423313236,0.00461412395534321,TRUE
KLK7,ENSG00000169035.12,FALSE,100,0,0,0.020441372045481146,-0.13236795220951877,0.17051475124330168,0.00941169768025363,TRUE
KLRC1,ENSG00000134545.14,FALSE,100,0,0,0.01945224873672214,-0.16473487100862183,0.18155721008998144,0.00762020116055672,TRUE
KLRC3,ENSG00000205810.9,FALSE,100,0,0,-0.01586322855407219,-0.18548533613519047,0.18711288911427199,-0.02786893426389598,TRUE
KLRD1,ENSG00000134539.17,FALSE,100,0,0,0.041792050025999825,-0.16531343461765394,0.26297719455457474,0.02677760606675288,TRUE
KLRG2,ENSG00000188883.5,FALSE,100,0,0,0.1233472917555867,-0.0013614434695203197,0.28898119239116543,0.1303479872292912,TRUE
KNDC1,ENSG00000171798.18,FALSE,100,0,0,0.060332395216950295,-0.10764632406088967,0.24522680861506446,0.03411597710754238,TRUE
KNG1,ENSG00000113889.14,FALSE,100,0,0,0.11203390743655,-0.06277571578134827,0.25893203875623394,0.1095448589221439,TRUE
KRT23,ENSG00000108244.17,FALSE,100,0,0,0.14404236726111863,0.018914285316381663,0.2543816039647636,0.14423917253480747,TRUE
KRT7,ENSG00000135480.16,FALSE,100,0,0,0.042225649456013245,-0.11271091535481659,0.21012247421005423,0.04083933255949997,TRUE
KRT72,ENSG00000170486.11,FALSE,100,0,0,0.10000744143169848,-0.0645347101721006,0.23029219397975093,0.09197289290604373,TRUE
KRT85,ENSG00000135443.8,FALSE,100,0,0,0.001341656868016728,-0.1799069321218602,0.21874646500093511,0.00522715067459166,TRUE
KRT86,ENSG00000170442.12,FALSE,100,0,0,0.0027428098986519516,-0.1699061936174979,0.27394362070314104,0.00247819937991812,TRUE
KRTAP17-1,ENSG00000186860.5,FALSE,100,0,0,-0.05306232297433576,-0.229127338234968,0.08071846499685276,-0.06397945147609597,TRUE
KSR2,ENSG00000171435.14,FALSE,100,0,0,-0.08497272318486956,-0.25367253952333163,0.11222810453898795,-0.09144493008178346,TRUE
LAD1,ENSG00000159166.15,FALSE,100,0,0,0.041350619300111344,-0.12336331383728127,0.17993724639130892,0.05045949730166707,TRUE
LAG3,ENSG00000089692.9,FALSE,100,0,0,0.08874226675133233,-0.1079045057192109,0.24594521672012862,0.08601114200428986,TRUE
LAIR1,ENSG00000167613.16,FALSE,100,0,0,0.07462899750199434,-0.13206620121023022,0.2876887507457343,0.06759889612166577,TRUE
LAIR2,ENSG00000167618.10,FALSE,100,0,0,0.09182433403764251,-0.08382831788089153,0.1912730051962415,0.08956033872482973,TRUE
LAMA2,ENSG00000196569.13,FALSE,100,0,0,-0.0026573856307781627,-0.16935714795023976,0.1903893430567832,-0.00952652105954606,TRUE
LAMA4,ENSG00000112769.20,FALSE,100,0,0,-0.030359235097552426,-0.21049068541206506,0.22064208006359667,-0.02926737492026811,TRUE
LAMB4,ENSG00000091128.13,FALSE,100,0,0,0.158124246183602,0.007495802208173248,0.28565897417562214,0.14615683487038306,TRUE
LAMC2,ENSG00000058085.15,FALSE,100,0,0,0.08003405958004683,-0.1204013479790454,0.22291002336059856,0.05936807108146152,TRUE
LAMP3,ENSG00000078081.8,FALSE,100,0,0,0.08258725515069684,-0.07659244751114874,0.2358467842190855,0.09085375061569152,TRUE
LAPTM4B,ENSG00000104341.17,FALSE,100,0,0,0.08925473302128967,-0.08180839761826893,0.2540288774241819,0.09475350495898782,TRUE
LAPTM5,ENSG00000162511.8,FALSE,100,0,0,-0.08853795522617866,-0.29933043116632796,0.13859781252913597,-0.09010815928895728,TRUE
LAT2,ENSG00000086730.17,FALSE,100,0,0,0.06452519065245951,-0.08958130267906152,0.21842021827892305,0.06783143105099215,TRUE
LAX1,ENSG00000122188.13,FALSE,100,0,0,-0.035063520917286685,-0.22576158332768315,0.11975705299806452,-0.05503755565191658,TRUE
LAYN,ENSG00000204381.12,FALSE,100,0,0,-0.0178073714073504,-0.18909988649122664,0.16671973194343423,-0.02311722730646534,TRUE
LCK,ENSG00000182866.17,FALSE,100,0,0,-0.0747101789632583,-0.2561690779602467,0.07405421294761011,-0.08684927016873013,TRUE
LCP1,ENSG00000136167.15,FALSE,100,0,0,-0.16482810837000555,-0.3147824949621974,0.03001585522842987,-0.1646055267626932,TRUE
LCP2,ENSG00000043462.13,FALSE,100,0,0,-0.037479070282684636,-0.1948917953267263,0.18878426031924955,-0.03425990797682585,TRUE
LDHB,ENSG00000111716.14,FALSE,100,0,0,0.043680113300021944,-0.13175491797666164,0.17555128360659494,0.04508095824690128,TRUE
LDHC,ENSG00000166796.12,FALSE,100,0,0,0.07279744924695121,-0.09598421211563682,0.21819922278303955,0.06322211778832221,TRUE
LDLRAD3,ENSG00000179241.13,FALSE,100,0,0,0.10008953958097414,-0.09380217696167917,0.2807456211499114,0.11804602523011082,TRUE
LEF1,ENSG00000138795.10,FALSE,100,0,0,0.18363017581705432,0.024620261472728788,0.3359779473610353,0.16814856269310652,TRUE
LGALS12,ENSG00000133317.16,FALSE,100,0,0,0.090260637857666,-0.09893762010120821,0.2282546910082699,0.09572099285021823,TRUE
LGALS3,ENSG00000131981.16,FALSE,100,0,0,0.07031089126213572,-0.11126083073040266,0.2183604423211223,0.08648409661848905,TRUE
LGALS9,ENSG00000168961.17,FALSE,100,0,0,0.09332964233188498,-0.12701139375504095,0.26344548020822667,0.09981082488402876,TRUE
LGI2,ENSG00000153012.12,FALSE,100,0,0,0.12780039393106477,-0.02656705431519992,0.3025044601931466,0.12883514044203032,TRUE
LGI4,ENSG00000153902.14,FALSE,100,0,0,0.07969133564369237,-0.056976274217874504,0.242399736399651,0.08790642193196777,TRUE
LGR5,ENSG00000139292.13,FALSE,100,0,0,-0.07224080745417664,-0.222536820920393,0.09129039825486003,-0.0639365973131901,TRUE
LHFPL2,ENSG00000145685.14,FALSE,100,0,0,0.03729727496129347,-0.1491589007350059,0.216957019591349,0.03855584873981164,TRUE
LHFPL3,ENSG00000187416.12,FALSE,100,0,0,-0.11232426204038187,-0.25792496134079124,0.015962332070150506,-0.10433012029638164,TRUE
LHX1,ENSG00000273706.5,FALSE,100,0,0,0.1515387478411629,-0.02568753135648096,0.3076590608472445,0.15234168385794142,TRUE
LHX8,ENSG00000162624.14,FALSE,100,0,0,0.04952339798144552,-0.10019743234857033,0.19228579293488074,0.04371655837619912,TRUE
LIG1,ENSG00000105486.14,FALSE,100,0,0,0.12758200473295672,-0.03497042824388428,0.2994664340528424,0.12633891413393605,TRUE
LILRA1,ENSG00000104974.12,FALSE,100,0,0,-0.09440840432893968,-0.2258617053906284,0.07051195094943949,-0.0963033063120369,TRUE
LILRA6,ENSG00000244482.10,FALSE,100,0,0,0.12340781176310975,-0.10548879010226256,0.32657741301596077,0.10922244185474694,TRUE
LILRB1,ENSG00000104972.15,FALSE,100,0,0,0.13244429641268066,-0.07875473422481975,0.329433618275942,0.13199039074237345,TRUE
LILRB2,ENSG00000131042.15,FALSE,100,0,0,0.13796042374473913,-0.07220859278877179,0.3558552179425802,0.14449447675037952,TRUE
LILRB4,ENSG00000186818.12,FALSE,100,0,0,-0.015605747608467698,-0.2252504886950139,0.17750650419142405,-0.02710991484688841,TRUE
LILRB5,ENSG00000105609.17,FALSE,100,0,0,0.010999418065658653,-0.13934352151314489,0.24900205356916644,0.00858112622364372,TRUE
LIN52,ENSG00000205659.11,FALSE,100,0,0,-0.11319571515342014,-0.2886409227571649,0.06144936565407147,-0.09349556149672587,TRUE
LINGO1,ENSG00000169783.13,FALSE,100,0,0,0.12498749540884999,-0.08215326021707213,0.3403326595080647,0.13587414752633117,TRUE
LINGO2,ENSG00000174482.10,FALSE,100,0,0,0.07147071561097715,-0.13008388147111127,0.20050495944374785,0.06582380378341081,TRUE
LIPH,ENSG00000163898.10,FALSE,100,0,0,0.10273631748558959,-0.06653714951456204,0.21296615001528368,0.08495484622670553,TRUE
LIPI,ENSG00000188992.11,FALSE,100,0,0,0.20184023352815827,0.09944088778564195,0.3085589787974764,0.17995353338647505,TRUE
LLGL2,ENSG00000073350.14,FALSE,100,0,0,-0.02485591303963401,-0.18666991473134378,0.13376519023197858,-0.0285998535129999,TRUE
LMNB1,ENSG00000113368.12,FALSE,100,0,0,0.15965324901070282,-0.040243199266911334,0.3317321338529954,0.1570525169882338,TRUE
LMO3,ENSG00000048540.15,FALSE,100,0,0,0.08523838950325713,-0.08350082861496758,0.22810824011971864,0.0691327140107551,TRUE
LMO7,ENSG00000136153.20,FALSE,100,0,0,-0.205781147444908,-0.3304082166679977,-0.03006520423113028,-0.20962000357267463,TRUE
LMTK3,ENSG00000142235.12,FALSE,100,0,0,0.11453575002729066,-0.038979803091366824,0.27539144067940413,0.10628217852662251,TRUE
LNX1,ENSG00000072201.14,FALSE,100,0,0,-0.16695305342513655,-0.3046890184687806,0.025577978815383484,-0.16360541235994505,TRUE
LOC441179,ENSG00000269155.2,FALSE,100,0,0,0.08072580196484747,-0.1399740884585916,0.2542763395599101,0.06487689098183799,TRUE
LOH12CR2,ENSG00000205791.3,FALSE,100,0,0,-0.025335898240907685,-0.17726234254305048,0.1419803333092845,-0.01087952460844921,TRUE
LONRF2,ENSG00000170500.13,FALSE,100,0,0,0.11865736293259033,-0.05691930813478649,0.27734442953433963,0.10696310588293656,TRUE
LOX,ENSG00000113083.15,FALSE,100,0,0,-0.09877445517284925,-0.24613457048800697,0.047016107140185434,-0.08937295673462031,TRUE
LOXL4,ENSG00000138131.4,FALSE,100,0,0,-0.02929953559295504,-0.1701791417943147,0.19471214280434015,0.00661326047069564,FALSE
LPAR4,ENSG00000147145.12,FALSE,100,0,0,0.1182522054420191,-0.033325261859181894,0.3100099289516176,0.12818330712654674,TRUE
LPAR5,ENSG00000184574.10,FALSE,100,0,0,0.02096795620674813,-0.16282125547827714,0.18417589955640384,-0.00248169254570522,FALSE
LPCAT1,ENSG00000153395.10,FALSE,100,0,0,-0.00787568519088081,-0.15189954995373672,0.152127028467141,0.01236190131503647,FALSE
LPL,ENSG00000175445.17,FALSE,100,0,0,-0.14181434055222336,-0.24619540655972277,-0.01699151616305314,-0.12488608282060117,TRUE
LPXN,ENSG00000110031.13,FALSE,100,0,0,0.046603159749902603,-0.18259918322156,0.2249386707665662,0.02697850254124772,TRUE
LRG1,ENSG00000171236.10,FALSE,100,0,0,-0.03968780004004487,-0.2672120181688422,0.12732625612080545,-0.052002001189794,TRUE
LRP1B,ENSG00000168702.18,FALSE,100,0,0,0.04362597844497347,-0.1673756276453781,0.24294017728565392,0.01988931764242807,TRUE
LRRC17,ENSG00000128606.13,FALSE,100,0,0,0.023189285454423815,-0.15127729275377078,0.23657192247118347,0.03102693749067028,TRUE
LRRC2,ENSG00000163827.13,FALSE,100,0,0,0.12208026990422559,-0.038399348343207365,0.28433426705637266,0.1185843952952354,TRUE
LRRC31,ENSG00000114248.10,FALSE,100,0,0,-0.19383556105333027,-0.34681111231897355,-0.04902479014412035,-0.21384344110809117,TRUE
LRRC36,ENSG00000159708.18,FALSE,100,0,0,-0.012167771935469474,-0.16982578572408216,0.1793629607586191,-0.00887748418266562,TRUE
LRRC3B,ENSG00000179796.12,FALSE,100,0,0,-0.1216231305573196,-0.2914061230415065,0.10096064592351198,-0.11442877578033891,TRUE
LRRC41,ENSG00000132128.16,FALSE,100,0,0,-0.08850911335362485,-0.26542550561845224,0.09485849109720693,-0.09047215654030584,TRUE
LRRC43,ENSG00000158113.13,FALSE,100,0,0,0.11318844368534603,0.0027314203294155964,0.27480626886774057,0.12577576894552123,TRUE
LRRC52,ENSG00000162763.4,FALSE,100,0,0,0.05529046080232332,-0.12363844623429684,0.17733481121290873,0.0429015322211438,TRUE
LRRC66,ENSG00000188993.3,FALSE,100,0,0,-0.04555772341856995,-0.2573310635875002,0.10416508760443208,-0.05199507921777695,TRUE
LRRK1,ENSG00000154237.13,FALSE,100,0,0,0.050925161292599094,-0.12134815658364476,0.21455025411651513,0.04528515721915544,TRUE
LRRN1,ENSG00000175928.6,FALSE,100,0,0,0.21401473265287102,0.03766580795855578,0.3517350843347169,0.1943224669746437,TRUE
LRRN4CL,ENSG00000177363.5,FALSE,100,0,0,-0.048792394784454476,-0.16285578600526618,0.1120373199228095,-0.03108450652432213,TRUE
LRRTM4,ENSG00000176204.13,FALSE,100,0,0,-0.03999465391125408,-0.2188060805999078,0.1388763247854253,-0.04370441030298706,TRUE
LSAMP,ENSG00000185565.12,FALSE,100,0,0,0.049933316691714164,-0.13211977539040443,0.22618655733831886,0.03803238671374158,TRUE
LSP1,ENSG00000130592.17,FALSE,100,0,0,0.027480172931983793,-0.17860835973012137,0.23637379609122022,0.01760727978122842,TRUE
LST1,ENSG00000204482.11,FALSE,100,0,0,0.006158739958895157,-0.17818663164764437,0.1702121654807589,0.00795005432282717,TRUE
LTB,ENSG00000227507.3,FALSE,100,0,0,0.046159664495237666,-0.09887935110740675,0.21434051868407505,0.05470176400537777,TRUE
LTBR,ENSG00000111321.11,FALSE,100,0,0,0.10939677148299418,-0.0635367167379028,0.31414124026843965,0.1429436970995141,TRUE
LTC4S,ENSG00000213316.10,FALSE,100,0,0,-0.12465194501907857,-0.2977510997442039,0.07055841594186547,-0.11530089527104792,TRUE
LUM,ENSG00000139329.5,FALSE,100,0,0,0.17008989271899316,0.04042702774058987,0.3075668400586985,0.15113232747187635,TRUE
LY6E,ENSG00000160932.11,FALSE,100,0,0,0.035174539117256806,-0.11455508836829784,0.18825297636511087,0.04387590200049952,TRUE
LY6H,ENSG00000176956.13,FALSE,100,0,0,0.12262463448226471,0.010199284892398453,0.2932023747077398,0.1259243112421095,TRUE
LY6K,ENSG00000160886.13,FALSE,100,0,0,0.26289940295706143,0.12524994927593414,0.35634357585434867,0.2520302189554428,TRUE
LY86,ENSG00000112799.9,FALSE,100,0,0,-0.12463715587832316,-0.29925931490511715,0.04817059332609695,-0.13562948574238198,TRUE
LY9,ENSG00000122224.18,FALSE,100,0,0,-0.03463351815755183,-0.23548426944054104,0.14249993507880204,-0.05430318030721852,TRUE
LY96,ENSG00000154589.7,FALSE,100,0,0,0.10664977384490842,-0.05010965402660587,0.291360064662045,0.11316980350307514,TRUE
LYL1,ENSG00000104903.5,FALSE,100,0,0,0.034130482525561015,-0.12521238576966456,0.17457608941538888,0.040572168422653813,TRUE
LYNX1,ENSG00000180155.20,FALSE,100,0,0,0.15515137104412388,-0.020285833641533323,0.3268228150430117,0.1556295105957605,TRUE
LYPD3,ENSG00000124466.9,FALSE,100,0,0,0.24494654534630125,0.09031295926267363,0.37596446409608264,0.23449569703672135,TRUE
LZTS1,ENSG00000061337.15,FALSE,100,0,0,0.0660821821429775,-0.09843772366398082,0.2878857879561677,0.06419352354701009,TRUE
MAGEE2,ENSG00000186675.7,FALSE,100,0,0,0.03359645681174817,-0.09206245771883349,0.2071866743401513,0.02452044309837919,TRUE
MAGI2,ENSG00000187391.22,FALSE,100,0,0,0.01782114072312885,-0.15809776562613354,0.16369769143086257,0.0108947628662056,TRUE
MAGI3,ENSG00000081026.19,FALSE,100,0,0,-0.07606876354947918,-0.2572387047372866,0.07867288373693146,-0.08906719119017062,TRUE
MAL,ENSG00000172005.11,FALSE,100,0,0,0.04715469604547223,-0.09010773211694821,0.21975193663664733,0.02487705239959111,TRUE
MAL2,ENSG00000147676.14,FALSE,100,0,0,-0.028272262885721385,-0.2171683480230615,0.15783500326590907,-0.04783313024092436,TRUE
MAN1A1,ENSG00000111885.7,FALSE,100,0,0,-0.17811471312409366,-0.31749946380517674,-0.058968053858744054,-0.20869536204032485,TRUE
MAP3K14,ENSG00000006062.17,FALSE,100,0,0,-0.18620900752701303,-0.2990314647092921,-0.034863907824291794,-0.18882320674904815,TRUE
MAP4K1,ENSG00000104814.13,FALSE,100,0,0,0.09977551170664425,-0.08741438144218255,0.26714117917963726,0.09670949375009656,TRUE
MAP4K4,ENSG00000071054.16,FALSE,100,0,0,0.07434756236415589,-0.10715424397955511,0.2564906547529491,0.0780217783786243,TRUE
MAP6,ENSG00000171533.11,FALSE,100,0,0,0.0605087568638667,-0.0889118270905126,0.20349785214877614,0.04424656450106425,TRUE
MAP7D2,ENSG00000184368.16,FALSE,100,0,0,0.0020464258927959853,-0.17917152977641732,0.17513808299705988,-3.0798892039156156e-4,FALSE
MAP9,ENSG00000164114.19,FALSE,100,0,0,0.022614108798307598,-0.11106209934391217,0.16126078808269187,0.02264965748778869,TRUE
MAPK4,ENSG00000141639.12,FALSE,100,0,0,0.09362118752609602,-0.057153494274187186,0.25946513712541686,0.08282204180260704,TRUE
MARCKS,ENSG00000277443.3,FALSE,100,0,0,-0.07605878747325615,-0.25803927809416927,0.0935356235188808,-0.07367678855830768,TRUE
MARCO,ENSG00000019169.10,FALSE,100,0,0,0.0642685754895212,-0.10730505065305093,0.23704601975746536,0.06295577686488332,TRUE
MARVELD1,ENSG00000155254.13,FALSE,100,0,0,0.09451636964852436,-0.08600838628609275,0.31177098130750647,0.10278049133855977,TRUE
MARVELD2,ENSG00000152939.17,FALSE,100,0,0,-0.1583544233826812,-0.333282463759424,-0.042381684535717945,-0.1761916128254416,TRUE
MASP1,ENSG00000127241.18,FALSE,100,0,0,-0.14790059212136475,-0.26431809009948337,-0.03376794757091936,-0.15069830573359425,TRUE
MATK,ENSG00000007264.15,FALSE,100,0,0,-0.009718866996050107,-0.18545777763806143,0.12985929202271154,2.8810793634432115e-4,FALSE
MB,ENSG00000198125.13,FALSE,100,0,0,0.009992734469665032,-0.15501030963126625,0.1967179140914266,0.01730176885534758,TRUE
MBOAT2,ENSG00000143797.12,FALSE,100,0,0,0.14161221834442966,-2.3693081589219874e-4,0.34867723899821024,0.15941780725409038,TRUE
MCAM,ENSG00000076706.17,FALSE,100,0,0,-0.13815551918777697,-0.2886399592980805,0.09987896034800704,-0.13001167486843412,TRUE
MCM5,ENSG00000100297.16,FALSE,100,0,0,-0.05652329479479714,-0.17584614462847895,0.11187203707456189,-0.03048130945839284,TRUE
MCOLN3,ENSG00000055732.13,FALSE,100,0,0,-0.009697690593424936,-0.20432312820679716,0.18028917640426206,-0.01034832673169337,TRUE
MCTP2,ENSG00000140563.15,FALSE,100,0,0,-0.08816339039062335,-0.24852767673265463,0.1594610594405541,-0.0945852188745075,TRUE
MEF2C,ENSG00000081189.16,FALSE,100,0,0,-0.15498529595236626,-0.3000225921458425,0.057950004808742975,-0.15698361995038726,TRUE
MEGF11,ENSG00000157890.17,FALSE,100,0,0,0.10234653556774945,-0.059703030278026925,0.2702777896688916,0.10473318074001252,TRUE
MEGF6,ENSG00000162591.16,FALSE,100,0,0,-0.03907797228797491,-0.19232222741006946,0.16900901995679607,-0.03368065728730466,TRUE
MEOX2,ENSG00000106511.6,FALSE,100,0,0,0.03973616207277266,-0.14996415368854868,0.20672924604868753,0.03143426324370262,TRUE
MET,ENSG00000105976.16,FALSE,100,0,0,-0.11948329350990793,-0.29001033153789396,0.06245664647119288,-0.11450505689250488,TRUE
MFHAS1,ENSG00000147324.11,FALSE,100,0,0,-0.09261722432360854,-0.27893664086869685,0.14777056367219304,-0.10633967742651262,TRUE
MFNG,ENSG00000100060.18,FALSE,100,0,0,-0.038975436998057666,-0.22707616633262673,0.16893583296098316,-0.03216472082710486,TRUE
MFSD6L,ENSG00000185156.6,FALSE,100,0,0,0.13032340353451077,-0.029229272549118755,0.2842034870016845,0.11000595142661355,TRUE
MGAT3,ENSG00000128268.12,FALSE,100,0,0,0.12677070746514132,-0.07288632286259818,0.2940372873103434,0.11350669711774324,TRUE
MGAT4C,ENSG00000182050.13,FALSE,100,0,0,0.1488780761313056,-0.01254078473737538,0.2876300097030047,0.14053576738876425,TRUE
MICB,ENSG00000204516.10,FALSE,100,0,0,0.083505949364751475,-0.06941913497144273,0.27507090087859276,0.08663745839271492,TRUE
MIXL1,ENSG00000185155.12,FALSE,100,0,0,0.14851322017842664,-0.016620134001935342,0.27200252697407756,0.13376133142205898,TRUE
MLC1,ENSG00000100427.16,FALSE,100,0,0,-0.10235375171074168,-0.2911906212388574,0.09567198400312153,-0.10106940840809164,TRUE
MLKL,ENSG00000168404.13,FALSE,100,0,0,0.0034694867512728156,-0.14799948174216307,0.2215463168382668,0.0098102787083143,TRUE
MME,ENSG00000196549.12,FALSE,100,0,0,-0.20493918396132144,-0.3757390339030584,-0.053703071255949184,-0.2079960811567717,TRUE
MMEL1,ENSG00000142606.16,FALSE,100,0,0,0.16312002859322533,0.03686488522763963,0.28747851376117095,0.149311366013087,TRUE
MMP14,ENSG00000157227.13,FALSE,100,0,0,0.12552829463248102,-0.027431596454910383,0.29231014053054627,0.15087982770175704,TRUE
MMP16,ENSG00000156103.16,FALSE,100,0,0,0.05926502076350676,-0.09362536339206254,0.2194404989182595,0.05618579731753829,TRUE
MMP9,ENSG00000100985.7,FALSE,100,0,0,0.10788940414338,-0.007141387735788447,0.28479594298152544,0.12377883772996008,TRUE
MNDA,ENSG00000163563.8,FALSE,100,0,0,-0.16134995970497135,-0.2806896029837844,0.00911658674889287,-0.15051190882900728,TRUE
MNS1,ENSG00000138587.6,FALSE,100,0,0,-0.020873978686455096,-0.1802907332408616,0.17773871033389677,-0.02999129469837343,TRUE
MNX1,ENSG00000130675.15,FALSE,100,0,0,0.06587618583554736,-0.10372668394813558,0.20309730356530203,0.0667929898051936,TRUE
MOGAT2,ENSG00000166391.15,FALSE,100,0,0,0.09940384570983235,6.88002091276677e-5,0.29281786760446366,0.1200844271580129,TRUE
MORN5,ENSG00000185681.13,FALSE,100,0,0,-0.051594216445216085,-0.266402503459376,0.07958942668030414,-0.0689288448926925,TRUE
MOXD1,ENSG00000079931.15,FALSE,100,0,0,0.04549608071773523,-0.1029048249586644,0.1943013950537506,0.03820051389284216,TRUE
MPEG1,ENSG00000197629.6,FALSE,100,0,0,-0.1744808736636959,-0.33520422119704374,0.011662332458271609,-0.17871243858542937,TRUE
MRAP2,ENSG00000135324.6,FALSE,100,0,0,0.13037545538252793,-0.020245953521345228,0.30566324904717185,0.1336359561905261,TRUE
MRGPRF,ENSG00000172935.9,FALSE,100,0,0,0.0460379751223692,-0.09112492628960132,0.15678966522748305,0.04141104411988707,TRUE
MRO,ENSG00000134042.14,FALSE,100,0,0,-0.12218591416874866,-0.3113372986446101,0.031058741749508,-0.12706186906062303,TRUE
MRPL33,ENSG00000243147.8,FALSE,100,0,0,0.04899284811768128,-0.10738700734149348,0.2079553618720546,0.05130463731936086,TRUE
MRPS6,ENSG00000243927.6,FALSE,100,0,0,0.12335729781579936,-0.05640804179083292,0.2651217985550086,0.11574425256365892,TRUE
MS4A2,ENSG00000149534.9,FALSE,100,0,0,-0.09108959806819765,-0.2424984862593127,0.06907411005859539,-0.09549051341078466,TRUE
MS4A4A,ENSG00000110079.18,FALSE,100,0,0,-0.04248508360949661,-0.19148233673697335,0.12487216490306707,-0.0519044449549165,TRUE
MS4A6A,ENSG00000110077.14,FALSE,100,0,0,-0.09605839987339107,-0.25187475901060397,0.0821117408743455,-0.09537922495515536,TRUE
MS4A7,ENSG00000166927.13,FALSE,100,0,0,-0.040968350351615584,-0.20595111065182636,0.17093976371803518,-0.04980753342272252,TRUE
MSC,ENSG00000178860.8,FALSE,100,0,0,0.1750047352399002,-0.009977479594691554,0.3266193440735435,0.20847821158520943,TRUE
MSI2,ENSG00000153944.12,FALSE,100,0,0,0.04286592225603798,-0.1688858201503737,0.1907481292384635,0.03645931646387478,TRUE
MSR1,ENSG00000038945.15,FALSE,100,0,0,-0.158043037095993,-0.33684935144053385,0.015724418535254903,-0.1719315959959846,TRUE
MT1F,ENSG00000198417.7,FALSE,100,0,0,0.09417686316599197,-0.06925610488978752,0.2463054749227045,0.09772441214480988,TRUE
MT1G,ENSG00000125144.14,FALSE,100,0,0,0.17122448253425565,-0.01610655260438871,0.33202247158110476,0.16408499554533768,TRUE
MT1H,ENSG00000205358.4,FALSE,100,0,0,0.12915217945333524,-0.055086509862718014,0.26475982070876747,0.11316800484116885,TRUE
MT3,ENSG00000087250.9,FALSE,100,0,0,-0.07851991216504572,-0.22780638447808277,0.11397543923670207,-0.06580422498447837,TRUE
MTNR1A,ENSG00000168412.6,FALSE,100,0,0,-0.027069048764439226,-0.19339936513097045,0.12323776769526638,-0.04086292410765362,TRUE
MTTP,ENSG00000138823.13,FALSE,100,0,0,0.00637797239311102,-0.15570942629431672,0.14343147704607856,0.00209178781531413,TRUE
MUC13,ENSG00000173702.7,FALSE,100,0,0,0.0334433069139569,-0.11490882308983599,0.16981026386535927,0.03160379903202313,TRUE
MUC15,ENSG00000169550.14,FALSE,100,0,0,0.12167972643125105,-0.05420894367202668,0.29024650631163385,0.10424748517774278,TRUE
MUC16,ENSG00000181143.15,FALSE,100,0,0,0.12125564965186553,-0.027327292258658268,0.26213628147594314,0.11803858445790072,TRUE
MXRA8,ENSG00000162576.17,FALSE,100,0,0,0.171503688835514,0.006668669179578424,0.33320515959286373,0.1808935313749162,TRUE
MYB,ENSG00000118513.19,FALSE,100,0,0,0.17536379913671007,0.013347192186569828,0.31383319801883075,0.1681998853548083,TRUE
MYBL1,ENSG00000185697.16,FALSE,100,0,0,0.17138653478837085,-0.00226286893929437,0.3480416377681586,0.16323577185274316,TRUE
MYBPH,ENSG00000133055.9,FALSE,100,0,0,0.14303830718569543,0.041322721995639355,0.24093223911568873,0.1405609018822514,TRUE
MYC,ENSG00000136997.21,FALSE,100,0,0,0.08708864262181132,-0.09550584315908286,0.2443486381897172,0.08878381723417621,TRUE
MYCNOS,ENSG00000233718.8,FALSE,100,0,0,0.06478206126770089,-0.10842417706211399,0.2055182981949004,0.04757522779842817,TRUE
MYEOV,ENSG00000172927.8,FALSE,100,0,0,-0.0036544670195334293,-0.18601147461961381,0.17302989751033904,-0.01990626402732961,TRUE
MYH10,ENSG00000133026.13,FALSE,100,0,0,-0.11504986295491491,-0.23205490322457317,0.058305894655074804,-0.1063779673659957,TRUE
MYH14,ENSG00000105357.19,FALSE,100,0,0,-0.185569129617191,-0.3579123733787861,-0.04643932142636362,-0.1999617489707498,TRUE
MYL4,ENSG00000198336.9,FALSE,100,0,0,0.11011518296178878,-0.057726883848419605,0.3387858178684073,0.12016371021418051,TRUE
MYLK3,ENSG00000140795.13,FALSE,100,0,0,-0.16130168341611445,-0.33314265839166035,-0.03353492310803635,-0.18405027680197028,TRUE
MYO1F,ENSG00000142347.19,FALSE,100,0,0,0.08305731349710696,-0.11112888254217085,0.28339580821368016,0.08826961770016709,TRUE
MYO1G,ENSG00000136286.16,FALSE,100,0,0,-0.022549865248669254,-0.19727038503445588,0.16275781817872553,-0.02236997846922456,TRUE
MYO3B,ENSG00000071909.19,FALSE,100,0,0,0.008184522327801973,-0.165660571864089,0.2029262138589783,0.00485612104685244,TRUE
MYO5C,ENSG00000128833.13,FALSE,100,0,0,-0.10124808600210952,-0.26150191185959043,0.06826438879927392,-0.12366157372333555,TRUE
MYOT,ENSG00000120729.10,FALSE,100,0,0,0.014361259744109359,-0.16674682881901387,0.16351652641605152,0.00458680326380071,TRUE
MYOZ2,ENSG00000172399.6,FALSE,100,0,0,0.05676578733254515,-0.08408791610370417,0.20635474189250672,0.03590109764850953,TRUE
N4BP2L1,ENSG00000139597.18,FALSE,100,0,0,-0.1544635431100463,-0.3386869942231233,0.01705738245771542,-0.16060928900561494,TRUE
NAIP,ENSG00000249437.8,FALSE,100,0,0,0.030256551654718383,-0.1699432002060825,0.22282284250294856,-0.00745474398708064,FALSE
NAP1L2,ENSG00000186462.9,FALSE,100,0,0,-0.00382323991030167,-0.18656186920061418,0.1450060301042424,-0.02029655492445376,TRUE
NAP1L3,ENSG00000186310.10,FALSE,100,0,0,0.04206263233438552,-0.152045667223067,0.18028039217250022,0.02724795105328796,TRUE
NAT2,ENSG00000156006.5,FALSE,100,0,0,-0.053731405363281456,-0.2019152015162905,0.09133178810208498,-0.04499972960493231,TRUE
NAT8L,ENSG00000185818.8,FALSE,100,0,0,0.21399511380399222,0.03594536108299014,0.34232729723260125,0.1997311592542649,TRUE
NAV2,ENSG00000166833.22,FALSE,100,0,0,0.046202720300507046,-0.09966345448921282,0.23145293996432303,0.06606885536935651,TRUE
NCF1,ENSG00000158517.15,FALSE,100,0,0,-0.04946648380736811,-0.2529132124908161,0.1193080363000768,-0.05039708737800246,TRUE
NCF2,ENSG00000116701.15,FALSE,100,0,0,-0.1138364278046182,-0.31346078462145266,0.07474616383632633,-0.11405844148562766,TRUE
NCKAP1L,ENSG00000123338.13,FALSE,100,0,0,-0.09795493856808299,-0.27695938418871163,0.09443702174171656,-0.10856644819100454,TRUE
NCR1,ENSG00000189430.13,FALSE,100,0,0,0.03309104088509236,-0.1322929518888804,0.2071667535166399,0.0167472150340606,TRUE
NCR3,ENSG00000204475.10,FALSE,100,0,0,-0.09159196106745218,-0.24923519671419153,0.09812280661511955,-0.0832016581747458,TRUE
NDRG1,ENSG00000104419.17,FALSE,100,0,0,-0.24416866549271948,-0.36713524267964504,-0.044839443914820545,-0.23773176966293463,TRUE
NDST3,ENSG00000164100.9,FALSE,100,0,0,0.03248218081513458,-0.1989033856112834,0.1968839958448964,0.01169896104600754,TRUE
NEB,ENSG00000183091.19,FALSE,100,0,0,0.005754506398769544,-0.1419887419155586,0.13485968047925412,0.0017123406247145,TRUE
NEFH,ENSG00000100285.10,FALSE,100,0,0,0.12223971876201387,-0.08690524752058615,0.23854957607723554,0.12148068599367176,TRUE
NEK6,ENSG00000119408.17,FALSE,100,0,0,-0.21336938307634268,-0.34906889749128206,-0.08354135362797695,-0.229658331984438,TRUE
NELL1,ENSG00000165973.19,FALSE,100,0,0,0.07896398677275387,-0.05895742553054943,0.284454174114668,0.0800481880348761,TRUE
NELL2,ENSG00000184613.11,FALSE,100,0,0,-0.07098418281523408,-0.2456956526432097,0.09990978059778964,-0.08505059854665485,TRUE
NETO2,ENSG00000171208.10,FALSE,100,0,0,-0.1515500795053376,-0.2763199774507609,0.037182366472798684,-0.13926593623561756,TRUE
NEU4,ENSG00000204099.12,FALSE,100,0,0,0.047884252044055414,-0.1496259199972101,0.24581879428000897,0.02482715257763402,TRUE
NEURL1B,ENSG00000214357.9,FALSE,100,0,0,-0.21523592161402116,-0.35103092147090403,-0.009424833056153551,-0.21246486923436744,TRUE
NFAM1,ENSG00000235568.7,FALSE,100,0,0,-0.06570171537449221,-0.2718741528460567,0.12841146196892442,-0.05760864929992224,TRUE
NFASC,ENSG00000163531.15,FALSE,100,0,0,0.019455776616593395,-0.12654317205347893,0.19839185668670967,-0.00219569231695165,FALSE
NFATC2,ENSG00000101096.20,FALSE,100,0,0,-0.06564419119906936,-0.20867796450480472,0.15072359657600298,-0.08732440055970235,TRUE
NFE2L3,ENSG00000050344.9,FALSE,100,0,0,0.06921250215482047,-0.13522770791679029,0.27476286835461317,0.05607418041035806,TRUE
NFKB2,ENSG00000077150.20,FALSE,100,0,0,0.1809652281992687,0.014044956038101025,0.3672205008871312,0.19986789390399445,TRUE
NFKBIE,ENSG00000146232.17,FALSE,100,0,0,-0.04506647028316649,-0.22297613695080476,0.13291688632416526,-0.03834462410117152,TRUE
NGF,ENSG00000134259.5,FALSE,100,0,0,0.09791373677759346,-0.08684230155513684,0.3029589663503939,0.10433673500707448,TRUE
NGFR,ENSG00000064300.9,FALSE,100,0,0,-0.09738084044604566,-0.27539978636388496,0.08809238190559704,-0.10797660194306072,TRUE
NHLRC4,ENSG00000257108.2,FALSE,100,0,0,-0.03129227334164627,-0.20083350817605433,0.12551485000017848,-0.0470062083302148,TRUE
NID1,ENSG00000116962.15,FALSE,100,0,0,-0.15268058030649723,-0.28471068526455423,0.015412832008958672,-0.14541543204791904,TRUE
NINJ2,ENSG00000171840.12,FALSE,100,0,0,0.03179589775943946,-0.1676265945032338,0.2217841537133859,0.04519717400632887,TRUE
NKAIN1,ENSG00000084628.10,FALSE,100,0,0,0.038489614038352646,-0.11174400925565758,0.22029419934995337,0.05997880393386615,TRUE
NKAIN3,ENSG00000185942.13,FALSE,100,0,0,0.15930795296131528,0.03373904953465519,0.2813879842354216,0.1518446906169786,TRUE
NKD1,ENSG00000140807.7,FALSE,100,0,0,-0.00996522234033038,-0.19272879004079488,0.10984536632350378,-0.03786309766172525,TRUE
NKG7,ENSG00000105374.10,FALSE,100,0,0,-0.05677798767450018,-0.20023128757669834,0.11806783873177466,-0.0482529738109223,TRUE
NKX2-2,ENSG00000125820.6,FALSE,100,0,0,0.13007369750461156,-0.001977288102737676,0.25612268789110826,0.12143199930690758,TRUE
NKX2-3,ENSG00000119919.11,FALSE,100,0,0,0.04378827189346039,-0.17497162139775313,0.22212644641249424,0.02957814512939411,TRUE
NLRC3,ENSG00000167984.18,FALSE,100,0,0,-0.04307575002366491,-0.1894903978584751,0.13702117528076743,-0.04083924391090746,TRUE
NLRC4,ENSG00000091106.19,FALSE,100,0,0,-0.06746693578064464,-0.26006219213638593,0.13516490846154994,-0.08317673411631678,TRUE
NLRP12,ENSG00000142405.22,FALSE,100,0,0,-0.05331606385854082,-0.21443991697001508,0.10467980532759305,-0.04907655696456859,TRUE
NLRP2,ENSG00000022556.16,FALSE,100,0,0,0.08505544887337395,-0.060022986592271094,0.26248761999112025,0.09510287630821863,TRUE
NLRP3,ENSG00000162711.18,FALSE,100,0,0,-0.12392297357901488,-0.29992996931883337,0.07453001689548641,-0.1320310598878196,TRUE
NMB,ENSG00000197696.10,FALSE,100,0,0,0.08134599154562797,-0.08565401343932051,0.2612606817017901,0.10220755399594532,TRUE
NMI,ENSG00000123609.11,FALSE,100,0,0,-0.057957208943698504,-0.2367664482872097,0.13872804390351634,-0.05138333807187617,TRUE
NMNAT2,ENSG00000157064.11,FALSE,100,0,0,-0.022143548868092965,-0.20368820685092473,0.11845559734615933,-0.02159958944644622,TRUE
NMUR2,ENSG00000132911.5,FALSE,100,0,0,0.18712182413672973,0.09060241964613286,0.32172395327338144,0.1805842484957687,TRUE
NOD2,ENSG00000167207.14,FALSE,100,0,0,0.17946082798047946,0.018191913302458822,0.3344476624223113,0.16731807640630586,TRUE
NOS1,ENSG00000089250.19,FALSE,100,0,0,-0.05668089362977684,-0.23900149438043916,0.12041201721013872,-0.06944538732124526,TRUE
NOS1AP,ENSG00000198929.13,FALSE,100,0,0,-0.0697611545772489,-0.25586646328508067,0.084969563245439,-0.07680401662905115,TRUE
NOTCH3,ENSG00000074181.9,FALSE,100,0,0,-0.008377951380312606,-0.1700732933634926,0.20043001329586252,-0.00569420677565098,TRUE
NOVA2,ENSG00000104967.8,FALSE,100,0,0,-0.1432612134051173,-0.2837418162001488,0.07714942158116797,-0.1345633218743691,TRUE
NOX4,ENSG00000086991.13,FALSE,100,0,0,-0.22213196021874315,-0.36412384753428895,-0.06232048059192937,-0.2164660881909861,TRUE
NPHS1,ENSG00000161270.20,FALSE,100,0,0,0.0174840233621891,-0.17446088247182562,0.17100273276859132,0.0092633027166886,TRUE
NPM2,ENSG00000158806.14,FALSE,100,0,0,-0.027150676223818677,-0.18162611919351224,0.18053347244350262,-0.01304384950583209,TRUE
NPTX2,ENSG00000106236.4,FALSE,100,0,0,0.018976084691686455,-0.15000996110119363,0.22816011815839782,0.03158716641515909,TRUE
NPY5R,ENSG00000164129.12,FALSE,100,0,0,-0.020046383923852183,-0.18139406302334155,0.1575311912066069,-0.02853437993103873,TRUE
NR0B2,ENSG00000131910.5,FALSE,100,0,0,0.12593074234484025,-0.014703943447174978,0.24582995672025773,0.12316452840534156,TRUE
NR1H3,ENSG00000025434.19,FALSE,100,0,0,0.0393455022641097,-0.1559147346780991,0.21504809251576135,0.05528494832565468,TRUE
NR1I2,ENSG00000144852.19,FALSE,100,0,0,0.21463116317358769,0.027306452456687023,0.37347474223974253,0.210126366473019,TRUE
NR1I3,ENSG00000143257.12,FALSE,100,0,0,0.07058636680391026,-0.15749591166516197,0.2540780572143364,0.07117840823647838,TRUE
NR2E1,ENSG00000112333.12,FALSE,100,0,0,0.08664716002041117,-0.07564553922707698,0.3054051486049899,0.08997887271597493,TRUE
NR4A3,ENSG00000119508.18,FALSE,100,0,0,-0.08451814015547499,-0.26860820724493295,0.08263680193258922,-0.08547234674990613,TRUE
NRARP,ENSG00000198435.4,FALSE,100,0,0,0.08414972040030715,-0.14755057439144428,0.3135213734014437,0.0821670247972346,TRUE
NRG3,ENSG00000185737.13,FALSE,100,0,0,-0.16721396744310135,-0.32356399892477705,-0.028918862617660877,-0.20061821630641527,TRUE
NRK,ENSG00000123572.17,FALSE,100,0,0,0.03293129121040761,-0.15476133956648958,0.18728683396790102,0.02277849714246801,TRUE
NRL,ENSG00000129535.13,FALSE,100,0,0,0.06444828998879769,-0.12396681534094628,0.21336035634453987,0.05252523171088075,TRUE
NRN1,ENSG00000124785.9,FALSE,100,0,0,0.12114691309698639,0.005107928801248917,0.24839045778157162,0.11618873258691464,TRUE
NRP2,ENSG00000118257.17,FALSE,100,0,0,-0.04630075281961378,-0.19896289056379718,0.1449658856936774,-0.06688045268779458,TRUE
NRXN1,ENSG00000179915.24,FALSE,100,0,0,0.14172853034979283,-0.0020514026360588956,0.30508961685610947,0.12538222241365138,TRUE
NRXN3,ENSG00000021645.20,FALSE,100,0,0,-0.06331286972873726,-0.2401758854379344,0.1219063289821877,-0.08258347715868052,TRUE
NT5DC3,ENSG00000111696.12,FALSE,100,0,0,0.12871594302943654,-0.027509282923012694,0.27946631561199553,0.1310648984649832,TRUE
NTRK2,ENSG00000148053.17,FALSE,100,0,0,-0.11187845357383144,-0.2832481661647847,0.023563136405715668,-0.12514716982587512,TRUE
NUDT1,ENSG00000106268.15,FALSE,100,0,0,0.2062648072175079,0.011343214033651256,0.3575581403916894,0.2099355496630942,TRUE
NUDT4,ENSG00000173598.14,FALSE,100,0,0,-0.16693057677995138,-0.31804143790637696,0.025674972687796706,-0.1603568802512077,TRUE
NUPR1,ENSG00000176046.9,FALSE,100,0,0,-0.11144652898653717,-0.2742378515275188,0.040591947783585616,-0.10359290769397926,TRUE
NUSAP1,ENSG00000137804.14,FALSE,100,0,0,0.25089124290946785,0.044006394046839814,0.3698834697527995,0.2242353866765206,TRUE
NXPH2,ENSG00000144227.5,FALSE,100,0,0,0.18650334240098848,0.024034944171912407,0.31212290844040375,0.19495676396620623,TRUE
NXPH4,ENSG00000182379.10,FALSE,100,0,0,0.0296394728137074,-0.11002572094642368,0.18862607212077398,0.03664644048999758,TRUE
OAS1,ENSG00000089127.14,FALSE,100,0,0,-0.13683145201314184,-0.33124476073508674,0.0678398119216316,-0.1366375019035732,TRUE
OAS2,ENSG00000111335.13,FALSE,100,0,0,0.03439886174541535,-0.14801152961728947,0.264904200882307,0.04275034804740894,TRUE
OASL,ENSG00000135114.12,FALSE,100,0,0,0.02615683767675267,-0.16104101830406992,0.19142290845610743,0.02979521081093586,TRUE
OAT,ENSG00000065154.12,FALSE,100,0,0,-0.07330162262320468,-0.2534998086296932,0.12016652622811874,-0.092933825133115,TRUE
ODAM,ENSG00000109205.16,FALSE,100,0,0,0.19417596071449095,0.06199395897418381,0.2906866655542114,0.19429561628747796,TRUE
OGFR,ENSG00000060491.16,FALSE,100,0,0,0.16084293256346852,0.001569422592296565,0.3091692168406268,0.17741359164791637,TRUE
OIP5,ENSG00000104147.9,FALSE,100,0,0,0.17939570108616298,-0.07015252749759282,0.3226811086349355,0.15303483126254686,TRUE
OLAH,ENSG00000152463.15,FALSE,100,0,0,0.24240959333276246,0.10509690717387707,0.32148188850123094,0.23973222956744752,TRUE
OLFM3,ENSG00000118733.17,FALSE,100,0,0,0.0018460895030572482,-0.18379206261315534,0.1733990772532154,-0.00970874650394063,FALSE
OLFM4,ENSG00000102837.7,FALSE,100,0,0,0.031257973030349905,-0.09813267504653253,0.20011265692509067,0.03087718011598608,TRUE
OMA1,ENSG00000162600.12,FALSE,100,0,0,0.08854506382514862,-0.07291247108268459,0.24275272430114067,0.06903501274488283,TRUE
OMD,ENSG00000127083.7,FALSE,100,0,0,-0.13641374882060747,-0.3079316411278705,0.027028483065744756,-0.15184399360299264,TRUE
OPHN1,ENSG00000079482.13,FALSE,100,0,0,-0.11390354699765873,-0.24938634528542986,0.05991127067623343,-0.12939053000330786,TRUE
OR51E1,ENSG00000180785.10,FALSE,100,0,0,-0.008865665017580644,-0.1718599682363412,0.18993944615069974,0.00330351824322107,FALSE
OR51E2,ENSG00000167332.9,FALSE,100,0,0,0.009211778088742928,-0.15759286244964693,0.19640235272439333,-9.62997308870404e-4,FALSE
ORAI3,ENSG00000175938.7,FALSE,100,0,0,0.03396711432145495,-0.1321216854211572,0.19682069274251984,0.05093416115121928,TRUE
ORM1,ENSG00000229314.5,FALSE,100,0,0,0.1796761719965213,0.03413065288867094,0.28350870420646923,0.19666219480200328,TRUE
OSCAR,ENSG00000170909.13,FALSE,100,0,0,0.1975644743571509,-0.00540498265181168,0.33939775637552927,0.1982103998194389,TRUE
OSMR,ENSG00000145623.13,FALSE,100,0,0,0.010534684097172606,-0.16203391484600277,0.16933783088481003,-0.00534388296311169,FALSE
OTOS,ENSG00000178602.8,FALSE,100,0,0,0.018875705180944224,-0.150866048624681,0.18029460154337063,0.01526418985211803,TRUE
OVOL2,ENSG00000125850.11,FALSE,100,0,0,0.09936139444616976,-0.0651376905703342,0.2131065815068005,0.0942281487860936,TRUE
OXGR1,ENSG00000165621.8,FALSE,100,0,0,0.13494110642793322,-0.0325027266083355,0.2571627505558681,0.12526155290075563,TRUE
OXNAD1,ENSG00000154814.14,FALSE,100,0,0,0.05171535445678667,-0.1817282093574885,0.21026511290507793,0.02209317595712495,TRUE
P2RX2,ENSG00000187848.15,FALSE,100,0,0,0.11840540452066928,-0.043393276760416474,0.2833659621824104,0.10725366544186472,TRUE
P2RX7,ENSG00000089041.17,FALSE,100,0,0,-0.15934019687266576,-0.3033601566711342,0.013125574489851521,-0.1538590491168254,TRUE
P2RY10,ENSG00000078589.13,FALSE,100,0,0,-0.050428463147138905,-0.2392277607998954,0.11213029816796002,-0.06948224684693668,TRUE
P2RY13,ENSG00000181631.7,FALSE,100,0,0,-0.2187152309775841,-0.37442801256485536,-0.0649794061264624,-0.2171152026014881,TRUE
P2RY14,ENSG00000174944.9,FALSE,100,0,0,-0.038518164630292354,-0.21401906067185927,0.12956947728399948,-0.03445383283958216,TRUE
P2RY2,ENSG00000175591.12,FALSE,100,0,0,0.17563659455123853,0.030380474956264638,0.3016960138520969,0.17208644889861213,TRUE
P4HA1,ENSG00000122884.12,FALSE,100,0,0,-0.09344532905687028,-0.23860718511595047,0.08368268826567654,-0.08532506343922558,TRUE
P4HB,ENSG00000185624.15,FALSE,100,0,0,-0.08402434675920031,-0.28861941496254884,0.047110321490639845,-0.06807684632062165,TRUE
PACRG,ENSG00000112530.11,FALSE,100,0,0,0.02095574219047447,-0.18359619798794535,0.18357359080360958,-0.00590469005902659,FALSE
PADI1,ENSG00000142623.11,FALSE,100,0,0,0.2254082719840898,0.09955762064614321,0.3701956061482534,0.24646527539731605,TRUE
PADI2,ENSG00000117115.13,FALSE,100,0,0,0.05032861413202516,-0.10984585655072145,0.23232684147933746,0.05252497360762238,TRUE
PAEP,ENSG00000122133.17,FALSE,100,0,0,0.20740679879061175,0.10949476789166532,0.31259941558499726,0.20132611919609933,TRUE
PAG1,ENSG00000076641.4,FALSE,100,0,0,-0.06346509648601889,-0.18742980599260617,0.1466340639551768,-0.05018922378767324,TRUE
PAK6,ENSG00000137843.12,FALSE,100,0,0,0.20430543834749157,0.049126716446596976,0.34390564232729404,0.19568002038069657,TRUE
PALM,ENSG00000099864.18,FALSE,100,0,0,-0.12231412624669766,-0.28900888685755194,0.05847837720283691,-0.11198605437271346,TRUE
PAPPA,ENSG00000182752.10,FALSE,100,0,0,0.06239226801466656,-0.09575036141534693,0.24709076551497444,0.05332277080425558,TRUE
PAPPA2,ENSG00000116183.11,FALSE,100,0,0,-0.013255605259529565,-0.18378694438378385,0.12202622921397244,-0.03890745397463495,TRUE
PAQR4,ENSG00000162073.14,FALSE,100,0,0,0.035995087807472195,-0.15822732749233462,0.1966862491311825,0.04310557864467774,TRUE
PAQR7,ENSG00000182749.6,FALSE,100,0,0,-0.09889873587277123,-0.2238416100790065,0.04712646547710259,-0.07326715445799947,TRUE
PAQR9,ENSG00000188582.10,FALSE,100,0,0,0.07156967228786856,-0.07991386042061988,0.24278687790532635,0.07261135775934499,TRUE
PARD6A,ENSG00000102981.10,FALSE,100,0,0,-0.06186026616946565,-0.24798634625716492,0.09357793202157275,-0.04863541246247099,TRUE
PARVB,ENSG00000188677.15,FALSE,100,0,0,0.17477381007640969,0.015329222700353074,0.3490617838615885,0.17571475499570166,TRUE
PATE1,ENSG00000171053.10,FALSE,100,0,0,0.012390642594864403,-0.1360699582255013,0.17148670916121345,-0.01097544377489712,FALSE
PBX1,ENSG00000185630.19,FALSE,100,0,0,-0.14829703485528078,-0.3148329400332471,0.0037979706803597207,-0.1590749948033027,TRUE
PBX4,ENSG00000105717.14,FALSE,100,0,0,0.12579935271400491,-0.01921015282348241,0.31030789495517364,0.14225910596275665,TRUE
PCA3,ENSG00000225937.3,FALSE,100,0,0,-0.0019207788352611605,-0.15257622846029434,0.19175489718406932,0.0036462749935135,FALSE
PCCB,ENSG00000114054.14,FALSE,100,0,0,0.007444002182045243,-0.134920615773385,0.20020628081722228,0.01858381434335927,TRUE
PCDH10,ENSG00000138650.9,FALSE,100,0,0,-0.036674140101062305,-0.20921690141778643,0.11226046179244044,-0.04492377514199939,TRUE
PCDH9,ENSG00000184226.15,FALSE,100,0,0,0.07027118040108846,-0.14568867717519163,0.29613598967506005,0.04666454912274375,TRUE
PCDHB10,ENSG00000120324.9,FALSE,100,0,0,-0.15272841418474023,-0.31434228221590754,8.041243617452325e-4,-0.15800075811105718,TRUE
PCDHB14,ENSG00000120327.6,FALSE,100,0,0,-0.06991003622455051,-0.23921489543648822,0.07865744236519978,-0.08199316069213705,TRUE
PCDHB16,ENSG00000272674.3,FALSE,100,0,0,-0.04316259125229969,-0.20749101378828116,0.0734675922149338,-0.04943935716830077,TRUE
PCDHB2,ENSG00000112852.7,FALSE,100,0,0,-0.017983616874104866,-0.1816584547086429,0.1649108046617428,-0.00870226264513198,TRUE
PCDHB6,ENSG00000113211.5,FALSE,100,0,0,-0.05074997966302191,-0.18150053183624396,0.13395390356528683,-0.04476323274120915,TRUE
PCDHB8,ENSG00000120322.4,FALSE,100,0,0,-0.08459761559630125,-0.2311541359416472,0.051734484698423164,-0.08740644455975637,TRUE
PCDHGA1,ENSG00000204956.5,FALSE,100,0,0,0.12882334486110428,0.0017701152024255445,0.27737980311762966,0.12089818685724656,TRUE
PCDHGB7,ENSG00000254122.3,FALSE,100,0,0,-0.11139250531980588,-0.2570122717227721,0.02671764994455495,-0.10227836757023376,TRUE
PCGF1,ENSG00000115289.14,FALSE,100,0,0,0.11172937759459499,-0.05860084271822088,0.2594577969633255,0.1341238688614726,TRUE
PCP4,ENSG00000183036.11,FALSE,100,0,0,-0.053506721310795195,-0.24301460854929163,0.13914097720618085,-0.05972334155073391,TRUE
PCP4L1,ENSG00000248485.2,FALSE,100,0,0,0.19188035338963083,0.053777474278243184,0.3264333439978454,0.18922278501437945,TRUE
PCYT2,ENSG00000185813.11,FALSE,100,0,0,-0.03031275890872035,-0.20981519537198898,0.12463734671097407,-0.01082233761488604,TRUE
PDCD1,ENSG00000188389.11,FALSE,100,0,0,0.040153787425115745,-0.14876217769424654,0.18460594423850013,0.03258712020104273,TRUE
PDCD1LG2,ENSG00000197646.8,FALSE,100,0,0,-0.06662296428996554,-0.2519958196116825,0.127946411742125,-0.07727118657815261,TRUE
PDE1A,ENSG00000115252.18,FALSE,100,0,0,0.00857545651547681,-0.18328906289014085,0.16232325120967164,0.00366004921569288,TRUE
PDGFRA,ENSG00000134853.12,FALSE,100,0,0,0.1438084068165537,-0.007903549177288598,0.3031387165056755,0.12827133300033225,TRUE
PDHA1,ENSG00000131828.14,FALSE,100,0,0,-0.04287182589207965,-0.1995255430687301,0.11431927627033034,-0.03493723973862844,TRUE
PDHB,ENSG00000168291.13,FALSE,100,0,0,-0.147956905485782,-0.34803450568880623,0.045107190725737184,-0.1495247844994669,TRUE
PDLIM1,ENSG00000107438.9,FALSE,100,0,0,-0.2057567875793807,-0.30243432620179656,-0.02713023185997413,-0.1919789321907792,TRUE
PDX1,ENSG00000139515.6,FALSE,100,0,0,0.13519427023503203,-7.078586456589295e-4,0.25956128109058924,0.12981544820661522,TRUE
PDXK,ENSG00000160209.19,FALSE,100,0,0,0.11825783754561199,-0.013424013189721983,0.28025857304776014,0.13314233543987608,TRUE
PDZRN4,ENSG00000165966.16,FALSE,100,0,0,-0.11657832976279184,-0.30853053871253816,0.08274945923932227,-0.1298491363556571,TRUE
PEG3,ENSG00000198300.14,FALSE,100,0,0,-0.1192541119415428,-0.26032401589864645,0.05005567380803585,-0.14526683600325313,TRUE
PF4V1,ENSG00000109272.4,FALSE,100,0,0,-0.017910233215047044,-0.14854808951464318,0.12043148681053513,-7.569931680114295e-4,TRUE
PFKFB2,ENSG00000123836.15,FALSE,100,0,0,0.13230744264708416,-0.10167355887926668,0.2788121497898567,0.11916796941706584,TRUE
PFKFB4,ENSG00000114268.12,FALSE,100,0,0,0.02806714533308111,-0.14620965359976146,0.24240800425244835,0.05329185614696778,TRUE
PFN2,ENSG00000070087.14,FALSE,100,0,0,0.18749070013568,0.02709509172976275,0.3179515340510296,0.18980949550957796,TRUE
PGBD5,ENSG00000177614.11,FALSE,100,0,0,-0.10836470418687519,-0.2739282218468119,0.06737608405540925,-0.10653626823952568,TRUE
PHEX,ENSG00000102174.9,FALSE,100,0,0,0.008494640172254063,-0.16332634084927128,0.16824787640922673,0.01268816819928825,TRUE
PHGDH,ENSG00000092621.13,FALSE,100,0,0,-0.014466655027748283,-0.20292900725840454,0.1399530073460284,-0.01244348658203763,TRUE
PHKA2,ENSG00000044446.12,FALSE,100,0,0,-0.1506226691187325,-0.3151193298101686,0.02533866653709328,-0.14838413297241543,TRUE
PHLDA3,ENSG00000174307.7,FALSE,100,0,0,0.03396620815591025,-0.13079133488176942,0.20584289048012774,0.05992404944884189,TRUE
PHYHD1,ENSG00000175287.19,FALSE,100,0,0,0.1846138870684258,-0.019782694498634786,0.3140854978261993,0.176469076133429,TRUE
PI16,ENSG00000164530.15,FALSE,100,0,0,-0.08533529582859789,-0.25796798423656225,0.09594112867668855,-0.08579888805001647,TRUE
PI3,ENSG00000124102.5,FALSE,100,0,0,0.21071305509325172,0.08823364240556389,0.3236835064110316,0.20733743431143004,TRUE
PIGR,ENSG00000162896.6,FALSE,100,0,0,-0.16546097411599214,-0.297659906868885,-0.014994186407251297,-0.14721481913803652,TRUE
PIK3C2G,ENSG00000139144.11,FALSE,100,0,0,0.10869639008663878,-0.05710168058394217,0.2469483017354396,0.09862555472858332,TRUE
PIK3CG,ENSG00000105851.11,FALSE,100,0,0,-0.13595087472342543,-0.3046126495562482,0.012821263291802578,-0.15418126990820036,TRUE
PIK3R5,ENSG00000141506.14,FALSE,100,0,0,-0.018346968316873123,-0.19167016549686966,0.2367246308355598,-0.01527343439378324,TRUE
PILRA,ENSG00000085514.16,FALSE,100,0,0,-0.043004422380906196,-0.2720492464142107,0.16043033080181374,-0.0337875698759535,TRUE
PIM2,ENSG00000102096.9,FALSE,100,0,0,0.056178877636155394,-0.10099111176443842,0.21540980052506264,0.05318718819670495,TRUE
PIP4K2C,ENSG00000166908.18,FALSE,100,0,0,-0.03416687178808561,-0.1902686668240024,0.17756852109437776,-0.03053579134558794,TRUE
PIP5K1B,ENSG00000107242.20,FALSE,100,0,0,-0.08679634762441668,-0.255190097465768,0.04762965227441428,-0.11962591719163992,TRUE
PITPNM3,ENSG00000091622.16,FALSE,100,0,0,0.16440182684380308,0.011816845684963717,0.29901138214523965,0.1582158935717289,TRUE
PITX3,ENSG00000107859.10,FALSE,100,0,0,0.15692227527422714,-0.0027786156730719644,0.2918377874284276,0.15577732725221263,TRUE
PIWIL4,ENSG00000134627.12,FALSE,100,0,0,0.056087060031339245,-0.1188484523663533,0.1863509404694813,0.03976897426492203,TRUE
PKD1L1,ENSG00000158683.9,FALSE,100,0,0,-0.052837537811527405,-0.21014401086548692,0.18282880937833462,-0.05547746355856819,TRUE
PKD2L1,ENSG00000107593.17,FALSE,100,0,0,0.04001942862885056,-0.1644339623566192,0.20846674384963496,0.02642592234354497,TRUE
PKIB,ENSG00000135549.15,FALSE,100,0,0,-0.05825945502044843,-0.256211355560379,0.0997695687482549,-0.07270681229213002,TRUE
PKNOX2,ENSG00000165495.16,FALSE,100,0,0,0.18088216267282156,0.0197195756786205,0.35021234883056873,0.16496518460624293,TRUE
PLA1A,ENSG00000144837.9,FALSE,100,0,0,-0.2194691381763933,-0.37472177643954185,-0.05844559685999973,-0.21956803136971403,TRUE
PLA2G3,ENSG00000100078.4,FALSE,100,0,0,0.1291069897765234,-0.003147315149261801,0.2352703467397227,0.13019965685364843,TRUE
PLA2G4A,ENSG00000116711.10,FALSE,100,0,0,0.02563194474011949,-0.17605897935391995,0.15650977539203287,-0.02209166060074129,FALSE
PLA2G4C,ENSG00000105499.14,FALSE,100,0,0,-0.12063712392701609,-0.32126758010243395,0.03695169674864664,-0.12830231655534657,TRUE
PLA2G4F,ENSG00000168907.13,FALSE,100,0,0,0.1316394400615446,-0.010567281698550982,0.25432468073874254,0.130585311152072,TRUE
PLA2G5,ENSG00000127472.11,FALSE,100,0,0,0.031996570333495816,-0.09605926472985399,0.2072166928684252,0.03249293342005433,TRUE
PLA2R1,ENSG00000153246.13,FALSE,100,0,0,0.1855505838611778,-9.891751690163674e-4,0.3597872243017295,0.16500648786031225,TRUE
PLAC8,ENSG00000145287.11,FALSE,100,0,0,0.11530776450140517,-0.028134885390358313,0.2622154848882864,0.10838921582849718,TRUE
PLAC9,ENSG00000189129.14,FALSE,100,0,0,-0.11047410870600605,-0.297296569223774,0.06431505092828109,-0.10385097635266248,TRUE
PLAT,ENSG00000104368.19,FALSE,100,0,0,-0.07141111963770144,-0.22202744152322623,0.07919572584560941,-0.08062980846310755,TRUE
PLB1,ENSG00000163803.13,FALSE,100,0,0,0.17648643225270197,-0.005210314122227092,0.34083097186279476,0.16740830003580365,TRUE
PLCB4,ENSG00000101333.17,FALSE,100,0,0,0.024140732726720376,-0.12354976918249366,0.19747975229459092,0.03649797449313004,TRUE
PLCD4,ENSG00000115556.14,FALSE,100,0,0,0.174497523786962,0.04045296918566081,0.3474284338873176,0.1722067964012407,TRUE
PLCXD3,ENSG00000182836.10,FALSE,100,0,0,-0.18094413946922594,-0.3337487147139796,-0.047203217873824595,-0.19869779304309007,TRUE
PLCZ1,ENSG00000139151.16,FALSE,100,0,0,0.045674643987412625,-0.1368141234681689,0.17857502067650066,0.01648741422930645,TRUE
PLD5,ENSG00000180287.17,FALSE,100,0,0,-0.03301361027983568,-0.22643544858529321,0.11402947804190613,-0.03783677755671164,TRUE
PLEK,ENSG00000115956.10,FALSE,100,0,0,-0.05333017428914745,-0.22770030962325027,0.11653333499051421,-0.05917548463054072,TRUE
PLEKHB1,ENSG00000021300.14,FALSE,100,0,0,0.004145189732719716,-0.14002088771835094,0.144618150644793,0.00356190799710749,TRUE
PLEKHF1,ENSG00000166289.6,FALSE,100,0,0,0.11969312201386734,-0.033613991064531126,0.27051437280434415,0.11742246243437517,TRUE
PLEKHG3,ENSG00000126822.17,FALSE,100,0,0,-0.06815350597309403,-0.22047746450881434,0.09743073347927142,-0.0650674184807463,TRUE
PLEKHO1,ENSG00000023902.14,FALSE,100,0,0,0.24331002026085785,0.10559531208462541,0.3476460275732224,0.2533324653702473,TRUE
PLEKHO2,ENSG00000241839.10,FALSE,100,0,0,-0.0019474432140459007,-0.16658614933203442,0.21917996344575347,0.01045054599389895,FALSE
PLIN5,ENSG00000214456.8,FALSE,100,0,0,0.1860325090745607,0.03217011736596221,0.30406896146702495,0.1754377332346326,TRUE
PLK2,ENSG00000145632.15,FALSE,100,0,0,0.11217493297716652,-0.09104724549438686,0.3184678318147906,0.1074929810317968,TRUE
PLOD2,ENSG00000152952.12,FALSE,100,0,0,0.07817492403949777,-0.11024710750058224,0.22119961180302442,0.07639582798083307,TRUE
PLOD3,ENSG00000106397.12,FALSE,100,0,0,0.07509979211873594,-0.09595094899775669,0.21935159509430496,0.0848988844287534,TRUE
PLP2,ENSG00000102007.11,FALSE,100,0,0,0.12877743618284304,-0.029172159720821,0.29368372622695016,0.14314954894045584,TRUE
PLS3,ENSG00000102024.18,FALSE,100,0,0,-0.0295958791866915,-0.18326283214273104,0.18637527321680827,-0.03166488274795467,TRUE
PLXNA3,ENSG00000130827.6,FALSE,100,0,0,0.2527736704207486,0.06936580960545063,0.37916710105471574,0.2448513557157773,TRUE
PLXNA4,ENSG00000221866.9,FALSE,100,0,0,0.15369353539919442,0.00843544227391126,0.3360763060016274,0.14387801523926785,TRUE
PLXNB1,ENSG00000164050.13,FALSE,100,0,0,0.18963959055762827,0.011769151392709759,0.34329917878525884,0.18005849413901648,TRUE
PLXND1,ENSG00000004399.13,FALSE,100,0,0,-0.019533547498427124,-0.16720651257803276,0.2081009431997911,-0.00418971302760471,TRUE
PM20D1,ENSG00000162877.13,FALSE,100,0,0,-0.017752606848793272,-0.21012268889030425,0.1538851241344309,-0.00877515967668482,TRUE
PMP2,ENSG00000147588.7,FALSE,100,0,0,0.014343522342172826,-0.13464694103872749,0.15906588688628187,-0.00792341523765938,FALSE
PMP22,ENSG00000109099.16,FALSE,100,0,0,0.009027629291313477,-0.19558219902853852,0.19631225239850364,0.01109990549434424,TRUE
PNCK,ENSG00000130822.16,FALSE,100,0,0,-0.002635627355538837,-0.18906472131454796,0.17378825860395947,-0.00216186944751501,TRUE
PNLIPRP3,ENSG00000203837.5,FALSE,100,0,0,0.15734845483089438,0.04121913588985236,0.2863914305716372,0.17303249894249417,TRUE
PNMA2,ENSG00000240694.9,FALSE,100,0,0,-0.23895660479937264,-0.34259476092252505,-0.08223508569508955,-0.2504367581448921,TRUE
PNMT,ENSG00000141744.4,FALSE,100,0,0,0.13769454461303793,-0.07030633186235508,0.32306261174427475,0.14608881160449302,TRUE
PNPLA1,ENSG00000180316.12,FALSE,100,0,0,-0.1433949069088472,-0.27440684019822104,0.062486321860147104,-0.13409763352367016,TRUE
PNPLA3,ENSG00000100344.11,FALSE,100,0,0,-0.08382720592862193,-0.2229946768690142,0.08373625078054328,-0.07988318758463284,TRUE
POLR3B,ENSG00000013503.10,FALSE,100,0,0,0.053472881571805644,-0.11297478386741228,0.22100806305715273,0.03866494413106733,TRUE
POSTN,ENSG00000133110.15,FALSE,100,0,0,0.11896766595635799,-0.010041631273680568,0.3084761060504781,0.12148851689604406,TRUE
POU2F2,ENSG00000028277.21,FALSE,100,0,0,0.18564467046281574,0.030516079249037147,0.31576977806641293,0.190359193938576,TRUE
POU2F3,ENSG00000137709.10,FALSE,100,0,0,0.03816695111361215,-0.11991545830667369,0.2356177859050329,0.03767928075133935,TRUE
POU3F1,ENSG00000185668.8,FALSE,100,0,0,-0.02145422985802574,-0.29807721532245257,0.10669759100687154,-0.03353097482467181,TRUE
POU4F1,ENSG00000152192.8,FALSE,100,0,0,0.06577623622223039,-0.10402513489450642,0.20601056254042824,0.03707816231945594,TRUE
POU5F1,ENSG00000204531.20,FALSE,100,0,0,-0.007255262334450365,-0.16973421973506547,0.14995698649410533,-0.01460583831608902,TRUE
PPEF1,ENSG00000086717.18,FALSE,100,0,0,0.11555216836020535,0.008503918564115087,0.23923302853466472,0.12442943210996577,TRUE
PPFIA4,ENSG00000143847.15,FALSE,100,0,0,0.18074998254760632,-0.05173163273316803,0.3329135602308727,0.19280035830102207,TRUE
PPM1E,ENSG00000175175.6,FALSE,100,0,0,0.08885939328022718,-0.08705635325942532,0.24224263373677354,0.0744793985084035,TRUE
PPM1F,ENSG00000100034.14,FALSE,100,0,0,-0.0642307465147578,-0.24945525378395889,0.13178479617766664,-0.05449065000837008,TRUE
PPM1H,ENSG00000111110.12,FALSE,100,0,0,0.03469609749028678,-0.14356897952117748,0.20413509548201797,0.01548879390994078,TRUE
PPM1K,ENSG00000163644.15,FALSE,100,0,0,0.017348454922689934,-0.10716787853444225,0.1352646525435312,0.0179752911727077,TRUE
PPP1R13L,ENSG00000104881.16,FALSE,100,0,0,0.010872066836580208,-0.10974818756209367,0.19775293921580778,0.03194017612635631,TRUE
PPP1R1B,ENSG00000131771.14,FALSE,100,0,0,0.12327862016785572,-0.0350600562940554,0.2798023096233341,0.10574260748387108,TRUE
PPP1R1C,ENSG00000150722.10,FALSE,100,0,0,-0.06462120469329835,-0.23078484850611058,0.11821214937900236,-0.06812403576326632,TRUE
PPP1R3B,ENSG00000173281.5,FALSE,100,0,0,-0.08607399969777338,-0.2658398003678468,0.0712451735846317,-0.08533010719229368,TRUE
PPP1R3C,ENSG00000119938.9,FALSE,100,0,0,-0.09514613975053678,-0.24214319022318892,0.04371213343375001,-0.07991731206506933,TRUE
PPP2R2B,ENSG00000156475.18,FALSE,100,0,0,-0.01736794269806895,-0.1520364192039616,0.12145278514896982,-0.02718979046672883,TRUE
PRAM1,ENSG00000133246.12,FALSE,100,0,0,0.09002583365679988,-0.11072411055891468,0.2619939976410552,0.0971805301768038,TRUE
PRAME,ENSG00000185686.18,FALSE,100,0,0,0.12155304833714506,-0.06623845260600916,0.29529955309082523,0.1144078731342588,TRUE
PRDM1,ENSG00000057657.17,FALSE,100,0,0,-0.14888541250896511,-0.2985337792626802,0.023587418811537874,-0.15505003605909382,TRUE
PRDM16,ENSG00000142611.17,FALSE,100,0,0,-0.07388234120715967,-0.2813474488391079,0.1340268402892048,-0.0925542681718329,TRUE
PREX1,ENSG00000124126.14,FALSE,100,0,0,-0.23008130738069038,-0.3671579932655542,-0.049784649552073006,-0.23276710647635815,TRUE
PRF1,ENSG00000180644.8,FALSE,100,0,0,-0.1383518799030234,-0.2703172418716949,0.0547308238645621,-0.12593384848677422,TRUE
PRIMA1,ENSG00000175785.13,FALSE,100,0,0,-0.07682746084307829,-0.24848069847419071,0.11561548148748141,-0.07144150788471997,TRUE
PRKCA,ENSG00000154229.12,FALSE,100,0,0,0.05580671053378492,-0.10129838403531917,0.2490953750960045,0.06260080686843204,TRUE
PRKCQ,ENSG00000065675.15,FALSE,100,0,0,-0.15498013198295213,-0.3025972564868178,-0.004192065511906679,-0.15490709173772613,TRUE
PRLR,ENSG00000113494.17,FALSE,100,0,0,-0.1046531433538382,-0.25767213132412,0.08628178714344528,-0.10860648579824778,TRUE
PRMT6,ENSG00000198890.9,FALSE,100,0,0,-0.1348982069837807,-0.26642984199764397,0.08311438552184199,-0.10996111967302052,TRUE
PRND,ENSG00000171864.5,FALSE,100,0,0,-0.07758305872083462,-0.20942421069517875,0.08716342410167556,-0.08287228164784878,TRUE
PROC,ENSG00000115718.18,FALSE,100,0,0,-0.010184064939807724,-0.2097447158051241,0.147910019691323,-0.01488442787925703,TRUE
PROCR,ENSG00000101000.6,FALSE,100,0,0,-0.052137472266878614,-0.1938973394977961,0.07572133194944396,-0.04332720408025483,TRUE
PROM1,ENSG00000007062.12,FALSE,100,0,0,0.025854640183308006,-0.16285557081061972,0.20810262194978138,0.01501979607572062,TRUE
PROZ,ENSG00000126231.15,FALSE,100,0,0,0.20069968834188812,0.08853431225475308,0.3736722653545923,0.20619502071697485,TRUE
PRPH,ENSG00000135406.14,FALSE,100,0,0,0.08145048747774666,-0.06372787521121219,0.2587650027716451,0.08490449035277454,TRUE
PRPH2,ENSG00000112619.8,FALSE,100,0,0,-0.004428904535674941,-0.2053496930492415,0.16044019824097083,-0.01573691224315956,TRUE
PRR15,ENSG00000176532.4,FALSE,100,0,0,-0.04341171936998005,-0.192545374141674,0.11850162432205195,-0.05614682510957367,TRUE
PRR15L,ENSG00000167183.3,FALSE,100,0,0,-0.12386517960225463,-0.26299968126031503,0.023345698281706323,-0.1208561515917743,TRUE
PRR7,ENSG00000131188.12,FALSE,100,0,0,0.11760621677111255,-0.01618475026657546,0.2523457237545025,0.1282740400686865,TRUE
PRRG1,ENSG00000130962.18,FALSE,100,0,0,-0.1278160511683024,-0.26889092157093963,0.060811940193989694,-0.1360644594580123,TRUE
PRRG2,ENSG00000126460.11,FALSE,100,0,0,-0.017311102423047602,-0.1898944543854697,0.149800179290614,-0.02369241537912569,TRUE
PRRT3,ENSG00000163704.12,FALSE,100,0,0,0.17235712341199,9.905928152418287e-4,0.31920385476261776,0.16912021643631228,TRUE
PRSS21,ENSG00000007038.11,FALSE,100,0,0,0.07243806356665511,-0.09259144629795321,0.21912388572699865,0.07651272176604115,TRUE
PRSS3,ENSG00000010438.17,FALSE,100,0,0,0.14466159105294046,0.009924934370935092,0.3038381621102038,0.143904425254478,TRUE
PRSS35,ENSG00000146250.7,FALSE,100,0,0,0.031046909419435206,-0.13485869370571332,0.24870375563460484,0.03073297309184702,TRUE
PRSS36,ENSG00000178226.11,FALSE,100,0,0,0.09797522216193884,-0.09763820505143736,0.2535578464398709,0.10447180463157106,TRUE
PRSS8,ENSG00000052344.16,FALSE,100,0,0,-0.19917859434519086,-0.31931459831923287,-0.03063863233160718,-0.18599662813794393,TRUE
PSCA,ENSG00000167653.5,FALSE,100,0,0,0.15567115005589288,-0.006322717996174671,0.29321864890508975,0.14108903662090416,TRUE
PSD2,ENSG00000146005.4,FALSE,100,0,0,0.09578197285171317,-0.07087339200065292,0.24620383116827516,0.07895809824217512,TRUE
PSMB10,ENSG00000205220.12,FALSE,100,0,0,-0.10483050831093059,-0.2879328905728293,0.06136333478433799,-0.10703576011216016,TRUE
PSORS1C1,ENSG00000204540.11,FALSE,100,0,0,0.05365450228761548,-0.12681552057115097,0.23933133620542013,0.05087529346101824,TRUE
PSTPIP1,ENSG00000140368.13,FALSE,100,0,0,0.14173542750952056,-0.044253798352188525,0.30938775132624874,0.14168613966979143,TRUE
PSTPIP2,ENSG00000152229.18,FALSE,100,0,0,0.12455192180869033,-0.023583453348599404,0.30652120335794586,0.1373624216905073,TRUE
PTAFR,ENSG00000169403.12,FALSE,100,0,0,-0.08474131756558992,-0.2837334533312549,0.07898857067317208,-0.08965860408499798,TRUE
PTCHD1,ENSG00000165186.12,FALSE,100,0,0,0.0750462564417338,-0.13368892635771454,0.20546213423335896,0.06162597688645122,TRUE
PTGDR,ENSG00000168229.4,FALSE,100,0,0,0.12858192980481808,-0.03186794060342732,0.30563309412114054,0.12360992176171907,TRUE
PTGER1,ENSG00000160951.4,FALSE,100,0,0,0.15278888615551112,0.04704600869949478,0.2768281686881693,0.15032040611220718,TRUE
PTGER4,ENSG00000171522.6,FALSE,100,0,0,-0.16196185373224442,-0.3457797175189681,-0.0037314735045954547,-0.1866606385736032,TRUE
PTGFR,ENSG00000122420.10,FALSE,100,0,0,0.16650173007900582,-0.0013632769103310823,0.3552375816445953,0.16824699192278764,TRUE
PTGR1,ENSG00000106853.20,FALSE,100,0,0,-0.14032800446306962,-0.2982156646488132,0.031241879410489264,-0.12609960655261893,TRUE
PTGS2,ENSG00000073756.12,FALSE,100,0,0,0.22441262159502673,0.07978637774184147,0.349152605413536,0.21823978696046809,TRUE
PTHLH,ENSG00000087494.16,FALSE,100,0,0,0.10976606742658902,-0.028175761047207162,0.2547072122258186,0.12069581612819988,TRUE
PTPN22,ENSG00000134242.16,FALSE,100,0,0,0.04283594714125439,-0.15948083709295335,0.23987061467796392,0.01897558392066325,TRUE
PTPRC,ENSG00000081237.20,FALSE,100,0,0,-0.16306547109110092,-0.3222627174749934,0.019322955333406854,-0.1768317532986273,TRUE
PTPRD,ENSG00000153707.17,FALSE,100,0,0,0.015049509717362679,-0.1653237288938451,0.20851013768495713,0.00510537444627543,TRUE
PTPRE,ENSG00000132334.17,FALSE,100,0,0,-0.039309904136870875,-0.18623302978945688,0.21951173503304178,-0.03997021052370754,TRUE
PTPRN,ENSG00000054356.14,FALSE,100,0,0,0.18679648467178114,0.016482606066898747,0.3173282133092432,0.1951829643419922,TRUE
PTPRO,ENSG00000151490.15,FALSE,100,0,0,-0.16573521637522315,-0.33731542568923095,0.012584641460278021,-0.18632637499019103,TRUE
PTPRR,ENSG00000153233.13,FALSE,100,0,0,-0.013455009717080073,-0.16954559002963365,0.15812778356472948,-0.01577973006042358,TRUE
PTPRT,ENSG00000196090.12,FALSE,100,0,0,0.0869231795313334,-0.08237760996186419,0.24218175416223073,0.09286769776349992,TRUE
PXDN,ENSG00000130508.11,FALSE,100,0,0,0.14315428880959513,-0.010450258823757486,0.33493545777797806,0.1422184105104748,TRUE
PYCARD,ENSG00000103490.14,FALSE,100,0,0,0.11405912337484411,-0.07969511792056366,0.28946437857138285,0.1182583205255794,TRUE
PYDC1,ENSG00000169900.8,FALSE,100,0,0,0.11079516342292073,-0.0036539417089702718,0.2140747582813256,0.11664552586417082,TRUE
PYGL,ENSG00000100504.17,FALSE,100,0,0,-0.018292263133197074,-0.15757512577832308,0.11084160221390987,-0.00108460180565517,TRUE
PYHIN1,ENSG00000163564.15,FALSE,100,0,0,-0.047620685776735144,-0.22558148533179934,0.12338773312684867,-0.05642367528133298,TRUE
QPRT,ENSG00000103485.19,FALSE,100,0,0,-0.10714644494104782,-0.26230162015160474,0.0855681377614261,-0.06981940187057342,TRUE
R3HDML,ENSG00000101074.5,FALSE,100,0,0,0.21347135229665692,0.09389934164010325,0.33675748322766336,0.21282985384242847,TRUE
RAB24,ENSG00000169228.14,FALSE,100,0,0,0.0683561657336543,-0.08164224674835244,0.19410463268159017,0.07030894727653911,TRUE
RAB25,ENSG00000132698.15,FALSE,100,0,0,0.21759177784550304,0.09453594124213492,0.3500228844760953,0.2202755896239929,TRUE
RAB37,ENSG00000172794.20,FALSE,100,0,0,-0.019254561864609974,-0.2118176041957424,0.17802125048747672,-0.01477010299724763,TRUE
RAB3B,ENSG00000169213.7,FALSE,100,0,0,0.25307826867339467,0.1031208883810525,0.3949069857814943,0.2453246087003963,TRUE
RAB3C,ENSG00000152932.8,FALSE,100,0,0,-0.1136536170768688,-0.31897532167992476,0.11581898831178693,-0.12935511765121396,TRUE
RAB42,ENSG00000188060.7,FALSE,100,0,0,-0.009318969498451117,-0.21692082053757722,0.15104760574416962,-0.01196184256800085,TRUE
RAB7B,ENSG00000276600.5,FALSE,100,0,0,0.07849158455711874,-0.11350369385570887,0.2787387704282053,0.08119275738765198,TRUE
RAC2,ENSG00000128340.15,FALSE,100,0,0,0.030470880052935682,-0.16922186934389127,0.2070192267381734,0.0284893439544714,TRUE
RAD51,ENSG00000051180.17,FALSE,100,0,0,0.15446760025926093,-0.053023512932403635,0.31440513821693633,0.14884001280164172,TRUE
RAD54B,ENSG00000197275.14,FALSE,100,0,0,0.20185265823794146,0.042852273765029245,0.3638020765940786,0.18763973840077153,TRUE
RAET1E,ENSG00000164520.11,FALSE,100,0,0,-0.09245930742212859,-0.29635375424862365,0.10693783597051079,-0.11157670651330938,TRUE
RALBP1,ENSG00000017797.13,FALSE,100,0,0,-0.19682437172002976,-0.31993155873613693,-0.0019223023634425752,-0.19122138440465045,TRUE
RALGPS1,ENSG00000136828.19,FALSE,100,0,0,0.18184324468115876,0.014599693566025345,0.32514480888450237,0.17922281030223872,TRUE
RANBP3L,ENSG00000164188.9,FALSE,100,0,0,-0.023828284969292256,-0.20348375749508005,0.1334739131601549,-0.05380297362443032,TRUE
RAP1GAP,ENSG00000076864.19,FALSE,100,0,0,-0.15748791426279476,-0.2980920074822635,0.028678391716641043,-0.13957598601307183,TRUE
RAP2B,ENSG00000181467.5,FALSE,100,0,0,0.010342420452373047,-0.2043828263486877,0.17901746569931914,-0.00530215589831062,FALSE
RAPGEF3,ENSG00000079337.16,FALSE,100,0,0,0.03346531905316579,-0.15460069892125153,0.19814655052045171,0.03143694924684726,TRUE
RARA,ENSG00000131759.18,FALSE,100,0,0,3.561207611618758e-4,-0.15104755272723006,0.1762666835117351,0.02177532227013063,TRUE
RARRES2,ENSG00000106538.10,FALSE,100,0,0,0.0985102386507957,-0.102699089935613,0.25490468980271147,0.09841116050799197,TRUE
RASA3,ENSG00000185989.11,FALSE,100,0,0,0.035465441940932624,-0.10601063620714013,0.18353496763129862,0.03821861236982946,TRUE
RASAL3,ENSG00000105122.13,FALSE,100,0,0,0.14121591857586663,-0.0378805201887469,0.30621140124343016,0.1541278125513428,TRUE
RASD1,ENSG00000108551.5,FALSE,100,0,0,-0.12005885899565456,-0.2786324631215488,0.11681900362406458,-0.1139035700628457,TRUE
RASGRP4,ENSG00000171777.16,FALSE,100,0,0,0.0276835391563012,-0.1511298793663638,0.2201256727039323,0.0410900614968725,TRUE
RASL11A,ENSG00000122035.7,FALSE,100,0,0,-0.13172834315837562,-0.26258109819050823,0.1017015528716382,-0.12390822243565196,TRUE
RASL11B,ENSG00000128045.7,FALSE,100,0,0,-0.018757628864037045,-0.19191439145735925,0.12783707837513114,-0.03069629217369093,TRUE
RASL12,ENSG00000103710.11,FALSE,100,0,0,-0.013865800403654524,-0.2394467888524454,0.19368146176498124,-0.02145578358708192,TRUE
RASSF2,ENSG00000101265.16,FALSE,100,0,0,-0.09668878452528007,-0.2309159317416919,0.10802336415491103,-0.09405427164476653,TRUE
RASSF4,ENSG00000107551.21,FALSE,100,0,0,-0.04662757982932032,-0.22137629981193335,0.10970840671451747,-0.05779325289203246,TRUE
RASSF5,ENSG00000266094.8,FALSE,100,0,0,-0.025222246791137225,-0.17314276373880821,0.16575162402989713,-0.02525718902558784,TRUE
RASSF6,ENSG00000169435.14,FALSE,100,0,0,-0.2565665866035196,-0.36236578582983237,-0.08848006187697491,-0.2584728416643593,TRUE
RASSF9,ENSG00000198774.5,FALSE,100,0,0,-0.09409035175187955,-0.2796653733698018,0.11926606145041069,-0.1233493962707214,TRUE
RBM11,ENSG00000185272.14,FALSE,100,0,0,0.08161384782260511,-0.04883962946836935,0.25167116939431683,0.06918342124126518,TRUE
RBM46,ENSG00000151962.8,FALSE,100,0,0,0.12455992498671359,-0.04673415858719912,0.3031587894423975,0.13857164594699486,TRUE
RBP2,ENSG00000114113.6,FALSE,100,0,0,0.21172732578745643,0.03679523525077209,0.35281304758873155,0.17236999893732494,TRUE
RCSD1,ENSG00000198771.11,FALSE,100,0,0,-0.1761598390027565,-0.3135896839429204,-0.023104771514212696,-0.1860728119482466,TRUE
RDH10,ENSG00000121039.10,FALSE,100,0,0,-0.12242259046534817,-0.28920409287061655,0.09422187020532456,-0.13217088775587832,TRUE
RDH13,ENSG00000160439.16,FALSE,100,0,0,0.020863151902929974,-0.07897583056376609,0.16617423008491794,0.04081212693944285,TRUE
REG1A,ENSG00000115386.6,FALSE,100,0,0,-0.10501576675410544,-0.2701815007591043,0.09039223438006205,-0.1052521974988758,TRUE
REG1B,ENSG00000172023.8,FALSE,100,0,0,0.01796920737311534,-0.14346246213285307,0.21685260950392088,0.01452836666301021,TRUE
RELB,ENSG00000104856.14,FALSE,100,0,0,0.06788777411118069,-0.07588353972264027,0.22120988036610026,0.0862637998342404,TRUE
RELN,ENSG00000189056.14,FALSE,100,0,0,0.12584595874863902,-0.07437133617249128,0.2673674567370946,0.0896536481100621,TRUE
RETN,ENSG00000104918.8,FALSE,100,0,0,0.056881164713253586,-0.09153256202321781,0.17959434736033136,0.06095660951650261,TRUE
RFC2,ENSG00000049541.11,FALSE,100,0,0,0.10553593715714761,-0.07316382394003815,0.2772414064537267,0.1329294376898757,TRUE
RFTN1,ENSG00000131378.14,FALSE,100,0,0,-0.04377369107203127,-0.20098205053523785,0.1324542750544363,-0.03667966300121163,TRUE
RFX2,ENSG00000087903.13,FALSE,100,0,0,5.820729115913183e-4,-0.1798042078333451,0.14097275030870351,-0.01147531420353176,FALSE
RGL4,ENSG00000159496.14,FALSE,100,0,0,0.12042164880689288,-0.05273247529828925,0.2649321999992227,0.11612794404347836,TRUE
RGPD3,ENSG00000153165.19,FALSE,100,0,0,0.020478555465960533,-0.1789027638369693,0.14296155976563152,0.00528512459880381,TRUE
RGS1,ENSG00000090104.12,FALSE,100,0,0,0.03161985000560475,-0.13804751138859894,0.22598429287392047,0.03058997863994476,TRUE
RGS10,ENSG00000148908.15,FALSE,100,0,0,0.11791158604688598,-0.04371616378900689,0.30067190701744373,0.1239343870437184,TRUE
RGS13,ENSG00000127074.15,FALSE,100,0,0,0.004283050468256665,-0.1632011275324668,0.13249669435358621,-0.0280931579962981,FALSE
RGS14,ENSG00000169220.18,FALSE,100,0,0,-0.22485900375701048,-0.3521492221563507,-0.08117302933340631,-0.208710056078003,TRUE
RGS18,ENSG00000150681.10,FALSE,100,0,0,-0.16144205309669946,-0.3071045176903625,-0.006964940334603975,-0.17075122811317742,TRUE
RGS19,ENSG00000171700.14,FALSE,100,0,0,0.18001007541280817,-0.005846302293286715,0.3451866031488404,0.1749421164251201,TRUE
RGS6,ENSG00000182732.18,FALSE,100,0,0,-0.003549618957113708,-0.20151687626361126,0.16946804268582866,0.00223464199607098,FALSE
RHBG,ENSG00000132677.13,FALSE,100,0,0,0.17270798881205784,0.028102465573751574,0.2782942290568199,0.16808059235265163,TRUE
RHCG,ENSG00000140519.14,FALSE,100,0,0,0.16207001372084073,0.015742335472491164,0.2800165375990625,0.17153205819135986,TRUE
RHOG,ENSG00000177105.10,FALSE,100,0,0,0.08857137452002514,-0.06047397658727441,0.21573952544877656,0.1088346696489776,TRUE
RHOH,ENSG00000168421.13,FALSE,100,0,0,-0.0879032627776803,-0.2752878543543936,0.10674274902357947,-0.10152812552684722,TRUE
RIC3,ENSG00000166405.15,FALSE,100,0,0,0.18083649350857872,-0.06339328938094722,0.2905032495177833,0.15678441806108154,TRUE
RIMBP2,ENSG00000060709.15,FALSE,100,0,0,0.15286173367782507,-0.04930992942403366,0.3149665158263124,0.13431255509473317,TRUE
RIMBP3,ENSG00000275793.1,FALSE,100,0,0,-0.0795783316640765,-0.23738179160732348,0.12033643649135264,-0.07285196276202699,TRUE
RIN3,ENSG00000100599.16,FALSE,100,0,0,-2.5609843184526762e-06,-0.16767852205912837,0.19614286708521902,0.01226913893469531,FALSE
RIPPLY1,ENSG00000147223.6,FALSE,100,0,0,0.059788372284521635,-0.03785343489743602,0.18588094459602147,0.06364570016746654,TRUE
RLN1,ENSG00000107018.8,FALSE,100,0,0,-0.11767870304139713,-0.32382701136146186,0.06988107797958103,-0.1013634029760363,TRUE
RNASE2,ENSG00000169385.3,FALSE,100,0,0,0.18192356483069644,0.023218124509813372,0.3580347351454962,0.19595360888172997,TRUE
RNASE3,ENSG00000169397.3,FALSE,100,0,0,0.06261818397045564,-0.08741134723239485,0.2060623886940618,0.06316681316948232,TRUE
RNASE4,ENSG00000258818.4,FALSE,100,0,0,-0.19332146560684202,-0.3543927044352374,-0.04512654057923648,-0.17582769307157875,TRUE
RNASE6,ENSG00000169413.3,FALSE,100,0,0,-0.13114021405241416,-0.28263559665160337,0.04623030653550096,-0.13295054383921975,TRUE
RNF149,ENSG00000163162.9,FALSE,100,0,0,0.1218063989651775,-0.03276647635408559,0.27249764003007976,0.11070148856464264,TRUE
RNF150,ENSG00000170153.11,FALSE,100,0,0,-0.047983944220278865,-0.20445724852394848,0.11796824388246904,-0.04814468386306497,TRUE
RNF182,ENSG00000180537.13,FALSE,100,0,0,0.06479195192777316,-0.08019877646146739,0.23397571436144093,0.05805319603530456,TRUE
RNF43,ENSG00000108375.13,FALSE,100,0,0,0.018414354065632677,-0.1675764487888384,0.17866136936328808,0.01993052574994797,TRUE
ROBO2,ENSG00000185008.17,FALSE,100,0,0,-0.16191054117358503,-0.311055804359921,0.01963104357135516,-0.16744043375620277,TRUE
ROPN1B,ENSG00000114547.10,FALSE,100,0,0,0.15367806982663362,0.045635933316547916,0.2974223877894677,0.14599481170471212,TRUE
ROPN1L,ENSG00000145491.12,FALSE,100,0,0,-0.08390289509504736,-0.24945188362126436,0.11165397569872426,-0.07597982143210097,TRUE
RORB,ENSG00000198963.11,FALSE,100,0,0,0.13803210842547953,-0.021039193289708175,0.2828513951367741,0.13599614205886734,TRUE
ROS1,ENSG00000047936.11,FALSE,100,0,0,0.19977554769675754,0.08487368144542926,0.32800141288346046,0.18835197187653613,TRUE
RPGRIP1,ENSG00000092200.12,FALSE,100,0,0,0.10330965529297911,-0.06766567563647649,0.3032890038148523,0.10248376068847093,TRUE
RPL13,ENSG00000167526.14,FALSE,100,0,0,0.11963540420134997,-0.03233647743057702,0.2975414534166541,0.14070405454731594,TRUE
RPL18,ENSG00000063177.13,FALSE,100,0,0,0.11327234677793768,-0.013661503500055048,0.2897950714837272,0.1346735021809308,TRUE
RPL18A,ENSG00000105640.13,FALSE,100,0,0,0.005564534226683989,-0.1582226258685387,0.1732144205525552,0.03132921044992073,TRUE
RPL35,ENSG00000136942.15,FALSE,100,0,0,0.16852494148885522,0.028200752194361647,0.3339962060044954,0.18982326015805576,TRUE
RPL36,ENSG00000130255.13,FALSE,100,0,0,0.09612676600795461,-0.07951786729643143,0.29043702308998787,0.11905223780363904,TRUE
RPL38,ENSG00000172809.13,FALSE,100,0,0,0.15463734160657805,0.01875341264005037,0.33983544704700297,0.18913933094396604,TRUE
RPLP0,ENSG00000089157.16,FALSE,100,0,0,0.12383741743856683,-0.03560620975312271,0.25492532434177806,0.13638730989100567,TRUE
RPRM,ENSG00000177519.4,FALSE,100,0,0,0.1104529576525526,-0.03154996570322499,0.2427878946291101,0.11909105617712352,TRUE
RPS14,ENSG00000164587.13,FALSE,100,0,0,-0.07335463281956175,-0.22230075839829921,0.0575822758917471,-0.07056045815233848,TRUE
RPS15A,ENSG00000134419.15,FALSE,100,0,0,0.09131481302880091,-0.08622734619558686,0.2149926412406738,0.0945234514954195,TRUE
RPS19,ENSG00000105372.8,FALSE,100,0,0,0.1023071150437081,-0.006954794293401185,0.2557702842477666,0.12381473386428632,TRUE
RPS2,ENSG00000140988.16,FALSE,100,0,0,0.16325072966018306,-0.004913983965995699,0.34581394847659835,0.1823948952102276,TRUE
RPS6KA6,ENSG00000072133.11,FALSE,100,0,0,-0.08579200900514754,-0.22717115866020704,0.10016955868772065,-0.07548354599611459,TRUE
RPS8,ENSG00000142937.12,FALSE,100,0,0,0.06796517068600857,-0.07231253116289989,0.24196305488765796,0.0947490881122391,TRUE
RRAD,ENSG00000166592.12,FALSE,100,0,0,-0.025921474157238306,-0.1857692143002968,0.15822035561329562,-0.01485056574754178,TRUE
RS1,ENSG00000102104.9,FALSE,100,0,0,0.02288372035326409,-0.15085541780197892,0.15664357899664955,0.00397544076525595,TRUE
RSPH9,ENSG00000172426.16,FALSE,100,0,0,-0.07354834866649196,-0.26029191189578005,0.13154153391695117,-0.06784408740652985,TRUE
RTBDN,ENSG00000132026.14,FALSE,100,0,0,0.21989192242301492,0.09483463865492268,0.3637821944751163,0.22898779979282144,TRUE
RTEL1,ENSG00000258366.9,FALSE,100,0,0,0.1492120181771777,0.0042585646682358385,0.3073300404484663,0.16361706421728933,TRUE
RTP4,ENSG00000136514.3,FALSE,100,0,0,-0.1289036267005474,-0.2459505631890524,0.06026813926187463,-0.11409247638855008,TRUE
RUNX3,ENSG00000020633.19,FALSE,100,0,0,-0.013336748443764071,-0.18414517043261736,0.18306934982086737,-0.02150791750531707,TRUE
RYR2,ENSG00000198626.17,FALSE,100,0,0,0.08949081302329963,-0.06690753447437303,0.24995843183818597,0.07958615083416296,TRUE
S100A12,ENSG00000163221.9,FALSE,100,0,0,0.009193114485437505,-0.16789052904882318,0.16661682926132415,0.01742316697083572,TRUE
S100A14,ENSG00000189334.9,FALSE,100,0,0,0.13141037468324163,-0.0205720110324071,0.2629136038513836,0.12952543470925104,TRUE
S100A2,ENSG00000196754.13,FALSE,100,0,0,0.18260357352128884,0.0366484856082307,0.3380684797616953,0.18353445817776068,TRUE
S100A3,ENSG00000188015.10,FALSE,100,0,0,0.06729940269284584,-0.09506304704889534,0.20533306174862118,0.08636001850873025,TRUE
S100A7,ENSG00000143556.9,FALSE,100,0,0,0.19389950299449488,0.05389361193640799,0.31955860907559686,0.1964782291000707,TRUE
S100A8,ENSG00000143546.10,FALSE,100,0,0,0.074501132784662,-0.07081966459917062,0.2463311870618687,0.09733049399910884,TRUE
S100A9,ENSG00000163220.11,FALSE,100,0,0,0.04962204968730283,-0.10951050824243529,0.22547404141390076,0.06053360017812344,TRUE
S100Z,ENSG00000171643.14,FALSE,100,0,0,0.06552685274904892,-0.07736034084071206,0.2715372760984514,0.05487823462323767,TRUE
S1PR5,ENSG00000180739.14,FALSE,100,0,0,0.03881241774014986,-0.14955365352646646,0.2018246373457634,0.04881087906168555,TRUE
SACS,ENSG00000151835.16,FALSE,100,0,0,0.1554872310731248,-0.057619681905826906,0.3422399407658788,0.14156177593482688,TRUE
SAGE1,ENSG00000181433.9,FALSE,100,0,0,0.15887474402656188,-0.03569238896897635,0.31917354393432684,0.1542795843372275,TRUE
SALL3,ENSG00000256463.8,FALSE,100,0,0,0.14790507108991274,-0.04080572944356873,0.2927309432328545,0.1452640475851112,TRUE
SAMD13,ENSG00000203943.9,FALSE,100,0,0,-0.03343267053691806,-0.21588548615614234,0.16692304319276463,-0.04072580673859052,TRUE
SAMD14,ENSG00000167100.15,FALSE,100,0,0,0.08032368032854059,-0.09366896500415153,0.26331213185646135,0.1074554643405448,TRUE
SAMD3,ENSG00000164483.17,FALSE,100,0,0,-0.021162423972734858,-0.2008261123302698,0.14183949086823788,-0.04258221044867484,TRUE
SAMHD1,ENSG00000101347.10,FALSE,100,0,0,-0.03489796628245162,-0.2099085453721639,0.14924401960454797,-0.03990984487941176,TRUE
SAP30,ENSG00000164105.4,FALSE,100,0,0,-0.06257467174176651,-0.25507790882223785,0.16127942392649713,-0.04081487640441177,TRUE
SASH3,ENSG00000122122.10,FALSE,100,0,0,-0.07823537869761266,-0.2602570951278098,0.09176279738127557,-0.09287354766029192,TRUE
SAT2,ENSG00000141504.12,FALSE,100,0,0,0.14984234093810272,0.026758086268823866,0.26718856133440555,0.18164315780152057,TRUE
SBK1,ENSG00000188322.8,FALSE,100,0,0,0.1971490097184146,0.027218845394985536,0.3441932886643602,0.19144929200995156,TRUE
SCARA5,ENSG00000168079.17,FALSE,100,0,0,0.04165647657809812,-0.13156835232979264,0.19041455395186488,0.03418006031862208,TRUE
SCARB1,ENSG00000073060.16,FALSE,100,0,0,-0.09430466029857704,-0.2538540138537012,0.06902895717350271,-0.08803000974383718,TRUE
SCARF1,ENSG00000074660.16,FALSE,100,0,0,-0.0761146406096567,-0.221510866644887,0.13049453740057598,-0.06738736874285582,TRUE
SCCPDH,ENSG00000143653.10,FALSE,100,0,0,-0.11979882073638438,-0.3137918288594875,0.05555857189294745,-0.10385284612535028,TRUE
SCD,ENSG00000099194.6,FALSE,100,0,0,0.004416874210753836,-0.15355684185943336,0.19777369222547367,0.00693289510982952,TRUE
SCG2,ENSG00000171951.5,FALSE,100,0,0,0.0715421283698322,-0.07114524552693907,0.21780067909569384,0.1010609667509542,TRUE
SCGB2A1,ENSG00000124939.6,FALSE,100,0,0,0.15753110478463792,-0.05391168150122695,0.2781376315752483,0.14508453771557844,TRUE
SCGB3A1,ENSG00000161055.4,FALSE,100,0,0,-0.07414174502431198,-0.28489237045338345,0.06096977161585136,-0.0638231390010051,TRUE
SCIN,ENSG00000006747.15,FALSE,100,0,0,0.012829246016015032,-0.20417074733555887,0.1659299244783545,-0.00518349384271162,FALSE
SCML4,ENSG00000146285.14,FALSE,100,0,0,0.001185552727207318,-0.17694656932354016,0.1795202526495356,0.00214692676851855,TRUE
SCN1B,ENSG00000105711.13,FALSE,100,0,0,0.03931000747356493,-0.1314479261168062,0.20687269181490311,0.03977612070310898,TRUE
SCN2A,ENSG00000136531.18,FALSE,100,0,0,0.2077410794525832,0.09691109067974105,0.35803677431815,0.2033760559162422,TRUE
SCN2B,ENSG00000149575.9,FALSE,100,0,0,-0.020449389691761216,-0.2403950539918509,0.1816620752243156,-0.01595443887604369,TRUE
SCN7A,ENSG00000136546.16,FALSE,100,0,0,0.09559763506412314,-0.035343290766999096,0.2539697136954075,0.07512440983383499,TRUE
SCNN1A,ENSG00000111319.13,FALSE,100,0,0,-0.004279004510594668,-0.13332464226217436,0.15091068125505108,0.00200392935700636,FALSE
SCNN1B,ENSG00000168447.11,FALSE,100,0,0,0.14197871388771763,-0.0022228675580470004,0.27149729162594055,0.12420226187023144,TRUE
SCNN1G,ENSG00000166828.3,FALSE,100,0,0,0.15696941879398163,0.04214795742764167,0.25891765666999134,0.14967545139949648,TRUE
SCPEP1,ENSG00000121064.13,FALSE,100,0,0,-0.07970227563642479,-0.23362121074514783,0.11199533285902874,-0.08072352295656841,TRUE
SCRN1,ENSG00000136193.17,FALSE,100,0,0,0.054994466365052654,-0.1299632606339588,0.23561641575036021,0.0363349817441392,TRUE
SCTR,ENSG00000080293.10,FALSE,100,0,0,-0.21076406369493955,-0.37229403364080094,-0.07510319851595815,-0.2224160292421088,TRUE
SCUBE3,ENSG00000146197.9,FALSE,100,0,0,0.0019258831545086166,-0.1576090694631738,0.1443418801889606,-0.03006847566760197,FALSE
SDR42E1,ENSG00000184860.10,FALSE,100,0,0,0.06055455188878502,-0.11003379608116375,0.21254236951426056,0.05454467763952701,TRUE
SDS,ENSG00000135094.11,FALSE,100,0,0,0.0011741595093417393,-0.2120644537274723,0.2064711152436599,-0.01316110899380643,FALSE
SEC61G,ENSG00000132432.14,FALSE,100,0,0,0.06415895390208542,-0.1260358079531581,0.20559784023725394,0.06756179411300751,TRUE
SELENBP1,ENSG00000143416.21,FALSE,100,0,0,0.15241489943332528,-0.04288722682577323,0.3335325389079318,0.16219265673224717,TRUE
SELPLG,ENSG00000110876.10,FALSE,100,0,0,-0.058277019436275224,-0.238324590961699,0.13436454915729362,-0.05783162192896674,TRUE
SEMA3B,ENSG00000012171.20,FALSE,100,0,0,0.04354906444289798,-0.14318730847667815,0.26354202096119794,0.06342275063356692,TRUE
SEMA4A,ENSG00000196189.13,FALSE,100,0,0,0.06715308774489123,-0.14815252395899886,0.24775702373799896,0.06854510496457956,TRUE
SEMA5B,ENSG00000082684.16,FALSE,100,0,0,-0.24941784052272153,-0.3762118272176137,-0.08067950040596623,-0.25042878814802505,TRUE
SEMA6B,ENSG00000167680.17,FALSE,100,0,0,0.014816922646286888,-0.1384544766981634,0.23191641514593608,0.02400374996002512,TRUE
SEMA6D,ENSG00000137872.17,FALSE,100,0,0,-0.12124134059326278,-0.2739948205888757,0.03984633272873798,-0.1249583438666259,TRUE
SEMG1,ENSG00000124233.12,FALSE,100,0,0,0.03202214758589123,-0.1281327314788542,0.16878770051975822,0.00717541269525235,TRUE
SEMG2,ENSG00000124157.7,FALSE,100,0,0,0.03521732644356883,-0.09339035413065574,0.24094348150303152,0.02391146142901255,TRUE
SERPINA1,ENSG00000197249.14,FALSE,100,0,0,-0.10633327623541575,-0.28149067853676524,0.10712374056697935,-0.113157391730513,TRUE
SERPINA2,ENSG00000258597.3,FALSE,100,0,0,0.04754754591707917,-0.10140760831967785,0.19257142406896255,0.05070791746148568,TRUE
SERPINA4,ENSG00000100665.12,FALSE,100,0,0,0.0971560921774452,-0.0793492278582607,0.26370166944797124,0.0939395386171807,TRUE
SERPINB7,ENSG00000166396.13,FALSE,100,0,0,0.0032655805830212486,-0.13926955142717373,0.16028874387629805,0.01386761945708688,TRUE
SERPINC1,ENSG00000117601.14,FALSE,100,0,0,0.1269416850846497,-0.06716981252788738,0.2767648653692764,0.133535081305655,TRUE
SERPINE1,ENSG00000106366.9,FALSE,100,0,0,0.1649756662443873,-0.001378237233241395,0.30033693393781047,0.16701464656846723,TRUE
SERPINE2,ENSG00000135919.14,FALSE,100,0,0,0.022264724143917114,-0.13490574197022098,0.18445452738787815,0.04911407998810776,TRUE
SERPINF1,ENSG00000132386.11,FALSE,100,0,0,0.2110270283092356,0.06062324469523553,0.36459270540275424,0.22028467596468632,TRUE
SEZ6L2,ENSG00000174938.14,FALSE,100,0,0,-0.14792214972014078,-0.3039498224378525,0.015371726882697296,-0.13592763817782336,TRUE
SFRP1,ENSG00000104332.12,FALSE,100,0,0,-0.029795969798502048,-0.18145054010516293,0.140797829828972,-0.0323047676527288,TRUE
SFTA1P,ENSG00000225383.8,FALSE,100,0,0,0.12067419779987636,-0.0373892327924315,0.30284225157113054,0.1334220938799015,TRUE
SFTA2,ENSG00000196260.5,FALSE,100,0,0,0.01974175047831015,-0.18425977510125632,0.19118028228022063,0.02852543889714799,TRUE
SFTPA1,ENSG00000122852.15,FALSE,100,0,0,0.17958198296593114,0.051087943761593174,0.2970355605728262,0.17504434228325863,TRUE
SFXN3,ENSG00000107819.13,FALSE,100,0,0,0.08486205135075109,-0.04656704888516902,0.25525812257984404,0.10327254201458048,TRUE
SFXN5,ENSG00000144040.13,FALSE,100,0,0,0.19822326367390042,0.04567203807842388,0.32871958788496214,0.20280485174100968,TRUE
SGK2,ENSG00000101049.17,FALSE,100,0,0,0.05638907502649758,-0.10730929198154376,0.248590253403204,0.05936630750957392,TRUE
SGPP1,ENSG00000126821.8,FALSE,100,0,0,-0.13932417879265424,-0.2744524360804972,0.006337890629214254,-0.13625397377889062,TRUE
SH2B3,ENSG00000111252.11,FALSE,100,0,0,-0.07023430962586619,-0.21771863788917778,0.14145146414994592,-0.07630364846119465,TRUE
SH2D1A,ENSG00000183918.17,FALSE,100,0,0,-0.05544607825143119,-0.24333283205907985,0.10163356402612263,-0.06703285291492961,TRUE
SH2D2A,ENSG00000027869.12,FALSE,100,0,0,0.13898147129267727,-0.03438545401274004,0.31528645728417193,0.1370919749481924,TRUE
SH2D3C,ENSG00000095370.20,FALSE,100,0,0,-0.118930791484992,-0.3032797232716144,0.10739863702422864,-0.1177240318958504,TRUE
SH2D4A,ENSG00000104611.12,FALSE,100,0,0,-0.11866204622722193,-0.32352798219856893,0.054720408093354836,-0.13363656246616218,TRUE
SH3BGR,ENSG00000185437.13,FALSE,100,0,0,-0.08783931598650158,-0.2611570217592491,0.04801385395688875,-0.09113560990365877,TRUE
SH3BP1,ENSG00000100092.24,FALSE,100,0,0,0.20080723823105018,0.04495774217814451,0.34044455594938694,0.21356281308140543,TRUE
SH3BP2,ENSG00000087266.17,FALSE,100,0,0,0.012114427123297328,-0.1391146268399641,0.2005148663211494,0.01365199202176708,TRUE
SH3GL2,ENSG00000107295.10,FALSE,100,0,0,-0.08510947151083499,-0.22908942296545115,0.06725910425001788,-0.09247411957829892,TRUE
SH3PXD2B,ENSG00000174705.13,FALSE,100,0,0,-0.04979718845667101,-0.20201789373874582,0.10657690799236996,-0.04762764653206688,TRUE
SH3RF2,ENSG00000156463.18,FALSE,100,0,0,-0.02927209421552287,-0.17033481404422435,0.1273052588619125,-0.02149522262966746,TRUE
SH3RF3,ENSG00000172985.11,FALSE,100,0,0,-0.016986696912642145,-0.1389789458388976,0.13659763825524637,-0.00308161534777219,TRUE
SHANK3,ENSG00000251322.9,FALSE,100,0,0,-0.0635702616092185,-0.2858577563024375,0.13338916349459504,-0.06359928394160091,TRUE
SHBG,ENSG00000129214.15,FALSE,100,0,0,0.15095909390912923,0.05722115880643251,0.26305687630391317,0.1670668262152669,TRUE
SHC2,ENSG00000129946.10,FALSE,100,0,0,0.1707105453420436,-0.009107279797312308,0.32715703669074986,0.14911550423251996,TRUE
SHISA2,ENSG00000180730.5,FALSE,100,0,0,0.05665257800562694,-0.11526446472159006,0.18685107693127342,0.04137805582009597,TRUE
SHISA3,ENSG00000178343.5,FALSE,100,0,0,-0.05675616667754961,-0.2542307681269949,0.1035926692308039,-0.07757979987266397,TRUE
SHMT2,ENSG00000182199.11,FALSE,100,0,0,-0.0708105811387503,-0.238184782793475,0.1440439293007193,-0.04654318232461191,TRUE
SHROOM1,ENSG00000164403.15,FALSE,100,0,0,0.07453386141381518,-0.10978275291714858,0.2434166568836646,0.08937137423934005,TRUE
SHROOM3,ENSG00000138771.16,FALSE,100,0,0,-0.23652272758079024,-0.362130102841821,-0.10275336777107265,-0.24622971108434444,TRUE
SIAH3,ENSG00000215475.5,FALSE,100,0,0,0.15683250065539317,0.04401668495214477,0.31571485709188135,0.16551438637689983,TRUE
SIGLEC10,ENSG00000142512.15,FALSE,100,0,0,-0.002409172316020507,-0.1592616898852176,0.24226875788608015,0.01115603228117382,FALSE
SIGLEC7,ENSG00000168995.13,FALSE,100,0,0,-0.08027228620105098,-0.2893415108866806,0.11110846987670563,-0.0914886973060121,TRUE
SIGLEC9,ENSG00000129450.8,FALSE,100,0,0,0.05122992838467329,-0.15646443393636172,0.24573083825767034,0.03942647375038014,TRUE
SIM1,ENSG00000112246.10,FALSE,100,0,0,-0.0428728289887077,-0.19156314801841165,0.1343977298856793,-0.05085274736906042,TRUE
SIPA1L2,ENSG00000116991.11,FALSE,100,0,0,-0.12129976095697687,-0.30077279952618274,0.11296495907217352,-0.12268285761876144,TRUE
SIRPA,ENSG00000198053.12,FALSE,100,0,0,-0.0660255368127432,-0.18296744996591557,0.09957046209434774,-0.04565623467738744,TRUE
SIRPB1,ENSG00000101307.16,FALSE,100,0,0,-0.011110180077622881,-0.1795839149641522,0.16326563478540854,-0.00366884096616481,TRUE
SIRPD,ENSG00000125900.13,FALSE,100,0,0,-0.05683971372174319,-0.22468737179573467,0.11605628657283396,-0.06140089645726452,TRUE
SIRPG,ENSG00000089012.14,FALSE,100,0,0,-0.028063647395004734,-0.22769633946076206,0.11887816778557275,-0.03398313654179785,TRUE
SIX3,ENSG00000138083.5,FALSE,100,0,0,0.11019735763619776,-0.028730758891689367,0.23654270707266828,0.1045176292755438,TRUE
SLA,ENSG00000155926.14,FALSE,100,0,0,-0.08595070028728782,-0.24860744099943227,0.1551851576281591,-0.09280504739294168,TRUE
SLA2,ENSG00000101082.14,FALSE,100,0,0,-0.02259541886207487,-0.18965597587120725,0.17195600666239189,-0.03875156173965876,TRUE
SLAMF1,ENSG00000117090.15,FALSE,100,0,0,-0.01678568506189337,-0.19928895494904425,0.1601945553621864,-0.02273910510339568,TRUE
SLAMF6,ENSG00000162739.14,FALSE,100,0,0,-0.0735961116026124,-0.25210502088986886,0.11834896951060764,-0.07418052319240971,TRUE
SLAMF7,ENSG00000026751.17,FALSE,100,0,0,-0.06390351516058759,-0.24191099038619956,0.09598242084646796,-0.06999984007469362,TRUE
SLAMF8,ENSG00000158714.11,FALSE,100,0,0,-0.08026765724099089,-0.26720218052602523,0.10918221735214602,-0.08388009255831055,TRUE
SLC12A1,ENSG00000074803.20,FALSE,100,0,0,-0.04537115188618594,-0.22315453738026525,0.11313481407228483,-0.04976217623669771,TRUE
SLC12A3,ENSG00000070915.10,FALSE,100,0,0,0.02216809470255584,-0.1946090951643169,0.21854959620226555,0.01200394886498651,TRUE
SLC13A3,ENSG00000158296.14,FALSE,100,0,0,0.009711337749628839,-0.1578123368389574,0.16293352879393502,0.01192892017804548,TRUE
SLC13A5,ENSG00000141485.17,FALSE,100,0,0,0.12149054299092232,-0.053926133406624124,0.2912438712833555,0.11449915646336233,TRUE
SLC14A1,ENSG00000141469.18,FALSE,100,0,0,-0.17652021825338915,-0.33395313717697084,0.029221399990576193,-0.1826245706355912,TRUE
SLC15A2,ENSG00000163406.11,FALSE,100,0,0,0.075604302848298,-0.06109495816399613,0.2766012153075312,0.07266157003692698,TRUE
SLC15A3,ENSG00000110446.11,FALSE,100,0,0,-0.06665450996116602,-0.27399555124071895,0.12219619361723823,-0.0679278990884027,TRUE
SLC15A4,ENSG00000139370.12,FALSE,100,0,0,-0.1516532228170514,-0.3005854918327072,0.0575682132596874,-0.14308461428515298,TRUE
SLC16A1,ENSG00000155380.12,FALSE,100,0,0,0.02114703008359869,-0.17428647809999068,0.15890959032324858,0.02570266269407451,TRUE
SLC16A10,ENSG00000112394.17,FALSE,100,0,0,-0.027584061102981706,-0.18211163243716855,0.1776746118307856,-0.04017268543813432,TRUE
SLC16A5,ENSG00000170190.16,FALSE,100,0,0,0.215973877988056,0.04421925493712482,0.37511295577024506,0.2164328963554033,TRUE
SLC16A6,ENSG00000108932.12,FALSE,100,0,0,0.05279154789090401,-0.08437843135205811,0.22735665850572745,0.06828206982910832,TRUE
SLC16A7,ENSG00000118596.12,FALSE,100,0,0,0.09454467675721279,-0.11111648209142054,0.27106287924488653,0.06435822928011953,TRUE
SLC17A4,ENSG00000146039.11,FALSE,100,0,0,-0.20226747313080343,-0.37692925013835044,-0.04213017480427883,-0.21415741574762848,TRUE
SLC18A3,ENSG00000187714.7,FALSE,100,0,0,0.1904918435726522,0.06235507850115903,0.3278468551183075,0.1970485861532422,TRUE
SLC1A4,ENSG00000115902.11,FALSE,100,0,0,-0.1790564687841958,-0.32050121637425877,0.013606584673340779,-0.16559899905128397,TRUE
SLC20A2,ENSG00000168575.10,FALSE,100,0,0,-0.06296739802405805,-0.2320925804989573,0.08293231250795643,-0.0887559222487493,TRUE
SLC22A1,ENSG00000175003.15,FALSE,100,0,0,0.17806867796370843,0.038678480370740106,0.30931216423353397,0.17395644559671694,TRUE
SLC22A15,ENSG00000163393.13,FALSE,100,0,0,0.19788486488336002,0.0691495411659965,0.34991482780015953,0.20195513041817892,TRUE
SLC22A16,ENSG00000004809.14,FALSE,100,0,0,0.08139931957389303,-0.05570493376932461,0.25942522829770664,0.08045875563282699,TRUE
SLC23A1,ENSG00000170482.17,FALSE,100,0,0,-0.15317447524738398,-0.3467063770558334,-0.0011592823508574605,-0.1544608708242302,TRUE
SLC24A4,ENSG00000140090.18,FALSE,100,0,0,-0.14245011909994168,-0.29451515581372734,0.08337365502649188,-0.13411475651271115,TRUE
SLC25A25,ENSG00000148339.12,FALSE,100,0,0,-0.037814091062843065,-0.18970168759420714,0.14505126000444707,-0.06416452002827318,TRUE
SLC25A5,ENSG00000005022.6,FALSE,100,0,0,-0.05722328666958318,-0.26238711548275245,0.12386781852233497,-0.05255630986603818,TRUE
SLC26A4,ENSG00000091137.14,FALSE,100,0,0,-0.04095023285451971,-0.26280387066026883,0.11248065577265803,-0.1111283192853167,TRUE
SLC26A7,ENSG00000147606.9,FALSE,100,0,0,0.04747844375033987,-0.10922490594321338,0.1948040729053796,0.02570226719508847,TRUE
SLC27A3,ENSG00000143554.14,FALSE,100,0,0,0.1370570830451216,-0.03752850286793574,0.31133019654245975,0.16794175330276478,TRUE
SLC27A4,ENSG00000167114.13,FALSE,100,0,0,0.0925914081725295,-0.08601615072584087,0.2825969835983748,0.10579177556846923,TRUE
SLC29A2,ENSG00000174669.12,FALSE,100,0,0,0.17589318280334323,-0.005814341305220331,0.29840477225504114,0.1573885545594469,TRUE
SLC29A4,ENSG00000164638.10,FALSE,100,0,0,0.026289022326602574,-0.0923010351357248,0.24622095577909509,0.03448376028536483,TRUE
SLC2A1,ENSG00000117394.24,FALSE,100,0,0,0.07458404701308466,-0.0839811529343196,0.2718774148106161,0.09669540967624889,TRUE
SLC2A12,ENSG00000146411.6,FALSE,100,0,0,-0.029303552523217813,-0.26066841418051934,0.12869064802077138,-0.05598206831381751,TRUE
SLC2A14,ENSG00000173262.12,FALSE,100,0,0,0.014102831678503028,-0.1520673839979487,0.16497940821013254,0.01315665940763443,TRUE
SLC30A2,ENSG00000158014.15,FALSE,100,0,0,-0.05134085608272649,-0.18087548684818072,0.1324918835794992,-0.03978129092370815,TRUE
SLC30A8,ENSG00000164756.12,FALSE,100,0,0,0.12007312450819017,-0.05981381232181786,0.2620588478813934,0.1299135720972347,TRUE
SLC34A3,ENSG00000198569.10,FALSE,100,0,0,-0.002924586282669623,-0.18393447231642396,0.19747217740807427,0.01628884379478924,FALSE
SLC37A2,ENSG00000134955.12,FALSE,100,0,0,-0.0935580107525717,-0.2815100703890259,0.09282480984722327,-0.1033377108526621,TRUE
SLC38A3,ENSG00000188338.15,FALSE,100,0,0,0.21757505357957227,0.10358270942530715,0.34540799205018446,0.24085321800863152,TRUE
SLC38A4,ENSG00000139209.16,FALSE,100,0,0,0.05451929628802458,-0.09293071744293611,0.20171019766628162,0.0505793383570853,TRUE
SLC38A5,ENSG00000017483.15,FALSE,100,0,0,0.2211335709861041,0.1039628879846671,0.3559826741298802,0.221918288575896,TRUE
SLC39A14,ENSG00000104635.15,FALSE,100,0,0,-0.135499792127034,-0.32263276552308984,0.01571172986896626,-0.1365071199917988,TRUE
SLC39A4,ENSG00000147804.10,FALSE,100,0,0,-0.02940471989908837,-0.18722062501211584,0.12650119257409193,-0.02416475004790416,TRUE
SLC46A2,ENSG00000119457.8,FALSE,100,0,0,-0.026699729325708813,-0.24893282870519462,0.1345642190225383,-0.04697025677778335,TRUE
SLC47A2,ENSG00000180638.19,FALSE,100,0,0,-0.14685022240278606,-0.28948403203375206,0.04764069658988335,-0.13033858517825744,TRUE
SLC48A1,ENSG00000211584.14,FALSE,100,0,0,-0.11486596710743574,-0.28218012362982436,0.07554389162200495,-0.09933078732447216,TRUE
SLC4A1,ENSG00000004939.15,FALSE,100,0,0,0.04067634740223941,-0.14754574042005406,0.17952211773637905,0.02781582917738446,TRUE
SLC4A9,ENSG00000113073.15,FALSE,100,0,0,0.056605295751071955,-0.12352786265155341,0.1878017859243999,0.05390571445025381,TRUE
SLC5A11,ENSG00000158865.12,FALSE,100,0,0,-0.06541254990451376,-0.22330831205175677,0.09229125983133868,-0.06299930254943292,TRUE
SLC5A2,ENSG00000140675.13,FALSE,100,0,0,-0.0681236122869128,-0.289830550563412,0.06531301724721049,-0.06687347625887359,TRUE
SLC5A3,ENSG00000198743.7,FALSE,100,0,0,-0.0319603909299934,-0.1964423671568703,0.09448941084470211,-0.03202375164656695,TRUE
SLC5A4,ENSG00000100191.6,FALSE,100,0,0,0.03133026881151596,-0.15654701521110864,0.20850244710069926,0.02448534411361851,TRUE
SLC5A7,ENSG00000115665.9,FALSE,100,0,0,0.09331759824759323,-0.08947719059942241,0.25655638722345314,0.07530706102648924,TRUE
SLC6A12,ENSG00000111181.12,FALSE,100,0,0,-0.1433411626469701,-0.32185054238765964,0.03693754403310022,-0.1348247245211472,TRUE
SLC6A17,ENSG00000197106.7,FALSE,100,0,0,0.09886933817963314,-0.045607827064663965,0.27097110592283397,0.09753382274688904,TRUE
SLC6A4,ENSG00000108576.10,FALSE,100,0,0,0.12278496972820335,-0.0207502684633015,0.22645060122535174,0.10466049112557592,TRUE
SLC6A8,ENSG00000130821.17,FALSE,100,0,0,-0.09345030286102687,-0.2873538174139236,0.13349018037486315,-0.08310453243801033,TRUE
SLC7A13,ENSG00000164893.9,FALSE,100,0,0,-0.033499100136531255,-0.3065634207552098,0.1741985581202266,-0.02799086266650847,TRUE
SLC7A14,ENSG00000013293.6,FALSE,100,0,0,0.17245541957633378,0.06769378631518849,0.30644763625797755,0.16531255085196658,TRUE
SLC7A3,ENSG00000165349.12,FALSE,100,0,0,0.02220435988352503,-0.19704852132776823,0.1534987077379257,0.02524381808551266,TRUE
SLC7A4,ENSG00000099960.13,FALSE,100,0,0,0.06864598869712876,-0.15719440716093186,0.22705993982540817,0.04283694994682074,TRUE
SLC7A7,ENSG00000155465.20,FALSE,100,0,0,-0.08019724243946748,-0.2112645417469073,0.1422363220237004,-0.05962369560413294,TRUE
SLC7A8,ENSG00000092068.20,FALSE,100,0,0,0.004800513082307697,-0.1701538935098622,0.2000873039718274,0.02297366987323859,TRUE
SLC9A2,ENSG00000115616.3,FALSE,100,0,0,0.003659803155703534,-0.14824864893512782,0.15411888176269678,-0.00283982644853256,FALSE
SLC9A3,ENSG00000066230.12,FALSE,100,0,0,0.055628651171842125,-0.08673100532402547,0.2247797334163284,0.06588588925307803,TRUE
SLC9A9,ENSG00000181804.15,FALSE,100,0,0,-0.034829820198286045,-0.22960180243293948,0.10124795356824384,-0.04422605648152745,TRUE
SLCO1A2,ENSG00000084453.16,FALSE,100,0,0,-0.06471362534630123,-0.25170189009480637,0.028754306297511772,-0.05601513068674455,TRUE
SLCO1C1,ENSG00000139155.9,FALSE,100,0,0,0.0022899504344855437,-0.14274131399185408,0.20647519083609364,0.0052798910922655,TRUE
SLCO2B1,ENSG00000137491.15,FALSE,100,0,0,-0.08961666995599177,-0.2552060024706586,0.07291142590462102,-0.10627539145989012,TRUE
SLCO5A1,ENSG00000137571.11,FALSE,100,0,0,0.14155257190885268,-0.04135751150483804,0.2762669044207068,0.11614807189695436,TRUE
SLFN11,ENSG00000172716.16,FALSE,100,0,0,0.1082001359145628,-0.058645384863966296,0.32492771705977075,0.11269647736985626,TRUE
SLFN13,ENSG00000154760.14,FALSE,100,0,0,-0.12275364893971341,-0.24708225425750016,0.009348853820779383,-0.12648486599847458,TRUE
SLFNL1,ENSG00000171790.15,FALSE,100,0,0,0.10090079957358414,-0.06808984969333713,0.24492295379809081,0.09197815088444164,TRUE
SLIT2,ENSG00000145147.20,FALSE,100,0,0,0.10011180830599972,-0.07248402313025343,0.25222344586774065,0.08047635601770833,TRUE
SLITRK2,ENSG00000185985.11,FALSE,100,0,0,0.1717156033370249,0.0316499945141256,0.34163033890130057,0.1800092913452703,TRUE
SLITRK3,ENSG00000121871.4,FALSE,100,0,0,0.032793600192741496,-0.08254563371062282,0.1458990380313571,0.03007518488960665,TRUE
SLITRK5,ENSG00000165300.7,FALSE,100,0,0,-0.14244969044644606,-0.3226765610999053,0.01589863120784115,-0.1330953776218994,TRUE
SMOX,ENSG00000088826.18,FALSE,100,0,0,0.1366866258533691,-0.022565453025680863,0.3246644453856608,0.15385063585969197,TRUE
SMTNL2,ENSG00000188176.12,FALSE,100,0,0,-0.2086441374555127,-0.36285043389000893,-0.06404430908445648,-0.21474008823245988,TRUE
SNAI3,ENSG00000185669.6,FALSE,100,0,0,-0.01150900685093871,-0.20303821687757417,0.16997092127825386,-0.00892218423656379,TRUE
SNAP25,ENSG00000132639.13,FALSE,100,0,0,-0.07252088242228043,-0.27331264690078094,0.0704357569977322,-0.07233152199143511,TRUE
SNHG5,ENSG00000203875.13,FALSE,100,0,0,-0.0679044664616941,-0.23720302669759497,0.061973701826377015,-0.06906635413108951,TRUE
SNX10,ENSG00000086300.16,FALSE,100,0,0,-0.05218123853812656,-0.2285887255978778,0.14787379474884613,-0.0528904308828724,TRUE
SNX20,ENSG00000167208.15,FALSE,100,0,0,-0.009973145808608636,-0.1897869608365209,0.15696086645314958,-0.01680424570220415,TRUE
SOD3,ENSG00000109610.6,FALSE,100,0,0,-0.12230570243381164,-0.2871919056079703,0.017298778791268322,-0.10811531341028029,TRUE
SORCS2,ENSG00000184985.16,FALSE,100,0,0,0.14805614490041813,-0.025481817366890522,0.318081601759772,0.14268008255176923,TRUE
SORCS3,ENSG00000156395.13,FALSE,100,0,0,0.039849143317953556,-0.1440071498935699,0.21923923388833544,0.03803759537564906,TRUE
SORD,ENSG00000140263.15,FALSE,100,0,0,-0.08511875220147355,-0.21919683247063743,0.09176978643732794,-0.08261273597364448,TRUE
SORT1,ENSG00000134243.12,FALSE,100,0,0,-0.11572756642710012,-0.2592397842945106,0.06324091145703264,-0.11887956863939028,TRUE
SOST,ENSG00000167941.3,FALSE,100,0,0,-0.09164588668703441,-0.28742225327425364,0.14448562998038877,-0.07933845220821288,TRUE
SOSTDC1,ENSG00000171243.8,FALSE,100,0,0,-0.1255787486767459,-0.3377713867663863,0.06711591267284994,-0.12237002879809213,TRUE
SOX10,ENSG00000100146.18,FALSE,100,0,0,0.12492459431584751,-0.008311597535117668,0.260730132530903,0.10755469964247263,TRUE
SOX11,ENSG00000176887.7,FALSE,100,0,0,0.05441355656987102,-0.1217189103933402,0.24678986342748482,0.04472991513568638,TRUE
SPACA3,ENSG00000141316.13,FALSE,100,0,0,0.18275765588033502,0.08896090088998052,0.29933536134382666,0.18007269791275554,TRUE
SPAG4,ENSG00000061656.10,FALSE,100,0,0,-0.07054508014643115,-0.28042228143473413,0.12718125301568514,-0.04912585653931522,TRUE
SPARC,ENSG00000113140.11,FALSE,100,0,0,-0.1210267834134961,-0.25644884885657954,0.09667452215783291,-0.10068940951966364,TRUE
SPARCL1,ENSG00000152583.12,FALSE,100,0,0,-0.22448280324983,-0.3662782209307933,-0.03921905443932115,-0.22651732691193632,TRUE
SPATA16,ENSG00000144962.7,FALSE,100,0,0,0.13659919458125613,0.030080284250198028,0.29770941553495633,0.13643025272307338,TRUE
SPATA17,ENSG00000162814.11,FALSE,100,0,0,-0.09560565398965086,-0.26006644753922153,0.050639194920298766,-0.08976584311402344,TRUE
SPHKAP,ENSG00000153820.13,FALSE,100,0,0,0.10821937734345127,-0.030639134230817846,0.21063970334888227,0.10070572064006464,TRUE
SPI1,ENSG00000066336.12,FALSE,100,0,0,0.0694336474172179,-0.10646752708250301,0.2719459393946475,0.08141104614248514,TRUE
SPIB,ENSG00000269404.7,FALSE,100,0,0,0.08266267370865596,-0.11238701385417638,0.2084204487058156,0.0626296753508892,TRUE
SPIC,ENSG00000166211.8,FALSE,100,0,0,-0.18277967944124568,-0.31747948511325264,-1.705697240346679e-4,-0.19595385148348937,TRUE
SPINK4,ENSG00000122711.9,FALSE,100,0,0,0.01951349255216406,-0.15332721754788364,0.19173377461471275,0.04327960991670752,TRUE
SPSB1,ENSG00000171621.14,FALSE,100,0,0,0.07198568187090505,-0.0765722146087336,0.253115914000813,0.0819384349682374,TRUE
SPTA1,ENSG00000163554.15,FALSE,100,0,0,0.04449131644433761,-0.09512668089757224,0.22691848282581553,0.04066186928197767,TRUE
SPTB,ENSG00000070182.21,FALSE,100,0,0,0.05075999806535393,-0.08436738705995744,0.24600000112002013,0.05154046533912022,TRUE
SRD5A2,ENSG00000277893.2,FALSE,100,0,0,0.045312357212276874,-0.09591697574343831,0.19382693464638295,0.04789422490733231,TRUE
SREBF2,ENSG00000198911.12,FALSE,100,0,0,0.052171605304354024,-0.15885941268298265,0.22465372790330768,0.03485621693583992,TRUE
SRGAP3,ENSG00000196220.16,FALSE,100,0,0,0.12317216755503527,-0.1156189361946437,0.2695026312678295,0.08019917905293204,TRUE
SSPN,ENSG00000123096.12,FALSE,100,0,0,-0.11099589397159139,-0.23712475853146872,0.1016749069749755,-0.0997314376165134,TRUE
SSTR5,ENSG00000162009.8,FALSE,100,0,0,0.07785170870852251,-0.07113866801023418,0.22363485923497353,0.07384483730976567,TRUE
ST14,ENSG00000149418.11,FALSE,100,0,0,-0.012964714358273548,-0.22466755961647866,0.1852928451975,-0.02382319532080679,TRUE
ST3GAL4,ENSG00000110080.20,FALSE,100,0,0,0.11798100679799248,-0.05527700524906016,0.2895050600488086,0.13823700056886715,TRUE
ST6GAL1,ENSG00000073849.16,FALSE,100,0,0,-0.01679958287352911,-0.22593807974217145,0.1932066426046422,-0.02638440776405401,TRUE
ST6GALNAC2,ENSG00000070731.11,FALSE,100,0,0,-0.14096171358678997,-0.3106978066436362,0.08034183583269727,-0.13834907348485856,TRUE
ST8SIA4,ENSG00000113532.13,FALSE,100,0,0,-0.19345907482368893,-0.3528456981793463,-0.03792445309056179,-0.20470165646462823,TRUE
STAMBPL1,ENSG00000138134.12,FALSE,100,0,0,-0.04223967294850145,-0.18185635610778605,0.13437816173813255,-0.03900731075390016,TRUE
STARD5,ENSG00000172345.14,FALSE,100,0,0,0.0766806487673179,-0.06608079203061204,0.25217022118670773,0.0704302566014136,TRUE
STAT4,ENSG00000138378.19,FALSE,100,0,0,0.030845373208080434,-0.12991792173748307,0.2242081245854573,0.02700930420711713,TRUE
STC2,ENSG00000113739.10,FALSE,100,0,0,-0.05430978785771688,-0.27741429482507207,0.12519614472803936,-0.03790504656247504,TRUE
STEAP4,ENSG00000127954.13,FALSE,100,0,0,-0.01800471613579102,-0.18301877769538547,0.1818043081533236,-0.01559108188417282,TRUE
STK10,ENSG00000072786.13,FALSE,100,0,0,-0.1074809452700326,-0.24516654849597702,0.11651463160796538,-0.10572626375459336,TRUE
STK32A,ENSG00000169302.16,FALSE,100,0,0,0.05732724572592686,-0.08612443326810332,0.2147885785065385,0.06434109512805175,TRUE
STK33,ENSG00000130413.15,FALSE,100,0,0,0.17923922704827133,-0.007633056133636332,0.38026066085781673,0.17399488152879455,TRUE
STMN2,ENSG00000104435.14,FALSE,100,0,0,0.16279890748379677,0.025089174130031654,0.30213397104436346,0.15574354092439982,TRUE
STMN3,ENSG00000197457.10,FALSE,100,0,0,0.018931229524804194,-0.15957699175353063,0.18986388749957006,0.03088244307216319,TRUE
STOX1,ENSG00000165730.16,FALSE,100,0,0,-0.16421482756285574,-0.3516080786385881,-0.026873986660010764,-0.16425943843187885,TRUE
STRA6,ENSG00000137868.19,FALSE,100,0,0,0.239213056424779,0.09724700858316375,0.3711918999614843,0.22881452601989744,TRUE
STX19,ENSG00000178750.3,FALSE,100,0,0,0.08203152412494197,-0.10040625443037582,0.25099927780890685,0.0731495775903582,TRUE
SUCNR1,ENSG00000198829.6,FALSE,100,0,0,-0.13210111907286112,-0.31609072981980746,0.005802274143708435,-0.13535365345867084,TRUE
SULF1,ENSG00000137573.14,FALSE,100,0,0,-0.04986856195171123,-0.20473738416416154,0.12525311838982578,-0.04987517535249974,TRUE
SULT2B1,ENSG00000088002.12,FALSE,100,0,0,0.17722769954809547,0.050830615574547745,0.3193255960747181,0.18275010148895468,TRUE
SULT4A1,ENSG00000130540.14,FALSE,100,0,0,0.16436841502635668,0.012689045103332987,0.29418674869901584,0.15351196840720088,TRUE
SUOX,ENSG00000139531.13,FALSE,100,0,0,-0.13030897102851186,-0.27110671760567384,0.0013696014438572867,-0.11704484108722372,TRUE
SUSD1,ENSG00000106868.17,FALSE,100,0,0,0.0671623049481237,-0.13892863730999055,0.23857287061899038,0.02927578494486702,TRUE
SUSD2,ENSG00000099994.11,FALSE,100,0,0,-0.15062027960797958,-0.34658924614328734,0.04993358677074028,-0.13143941765474226,TRUE
SVEP1,ENSG00000165124.18,FALSE,100,0,0,0.02722671423863167,-0.11088206339458198,0.16756645332872988,0.00808821781640752,TRUE
SVOPL,ENSG00000157703.16,FALSE,100,0,0,0.1220076834346607,-0.05432186139213238,0.2569146368885801,0.11352356073322308,TRUE
SYN2,ENSG00000157152.17,FALSE,100,0,0,0.058025919759897654,-0.1283607582566456,0.27567142092723895,0.04549615345713664,TRUE
SYNE2,ENSG00000054654.19,FALSE,100,0,0,-0.15299617744728072,-0.30016747112577913,0.014697706700417042,-0.162468017966349,TRUE
SYNGR1,ENSG00000100321.15,FALSE,100,0,0,0.06326965868650936,-0.13657151723354657,0.23934910662583447,0.035225398329053,TRUE
SYNGR4,ENSG00000105467.9,FALSE,100,0,0,0.03417316318523521,-0.17145395133672944,0.15119606159751053,0.04611166447194588,TRUE
SYNPO,ENSG00000171992.13,FALSE,100,0,0,-0.08012164721352334,-0.25632638012166287,0.07739300192600923,-0.08898250766430199,TRUE
SYP,ENSG00000102003.11,FALSE,100,0,0,0.08295555743242669,-0.11704271579494484,0.2257179468378609,0.08450237072972153,TRUE
SYPL2,ENSG00000143028.9,FALSE,100,0,0,-0.10997978218756783,-0.2418348371232798,0.04803138171266293,-0.10758577426269166,TRUE
SYT12,ENSG00000173227.14,FALSE,100,0,0,0.10596087037439336,-0.06648318077412432,0.23271906983920104,0.09073588151727882,TRUE
SYT3,ENSG00000213023.11,FALSE,100,0,0,0.2331789148664494,0.11281983397583592,0.32777791636333786,0.2244109918494221,TRUE
SYTL3,ENSG00000164674.16,FALSE,100,0,0,-0.16661822717322633,-0.2985075513043025,-0.024203989797720458,-0.15254889238828978,TRUE
SYTL4,ENSG00000102362.15,FALSE,100,0,0,-0.03949818869495904,-0.18712758604063312,0.11062101061778268,-0.04748061774166626,TRUE
SYTL5,ENSG00000147041.12,FALSE,100,0,0,0.13153672819931383,-0.04912781435586115,0.2446049942320476,0.12117076705942448,TRUE
TAC1,ENSG00000006128.12,FALSE,100,0,0,0.025121787033161164,-0.13267027558683445,0.18158966529478962,0.00848959235383356,TRUE
TACR1,ENSG00000115353.11,FALSE,100,0,0,-0.09053938139453306,-0.31695084655531125,0.07184130886656023,-0.10804467062540228,TRUE
TACSTD2,ENSG00000184292.7,FALSE,100,0,0,0.07719111622142596,-0.08560534081775974,0.23584726656491597,0.0700294578092185,TRUE
TAF1D,ENSG00000166012.17,FALSE,100,0,0,0.13775248205472693,0.006929128535166716,0.28476210399330415,0.1434806861887535,TRUE
TAGAP,ENSG00000164691.18,FALSE,100,0,0,-0.08980225179990751,-0.28659122382228386,0.06900221123650038,-0.11482989274113056,TRUE
TAGLN3,ENSG00000144834.14,FALSE,100,0,0,0.2050734954093616,0.046684328238584386,0.3236211180562685,0.192506988254883,TRUE
TAP1,ENSG00000168394.11,FALSE,100,0,0,-0.15255060239222995,-0.2965481084438204,-0.008322484441932168,-0.15980381004295052,TRUE
TAP2,ENSG00000204267.16,FALSE,100,0,0,0.021437868532271687,-0.15603321877944357,0.17582117871559033,0.0102612396058524,TRUE
TAPBP,ENSG00000231925.12,FALSE,100,0,0,-0.04358997824715144,-0.20977604353856208,0.11108379349088177,-0.04154487797262404,TRUE
TBC1D10C,ENSG00000175463.12,FALSE,100,0,0,0.13400278837238222,-0.022783877009407608,0.30908491858892645,0.13976744962008397,TRUE
TBC1D24,ENSG00000162065.14,FALSE,100,0,0,0.20505331376467023,0.09121718437639094,0.31909679347715925,0.2096377441672679,TRUE
TBC1D4,ENSG00000136111.14,FALSE,100,0,0,-0.23614246659927246,-0.3852008359313858,-0.06355665396103877,-0.2541481967029412,TRUE
TBL1Y,ENSG00000092377.15,FALSE,100,0,0,-0.025447188857005268,-0.30966893837884757,0.2242214006252474,-0.04169338607978813,TRUE
TBX19,ENSG00000143178.13,FALSE,100,0,0,0.19673282449249227,-0.008530719142144282,0.34534917838712237,0.1685570459720299,TRUE
TBX21,ENSG00000073861.3,FALSE,100,0,0,-0.03562110357931611,-0.19583730526482857,0.1842408439671665,-0.02417701493976997,TRUE
TBX3,ENSG00000135111.16,FALSE,100,0,0,0.010594379986884726,-0.124346909583194,0.1887179275696279,0.00383216625128305,TRUE
TBXAS1,ENSG00000059377.18,FALSE,100,0,0,-0.12061328536006746,-0.2979595030173635,0.0700115441506566,-0.12797877824927792,TRUE
TCEAL2,ENSG00000184905.9,FALSE,100,0,0,-0.07348432439051192,-0.31753595304912263,0.11663638640573219,-0.0795510792480069,TRUE
TCF19,ENSG00000137310.12,FALSE,100,0,0,-0.0021261031299855335,-0.14210577731477783,0.15825060682583225,0.00427283061146742,FALSE
TCF4,ENSG00000196628.20,FALSE,100,0,0,-0.1896528534980657,-0.32933413262218997,0.016433668692104893,-0.18798250218409365,TRUE
TCHH,ENSG00000159450.12,FALSE,100,0,0,0.14858395000786154,0.011304079638628846,0.2885923616275039,0.1330145889430211,TRUE
TCN1,ENSG00000134827.8,FALSE,100,0,0,0.16252394220983185,0.049800674972630604,0.27847295624920243,0.15506131349871405,TRUE
TCP11,ENSG00000124678.20,FALSE,100,0,0,0.08498067710952492,-0.0599969595958981,0.24114748590759694,0.07165378175578899,TRUE
TDRD5,ENSG00000162782.16,FALSE,100,0,0,-0.15160751175314718,-0.30688161044309203,-0.0021678565766717352,-0.1587993279087731,TRUE
TDRD9,ENSG00000156414.19,FALSE,100,0,0,0.022620414268935657,-0.12098576588424684,0.2060021068122093,0.0297248111512723,TRUE
TEX12,ENSG00000150783.10,FALSE,100,0,0,0.18426417262638728,-0.0033495048103867817,0.35659534154454076,0.15701399159635077,TRUE
TEX15,ENSG00000133863.9,FALSE,100,0,0,-0.1890120025492664,-0.34256892080413726,-0.022906337683824537,-0.199927689429224,TRUE
TFAP2B,ENSG00000008196.13,FALSE,100,0,0,0.08566215542540409,-0.09968636166774558,0.2772359900125051,0.07584550983373291,TRUE
TFCP2L1,ENSG00000115112.8,FALSE,100,0,0,0.03126320859885073,-0.13724972829350557,0.2286841026979765,0.02806595761312894,TRUE
TFF2,ENSG00000160181.9,FALSE,100,0,0,0.10844761929158833,-0.05756819397169159,0.2565872854674308,0.09468838375919644,TRUE
TFPI,ENSG00000003436.16,FALSE,100,0,0,-0.1543807349443176,-0.2913263557714736,0.024472289169841684,-0.14761864487395787,TRUE
TGFB1,ENSG00000105329.11,FALSE,100,0,0,0.16897210918173727,0.018083789752902542,0.33389997516986974,0.18334404780014657,TRUE
TGFBI,ENSG00000120708.17,FALSE,100,0,0,0.14134276179165986,-0.03697571631323458,0.30145311876975434,0.13676605581753443,TRUE
TGM2,ENSG00000198959.12,FALSE,100,0,0,0.10411741237872066,-0.071789605236035,0.2684112303912956,0.0914995506864979,TRUE
THBS2,ENSG00000186340.16,FALSE,100,0,0,0.020667812940447765,-0.11730764207335212,0.18452875268136243,0.02256129994553446,TRUE
THBS4,ENSG00000113296.14,FALSE,100,0,0,0.06351914480206206,-0.07056372624031793,0.21013247780777736,0.07219114141785184,TRUE
THRB,ENSG00000151090.20,FALSE,100,0,0,-0.2018478947691967,-0.3569367474650333,-0.05716081599443647,-0.21585962900529795,TRUE
THSD4,ENSG00000187720.14,FALSE,100,0,0,-0.011864280201244384,-0.14243638680516074,0.1540600764061003,-0.02375753081472346,TRUE
TICAM2,ENSG00000243414.6,FALSE,100,0,0,0.11517200178946294,-0.0045017137891722086,0.22693887593417636,0.1112555804429346,TRUE
TIGIT,ENSG00000181847.12,FALSE,100,0,0,0.061301225712294384,-0.11296834604996456,0.222743344148934,0.04974034924493153,TRUE
TIMD4,ENSG00000145850.9,FALSE,100,0,0,-0.06276793974763802,-0.24719308032854106,0.10393465261488519,-0.09581972855091832,TRUE
TJP3,ENSG00000105289.15,FALSE,100,0,0,0.11100391578064847,-0.03048187732549782,0.24032018284988918,0.09506475449965264,TRUE
TLR10,ENSG00000174123.11,FALSE,100,0,0,-0.051512874165407535,-0.19867440743846715,0.10758254346001614,-0.06505381246149088,TRUE
TLR2,ENSG00000137462.9,FALSE,100,0,0,0.02909720646965716,-0.14366777568378541,0.20150244551647445,0.0178981846709153,TRUE
TLR6,ENSG00000174130.12,FALSE,100,0,0,0.14581043688838627,-0.06639167463326526,0.3033292365024488,0.11619554177222974,TRUE
TLR7,ENSG00000196664.5,FALSE,100,0,0,-0.17894502492456116,-0.31887390879633937,-0.003445153539488271,-0.1871509093191897,TRUE
TLR8,ENSG00000101916.12,FALSE,100,0,0,-0.16577628358370425,-0.34679973189291674,-0.016209955323616024,-0.1802072531346295,TRUE
TM6SF1,ENSG00000136404.16,FALSE,100,0,0,-0.17456263431763241,-0.34039096843540784,-0.03328021446592487,-0.19501009016456175,TRUE
TMC1,ENSG00000165091.18,FALSE,100,0,0,-0.08857181365673915,-0.22076747325779725,0.07365586720936144,-0.08910439991073522,TRUE
TMC4,ENSG00000167608.12,FALSE,100,0,0,0.14789797495913726,0.023246704733132464,0.3111964915931955,0.151405805747106,TRUE
TMEM100,ENSG00000166292.12,FALSE,100,0,0,-0.041928026817843175,-0.16633997371613385,0.13143882242226834,-0.02607134781436028,TRUE
TMEM116,ENSG00000198270.13,FALSE,100,0,0,0.15169048239254446,0.01112203855312016,0.2766963837427145,0.14265558909110432,TRUE
TMEM130,ENSG00000166448.15,FALSE,100,0,0,0.014016526348878691,-0.13978956959207683,0.2022533317631529,0.01722714918827315,TRUE
TMEM145,ENSG00000167619.13,FALSE,100,0,0,0.18650461596970544,0.022325483305404834,0.35806594974774736,0.19347672813750796,TRUE
TMEM156,ENSG00000121895.8,FALSE,100,0,0,0.021057815687917345,-0.20654859404800247,0.18759435658398527,0.01117240462794034,TRUE
TMEM176A,ENSG00000002933.9,FALSE,100,0,0,-0.2529119430808683,-0.3648688238380098,-0.09449036849635106,-0.2608123596873819,TRUE
TMEM200B,ENSG00000253304.2,FALSE,100,0,0,-0.16186032056204408,-0.28840769760887586,-0.01379337511912317,-0.1385344047500651,TRUE
TMEM207,ENSG00000198398.2,FALSE,100,0,0,-0.09100830971317954,-0.358734061134979,0.1004987134060008,-0.07806801807316431,TRUE
TMEM213,ENSG00000214128.11,FALSE,100,0,0,-0.023562164943797145,-0.25739145604985364,0.14480192697995195,-0.0522155915571122,TRUE
TMEM45A,ENSG00000181458.10,FALSE,100,0,0,0.055940657309608836,-0.14274320413911457,0.2588290038836698,0.05761672074691212,TRUE
TMEM45B,ENSG00000151715.8,FALSE,100,0,0,-0.07952457317825473,-0.24930917991308582,0.07950128555774794,-0.11997861411838166,TRUE
TMEM61,ENSG00000143001.5,FALSE,100,0,0,-0.012926178550162544,-0.1796997004621289,0.17575344943678473,-0.01759838925382178,TRUE
TMEM86A,ENSG00000151117.9,FALSE,100,0,0,-0.012282548877957784,-0.20311659954178712,0.17852821751495637,-0.01443409056623142,TRUE
TMEM92,ENSG00000167105.8,FALSE,100,0,0,0.03945951038757434,-0.15756622633970857,0.2068500338794161,0.06281308441809495,TRUE
TMPRSS2,ENSG00000184012.13,FALSE,100,0,0,0.06540402366139667,-0.06615472727235011,0.27030870315788946,0.065442210302935,TRUE
TMPRSS4,ENSG00000137648.19,FALSE,100,0,0,0.09388357490270538,-0.06373154599639586,0.23313335514024344,0.0759313287077548,TRUE
TMSB10,ENSG00000034510.6,FALSE,100,0,0,0.05013839816923668,-0.11488825945307421,0.18975099354309108,0.06720154988654255,TRUE
TNFAIP3,ENSG00000118503.15,FALSE,100,0,0,-0.12845834283080593,-0.268322033421451,0.032305839696856326,-0.13741110439800655,TRUE
TNFAIP8L2,ENSG00000163154.6,FALSE,100,0,0,0.053197253689353394,-0.1368568659635042,0.21376705107440952,0.05655856973728981,TRUE
TNFRSF14,ENSG00000157873.17,FALSE,100,0,0,0.029981834594451924,-0.1676444362162443,0.21504209155952786,0.05668907118626683,TRUE
TNFRSF17,ENSG00000048462.11,FALSE,100,0,0,0.04059862152162008,-0.13913457880266472,0.18605619641755225,0.02876415315827791,TRUE
TNFRSF1B,ENSG00000028137.19,FALSE,100,0,0,-0.019341894476910808,-0.16680419532891433,0.22317575582700863,2.13940296415782e-4,FALSE
TNFRSF4,ENSG00000186827.11,FALSE,100,0,0,0.1318800843555375,-0.10078234970147312,0.33412627660644656,0.14439521027663574,TRUE
TNFRSF9,ENSG00000049249.9,FALSE,100,0,0,-0.0032304915395611374,-0.18755567033692933,0.13484604702763633,-0.01935511780873634,TRUE
TNFSF11,ENSG00000120659.15,FALSE,100,0,0,0.08822725137459246,-0.06633312765164244,0.2540415185039193,0.07128198136797284,TRUE
TNFSF13B,ENSG00000102524.11,FALSE,100,0,0,0.10900547036737303,-0.08005701772179961,0.28130589798644223,0.10112797215219024,TRUE
TNFSF15,ENSG00000181634.8,FALSE,100,0,0,-0.01320812962305229,-0.21663418411816132,0.16802125450658384,-0.02195025569574027,TRUE
TNFSF9,ENSG00000125657.5,FALSE,100,0,0,-0.036750607304369944,-0.25291225508517107,0.1730754847711817,-0.02421030594097914,TRUE
TNIP3,ENSG00000050730.16,FALSE,100,0,0,0.1455257559379108,-0.003847844086360413,0.3345748191424702,0.13631197719226612,TRUE
TNNC1,ENSG00000114854.8,FALSE,100,0,0,0.0783292792996716,-0.11153349344502735,0.21694670325217602,0.06085775342164797,TRUE
TNNI1,ENSG00000159173.19,FALSE,100,0,0,0.007929358230632282,-0.15036384184292437,0.15400619734731902,0.00441269723800065,TRUE
TNNI2,ENSG00000130598.16,FALSE,100,0,0,0.10769460440432742,-0.07196276660042228,0.27621787788622165,0.1086463754225311,TRUE
TNNT2,ENSG00000118194.20,FALSE,100,0,0,0.19760297252289705,0.055730934730278986,0.31072457637249734,0.1828237322824981,TRUE
TNS4,ENSG00000131746.13,FALSE,100,0,0,0.1624290648535785,-0.0075589710107033525,0.2913879084429957,0.143867710365614,TRUE
TOM1L2,ENSG00000175662.18,FALSE,100,0,0,-0.07574175844927734,-0.21024993655737995,0.10149660645753492,-0.06873701073654434,TRUE
TOP3B,ENSG00000100038.20,FALSE,100,0,0,0.14952039706220044,-0.046784209169497576,0.3087414405356277,0.13228593280887024,TRUE
TOX,ENSG00000198846.6,FALSE,100,0,0,-0.0798548694057916,-0.23907411983909058,0.09540885488841502,-0.08072002797397484,TRUE
TOX2,ENSG00000124191.18,FALSE,100,0,0,-0.20209215837821515,-0.36723275132245414,-0.06666119198322473,-0.19102310087590008,TRUE
TOX3,ENSG00000103460.17,FALSE,100,0,0,-0.08923033808978982,-0.2737063086528177,0.08910712399864301,-0.09705956193034046,TRUE
TP53I11,ENSG00000175274.19,FALSE,100,0,0,-0.06507852122009117,-0.22473459564443057,0.16121782643643007,-0.05020441428374257,TRUE
TPD52L1,ENSG00000111907.21,FALSE,100,0,0,0.11273557120894244,-0.03676772681234454,0.2854101982325389,0.11255861033417464,TRUE
TPPP2,ENSG00000179636.15,FALSE,100,0,0,0.16192102365965327,0.014118946807638075,0.3231963500702689,0.16492610235174218,TRUE
TPRG1,ENSG00000188001.10,FALSE,100,0,0,0.17960484548733813,0.015968782789346686,0.3118031605619619,0.1686000993857332,TRUE
TPSAB1,ENSG00000172236.18,FALSE,100,0,0,-0.09473202844566693,-0.29499510064907786,0.06917717754810257,-0.0972167624151452,TRUE
TPSG1,ENSG00000116176.6,FALSE,100,0,0,0.14516854076701508,0.01495089239653745,0.25283338099058283,0.13868579542659584,TRUE
TRADD,ENSG00000102871.16,FALSE,100,0,0,-0.17664135137750864,-0.352370007624056,-0.016185740367865933,-0.1532425796726708,TRUE
TRAF2,ENSG00000127191.18,FALSE,100,0,0,0.20034268283560397,0.03434552881245539,0.3368676809474421,0.18881433871010156,TRUE
TRAF3IP2,ENSG00000056972.20,FALSE,100,0,0,-0.13130159221514928,-0.26460902859500174,0.046818898925991996,-0.14151954806419664,TRUE
TRAF3IP3,ENSG00000009790.15,FALSE,100,0,0,0.049494082736825915,-0.1313657701278022,0.21139968305320583,0.04194653385223351,TRUE
TRAT1,ENSG00000163519.14,FALSE,100,0,0,-0.0954962194687452,-0.29442997496967505,0.08667540787191202,-0.10667372841556136,TRUE
TRDN,ENSG00000186439.14,FALSE,100,0,0,0.04766414197203342,-0.07765220238415675,0.21855325258635103,0.03780087633542745,TRUE
TREM1,ENSG00000124731.13,FALSE,100,0,0,0.1684160846032156,0.023835757100919442,0.31232101563091474,0.17502553531253226,TRUE
TREM2,ENSG00000095970.17,FALSE,100,0,0,-0.03381792081100944,-0.2496018652695663,0.15463675198965413,-0.03463686216959905,TRUE
TRIM14,ENSG00000106785.15,FALSE,100,0,0,-0.11829381680032047,-0.2900441553753317,0.030463700855876335,-0.11538174918633456,TRUE
TRIM2,ENSG00000109654.16,FALSE,100,0,0,-0.1978232255454412,-0.3684533720712902,-0.005667014947084588,-0.23202591231625996,TRUE
TRIM22,ENSG00000132274.16,FALSE,100,0,0,-0.11744770494497078,-0.28271934154411216,0.05126990717839906,-0.12354113442157907,TRUE
TRIM36,ENSG00000152503.10,FALSE,100,0,0,0.12333051983509657,-0.043158903604197364,0.28708361390059645,0.11069069629012757,TRUE
TRIM52,ENSG00000183718.5,FALSE,100,0,0,0.13392279683231623,-0.03580283421199951,0.26765923063838815,0.12122684153814683,TRUE
TRIM7,ENSG00000146054.18,FALSE,100,0,0,-0.08606974834851111,-0.26484054352857284,0.07881567908673562,-0.10032437151399608,TRUE
TRIM9,ENSG00000100505.13,FALSE,100,0,0,-0.10781348050085747,-0.25550610350957076,0.04328351942456421,-0.09614973607285808,TRUE
TRPA1,ENSG00000104321.11,FALSE,100,0,0,-0.1700607069786615,-0.34319929474124244,-0.021644362548757443,-0.1620441778626835,TRUE
TRPC7,ENSG00000069018.19,FALSE,100,0,0,-0.06926056527104661,-0.2760493532958968,0.07897811627297832,-0.06817573748553954,TRUE
TRPM5,ENSG00000070985.13,FALSE,100,0,0,0.15414836560037704,-0.05001662820361827,0.3389721391567385,0.12900143344352566,TRUE
TRPM6,ENSG00000119121.22,FALSE,100,0,0,0.12558560937536378,-0.023100023032103904,0.28968734736260043,0.12926198629907007,TRUE
TRPM8,ENSG00000144481.17,FALSE,100,0,0,0.1400495457952169,0.0022005913423560745,0.2745592259584654,0.13118048543055513,TRUE
TRPV2,ENSG00000187688.15,FALSE,100,0,0,0.07756413693907604,-0.1050067143219084,0.3062953214588014,0.08557611887475544,TRUE
TRPV5,ENSG00000127412.7,FALSE,100,0,0,0.009389798905802313,-0.12280060894632572,0.21852186285192468,-2.7039413391299693e-4,FALSE
TRPV6,ENSG00000165125.22,FALSE,100,0,0,0.09190853642639074,-0.06189966366376084,0.2597870409492765,0.08401755706305503,TRUE
TSGA10,ENSG00000135951.16,FALSE,100,0,0,-0.022883079695342576,-0.2243539056581859,0.11832703575026271,-0.04861283304634308,TRUE
TSHR,ENSG00000165409.18,FALSE,100,0,0,0.018853931904516084,-0.13415341105737316,0.1874697751560474,0.0158324586568788,TRUE
TSPAN33,ENSG00000158457.6,FALSE,100,0,0,-0.08660743468028433,-0.30567575798803603,0.12101143709673651,-0.0791224226423017,TRUE
TSPAN4,ENSG00000214063.11,FALSE,100,0,0,-0.12341847142147629,-0.27970903536995506,0.03874849446277062,-0.09817748414776672,TRUE
TSPAN8,ENSG00000127324.9,FALSE,100,0,0,0.1547443194842979,0.01532912897366622,0.27462033644150535,0.1492352093627459,TRUE
TSPYL2,ENSG00000184205.14,FALSE,100,0,0,0.16132942828927194,0.01952768105748276,0.3037796704573128,0.16688930129456245,TRUE
TSPYL4,ENSG00000187189.11,FALSE,100,0,0,-0.07324030083366437,-0.22854914001452104,0.1184181981132609,-0.08547985597123982,TRUE
TSPYL5,ENSG00000180543.5,FALSE,100,0,0,-0.034452438262544925,-0.20517574793499482,0.13870417011063352,-0.04470783851842542,TRUE
TST,ENSG00000128311.14,FALSE,100,0,0,-0.1624088305066856,-0.3002501493283421,-0.02041989827746638,-0.1486702182860433,TRUE
TTC36,ENSG00000172425.12,FALSE,100,0,0,0.07793947932911832,-0.04795189151420037,0.23853033231202683,0.08722435858193396,TRUE
TTC39A,ENSG00000085831.15,FALSE,100,0,0,-0.14619303824813087,-0.287635746126229,0.02041623701932333,-0.15451556779842007,TRUE
TTPA,ENSG00000137561.5,FALSE,100,0,0,-0.03269270610660083,-0.22503784838653024,0.1252276445924949,-0.05382645938006143,TRUE
TTYH2,ENSG00000141540.11,FALSE,100,0,0,0.07021336735407116,-0.08821776656234956,0.27324322148938057,0.06958869735642938,TRUE
TTYH3,ENSG00000136295.15,FALSE,100,0,0,-0.08377375607263851,-0.22550569768065193,0.09615166380479405,-0.06577013237357036,TRUE
TUBA1A,ENSG00000167552.14,FALSE,100,0,0,0.1141963690395686,-0.04019691324411266,0.28520598216254756,0.1478200671753462,TRUE
TUBA1B,ENSG00000123416.15,FALSE,100,0,0,-0.07237950839708526,-0.22256480120590555,0.08538973563103788,-0.07076988593265654,TRUE
TUBA3C,ENSG00000198033.12,FALSE,100,0,0,-0.02105730439201673,-0.18794710091027605,0.13515476797173298,-0.01413975065252843,TRUE
TUBA8,ENSG00000183785.15,FALSE,100,0,0,0.0628812739908175,-0.1170723009912378,0.22865784535279227,0.05910231030511195,TRUE
TUBAL3,ENSG00000178462.12,FALSE,100,0,0,0.05688480040823999,-0.0985678325238229,0.18493040124022653,0.05022999021562403,TRUE
TUFT1,ENSG00000143367.16,FALSE,100,0,0,-0.043943638550632144,-0.1956831694301734,0.1717223996610494,-0.03230835396817649,TRUE
TWSG1,ENSG00000128791.12,FALSE,100,0,0,0.03322319381964155,-0.16524621680022236,0.1798937410119424,0.01343752360984194,TRUE
TXLNB,ENSG00000164440.15,FALSE,100,0,0,0.06440621972416637,-0.09912107139656803,0.25630207875000444,0.04852776078886158,TRUE
TYMP,ENSG00000025708.14,FALSE,100,0,0,0.08092531145931059,-0.14406119464602046,0.30345395403426206,0.10131439340035948,TRUE
TYMS,ENSG00000176890.16,FALSE,100,0,0,-0.15866202687779102,-0.3232742639166203,-0.0015563636411207744,-0.14033509813135803,TRUE
TYRO3,ENSG00000092445.12,FALSE,100,0,0,0.13967647110855275,-0.02414074985030898,0.3157193730118083,0.1608526074738311,TRUE
TYROBP,ENSG00000011600.12,FALSE,100,0,0,-0.019053240369604454,-0.23406650992872752,0.1661001116467993,-0.01335248157978635,TRUE
TYRP1,ENSG00000107165.13,FALSE,100,0,0,0.1902522098152101,-0.015621726745826512,0.3541909042927104,0.19022832114858457,TRUE
UBASH3A,ENSG00000160185.15,FALSE,100,0,0,-0.001970655740692051,-0.1841284792029758,0.13492579211292782,-0.01770646079573834,TRUE
UBE2L6,ENSG00000156587.16,FALSE,100,0,0,-0.09812382983455106,-0.2633942990981527,0.026056285139102246,-0.08829899792346972,TRUE
UBE2U,ENSG00000177414.13,FALSE,100,0,0,0.11392640821538169,-0.02506209126382137,0.22907071177838945,0.1130390654287826,TRUE
UCA1,ENSG00000214049.8,FALSE,100,0,0,0.18288896401353283,0.02058686505353473,0.31007646592326926,0.1718457913397054,TRUE
UGT2A1,ENSG00000173610.12,FALSE,100,0,0,0.14567704366038603,0.013200863200412768,0.25266785089720556,0.14302127891437447,TRUE
UMOD,ENSG00000169344.15,FALSE,100,0,0,-0.05136812987723684,-0.24528304933538808,0.11309527883544584,-0.04856424640674053,TRUE
UMODL1,ENSG00000177398.18,FALSE,100,0,0,0.13217963838301117,-0.02369605476368506,0.25630842270904985,0.12377550788854172,TRUE
UNC13C,ENSG00000137766.17,FALSE,100,0,0,-0.00194676026207394,-0.11902979193863492,0.1527730357976782,-0.01071471604251985,TRUE
UNC5A,ENSG00000113763.12,FALSE,100,0,0,0.06638623506397623,-0.0809615067628201,0.2254505535405814,0.04693412874055081,TRUE
UNC5B,ENSG00000107731.12,FALSE,100,0,0,-0.09561825581266299,-0.2165210228263964,0.09443372708031814,-0.08931282105297876,TRUE
UNC93A,ENSG00000112494.10,FALSE,100,0,0,0.03750990465320441,-0.13011272999104767,0.17117092193641031,0.02587055873700233,TRUE
UPK1A,ENSG00000105668.7,FALSE,100,0,0,0.09764069079847501,-0.04463813601352419,0.28578455926664725,0.08023776644048192,TRUE
UPP2,ENSG00000007001.13,FALSE,100,0,0,-0.1762281025963927,-0.3374036711415278,-0.012596170897727892,-0.17502234110422307,TRUE
UQCRC1,ENSG00000010256.11,FALSE,100,0,0,-0.0407841225083678,-0.19252667770558804,0.11427248394146844,-0.02082873570829462,TRUE
USP44,ENSG00000136014.12,FALSE,100,0,0,0.04344291640971244,-0.1645053031231889,0.1854449392915535,0.03287028927832122,TRUE
USP46,ENSG00000109189.13,FALSE,100,0,0,-0.04264191352720137,-0.2238728295227459,0.13930583346008046,-0.0415076163377478,TRUE
UST,ENSG00000111962.8,FALSE,100,0,0,0.09573195053249463,-0.064623027435749,0.26598775963919047,0.08558653811180138,TRUE
UTS2,ENSG00000049247.14,FALSE,100,0,0,0.03064833097876265,-0.13243056642280887,0.12414486399980373,0.02795665693889468,TRUE
VAMP5,ENSG00000168899.5,FALSE,100,0,0,-0.12064761219640746,-0.310206099321507,0.11057395526646638,-0.09849811915162936,TRUE
VASH1,ENSG00000071246.11,FALSE,100,0,0,-0.08720742573936743,-0.23328490084714415,0.1820737027386702,-0.06601572290087127,TRUE
VAT1L,ENSG00000171724.3,FALSE,100,0,0,0.20054224470959214,0.04538160150440254,0.33145048205245714,0.1909458532635529,TRUE
VAV1,ENSG00000141968.8,FALSE,100,0,0,0.001792212677322329,-0.1925405861161767,0.17580732379745292,-0.01253744618498936,FALSE
VAV3,ENSG00000134215.16,FALSE,100,0,0,-0.2130638557560166,-0.3411025108314238,-0.04864046640149472,-0.20219587899436156,TRUE
VCAM1,ENSG00000162692.12,FALSE,100,0,0,-0.25215157020547807,-0.3895932185403463,-0.08525031185291451,-0.2701853420125316,TRUE
VCAN,ENSG00000038427.16,FALSE,100,0,0,-0.041208943952055765,-0.20368408425687456,0.13385345995789652,-0.04505001854978725,TRUE
VDR,ENSG00000111424.12,FALSE,100,0,0,-0.1415440001420518,-0.3319490360451446,0.01227012259429375,-0.14243210357024055,TRUE
VEGFC,ENSG00000150630.4,FALSE,100,0,0,0.07710282841372648,-0.09933548810907623,0.2839273584606329,0.07185730011639536,TRUE
VEPH1,ENSG00000197415.12,FALSE,100,0,0,-0.15184402377549577,-0.298320292810516,-0.028345262012841196,-0.14956658735246744,TRUE
VGLL1,ENSG00000102243.13,FALSE,100,0,0,-0.0018775275417520943,-0.18583860356695583,0.11776922645123893,-0.00459740788996173,TRUE
VIT,ENSG00000205221.12,FALSE,100,0,0,0.0727555796494341,-0.130255470759453,0.17562144368220012,0.06117585820812511,TRUE
VKORC1,ENSG00000167397.15,FALSE,100,0,0,0.022792857801190097,-0.14215091855852913,0.20017969807921104,0.04694521233171526,TRUE
VNN2,ENSG00000112303.14,FALSE,100,0,0,0.01995082601672421,-0.1363911355541933,0.16104103513008564,0.00818628371786412,TRUE
VSIG1,ENSG00000101842.14,FALSE,100,0,0,0.09238747215282,-0.03693993362935437,0.2633017821172904,0.10917277583501302,TRUE
VSIG4,ENSG00000155659.15,FALSE,100,0,0,0.08233643830888968,-0.08455860944927832,0.25050485524944877,0.08687429062538221,TRUE
VSNL1,ENSG00000163032.12,FALSE,100,0,0,0.21321640600258784,0.07712999689542868,0.32556272690245824,0.20376613769047644,TRUE
VSTM1,ENSG00000189068.11,FALSE,100,0,0,0.12853813420162694,-0.030980438079346893,0.25977194470798143,0.1347108353396205,TRUE
VTCN1,ENSG00000134258.17,FALSE,100,0,0,0.059524773679978604,-0.12327075831811465,0.2160076684946556,0.06307519987269043,TRUE
VWA1,ENSG00000179403.12,FALSE,100,0,0,-0.17640263882515456,-0.3611703491348949,0.05058685447049195,-0.1687333918566812,TRUE
VWA3B,ENSG00000168658.19,FALSE,100,0,0,0.1903480469243174,0.08590485212048019,0.3125934435790873,0.18033702942755409,TRUE
VWA5A,ENSG00000110002.16,FALSE,100,0,0,-0.07771543249344973,-0.2407371440157039,0.10109520064342978,-0.07587667731252763,TRUE
WAS,ENSG00000015285.11,FALSE,100,0,0,0.06505891741014841,-0.126630621042553,0.24941927565661268,0.08159131864681159,TRUE
WASF3,ENSG00000132970.14,FALSE,100,0,0,0.15558067263558517,-0.02644929742310229,0.32199959185183435,0.13311774613324626,TRUE
WDFY4,ENSG00000128815.19,FALSE,100,0,0,-0.1401428976393635,-0.3470892787481653,0.042182397599006216,-0.15716155505907117,TRUE
WDR49,ENSG00000174776.11,FALSE,100,0,0,0.17189946502488151,0.01365177980302768,0.28996624138437505,0.15608355574276217,TRUE
WDR54,ENSG00000005448.17,FALSE,100,0,0,-0.12515799872345174,-0.3008810840290731,0.07079286130654033,-0.0995020613929093,TRUE
WFDC2,ENSG00000101443.18,FALSE,100,0,0,0.12843680049932563,-0.03832306520714723,0.28239942315580735,0.11796772566871248,TRUE
WFIKKN2,ENSG00000173714.8,FALSE,100,0,0,0.2317582158999202,0.08328170326432605,0.33546476515490675,0.2408007247070794,TRUE
WIF1,ENSG00000156076.10,FALSE,100,0,0,0.10657968734479742,-0.04867515700428114,0.23469061745934916,0.09911568719315238,TRUE
WIPF1,ENSG00000115935.18,FALSE,100,0,0,-0.04724207173540434,-0.22103977501105043,0.15365121556959974,-0.06022663518847348,TRUE
WNK1,ENSG00000060237.18,FALSE,100,0,0,0.01768265103818157,-0.16797024533991878,0.2562058701648172,0.01032729485332817,TRUE
WNK3,ENSG00000196632.10,FALSE,100,0,0,0.18111469977793826,-0.008569668946830422,0.3255916094761234,0.16004138502468435,TRUE
WNK4,ENSG00000126562.17,FALSE,100,0,0,0.0603267431326886,-0.08029861458153716,0.1964668997790413,0.05654982491598129,TRUE
WNT10A,ENSG00000135925.9,FALSE,100,0,0,0.10682724361771723,-0.07779073924512121,0.2569516125920488,0.103307654862566,TRUE
WNT2B,ENSG00000134245.18,FALSE,100,0,0,-0.038084472316490675,-0.2107123165957392,0.1202484925765718,-0.0455803406742551,TRUE
WNT5A,ENSG00000114251.15,FALSE,100,0,0,0.16852120656287,-0.03092665961372355,0.32368808931303805,0.14714254528964207,TRUE
WNT7A,ENSG00000154764.6,FALSE,100,0,0,0.11515663109374141,-0.0555224866547145,0.2723869965740525,0.1095599420073811,TRUE
WNT8B,ENSG00000075290.8,FALSE,100,0,0,0.11079087559851264,-0.020105333721575337,0.26704974229848777,0.09589713756082736,TRUE
WSCD2,ENSG00000075035.10,FALSE,100,0,0,-0.1397883250217522,-0.3359084425694301,0.024370049047471535,-0.16290068333254612,TRUE
WT1,ENSG00000184937.16,FALSE,100,0,0,0.07906650477678731,-0.0804754296389839,0.23134772286198543,0.08397345867065999,TRUE
XCL1,ENSG00000143184.5,FALSE,100,0,0,0.05149360806829713,-0.11366062907920606,0.1658106994722358,0.03279989126870856,TRUE
XDH,ENSG00000158125.10,FALSE,100,0,0,0.08872764799186357,-0.10587316268152783,0.24662734074190806,0.07747267385425213,TRUE
XIRP1,ENSG00000168334.9,FALSE,100,0,0,-0.02226988357442334,-0.21159894981936167,0.17859582324909207,-0.02816742678021009,TRUE
XK,ENSG00000047597.7,FALSE,100,0,0,0.1657743365979833,-0.010085820273736746,0.3645330123338221,0.14965199485226252,TRUE
XKR4,ENSG00000206579.9,FALSE,100,0,0,0.17998490654331917,0.04164240309478931,0.30514665858957873,0.1698345840888402,TRUE
XPNPEP2,ENSG00000122121.11,FALSE,100,0,0,-0.020842520397028677,-0.23308977939859515,0.10802469804078994,-0.00663891710385405,TRUE
YEATS2,ENSG00000163872.16,FALSE,100,0,0,0.13247411816430205,-0.049248708745965236,0.28838314742462334,0.12469478884091896,TRUE
ZBP1,ENSG00000124256.15,FALSE,100,0,0,0.17343079333011957,-0.011058862931501531,0.3111518468641842,0.17356914359431774,TRUE
ZC3H12D,ENSG00000178199.14,FALSE,100,0,0,0.06353497024374184,-0.1411030553710231,0.21508458088988533,0.04120491347927674,TRUE
ZC3HAV1L,ENSG00000146858.8,FALSE,100,0,0,-0.08333314957608552,-0.2381052184254577,0.07838291531995155,-0.08712462192178883,TRUE
ZDHHC2,ENSG00000104219.13,FALSE,100,0,0,-0.004030548758560663,-0.20899487833862562,0.14988642737977437,-0.02525409605413449,TRUE
ZFHX2,ENSG00000136367.14,FALSE,100,0,0,0.12965309893995974,-0.033171504421571546,0.316311122012088,0.13025209376792465,TRUE
ZFP42,ENSG00000179059.10,FALSE,100,0,0,0.01658745398333967,-0.11458824760469018,0.13040042126060697,0.02481130912237046,TRUE
ZMAT4,ENSG00000165061.15,FALSE,100,0,0,-0.08186931881108137,-0.22735781236788896,0.09732787310634866,-0.06586320528238344,TRUE
ZMYND15,ENSG00000141497.14,FALSE,100,0,0,0.07628109688383024,-0.11802403995501673,0.2705775923354632,0.0810294395281235,TRUE
ZNF132,ENSG00000131849.12,FALSE,100,0,0,-0.06976870055253473,-0.25430548081497684,0.11900855569801799,-0.07619778708310622,TRUE
ZNF165,ENSG00000197279.4,FALSE,100,0,0,-0.06262576377730313,-0.2754485524871011,0.12555798574356555,-0.08097268999237128,TRUE
ZNF296,ENSG00000170684.9,FALSE,100,0,0,0.1792644959327822,0.012368769347891375,0.3108775801456841,0.19415309760263352,TRUE
ZNF331,ENSG00000130844.19,FALSE,100,0,0,0.011631898571041948,-0.16856231676440375,0.15981014744162814,-6.926396663667004e-4,FALSE
ZNF385D,ENSG00000151789.12,FALSE,100,0,0,0.08980370861688607,-0.08192170627965208,0.27102587617213647,0.08394180289994349,TRUE
ZNF44,ENSG00000197857.14,FALSE,100,0,0,0.15312910719182862,-0.008208352301832172,0.27092845319253567,0.13807671356529194,TRUE
ZNF469,ENSG00000225614.4,FALSE,100,0,0,0.17389933808803354,-0.006335552480259619,0.3411273878169926,0.16059583182043757,TRUE
ZNF474,ENSG00000164185.6,FALSE,100,0,0,0.0936361757295587,-0.009013800062564133,0.21872039466758675,0.09455345128029632,TRUE
ZNF503,ENSG00000165655.17,FALSE,100,0,0,0.09411414317515734,-0.06520269367719411,0.21975098676641588,0.08735871390485232,TRUE
ZNF556,ENSG00000172000.7,FALSE,100,0,0,0.07158730001731461,-0.07162802734313164,0.23053008133000488,0.0676567603912765,TRUE
ZNF578,ENSG00000258405.11,FALSE,100,0,0,0.030577977474960643,-0.14883588162392963,0.1507220569504087,0.00539409102505779,TRUE
ZNF581,ENSG00000171425.10,FALSE,100,0,0,0.031672837140601526,-0.11227868636192684,0.16513546609022747,0.05850240803742995,TRUE
ZNF683,ENSG00000176083.18,FALSE,100,0,0,0.062053312621747195,-0.06726463130130061,0.2268413477982094,0.07504624976075804,TRUE
ZNF750,ENSG00000141579.7,FALSE,100,0,0,-0.016884682713051345,-0.15989011058412403,0.15590204295603022,-0.01844817494541706,TRUE
ZNF804A,ENSG00000170396.9,FALSE,100,0,0,0.058854194164954014,-0.1752185809449038,0.21923849939676698,0.04716801209754922,TRUE
ZNF831,ENSG00000124203.6,FALSE,100,0,0,-0.14055812508494456,-0.3214926552440266,0.04862014523309942,-0.14967813123600826,TRUE
ZNF99,ENSG00000213973.9,FALSE,100,0,0,0.06937775864863138,-0.08219997719407968,0.2253785285373655,0.04174761111425787,TRUE
ZP1,ENSG00000149506.11,FALSE,100,0,0,0.1815610311720947,0.014404085681048295,0.31012755453556407,0.17368027248706608,TRUE
ZP2,ENSG00000103310.11,FALSE,100,0,0,0.11662117296558686,-0.01227762548709976,0.2509509285967205,0.10952410745020878,TRUE
ZPBP,ENSG00000042813.8,FALSE,100,0,0,-0.1336291170103393,-0.30551469932043385,0.05638180459630176,-0.14108825230718847,TRUE
ZSCAN4,ENSG00000180532.10,FALSE,100,0,0,0.03793352654609043,-0.18069558932542135,0.1777210685360917,0.02620288763497041,TRUE
ZYG11A,ENSG00000203995.10,FALSE,100,0,0,-0.11763221951610764,-0.28959308430217356,0.03756593998643923,-0.1179224140625464,TRUE
