artifact,producer,artifact_sha256,producer_sha256,source_description,source_map_sha256,frozen_input_inventory_sha256,version_lock_sha256,configuration_sha256,verification_date,original_input_access_date,observed_command,observed_exit_status,observed_completion_utc,execution_caveat
paper/benchmark_table.tex,analysis/38_presentation_figures.R,26cb05e6d1e5981b445e803368cf0f73629b0448e7b77708c6a7cb51dcbb7ce3,7a6cf1e1516c0a908e00a3096cfa70cba4e1cff5edf1941706b4e827d73f6ed2,Aliquot arithmetic/sensitivity; candidate/reproducibility summaries; nested benchmark/signature results; external summaries; pairing results; evidence matrix; ridge specification; TRACERx repeats/dispersion.,376a7f13ba348854bc4d5f9a783e67b09aedbdec6e6fd58aee8bc6a2280e3886,b2eff8847eb7a8dc1721537f755b091b71e58df406e64095fa31a3c3031182f2,4f37f0eddd7a9dd0c5ba1c80e57021ae6f73258bbba7fd508202c115005826f2,40384b2142cd08444226a559dbc6e0b50452cc6aa47c5a8991e681229db3c5d9,2026-10-04,unknown; see source_provenance.csv,R_ENABLE_JIT=0 Rscript analysis/38_presentation_figures.R,0,2026-10-04T16:13:12.3549740Z,File hash establishes identity; command status establishes execution. Matching checkpoints may be reused.
paper/evidence_matrix.tex,analysis/38_presentation_figures.R,bc350a6c69338ff28f3a2948ae37aae7cd1abbb62fbbe3a70a237748d2630588,7a6cf1e1516c0a908e00a3096cfa70cba4e1cff5edf1941706b4e827d73f6ed2,Aliquot arithmetic/sensitivity; candidate/reproducibility summaries; nested benchmark/signature results; external summaries; pairing results; evidence matrix; ridge specification; TRACERx repeats/dispersion.,376a7f13ba348854bc4d5f9a783e67b09aedbdec6e6fd58aee8bc6a2280e3886,b2eff8847eb7a8dc1721537f755b091b71e58df406e64095fa31a3c3031182f2,4f37f0eddd7a9dd0c5ba1c80e57021ae6f73258bbba7fd508202c115005826f2,40384b2142cd08444226a559dbc6e0b50452cc6aa47c5a8991e681229db3c5d9,2026-10-04,unknown; see source_provenance.csv,R_ENABLE_JIT=0 Rscript analysis/38_presentation_figures.R,0,2026-10-04T16:13:12.3549740Z,File hash establishes identity; command status establishes execution. Matching checkpoints may be reused.
paper/figures/hydra_evidence_overview.pdf,analysis/45_evidence_overview.py,e6ce750f0df1de208ef57d05704fc6aaf949b0d87f2ffe7a8ba0a46d67d1220a,9558640cc3aa93f6d0824c1c3176970059ec1afc2e23974e3eda17bd2c3d616d,Author-maintained `P/figures/hydra_evidence_overview.svg`; headless browser export with viewBox page dimensions and source-byte preservation.,376a7f13ba348854bc4d5f9a783e67b09aedbdec6e6fd58aee8bc6a2280e3886,b2eff8847eb7a8dc1721537f755b091b71e58df406e64095fa31a3c3031182f2,4f37f0eddd7a9dd0c5ba1c80e57021ae6f73258bbba7fd508202c115005826f2,40384b2142cd08444226a559dbc6e0b50452cc6aa47c5a8991e681229db3c5d9,2026-10-04,unknown; see source_provenance.csv,python.exe analysis/45_evidence_overview.py [overview export],0,2026-10-05T08:07:13.4894206Z,File hash establishes identity; command status establishes execution. Matching checkpoints may be reused.
paper/limitations_macros.tex,analysis/46_limitations_sensitivity.R,d993c306ce2bbadfab025d384809381c23b242417be9ac22f7b2dfe185c932fb,4654a073b2382a4ecccb15f6603e8f19d6ee9a643c0db86205080dddc3f627f8,"TCGA survival input, GSE29609 matrix/clinical data, E-MTAB frozen input and annotation, fixed 23-gene shortlist; all five expression cohort accession IDs.",376a7f13ba348854bc4d5f9a783e67b09aedbdec6e6fd58aee8bc6a2280e3886,b2eff8847eb7a8dc1721537f755b091b71e58df406e64095fa31a3c3031182f2,4f37f0eddd7a9dd0c5ba1c80e57021ae6f73258bbba7fd508202c115005826f2,40384b2142cd08444226a559dbc6e0b50452cc6aa47c5a8991e681229db3c5d9,2026-10-04,unknown; see source_provenance.csv,run_pipeline.ps1 (SkipInstall=True; ForceDownload=False; NestedWorkers=1; StartAt=analysis/46_limitations_sensitivity.R),0,2026-10-04T17:01:17.7940414Z,File hash establishes identity; command status establishes execution. Matching checkpoints may be reused.
paper/limitations_table.tex,analysis/46_limitations_sensitivity.R,eedec6c4ef7c18378ebfe7bbb491877ad3acd5b1e3c5b915ec83c6680cd0a0cb,4654a073b2382a4ecccb15f6603e8f19d6ee9a643c0db86205080dddc3f627f8,"TCGA survival input, GSE29609 matrix/clinical data, E-MTAB frozen input and annotation, fixed 23-gene shortlist; all five expression cohort accession IDs.",376a7f13ba348854bc4d5f9a783e67b09aedbdec6e6fd58aee8bc6a2280e3886,b2eff8847eb7a8dc1721537f755b091b71e58df406e64095fa31a3c3031182f2,4f37f0eddd7a9dd0c5ba1c80e57021ae6f73258bbba7fd508202c115005826f2,40384b2142cd08444226a559dbc6e0b50452cc6aa47c5a8991e681229db3c5d9,2026-10-04,unknown; see source_provenance.csv,run_pipeline.ps1 (SkipInstall=True; ForceDownload=False; NestedWorkers=1; StartAt=analysis/46_limitations_sensitivity.R),0,2026-10-04T17:01:17.7940414Z,File hash establishes identity; command status establishes execution. Matching checkpoints may be reused.
paper/main.pdf,build_paper.ps1,045e297e12b73f93b2f7dc3c8af42c6a5bcd97b6915df37d08ad83b696ef196d,ae2d2389a146f6a6dbad3df73fce5c2a38b2387c6760ffa6ec67716c9788e0cb,"`P/main.tex`, `supplement.tex`, bibliography/style, generated TeX tables/macros, included figure files; installed TeX tools.",376a7f13ba348854bc4d5f9a783e67b09aedbdec6e6fd58aee8bc6a2280e3886,b2eff8847eb7a8dc1721537f755b091b71e58df406e64095fa31a3c3031182f2,4f37f0eddd7a9dd0c5ba1c80e57021ae6f73258bbba7fd508202c115005826f2,40384b2142cd08444226a559dbc6e0b50452cc6aa47c5a8991e681229db3c5d9,2026-10-04,unknown; see source_provenance.csv,build_paper.ps1,0,2026-10-05T08:07:18.7596906Z,File hash establishes identity; command status establishes execution. Matching checkpoints may be reused.
paper/plate_macros.tex,analysis/49_plate_de_sensitivity.R,f87fc03f3cebbef0f7b4036c8e90632e57a88620009ea1f4577f38212502317a,2d29f38fb4fd0ebda8479fd24923a0dd95c7eea80032a0ee4356a124c65547c0,"Selected TCGA raw counts, barcode plate metadata, locked annotation/configuration, primary DE results and fixed shortlist; full-rank plate-plus-condition designs.",376a7f13ba348854bc4d5f9a783e67b09aedbdec6e6fd58aee8bc6a2280e3886,b2eff8847eb7a8dc1721537f755b091b71e58df406e64095fa31a3c3031182f2,4f37f0eddd7a9dd0c5ba1c80e57021ae6f73258bbba7fd508202c115005826f2,40384b2142cd08444226a559dbc6e0b50452cc6aa47c5a8991e681229db3c5d9,2026-10-04,unknown; see source_provenance.csv,R_ENABLE_JIT=0 Rscript analysis/49_plate_de_sensitivity.R ,0,2026-10-04T17:00:31.3825615Z,File hash establishes identity; command status establishes execution. Matching checkpoints may be reused.
paper/results_macros.tex,analysis/25_paper_numbers.R,a52fb95d48264fa087f2948abe0c8f12efa8c6a575b73c07f559d1d349cace84,f0648829cc13fc524dc133c1f807f54d6163db7d34dcb10f252ad622c7290fae,"Cohort/count summaries; candidate, paired-DE, shape, composition, bootstrap, conditional-CV, external, TRACERx, aliquot/pairing, null, benchmark, signature, ridge, and procedure-comparison results. Every literal CSV dependency appears in this script.",376a7f13ba348854bc4d5f9a783e67b09aedbdec6e6fd58aee8bc6a2280e3886,b2eff8847eb7a8dc1721537f755b091b71e58df406e64095fa31a3c3031182f2,4f37f0eddd7a9dd0c5ba1c80e57021ae6f73258bbba7fd508202c115005826f2,40384b2142cd08444226a559dbc6e0b50452cc6aa47c5a8991e681229db3c5d9,2026-10-04,unknown; see source_provenance.csv,R_ENABLE_JIT=0 Rscript analysis/25_paper_numbers.R,0,2026-10-04T16:13:53.1277186Z,File hash establishes identity; command status establishes execution. Matching checkpoints may be reused.
paper/review_candidate_table.tex,analysis/39_candidate_ledger.R,6cb50c358733045fac5fa0ec75a5a713c57c1b7efde135233122c7a11c146473,85055b157a26a65dedbf492747ba2794b85c5928446b43ae15ca2ff74ea48b1a,"Reproducible-DE and candidate evidence tables; all TCGA Cox models; both external tables; coefficient bootstrap; conditional CV; purity/composition; HPA; evidence matrix; procedure summary; harmonized-cohort, heterogeneity, missing-covariate, source-site and plate sensitivities.",376a7f13ba348854bc4d5f9a783e67b09aedbdec6e6fd58aee8bc6a2280e3886,b2eff8847eb7a8dc1721537f755b091b71e58df406e64095fa31a3c3031182f2,4f37f0eddd7a9dd0c5ba1c80e57021ae6f73258bbba7fd508202c115005826f2,40384b2142cd08444226a559dbc6e0b50452cc6aa47c5a8991e681229db3c5d9,2026-10-04,unknown; see source_provenance.csv,R_ENABLE_JIT=0 Rscript analysis/39_candidate_ledger.R ,0,2026-10-04T17:00:55.6796203Z,File hash establishes identity; command status establishes execution. Matching checkpoints may be reused.
paper/review_macros.tex,analysis/39_candidate_ledger.R,e93a64603db8cea7e8fc151a6b250e5545fe56d578f2c55b87107a9510f1a159,85055b157a26a65dedbf492747ba2794b85c5928446b43ae15ca2ff74ea48b1a,"Reproducible-DE and candidate evidence tables; all TCGA Cox models; both external tables; coefficient bootstrap; conditional CV; purity/composition; HPA; evidence matrix; procedure summary; harmonized-cohort, heterogeneity, missing-covariate, source-site and plate sensitivities.",376a7f13ba348854bc4d5f9a783e67b09aedbdec6e6fd58aee8bc6a2280e3886,b2eff8847eb7a8dc1721537f755b091b71e58df406e64095fa31a3c3031182f2,4f37f0eddd7a9dd0c5ba1c80e57021ae6f73258bbba7fd508202c115005826f2,40384b2142cd08444226a559dbc6e0b50452cc6aa47c5a8991e681229db3c5d9,2026-10-04,unknown; see source_provenance.csv,R_ENABLE_JIT=0 Rscript analysis/39_candidate_ledger.R ,0,2026-10-04T17:00:55.6796203Z,File hash establishes identity; command status establishes execution. Matching checkpoints may be reused.
paper/ridge_spec_table.tex,analysis/38_presentation_figures.R,5595075406fb1f1ef787c64783e211ce2ef29dfbb47b8127b874b1dd875e44f3,7a6cf1e1516c0a908e00a3096cfa70cba4e1cff5edf1941706b4e827d73f6ed2,Aliquot arithmetic/sensitivity; candidate/reproducibility summaries; nested benchmark/signature results; external summaries; pairing results; evidence matrix; ridge specification; TRACERx repeats/dispersion.,376a7f13ba348854bc4d5f9a783e67b09aedbdec6e6fd58aee8bc6a2280e3886,b2eff8847eb7a8dc1721537f755b091b71e58df406e64095fa31a3c3031182f2,4f37f0eddd7a9dd0c5ba1c80e57021ae6f73258bbba7fd508202c115005826f2,40384b2142cd08444226a559dbc6e0b50452cc6aa47c5a8991e681229db3c5d9,2026-10-04,unknown; see source_provenance.csv,R_ENABLE_JIT=0 Rscript analysis/38_presentation_figures.R,0,2026-10-04T16:13:12.3549740Z,File hash establishes identity; command status establishes execution. Matching checkpoints may be reused.
results/figures/aliquot_sensitivity.png,analysis/38_presentation_figures.R,5b377bdc3abe2454ca56b13d25329baf1c58ebcb922641e78a914f4a251e430e,7a6cf1e1516c0a908e00a3096cfa70cba4e1cff5edf1941706b4e827d73f6ed2,Aliquot arithmetic/sensitivity; candidate/reproducibility summaries; nested benchmark/signature results; external summaries; pairing results; evidence matrix; ridge specification; TRACERx repeats/dispersion.,376a7f13ba348854bc4d5f9a783e67b09aedbdec6e6fd58aee8bc6a2280e3886,b2eff8847eb7a8dc1721537f755b091b71e58df406e64095fa31a3c3031182f2,4f37f0eddd7a9dd0c5ba1c80e57021ae6f73258bbba7fd508202c115005826f2,40384b2142cd08444226a559dbc6e0b50452cc6aa47c5a8991e681229db3c5d9,2026-10-04,unknown; see source_provenance.csv,R_ENABLE_JIT=0 Rscript analysis/38_presentation_figures.R,0,2026-10-04T16:13:12.3549740Z,File hash establishes identity; command status establishes execution. Matching checkpoints may be reused.
results/figures/candidate_forest_plot.png,analysis/09_figures_tcga.R,7a136b77c074eaac0534fad03a8345c08c8343a21cabeaa0479c019132411f75,9198198a17c709809346032f94159035253affaa3cd7aab8757baaf79f590fd8,TCGA DE/Cox results; candidate evidence and interpretation context.,376a7f13ba348854bc4d5f9a783e67b09aedbdec6e6fd58aee8bc6a2280e3886,b2eff8847eb7a8dc1721537f755b091b71e58df406e64095fa31a3c3031182f2,4f37f0eddd7a9dd0c5ba1c80e57021ae6f73258bbba7fd508202c115005826f2,40384b2142cd08444226a559dbc6e0b50452cc6aa47c5a8991e681229db3c5d9,2026-10-04,unknown; see source_provenance.csv,R_ENABLE_JIT=0 Rscript analysis/09_figures_tcga.R ,0,2026-10-04T17:01:03.8963007Z,File hash establishes identity; command status establishes execution. Matching checkpoints may be reused.
results/figures/cohort_flow.png,analysis/38_presentation_figures.R,6b0b4918b6eb41ac0d3c6e26d335a63b180ca7801db1b4f88edc3c57aeeb5cf6,7a6cf1e1516c0a908e00a3096cfa70cba4e1cff5edf1941706b4e827d73f6ed2,Aliquot arithmetic/sensitivity; candidate/reproducibility summaries; nested benchmark/signature results; external summaries; pairing results; evidence matrix; ridge specification; TRACERx repeats/dispersion.,376a7f13ba348854bc4d5f9a783e67b09aedbdec6e6fd58aee8bc6a2280e3886,b2eff8847eb7a8dc1721537f755b091b71e58df406e64095fa31a3c3031182f2,4f37f0eddd7a9dd0c5ba1c80e57021ae6f73258bbba7fd508202c115005826f2,40384b2142cd08444226a559dbc6e0b50452cc6aa47c5a8991e681229db3c5d9,2026-10-04,unknown; see source_provenance.csv,R_ENABLE_JIT=0 Rscript analysis/38_presentation_figures.R,0,2026-10-04T16:13:12.3549740Z,File hash establishes identity; command status establishes execution. Matching checkpoints may be reused.
results/figures/composition_marker_fdr.png,analysis/34_evidence_display.R,56ebba6955f54d15fa5007a80a291b4d2d871f2307bc9ffe1e63499ccedc1560,a2ce476ec4ef5cda94012ebf8efcdb10180cf6eb9ba6051503d04dd2b06b9772,Nested predictions/folds; TCGA clinical/column metadata and sample summaries; both external survival tables/summaries; shortlist; composition/purity tables; TRACERx repeats/study summary; CheckMate summary; GEO sample summaries.,376a7f13ba348854bc4d5f9a783e67b09aedbdec6e6fd58aee8bc6a2280e3886,b2eff8847eb7a8dc1721537f755b091b71e58df406e64095fa31a3c3031182f2,4f37f0eddd7a9dd0c5ba1c80e57021ae6f73258bbba7fd508202c115005826f2,40384b2142cd08444226a559dbc6e0b50452cc6aa47c5a8991e681229db3c5d9,2026-10-04,unknown; see source_provenance.csv,R_ENABLE_JIT=0 Rscript analysis/34_evidence_display.R,0,2026-10-04T16:13:06.9748626Z,File hash establishes identity; command status establishes execution. Matching checkpoints may be reused.
results/figures/evidence_funnel.png,analysis/11_hardening_outputs.R,5ab742cec5541445406dee7bc5e3b12c9aee94fbc1dcf151151547a081822060,ea6bc473829b33ccdeb233d490ca2b965c97e578888c38778f046988d4f5916a,Candidate evidence and counts; TCGA survival input; reproducible-DE table; embedded interpretation/literature text.,376a7f13ba348854bc4d5f9a783e67b09aedbdec6e6fd58aee8bc6a2280e3886,b2eff8847eb7a8dc1721537f755b091b71e58df406e64095fa31a3c3031182f2,4f37f0eddd7a9dd0c5ba1c80e57021ae6f73258bbba7fd508202c115005826f2,40384b2142cd08444226a559dbc6e0b50452cc6aa47c5a8991e681229db3c5d9,2026-10-04,unknown; see source_provenance.csv,Rscript analysis/11_hardening_outputs.R ,0,2026-10-01T16:45:33.6371075Z,File hash establishes identity; command status establishes execution. Matching checkpoints may be reused.
results/figures/external_direction_comparison.png,analysis/38_presentation_figures.R,09fc49939af44e85471a0b2671b1f090db2f9165e7bf35ba52a02eab1f7c7649,7a6cf1e1516c0a908e00a3096cfa70cba4e1cff5edf1941706b4e827d73f6ed2,Aliquot arithmetic/sensitivity; candidate/reproducibility summaries; nested benchmark/signature results; external summaries; pairing results; evidence matrix; ridge specification; TRACERx repeats/dispersion.,376a7f13ba348854bc4d5f9a783e67b09aedbdec6e6fd58aee8bc6a2280e3886,b2eff8847eb7a8dc1721537f755b091b71e58df406e64095fa31a3c3031182f2,4f37f0eddd7a9dd0c5ba1c80e57021ae6f73258bbba7fd508202c115005826f2,40384b2142cd08444226a559dbc6e0b50452cc6aa47c5a8991e681229db3c5d9,2026-10-04,unknown; see source_provenance.csv,R_ENABLE_JIT=0 Rscript analysis/38_presentation_figures.R,0,2026-10-04T16:13:12.3549740Z,File hash establishes identity; command status establishes execution. Matching checkpoints may be reused.
results/figures/external_log_hr_forest.png,analysis/34_evidence_display.R,92a7b5ec255bc704057ec23bcf549d7473f999fdadd3f7e1d3899a73a56c2a5b,a2ce476ec4ef5cda94012ebf8efcdb10180cf6eb9ba6051503d04dd2b06b9772,Nested predictions/folds; TCGA clinical/column metadata and sample summaries; both external survival tables/summaries; shortlist; composition/purity tables; TRACERx repeats/study summary; CheckMate summary; GEO sample summaries.,376a7f13ba348854bc4d5f9a783e67b09aedbdec6e6fd58aee8bc6a2280e3886,b2eff8847eb7a8dc1721537f755b091b71e58df406e64095fa31a3c3031182f2,4f37f0eddd7a9dd0c5ba1c80e57021ae6f73258bbba7fd508202c115005826f2,40384b2142cd08444226a559dbc6e0b50452cc6aa47c5a8991e681229db3c5d9,2026-10-04,unknown; see source_provenance.csv,R_ENABLE_JIT=0 Rscript analysis/34_evidence_display.R,0,2026-10-04T16:13:06.9748626Z,File hash establishes identity; command status establishes execution. Matching checkpoints may be reused.
results/figures/external_log_hr_forest.png,analysis/37_central_results.R,92a7b5ec255bc704057ec23bcf549d7473f999fdadd3f7e1d3899a73a56c2a5b,31e4d3b49ca974fe88ab24bc3b198b142128b04bc945bbfd4ded7b6ce368af81,Shortlist; GEO DE; external survival; composition/purity; selection frequency; TRACERx one-region summary; CheckMate interactions; aliquot and pairing results; nested benchmark/folds; signature summary; TCGA Cox/clinical/column metadata.,376a7f13ba348854bc4d5f9a783e67b09aedbdec6e6fd58aee8bc6a2280e3886,b2eff8847eb7a8dc1721537f755b091b71e58df406e64095fa31a3c3031182f2,4f37f0eddd7a9dd0c5ba1c80e57021ae6f73258bbba7fd508202c115005826f2,40384b2142cd08444226a559dbc6e0b50452cc6aa47c5a8991e681229db3c5d9,2026-10-04,unknown; see source_provenance.csv,R_ENABLE_JIT=0 Rscript analysis/37_central_results.R,0,2026-10-04T16:13:10.4174238Z,File hash establishes identity; command status establishes execution. Matching checkpoints may be reused.
results/figures/funnel_external_comparison.png,analysis/27_audit_figures.R,3b6a3513c4bcd8e484dab778583acff36191a2344dd9be72942b3a7cff11b493,0903a16e9a6adcce1d3143b2cfc68bc9feff692632380e831167f76cd7ee2c46,"External procedure summary, nested CV repeat metrics/summary.",376a7f13ba348854bc4d5f9a783e67b09aedbdec6e6fd58aee8bc6a2280e3886,b2eff8847eb7a8dc1721537f755b091b71e58df406e64095fa31a3c3031182f2,4f37f0eddd7a9dd0c5ba1c80e57021ae6f73258bbba7fd508202c115005826f2,40384b2142cd08444226a559dbc6e0b50452cc6aa47c5a8991e681229db3c5d9,2026-10-04,unknown; see source_provenance.csv,R_ENABLE_JIT=0 Rscript analysis/27_audit_figures.R ,0,2026-10-04T17:01:04.8385230Z,File hash establishes identity; command status establishes execution. Matching checkpoints may be reused.
results/figures/gse53757_pairing_sensitivity.png,analysis/38_presentation_figures.R,5291c300db0edff2c09aefc891202d6e1c6a78070dbb24ac6f8acbae6100eeee,7a6cf1e1516c0a908e00a3096cfa70cba4e1cff5edf1941706b4e827d73f6ed2,Aliquot arithmetic/sensitivity; candidate/reproducibility summaries; nested benchmark/signature results; external summaries; pairing results; evidence matrix; ridge specification; TRACERx repeats/dispersion.,376a7f13ba348854bc4d5f9a783e67b09aedbdec6e6fd58aee8bc6a2280e3886,b2eff8847eb7a8dc1721537f755b091b71e58df406e64095fa31a3c3031182f2,4f37f0eddd7a9dd0c5ba1c80e57021ae6f73258bbba7fd508202c115005826f2,40384b2142cd08444226a559dbc6e0b50452cc6aa47c5a8991e681229db3c5d9,2026-10-04,unknown; see source_provenance.csv,R_ENABLE_JIT=0 Rscript analysis/38_presentation_figures.R,0,2026-10-04T16:13:12.3549740Z,File hash establishes identity; command status establishes execution. Matching checkpoints may be reused.
results/figures/master_funnel_benchmark.png,analysis/38_presentation_figures.R,bf1d2155986422324d6f99a1537c547e3907e5fb2292e2bcfcb6bdb5c79b11a6,7a6cf1e1516c0a908e00a3096cfa70cba4e1cff5edf1941706b4e827d73f6ed2,Aliquot arithmetic/sensitivity; candidate/reproducibility summaries; nested benchmark/signature results; external summaries; pairing results; evidence matrix; ridge specification; TRACERx repeats/dispersion.,376a7f13ba348854bc4d5f9a783e67b09aedbdec6e6fd58aee8bc6a2280e3886,b2eff8847eb7a8dc1721537f755b091b71e58df406e64095fa31a3c3031182f2,4f37f0eddd7a9dd0c5ba1c80e57021ae6f73258bbba7fd508202c115005826f2,40384b2142cd08444226a559dbc6e0b50452cc6aa47c5a8991e681229db3c5d9,2026-10-04,unknown; see source_provenance.csv,R_ENABLE_JIT=0 Rscript analysis/38_presentation_figures.R,0,2026-10-04T16:13:12.3549740Z,File hash establishes identity; command status establishes execution. Matching checkpoints may be reused.
results/figures/nested_cv_increment.png,analysis/27_audit_figures.R,c55d4b6d17d9fa61d8ede9a37d201f92f48d033a9728805a25669db553606096,0903a16e9a6adcce1d3143b2cfc68bc9feff692632380e831167f76cd7ee2c46,"External procedure summary, nested CV repeat metrics/summary.",376a7f13ba348854bc4d5f9a783e67b09aedbdec6e6fd58aee8bc6a2280e3886,b2eff8847eb7a8dc1721537f755b091b71e58df406e64095fa31a3c3031182f2,4f37f0eddd7a9dd0c5ba1c80e57021ae6f73258bbba7fd508202c115005826f2,40384b2142cd08444226a559dbc6e0b50452cc6aa47c5a8991e681229db3c5d9,2026-10-04,unknown; see source_provenance.csv,R_ENABLE_JIT=0 Rscript analysis/27_audit_figures.R ,0,2026-10-04T17:01:04.8385230Z,File hash establishes identity; command status establishes execution. Matching checkpoints may be reused.
results/figures/nested_gene_selection_frequency.png,analysis/34_evidence_display.R,bb7dc5ad55fdfbcbc5718523bfc98a32c5cf4e31b72b2cfa4c53d843be0fb68b,a2ce476ec4ef5cda94012ebf8efcdb10180cf6eb9ba6051503d04dd2b06b9772,Nested predictions/folds; TCGA clinical/column metadata and sample summaries; both external survival tables/summaries; shortlist; composition/purity tables; TRACERx repeats/study summary; CheckMate summary; GEO sample summaries.,376a7f13ba348854bc4d5f9a783e67b09aedbdec6e6fd58aee8bc6a2280e3886,b2eff8847eb7a8dc1721537f755b091b71e58df406e64095fa31a3c3031182f2,4f37f0eddd7a9dd0c5ba1c80e57021ae6f73258bbba7fd508202c115005826f2,40384b2142cd08444226a559dbc6e0b50452cc6aa47c5a8991e681229db3c5d9,2026-10-04,unknown; see source_provenance.csv,R_ENABLE_JIT=0 Rscript analysis/34_evidence_display.R,0,2026-10-04T16:13:06.9748626Z,File hash establishes identity; command status establishes execution. Matching checkpoints may be reused.
results/figures/nested_selection_benchmark.png,analysis/40_review_figures.R,e30aab10bed4be8215833ce6d51b0e46a072af6244dbdd1c77e0e6d4df3ead52,334945962af69bc93380852fe4ef94795e2dc6a693cd8f36dc8495f8b4ba6948,Funnel; shortlist; external tables/summaries; bootstrap; nested CV summary; composition/purity/coverage; HPA summary; nested benchmark repeat metrics.,376a7f13ba348854bc4d5f9a783e67b09aedbdec6e6fd58aee8bc6a2280e3886,b2eff8847eb7a8dc1721537f755b091b71e58df406e64095fa31a3c3031182f2,4f37f0eddd7a9dd0c5ba1c80e57021ae6f73258bbba7fd508202c115005826f2,40384b2142cd08444226a559dbc6e0b50452cc6aa47c5a8991e681229db3c5d9,2026-10-04,unknown; see source_provenance.csv,R_ENABLE_JIT=0 Rscript analysis/40_review_figures.R ,0,2026-10-04T17:00:57.9339869Z,File hash establishes identity; command status establishes execution. Matching checkpoints may be reused.
results/figures/nested_selection_benchmark_five_arm.png,analysis/31_nested_selection_benchmark.R,05fdfe7d02aad9024765fd47ed2123775ab525d627070ae44bfd456629427abe,e5640f8d4eae20098faa1dd820a567b5923964f5476075a55bcb02bd6a2cefe8,"TCGA SummarizedExperiment/clinical metadata, GEO DE tables, stage-22 fold definitions, matching benchmark checkpoints.",376a7f13ba348854bc4d5f9a783e67b09aedbdec6e6fd58aee8bc6a2280e3886,b2eff8847eb7a8dc1721537f755b091b71e58df406e64095fa31a3c3031182f2,4f37f0eddd7a9dd0c5ba1c80e57021ae6f73258bbba7fd508202c115005826f2,40384b2142cd08444226a559dbc6e0b50452cc6aa47c5a8991e681229db3c5d9,2026-10-04,unknown; see source_provenance.csv,R_GC_MEM_GROW unset; R_ENABLE_JIT=0 Rscript analysis/31_nested_selection_benchmark.R,0,2026-10-04T15:42:48.5860647Z,File hash establishes identity; command status establishes execution. Matching checkpoints may be reused.
results/figures/review_contradictory_case.pdf,analysis/40_review_figures.R,b53f9a0531bf806eff6420b76c40c8a3bc1ee21cc2a905c83864e63d87f72442,334945962af69bc93380852fe4ef94795e2dc6a693cd8f36dc8495f8b4ba6948,Funnel; shortlist; external tables/summaries; bootstrap; nested CV summary; composition/purity/coverage; HPA summary; nested benchmark repeat metrics.,376a7f13ba348854bc4d5f9a783e67b09aedbdec6e6fd58aee8bc6a2280e3886,b2eff8847eb7a8dc1721537f755b091b71e58df406e64095fa31a3c3031182f2,4f37f0eddd7a9dd0c5ba1c80e57021ae6f73258bbba7fd508202c115005826f2,40384b2142cd08444226a559dbc6e0b50452cc6aa47c5a8991e681229db3c5d9,2026-10-04,unknown; see source_provenance.csv,R_ENABLE_JIT=0 Rscript analysis/40_review_figures.R ,0,2026-10-04T17:00:57.9339869Z,File hash establishes identity; command status establishes execution. Matching checkpoints may be reused.
results/figures/review_contradictory_case.png,analysis/40_review_figures.R,fdf379c19f636aa163bcbac9832aaae9e07e8397c7980cf78dfe24c79fb6850f,334945962af69bc93380852fe4ef94795e2dc6a693cd8f36dc8495f8b4ba6948,Funnel; shortlist; external tables/summaries; bootstrap; nested CV summary; composition/purity/coverage; HPA summary; nested benchmark repeat metrics.,376a7f13ba348854bc4d5f9a783e67b09aedbdec6e6fd58aee8bc6a2280e3886,b2eff8847eb7a8dc1721537f755b091b71e58df406e64095fa31a3c3031182f2,4f37f0eddd7a9dd0c5ba1c80e57021ae6f73258bbba7fd508202c115005826f2,40384b2142cd08444226a559dbc6e0b50452cc6aa47c5a8991e681229db3c5d9,2026-10-04,unknown; see source_provenance.csv,R_ENABLE_JIT=0 Rscript analysis/40_review_figures.R ,0,2026-10-04T17:00:57.9339869Z,File hash establishes identity; command status establishes execution. Matching checkpoints may be reused.
results/figures/review_evidence_funnel.pdf,analysis/40_review_figures.R,06b8ef5f6c406462efad7ee224e74dcd19ffeb44187a519b91e405114154694a,334945962af69bc93380852fe4ef94795e2dc6a693cd8f36dc8495f8b4ba6948,Funnel; shortlist; external tables/summaries; bootstrap; nested CV summary; composition/purity/coverage; HPA summary; nested benchmark repeat metrics.,376a7f13ba348854bc4d5f9a783e67b09aedbdec6e6fd58aee8bc6a2280e3886,b2eff8847eb7a8dc1721537f755b091b71e58df406e64095fa31a3c3031182f2,4f37f0eddd7a9dd0c5ba1c80e57021ae6f73258bbba7fd508202c115005826f2,40384b2142cd08444226a559dbc6e0b50452cc6aa47c5a8991e681229db3c5d9,2026-10-04,unknown; see source_provenance.csv,R_ENABLE_JIT=0 Rscript analysis/40_review_figures.R ,0,2026-10-04T17:00:57.9339869Z,File hash establishes identity; command status establishes execution. Matching checkpoints may be reused.
results/figures/review_evidence_funnel.png,analysis/40_review_figures.R,ea6e6fa329aca41fc6d7b1778e6bfcc0e83c6c3023987976114a7485a545c2fc,334945962af69bc93380852fe4ef94795e2dc6a693cd8f36dc8495f8b4ba6948,Funnel; shortlist; external tables/summaries; bootstrap; nested CV summary; composition/purity/coverage; HPA summary; nested benchmark repeat metrics.,376a7f13ba348854bc4d5f9a783e67b09aedbdec6e6fd58aee8bc6a2280e3886,b2eff8847eb7a8dc1721537f755b091b71e58df406e64095fa31a3c3031182f2,4f37f0eddd7a9dd0c5ba1c80e57021ae6f73258bbba7fd508202c115005826f2,40384b2142cd08444226a559dbc6e0b50452cc6aa47c5a8991e681229db3c5d9,2026-10-04,unknown; see source_provenance.csv,R_ENABLE_JIT=0 Rscript analysis/40_review_figures.R ,0,2026-10-04T17:00:57.9339869Z,File hash establishes identity; command status establishes execution. Matching checkpoints may be reused.
results/figures/review_replicated_association.pdf,analysis/40_review_figures.R,7b497accaa6d60e8dee8a279eaaa0dc65ee1ebb8d3bc2ad1d1402a979bf68a4c,334945962af69bc93380852fe4ef94795e2dc6a693cd8f36dc8495f8b4ba6948,Funnel; shortlist; external tables/summaries; bootstrap; nested CV summary; composition/purity/coverage; HPA summary; nested benchmark repeat metrics.,376a7f13ba348854bc4d5f9a783e67b09aedbdec6e6fd58aee8bc6a2280e3886,b2eff8847eb7a8dc1721537f755b091b71e58df406e64095fa31a3c3031182f2,4f37f0eddd7a9dd0c5ba1c80e57021ae6f73258bbba7fd508202c115005826f2,40384b2142cd08444226a559dbc6e0b50452cc6aa47c5a8991e681229db3c5d9,2026-10-04,unknown; see source_provenance.csv,R_ENABLE_JIT=0 Rscript analysis/40_review_figures.R ,0,2026-10-04T17:00:57.9339869Z,File hash establishes identity; command status establishes execution. Matching checkpoints may be reused.
results/figures/review_replicated_association.png,analysis/40_review_figures.R,d7146a3f0f185185a42a5a6e210363d98222b0ec589af484f026c6420840407e,334945962af69bc93380852fe4ef94795e2dc6a693cd8f36dc8495f8b4ba6948,Funnel; shortlist; external tables/summaries; bootstrap; nested CV summary; composition/purity/coverage; HPA summary; nested benchmark repeat metrics.,376a7f13ba348854bc4d5f9a783e67b09aedbdec6e6fd58aee8bc6a2280e3886,b2eff8847eb7a8dc1721537f755b091b71e58df406e64095fa31a3c3031182f2,4f37f0eddd7a9dd0c5ba1c80e57021ae6f73258bbba7fd508202c115005826f2,40384b2142cd08444226a559dbc6e0b50452cc6aa47c5a8991e681229db3c5d9,2026-10-04,unknown; see source_provenance.csv,R_ENABLE_JIT=0 Rscript analysis/40_review_figures.R ,0,2026-10-04T17:00:57.9339869Z,File hash establishes identity; command status establishes execution. Matching checkpoints may be reused.
results/figures/tcga_kirc_directional_discordance.png,analysis/09_figures_tcga.R,81425ed0ec5ca1fdc20b88463efcc44700258beeb96f674ea2adf8f9dae6cb59,9198198a17c709809346032f94159035253affaa3cd7aab8757baaf79f590fd8,TCGA DE/Cox results; candidate evidence and interpretation context.,376a7f13ba348854bc4d5f9a783e67b09aedbdec6e6fd58aee8bc6a2280e3886,b2eff8847eb7a8dc1721537f755b091b71e58df406e64095fa31a3c3031182f2,4f37f0eddd7a9dd0c5ba1c80e57021ae6f73258bbba7fd508202c115005826f2,40384b2142cd08444226a559dbc6e0b50452cc6aa47c5a8991e681229db3c5d9,2026-10-04,unknown; see source_provenance.csv,R_ENABLE_JIT=0 Rscript analysis/09_figures_tcga.R ,0,2026-10-04T17:01:03.8963007Z,File hash establishes identity; command status establishes execution. Matching checkpoints may be reused.
results/figures/tcga_kirc_discordance.png,analysis/09_figures_tcga.R,a401d28bbdf6e63506fbf401eac761c494fa0432453da9dfee376687151f8842,9198198a17c709809346032f94159035253affaa3cd7aab8757baaf79f590fd8,TCGA DE/Cox results; candidate evidence and interpretation context.,376a7f13ba348854bc4d5f9a783e67b09aedbdec6e6fd58aee8bc6a2280e3886,b2eff8847eb7a8dc1721537f755b091b71e58df406e64095fa31a3c3031182f2,4f37f0eddd7a9dd0c5ba1c80e57021ae6f73258bbba7fd508202c115005826f2,40384b2142cd08444226a559dbc6e0b50452cc6aa47c5a8991e681229db3c5d9,2026-10-04,unknown; see source_provenance.csv,R_ENABLE_JIT=0 Rscript analysis/09_figures_tcga.R ,0,2026-10-04T17:01:03.8963007Z,File hash establishes identity; command status establishes execution. Matching checkpoints may be reused.
results/figures/tcga_kirc_pca.png,analysis/03_qc_tcga.R,105d278ad09c4561122a441177b29eeb1461e104c65d7c68bea2b3a67e878294,759c3199057dd78e296290ac9088a51e79dc997bf34613af34b0edc6161c7dfe,TCGA SummarizedExperiment and patient-selection helper.,376a7f13ba348854bc4d5f9a783e67b09aedbdec6e6fd58aee8bc6a2280e3886,b2eff8847eb7a8dc1721537f755b091b71e58df406e64095fa31a3c3031182f2,4f37f0eddd7a9dd0c5ba1c80e57021ae6f73258bbba7fd508202c115005826f2,40384b2142cd08444226a559dbc6e0b50452cc6aa47c5a8991e681229db3c5d9,2026-10-04,unknown; see source_provenance.csv,Rscript analysis/03_qc_tcga.R ,0,2026-09-30T18:51:10.2176284Z,File hash establishes identity; command status establishes execution. Matching checkpoints may be reused.
results/figures/tcga_kirc_volcano.png,analysis/09_figures_tcga.R,7be80d8160660fb0ffd1a2446121f291362751eef2fb73da11063e0380fcbf35,9198198a17c709809346032f94159035253affaa3cd7aab8757baaf79f590fd8,TCGA DE/Cox results; candidate evidence and interpretation context.,376a7f13ba348854bc4d5f9a783e67b09aedbdec6e6fd58aee8bc6a2280e3886,b2eff8847eb7a8dc1721537f755b091b71e58df406e64095fa31a3c3031182f2,4f37f0eddd7a9dd0c5ba1c80e57021ae6f73258bbba7fd508202c115005826f2,40384b2142cd08444226a559dbc6e0b50452cc6aa47c5a8991e681229db3c5d9,2026-10-04,unknown; see source_provenance.csv,R_ENABLE_JIT=0 Rscript analysis/09_figures_tcga.R ,0,2026-10-04T17:01:03.8963007Z,File hash establishes identity; command status establishes execution. Matching checkpoints may be reused.
results/figures/tracerx_sampling_distributions.png,analysis/38_presentation_figures.R,a8edaa9285e6ff4caa413f383d8fbe70c4fc1dd97371421cb30b67d687440752,7a6cf1e1516c0a908e00a3096cfa70cba4e1cff5edf1941706b4e827d73f6ed2,Aliquot arithmetic/sensitivity; candidate/reproducibility summaries; nested benchmark/signature results; external summaries; pairing results; evidence matrix; ridge specification; TRACERx repeats/dispersion.,376a7f13ba348854bc4d5f9a783e67b09aedbdec6e6fd58aee8bc6a2280e3886,b2eff8847eb7a8dc1721537f755b091b71e58df406e64095fa31a3c3031182f2,4f37f0eddd7a9dd0c5ba1c80e57021ae6f73258bbba7fd508202c115005826f2,40384b2142cd08444226a559dbc6e0b50452cc6aa47c5a8991e681229db3c5d9,2026-10-04,unknown; see source_provenance.csv,R_ENABLE_JIT=0 Rscript analysis/38_presentation_figures.R,0,2026-10-04T16:13:12.3549740Z,File hash establishes identity; command status establishes execution. Matching checkpoints may be reused.
results/tables/acceptance_criteria.csv,analysis/26_acceptance_report.R,7c7d43a0edcb4f97ac7f2a89795502bda4a2dfba9169ce7b07ebe8b4e7cd4fb8,1e7894782e30bb732bee8ed90455c33a35c2bcebe19a499bca1ee76840123d42,Nested CV summary and paired external-procedure bootstrap results.,376a7f13ba348854bc4d5f9a783e67b09aedbdec6e6fd58aee8bc6a2280e3886,b2eff8847eb7a8dc1721537f755b091b71e58df406e64095fa31a3c3031182f2,4f37f0eddd7a9dd0c5ba1c80e57021ae6f73258bbba7fd508202c115005826f2,40384b2142cd08444226a559dbc6e0b50452cc6aa47c5a8991e681229db3c5d9,2026-10-04,unknown; see source_provenance.csv,R_ENABLE_JIT=0 Rscript analysis/26_acceptance_report.R,0,2026-10-04T16:13:52.0298533Z,File hash establishes identity; command status establishes execution. Matching checkpoints may be reused.
results/tables/aliquot_sensitivity/drop_multi_high_confidence.csv,analysis/36_aliquot_sensitivity.R,1071a8dc9876ced8a67baf9e7b31213c552de2248fc404b6b519382b8c6530d0,76f7d8dd0635f9737cc75e7935866fe3e3441d54d9672f59d10d6928f278dba8,TCGA SummarizedExperiment/clinical metadata; both GEO DE tables; primary shortlist.,376a7f13ba348854bc4d5f9a783e67b09aedbdec6e6fd58aee8bc6a2280e3886,b2eff8847eb7a8dc1721537f755b091b71e58df406e64095fa31a3c3031182f2,4f37f0eddd7a9dd0c5ba1c80e57021ae6f73258bbba7fd508202c115005826f2,40384b2142cd08444226a559dbc6e0b50452cc6aa47c5a8991e681229db3c5d9,2026-10-04,unknown; see source_provenance.csv,Rscript analysis/36_aliquot_sensitivity.R (retry after storage recovery),0,2026-10-01T16:44:16.7129449Z,File hash establishes identity; command status establishes execution. Matching checkpoints may be reused.
results/tables/aliquot_sensitivity/first_barcode_high_confidence.csv,analysis/36_aliquot_sensitivity.R,b5fa93e1a0ed5cda772d7226ddc1b992e66c12fab9239c68956fe3bbaca38477,76f7d8dd0635f9737cc75e7935866fe3e3441d54d9672f59d10d6928f278dba8,TCGA SummarizedExperiment/clinical metadata; both GEO DE tables; primary shortlist.,376a7f13ba348854bc4d5f9a783e67b09aedbdec6e6fd58aee8bc6a2280e3886,b2eff8847eb7a8dc1721537f755b091b71e58df406e64095fa31a3c3031182f2,4f37f0eddd7a9dd0c5ba1c80e57021ae6f73258bbba7fd508202c115005826f2,40384b2142cd08444226a559dbc6e0b50452cc6aa47c5a8991e681229db3c5d9,2026-10-04,unknown; see source_provenance.csv,Rscript analysis/36_aliquot_sensitivity.R (retry after storage recovery),0,2026-10-01T16:44:16.7129449Z,File hash establishes identity; command status establishes execution. Matching checkpoints may be reused.
results/tables/aliquot_sensitivity/sum_counts_high_confidence.csv,analysis/36_aliquot_sensitivity.R,06b27105902670142eb5ab1b1ec754f7929b71445ac7c1ffbb7b77679d2a8958,76f7d8dd0635f9737cc75e7935866fe3e3441d54d9672f59d10d6928f278dba8,TCGA SummarizedExperiment/clinical metadata; both GEO DE tables; primary shortlist.,376a7f13ba348854bc4d5f9a783e67b09aedbdec6e6fd58aee8bc6a2280e3886,b2eff8847eb7a8dc1721537f755b091b71e58df406e64095fa31a3c3031182f2,4f37f0eddd7a9dd0c5ba1c80e57021ae6f73258bbba7fd508202c115005826f2,40384b2142cd08444226a559dbc6e0b50452cc6aa47c5a8991e681229db3c5d9,2026-10-04,unknown; see source_provenance.csv,Rscript analysis/36_aliquot_sensitivity.R (retry after storage recovery),0,2026-10-01T16:44:16.7129449Z,File hash establishes identity; command status establishes execution. Matching checkpoints may be reused.
results/tables/aliquot_sensitivity_summary.csv,analysis/36_aliquot_sensitivity.R,70c4ba2a65fe3843b64cd6d3bd2a2ad90da4becb086fea34eab577b03ca9e744,76f7d8dd0635f9737cc75e7935866fe3e3441d54d9672f59d10d6928f278dba8,TCGA SummarizedExperiment/clinical metadata; both GEO DE tables; primary shortlist.,376a7f13ba348854bc4d5f9a783e67b09aedbdec6e6fd58aee8bc6a2280e3886,b2eff8847eb7a8dc1721537f755b091b71e58df406e64095fa31a3c3031182f2,4f37f0eddd7a9dd0c5ba1c80e57021ae6f73258bbba7fd508202c115005826f2,40384b2142cd08444226a559dbc6e0b50452cc6aa47c5a8991e681229db3c5d9,2026-10-04,unknown; see source_provenance.csv,Rscript analysis/36_aliquot_sensitivity.R (retry after storage recovery),0,2026-10-01T16:44:16.7129449Z,File hash establishes identity; command status establishes execution. Matching checkpoints may be reused.
results/tables/benchmark_memory_cleanup_audit.csv,analysis/52_verify_benchmark_memory_cleanup.R,8e52effd343367e6f8201917f1a1a90091413e2088b2fdfeb809e044e1b36359,67b56dd3c2eeb627cd93f0f86c741fd2b48e9d2966c7e203145c4aaf3c8c2b5f,"Archived corrected stage-31 source before unused-object removal, current source, unchanged inputs and completed corrected-source checkpoints.",376a7f13ba348854bc4d5f9a783e67b09aedbdec6e6fd58aee8bc6a2280e3886,b2eff8847eb7a8dc1721537f755b091b71e58df406e64095fa31a3c3031182f2,4f37f0eddd7a9dd0c5ba1c80e57021ae6f73258bbba7fd508202c115005826f2,40384b2142cd08444226a559dbc6e0b50452cc6aa47c5a8991e681229db3c5d9,2026-10-04,unknown; see source_provenance.csv,R_GC_MEM_GROW=0 Rscript analysis/52_verify_benchmark_memory_cleanup.R,0,2026-10-04T12:36:53.9734174Z,File hash establishes identity; command status establishes execution. Matching checkpoints may be reused.
results/tables/candidate_clinical_composition_sensitivity.csv,analysis/11_hardening_outputs.R,6cb1ab582b5c30ae089daa7367e0a632d2fd2364395e51c6f0cb5d79217332e9,ea6bc473829b33ccdeb233d490ca2b965c97e578888c38778f046988d4f5916a,Candidate evidence and counts; TCGA survival input; reproducible-DE table; embedded interpretation/literature text.,376a7f13ba348854bc4d5f9a783e67b09aedbdec6e6fd58aee8bc6a2280e3886,b2eff8847eb7a8dc1721537f755b091b71e58df406e64095fa31a3c3031182f2,4f37f0eddd7a9dd0c5ba1c80e57021ae6f73258bbba7fd508202c115005826f2,40384b2142cd08444226a559dbc6e0b50452cc6aa47c5a8991e681229db3c5d9,2026-10-04,unknown; see source_provenance.csv,Rscript analysis/11_hardening_outputs.R ,0,2026-10-01T16:45:33.6371075Z,File hash establishes identity; command status establishes execution. Matching checkpoints may be reused.
results/tables/candidate_cox_bootstrap_repeats.csv,analysis/15_cox_bootstrap_uncertainty.R,ad243d956857d7f2f58647508e28bca5c90d9685259c60a331e11391a0b536e0,6c8d70e22eb700f3bee41f177700a0e4292bfb0a5ca40bfd5c178f15c4be295f,TCGA survival input and fixed candidate evidence table.,376a7f13ba348854bc4d5f9a783e67b09aedbdec6e6fd58aee8bc6a2280e3886,b2eff8847eb7a8dc1721537f755b091b71e58df406e64095fa31a3c3031182f2,4f37f0eddd7a9dd0c5ba1c80e57021ae6f73258bbba7fd508202c115005826f2,40384b2142cd08444226a559dbc6e0b50452cc6aa47c5a8991e681229db3c5d9,2026-10-04,unknown; see source_provenance.csv,Rscript analysis/15_cox_bootstrap_uncertainty.R ,0,2026-10-01T16:49:13.6385811Z,File hash establishes identity; command status establishes execution. Matching checkpoints may be reused.
results/tables/candidate_cox_bootstrap_summary.csv,analysis/15_cox_bootstrap_uncertainty.R,b54cf3dd64815662cbc6c57816092f743acd4827096d5906bd447798d624d1b6,6c8d70e22eb700f3bee41f177700a0e4292bfb0a5ca40bfd5c178f15c4be295f,TCGA survival input and fixed candidate evidence table.,376a7f13ba348854bc4d5f9a783e67b09aedbdec6e6fd58aee8bc6a2280e3886,b2eff8847eb7a8dc1721537f755b091b71e58df406e64095fa31a3c3031182f2,4f37f0eddd7a9dd0c5ba1c80e57021ae6f73258bbba7fd508202c115005826f2,40384b2142cd08444226a559dbc6e0b50452cc6aa47c5a8991e681229db3c5d9,2026-10-04,unknown; see source_provenance.csv,Rscript analysis/15_cox_bootstrap_uncertainty.R ,0,2026-10-01T16:49:13.6385811Z,File hash establishes identity; command status establishes execution. Matching checkpoints may be reused.
results/tables/candidate_cv_clinical_increment.csv,analysis/16_cv_clinical_increment.R,5d9b039d28b347d6e7d5250e4adf5c86017e6a2aa5d5d324198075c95306ffa1,bda77c93a32a8cb7716744ec0bd94bf9740dc5abbdf5431da4987e6a6e9a808a,TCGA survival input and fixed candidate evidence table.,376a7f13ba348854bc4d5f9a783e67b09aedbdec6e6fd58aee8bc6a2280e3886,b2eff8847eb7a8dc1721537f755b091b71e58df406e64095fa31a3c3031182f2,4f37f0eddd7a9dd0c5ba1c80e57021ae6f73258bbba7fd508202c115005826f2,40384b2142cd08444226a559dbc6e0b50452cc6aa47c5a8991e681229db3c5d9,2026-10-04,unknown; see source_provenance.csv,Rscript analysis/16_cv_clinical_increment.R ,0,2026-10-01T16:49:32.1413691Z,File hash establishes identity; command status establishes execution. Matching checkpoints may be reused.
results/tables/candidate_cv_clinical_increment_repeats.csv,analysis/16_cv_clinical_increment.R,879d4d73d0f25180657e8b30b8a634c0ae38368404ddc47be114707ded918bf2,bda77c93a32a8cb7716744ec0bd94bf9740dc5abbdf5431da4987e6a6e9a808a,TCGA survival input and fixed candidate evidence table.,376a7f13ba348854bc4d5f9a783e67b09aedbdec6e6fd58aee8bc6a2280e3886,b2eff8847eb7a8dc1721537f755b091b71e58df406e64095fa31a3c3031182f2,4f37f0eddd7a9dd0c5ba1c80e57021ae6f73258bbba7fd508202c115005826f2,40384b2142cd08444226a559dbc6e0b50452cc6aa47c5a8991e681229db3c5d9,2026-10-04,unknown; see source_provenance.csv,Rscript analysis/16_cv_clinical_increment.R ,0,2026-10-01T16:49:32.1413691Z,File hash establishes identity; command status establishes execution. Matching checkpoints may be reused.
results/tables/candidate_direct_tumor_purity_sensitivity.csv,analysis/19_direct_tumor_purity.R,8f21bdcdbb28d4238e2d7d3ad7c26dcb4db9adb30a975230858426f137c4ce11,a144922dfdcd41351ef0514a911a9a1f4d3fd35cf1ea8b74ec92ef4d0e4d1e64,"Purity workbook, TCGA survival input, candidate evidence table.",376a7f13ba348854bc4d5f9a783e67b09aedbdec6e6fd58aee8bc6a2280e3886,b2eff8847eb7a8dc1721537f755b091b71e58df406e64095fa31a3c3031182f2,4f37f0eddd7a9dd0c5ba1c80e57021ae6f73258bbba7fd508202c115005826f2,40384b2142cd08444226a559dbc6e0b50452cc6aa47c5a8991e681229db3c5d9,2026-10-04,unknown; see source_provenance.csv,Rscript analysis/19_direct_tumor_purity.R ,0,2026-10-01T16:49:36.9391674Z,File hash establishes identity; command status establishes execution. Matching checkpoints may be reused.
results/tables/candidate_evidence_matrix.csv,analysis/37_central_results.R,91b4a3f68cf2e467ba3d6555a3f0a5dc8b35848f05fb1d7ba0c004ff73ab941d,31e4d3b49ca974fe88ab24bc3b198b142128b04bc945bbfd4ded7b6ce368af81,Shortlist; GEO DE; external survival; composition/purity; selection frequency; TRACERx one-region summary; CheckMate interactions; aliquot and pairing results; nested benchmark/folds; signature summary; TCGA Cox/clinical/column metadata.,376a7f13ba348854bc4d5f9a783e67b09aedbdec6e6fd58aee8bc6a2280e3886,b2eff8847eb7a8dc1721537f755b091b71e58df406e64095fa31a3c3031182f2,4f37f0eddd7a9dd0c5ba1c80e57021ae6f73258bbba7fd508202c115005826f2,40384b2142cd08444226a559dbc6e0b50452cc6aa47c5a8991e681229db3c5d9,2026-10-04,unknown; see source_provenance.csv,R_ENABLE_JIT=0 Rscript analysis/37_central_results.R,0,2026-10-04T16:13:10.4174238Z,File hash establishes identity; command status establishes execution. Matching checkpoints may be reused.
results/tables/candidate_gene_evidence_table.csv,analysis/10_candidate_table.R,9f5bc56b2b632c3e58be4dd2f82a455e6823aa64a4cd9eb459d967a2f1974107,78215a8a39dda5d94f573fc0909a9558af96921ca3776fd4bf356d785e108622,Reproducible-DE and TCGA Cox results; configured thresholds and explicit gene annotations.,376a7f13ba348854bc4d5f9a783e67b09aedbdec6e6fd58aee8bc6a2280e3886,b2eff8847eb7a8dc1721537f755b091b71e58df406e64095fa31a3c3031182f2,4f37f0eddd7a9dd0c5ba1c80e57021ae6f73258bbba7fd508202c115005826f2,40384b2142cd08444226a559dbc6e0b50452cc6aa47c5a8991e681229db3c5d9,2026-10-04,unknown; see source_provenance.csv,Rscript analysis/10_candidate_table.R ,0,2026-09-30T19:57:43.6521447Z,File hash establishes identity; command status establishes execution. Matching checkpoints may be reused.
results/tables/candidate_interpretation_context.csv,analysis/11_hardening_outputs.R,94bfe30eddac0cd2c4a81d6ad0197a89072f193897b70945166b7805e7613b18,ea6bc473829b33ccdeb233d490ca2b965c97e578888c38778f046988d4f5916a,Candidate evidence and counts; TCGA survival input; reproducible-DE table; embedded interpretation/literature text.,376a7f13ba348854bc4d5f9a783e67b09aedbdec6e6fd58aee8bc6a2280e3886,b2eff8847eb7a8dc1721537f755b091b71e58df406e64095fa31a3c3031182f2,4f37f0eddd7a9dd0c5ba1c80e57021ae6f73258bbba7fd508202c115005826f2,40384b2142cd08444226a559dbc6e0b50452cc6aa47c5a8991e681229db3c5d9,2026-10-04,unknown; see source_provenance.csv,Rscript analysis/11_hardening_outputs.R ,0,2026-10-01T16:45:33.6371075Z,File hash establishes identity; command status establishes execution. Matching checkpoints may be reused.
results/tables/candidate_ledger.csv,analysis/39_candidate_ledger.R,68ade6fc1c26dd6d9c406667111bd74ccd887f68ee63f653b1a93dfb18c9ecde,85055b157a26a65dedbf492747ba2794b85c5928446b43ae15ca2ff74ea48b1a,"Reproducible-DE and candidate evidence tables; all TCGA Cox models; both external tables; coefficient bootstrap; conditional CV; purity/composition; HPA; evidence matrix; procedure summary; harmonized-cohort, heterogeneity, missing-covariate, source-site and plate sensitivities.",376a7f13ba348854bc4d5f9a783e67b09aedbdec6e6fd58aee8bc6a2280e3886,b2eff8847eb7a8dc1721537f755b091b71e58df406e64095fa31a3c3031182f2,4f37f0eddd7a9dd0c5ba1c80e57021ae6f73258bbba7fd508202c115005826f2,40384b2142cd08444226a559dbc6e0b50452cc6aa47c5a8991e681229db3c5d9,2026-10-04,unknown; see source_provenance.csv,R_ENABLE_JIT=0 Rscript analysis/39_candidate_ledger.R ,0,2026-10-04T17:00:55.6796203Z,File hash establishes identity; command status establishes execution. Matching checkpoints may be reused.
results/tables/candidate_paired_de_sensitivity.csv,analysis/10b_paired_candidates.R,4ccb5afe66634706f840b5caf7f0c3d9b94070bb649f814202b650905ae66be1,07ad88c23e55443df16bad17ce29c8a624bac387a0170d6ad6ed1d482dcf177f,Shortlist and paired TCGA DE.,376a7f13ba348854bc4d5f9a783e67b09aedbdec6e6fd58aee8bc6a2280e3886,b2eff8847eb7a8dc1721537f755b091b71e58df406e64095fa31a3c3031182f2,4f37f0eddd7a9dd0c5ba1c80e57021ae6f73258bbba7fd508202c115005826f2,40384b2142cd08444226a559dbc6e0b50452cc6aa47c5a8991e681229db3c5d9,2026-10-04,unknown; see source_provenance.csv,Rscript analysis/10b_paired_candidates.R ,0,2026-09-30T19:57:44.1535589Z,File hash establishes identity; command status establishes execution. Matching checkpoints may be reused.
results/tables/candidate_summary.csv,analysis/10_candidate_table.R,e868318c96dcda44d322dcfc914f4aea0902e3570810ed45a00c6eefd96bced9,78215a8a39dda5d94f573fc0909a9558af96921ca3776fd4bf356d785e108622,Reproducible-DE and TCGA Cox results; configured thresholds and explicit gene annotations.,376a7f13ba348854bc4d5f9a783e67b09aedbdec6e6fd58aee8bc6a2280e3886,b2eff8847eb7a8dc1721537f755b091b71e58df406e64095fa31a3c3031182f2,4f37f0eddd7a9dd0c5ba1c80e57021ae6f73258bbba7fd508202c115005826f2,40384b2142cd08444226a559dbc6e0b50452cc6aa47c5a8991e681229db3c5d9,2026-10-04,unknown; see source_provenance.csv,Rscript analysis/10_candidate_table.R ,0,2026-09-30T19:57:43.6521447Z,File hash establishes identity; command status establishes execution. Matching checkpoints may be reused.
results/tables/candidate_survival_report.csv,analysis/11_hardening_outputs.R,4806c41313bca8217c610ec30df7ab79ea3cad145b2744571b525339e00ea936,ea6bc473829b33ccdeb233d490ca2b965c97e578888c38778f046988d4f5916a,Candidate evidence and counts; TCGA survival input; reproducible-DE table; embedded interpretation/literature text.,376a7f13ba348854bc4d5f9a783e67b09aedbdec6e6fd58aee8bc6a2280e3886,b2eff8847eb7a8dc1721537f755b091b71e58df406e64095fa31a3c3031182f2,4f37f0eddd7a9dd0c5ba1c80e57021ae6f73258bbba7fd508202c115005826f2,40384b2142cd08444226a559dbc6e0b50452cc6aa47c5a8991e681229db3c5d9,2026-10-04,unknown; see source_provenance.csv,Rscript analysis/11_hardening_outputs.R ,0,2026-10-01T16:45:33.6371075Z,File hash establishes identity; command status establishes execution. Matching checkpoints may be reused.
results/tables/candidate_survival_shape_sensitivity.csv,analysis/23_survival_shape.R,a7dd4061c543bc136338d676d1dcf2c7588cd06bcb65aa0542197fe93021338f,7ccaa9faea6fb886cf92eb61e91a992e157caab08f9919830be6e453463486f5,TCGA survival input and shortlist.,376a7f13ba348854bc4d5f9a783e67b09aedbdec6e6fd58aee8bc6a2280e3886,b2eff8847eb7a8dc1721537f755b091b71e58df406e64095fa31a3c3031182f2,4f37f0eddd7a9dd0c5ba1c80e57021ae6f73258bbba7fd508202c115005826f2,40384b2142cd08444226a559dbc6e0b50452cc6aa47c5a8991e681229db3c5d9,2026-10-04,unknown; see source_provenance.csv,R_ENABLE_JIT=0 Rscript analysis/23_survival_shape.R,0,2026-10-04T16:13:18.9457493Z,File hash establishes identity; command status establishes execution. Matching checkpoints may be reused.
results/tables/cell_type_sanity_check.csv,analysis/11_hardening_outputs.R,81cf98ea07f061825e1ce75f44baaed6a95e5abeaf0590fdaa08e34a4c39544c,ea6bc473829b33ccdeb233d490ca2b965c97e578888c38778f046988d4f5916a,Candidate evidence and counts; TCGA survival input; reproducible-DE table; embedded interpretation/literature text.,376a7f13ba348854bc4d5f9a783e67b09aedbdec6e6fd58aee8bc6a2280e3886,b2eff8847eb7a8dc1721537f755b091b71e58df406e64095fa31a3c3031182f2,4f37f0eddd7a9dd0c5ba1c80e57021ae6f73258bbba7fd508202c115005826f2,40384b2142cd08444226a559dbc6e0b50452cc6aa47c5a8991e681229db3c5d9,2026-10-04,unknown; see source_provenance.csv,Rscript analysis/11_hardening_outputs.R ,0,2026-10-01T16:45:33.6371075Z,File hash establishes identity; command status establishes execution. Matching checkpoints may be reused.
results/tables/checkmate025_candidate_treatment_interactions.csv,analysis/21_checkmate025_treatment_interaction.R,6d50ac1ddf9f82dd157e8ba5c57318e88221e55391f7edaf080238a9ab10445e,f01ec8580c1f43b671b434c34c00d2b6668fc8b2e72be07b172c90f246a9561c,CheckMate workbook and candidate interpretation context.,376a7f13ba348854bc4d5f9a783e67b09aedbdec6e6fd58aee8bc6a2280e3886,b2eff8847eb7a8dc1721537f755b091b71e58df406e64095fa31a3c3031182f2,4f37f0eddd7a9dd0c5ba1c80e57021ae6f73258bbba7fd508202c115005826f2,40384b2142cd08444226a559dbc6e0b50452cc6aa47c5a8991e681229db3c5d9,2026-10-04,unknown; see source_provenance.csv,Rscript analysis/21_checkmate025_treatment_interaction.R ,0,2026-10-01T16:56:37.5194265Z,File hash establishes identity; command status establishes execution. Matching checkpoints may be reused.
results/tables/checkmate025_overall_treatment_effects.csv,analysis/21_checkmate025_treatment_interaction.R,69f3e0fa029eb62734d94ea7643d6f9d4fd3d5391586fdb7ac837fc586545b78,f01ec8580c1f43b671b434c34c00d2b6668fc8b2e72be07b172c90f246a9561c,CheckMate workbook and candidate interpretation context.,376a7f13ba348854bc4d5f9a783e67b09aedbdec6e6fd58aee8bc6a2280e3886,b2eff8847eb7a8dc1721537f755b091b71e58df406e64095fa31a3c3031182f2,4f37f0eddd7a9dd0c5ba1c80e57021ae6f73258bbba7fd508202c115005826f2,40384b2142cd08444226a559dbc6e0b50452cc6aa47c5a8991e681229db3c5d9,2026-10-04,unknown; see source_provenance.csv,Rscript analysis/21_checkmate025_treatment_interaction.R ,0,2026-10-01T16:56:37.5194265Z,File hash establishes identity; command status establishes execution. Matching checkpoints may be reused.
results/tables/checkmate025_source_file.csv,analysis/21_checkmate025_treatment_interaction.R,3fd8eb6fbe2064498d979d32e24f0f01cb0d3fa188c39ed67b409dd2605532f3,f01ec8580c1f43b671b434c34c00d2b6668fc8b2e72be07b172c90f246a9561c,CheckMate workbook and candidate interpretation context.,376a7f13ba348854bc4d5f9a783e67b09aedbdec6e6fd58aee8bc6a2280e3886,b2eff8847eb7a8dc1721537f755b091b71e58df406e64095fa31a3c3031182f2,4f37f0eddd7a9dd0c5ba1c80e57021ae6f73258bbba7fd508202c115005826f2,40384b2142cd08444226a559dbc6e0b50452cc6aa47c5a8991e681229db3c5d9,2026-10-04,unknown; see source_provenance.csv,Rscript analysis/21_checkmate025_treatment_interaction.R ,0,2026-10-01T16:56:37.5194265Z,File hash establishes identity; command status establishes execution. Matching checkpoints may be reused.
results/tables/checkmate025_study_summary.csv,analysis/21_checkmate025_treatment_interaction.R,891fffe095f1ab357b77e67fb5d0e479a32824eb5fe6dd45cce3c2066f116fcd,f01ec8580c1f43b671b434c34c00d2b6668fc8b2e72be07b172c90f246a9561c,CheckMate workbook and candidate interpretation context.,376a7f13ba348854bc4d5f9a783e67b09aedbdec6e6fd58aee8bc6a2280e3886,b2eff8847eb7a8dc1721537f755b091b71e58df406e64095fa31a3c3031182f2,4f37f0eddd7a9dd0c5ba1c80e57021ae6f73258bbba7fd508202c115005826f2,40384b2142cd08444226a559dbc6e0b50452cc6aa47c5a8991e681229db3c5d9,2026-10-04,unknown; see source_provenance.csv,Rscript analysis/21_checkmate025_treatment_interaction.R ,0,2026-10-01T16:56:37.5194265Z,File hash establishes identity; command status establishes execution. Matching checkpoints may be reused.
results/tables/claim_evidence_ledger.csv,analysis/41_review_claim_audit.py,6c4f307145e57f54e006443bfedf7a61d8756fcbcb1dc2d3bc9827e54f4b1d86,431861da89fd55ea5e504e90319288920d574e836a07bef22853da8c02fcef49,"`P/main.tex`, `supplement.tex`, `references.bib`, generated macros, included files, `claim_evidence.csv`, every linked claim source, and the execution CSV.",376a7f13ba348854bc4d5f9a783e67b09aedbdec6e6fd58aee8bc6a2280e3886,b2eff8847eb7a8dc1721537f755b091b71e58df406e64095fa31a3c3031182f2,4f37f0eddd7a9dd0c5ba1c80e57021ae6f73258bbba7fd508202c115005826f2,40384b2142cd08444226a559dbc6e0b50452cc6aa47c5a8991e681229db3c5d9,2026-10-04,unknown; see source_provenance.csv,python analysis/41_review_claim_audit.py,0,2026-10-05T08:08:17.4874242Z,File hash establishes identity; command status establishes execution. Matching checkpoints may be reused.
results/tables/clearcode34_predictions.csv,analysis/32_published_signature_benchmark.R,03fb7145e58990fee4c88858f925216685637b31e165c3ad68200281954d09be,d4161488f4b5c6782933b7c6f5c7d770cfeb5ee27cdc7203bf0303c2ab1c2a78,"`analysis/clearcode34_genes.csv`, TCGA expression/clinical inputs, E-MTAB input group, shortlist, locked annotation.",376a7f13ba348854bc4d5f9a783e67b09aedbdec6e6fd58aee8bc6a2280e3886,b2eff8847eb7a8dc1721537f755b091b71e58df406e64095fa31a3c3031182f2,4f37f0eddd7a9dd0c5ba1c80e57021ae6f73258bbba7fd508202c115005826f2,40384b2142cd08444226a559dbc6e0b50452cc6aa47c5a8991e681229db3c5d9,2026-10-04,unknown; see source_provenance.csv,R_ENABLE_JIT=0 Rscript analysis/32_published_signature_benchmark.R,0,2026-10-04T16:13:01.7855161Z,File hash establishes identity; command status establishes execution. Matching checkpoints may be reused.
results/tables/clearcode34_repeat_metrics.csv,analysis/32_published_signature_benchmark.R,fc36c57306a78267561ff6f3767b9150dfc72318edbd82629fc8b3bdcfe22e8e,d4161488f4b5c6782933b7c6f5c7d770cfeb5ee27cdc7203bf0303c2ab1c2a78,"`analysis/clearcode34_genes.csv`, TCGA expression/clinical inputs, E-MTAB input group, shortlist, locked annotation.",376a7f13ba348854bc4d5f9a783e67b09aedbdec6e6fd58aee8bc6a2280e3886,b2eff8847eb7a8dc1721537f755b091b71e58df406e64095fa31a3c3031182f2,4f37f0eddd7a9dd0c5ba1c80e57021ae6f73258bbba7fd508202c115005826f2,40384b2142cd08444226a559dbc6e0b50452cc6aa47c5a8991e681229db3c5d9,2026-10-04,unknown; see source_provenance.csv,R_ENABLE_JIT=0 Rscript analysis/32_published_signature_benchmark.R,0,2026-10-04T16:13:01.7855161Z,File hash establishes identity; command status establishes execution. Matching checkpoints may be reused.
results/tables/clearcode34_symbol_map.csv,analysis/32_published_signature_benchmark.R,84abd49ffc2d52a4e264e34d90e5b9ae771acb016531ee4b7b308b8ffe75bdd1,d4161488f4b5c6782933b7c6f5c7d770cfeb5ee27cdc7203bf0303c2ab1c2a78,"`analysis/clearcode34_genes.csv`, TCGA expression/clinical inputs, E-MTAB input group, shortlist, locked annotation.",376a7f13ba348854bc4d5f9a783e67b09aedbdec6e6fd58aee8bc6a2280e3886,b2eff8847eb7a8dc1721537f755b091b71e58df406e64095fa31a3c3031182f2,4f37f0eddd7a9dd0c5ba1c80e57021ae6f73258bbba7fd508202c115005826f2,40384b2142cd08444226a559dbc6e0b50452cc6aa47c5a8991e681229db3c5d9,2026-10-04,unknown; see source_provenance.csv,R_ENABLE_JIT=0 Rscript analysis/32_published_signature_benchmark.R,0,2026-10-04T16:13:01.7855161Z,File hash establishes identity; command status establishes execution. Matching checkpoints may be reused.
results/tables/clinical_factor_counts.csv,analysis/34_evidence_display.R,c95765b10a22cb898b4f2e9dfec1304ae0716dac6b531d697d0d64022cf524a6,a2ce476ec4ef5cda94012ebf8efcdb10180cf6eb9ba6051503d04dd2b06b9772,Nested predictions/folds; TCGA clinical/column metadata and sample summaries; both external survival tables/summaries; shortlist; composition/purity tables; TRACERx repeats/study summary; CheckMate summary; GEO sample summaries.,376a7f13ba348854bc4d5f9a783e67b09aedbdec6e6fd58aee8bc6a2280e3886,b2eff8847eb7a8dc1721537f755b091b71e58df406e64095fa31a3c3031182f2,4f37f0eddd7a9dd0c5ba1c80e57021ae6f73258bbba7fd508202c115005826f2,40384b2142cd08444226a559dbc6e0b50452cc6aa47c5a8991e681229db3c5d9,2026-10-04,unknown; see source_provenance.csv,R_ENABLE_JIT=0 Rscript analysis/34_evidence_display.R,0,2026-10-04T16:13:06.9748626Z,File hash establishes identity; command status establishes execution. Matching checkpoints may be reused.
results/tables/cohort_dictionary.csv,analysis/34_evidence_display.R,abdeddc13cd9143ed708593d221cc408806bc2abe2f1775061ea45c0041f0113,a2ce476ec4ef5cda94012ebf8efcdb10180cf6eb9ba6051503d04dd2b06b9772,Nested predictions/folds; TCGA clinical/column metadata and sample summaries; both external survival tables/summaries; shortlist; composition/purity tables; TRACERx repeats/study summary; CheckMate summary; GEO sample summaries.,376a7f13ba348854bc4d5f9a783e67b09aedbdec6e6fd58aee8bc6a2280e3886,b2eff8847eb7a8dc1721537f755b091b71e58df406e64095fa31a3c3031182f2,4f37f0eddd7a9dd0c5ba1c80e57021ae6f73258bbba7fd508202c115005826f2,40384b2142cd08444226a559dbc6e0b50452cc6aa47c5a8991e681229db3c5d9,2026-10-04,unknown; see source_provenance.csv,R_ENABLE_JIT=0 Rscript analysis/34_evidence_display.R,0,2026-10-04T16:13:06.9748626Z,File hash establishes identity; command status establishes execution. Matching checkpoints may be reused.
results/tables/composition_adjustment_display.csv,analysis/34_evidence_display.R,92e8bde5f4af1b7e7196f8116db5e2d0f6da42b4481a113595bba4cf213e2bab,a2ce476ec4ef5cda94012ebf8efcdb10180cf6eb9ba6051503d04dd2b06b9772,Nested predictions/folds; TCGA clinical/column metadata and sample summaries; both external survival tables/summaries; shortlist; composition/purity tables; TRACERx repeats/study summary; CheckMate summary; GEO sample summaries.,376a7f13ba348854bc4d5f9a783e67b09aedbdec6e6fd58aee8bc6a2280e3886,b2eff8847eb7a8dc1721537f755b091b71e58df406e64095fa31a3c3031182f2,4f37f0eddd7a9dd0c5ba1c80e57021ae6f73258bbba7fd508202c115005826f2,40384b2142cd08444226a559dbc6e0b50452cc6aa47c5a8991e681229db3c5d9,2026-10-04,unknown; see source_provenance.csv,R_ENABLE_JIT=0 Rscript analysis/34_evidence_display.R,0,2026-10-04T16:13:06.9748626Z,File hash establishes identity; command status establishes execution. Matching checkpoints may be reused.
results/tables/composition_marker_score_availability.csv,analysis/11_hardening_outputs.R,0bd0a10ebcc58bc55c7f92182d4860c9cace4de80b6b8ff463072ce767e5ba54,ea6bc473829b33ccdeb233d490ca2b965c97e578888c38778f046988d4f5916a,Candidate evidence and counts; TCGA survival input; reproducible-DE table; embedded interpretation/literature text.,376a7f13ba348854bc4d5f9a783e67b09aedbdec6e6fd58aee8bc6a2280e3886,b2eff8847eb7a8dc1721537f755b091b71e58df406e64095fa31a3c3031182f2,4f37f0eddd7a9dd0c5ba1c80e57021ae6f73258bbba7fd508202c115005826f2,40384b2142cd08444226a559dbc6e0b50452cc6aa47c5a8991e681229db3c5d9,2026-10-04,unknown; see source_provenance.csv,Rscript analysis/11_hardening_outputs.R ,0,2026-10-01T16:45:33.6371075Z,File hash establishes identity; command status establishes execution. Matching checkpoints may be reused.
results/tables/deg_vs_prognostic_comparison.csv,analysis/11_hardening_outputs.R,efb1f754a79d4a8d802130d42c2f19047a21813096da8792e10a66d2af60ade7,ea6bc473829b33ccdeb233d490ca2b965c97e578888c38778f046988d4f5916a,Candidate evidence and counts; TCGA survival input; reproducible-DE table; embedded interpretation/literature text.,376a7f13ba348854bc4d5f9a783e67b09aedbdec6e6fd58aee8bc6a2280e3886,b2eff8847eb7a8dc1721537f755b091b71e58df406e64095fa31a3c3031182f2,4f37f0eddd7a9dd0c5ba1c80e57021ae6f73258bbba7fd508202c115005826f2,40384b2142cd08444226a559dbc6e0b50452cc6aa47c5a8991e681229db3c5d9,2026-10-04,unknown; see source_provenance.csv,Rscript analysis/11_hardening_outputs.R ,0,2026-10-01T16:45:33.6371075Z,File hash establishes identity; command status establishes execution. Matching checkpoints may be reused.
results/tables/evidence_funnel.csv,analysis/11_hardening_outputs.R,d4c88b132c316675d38285db9a06e334f2ac2e3f207ca4a9054b907325ba221b,ea6bc473829b33ccdeb233d490ca2b965c97e578888c38778f046988d4f5916a,Candidate evidence and counts; TCGA survival input; reproducible-DE table; embedded interpretation/literature text.,376a7f13ba348854bc4d5f9a783e67b09aedbdec6e6fd58aee8bc6a2280e3886,b2eff8847eb7a8dc1721537f755b091b71e58df406e64095fa31a3c3031182f2,4f37f0eddd7a9dd0c5ba1c80e57021ae6f73258bbba7fd508202c115005826f2,40384b2142cd08444226a559dbc6e0b50452cc6aa47c5a8991e681229db3c5d9,2026-10-04,unknown; see source_provenance.csv,Rscript analysis/11_hardening_outputs.R ,0,2026-10-01T16:45:33.6371075Z,File hash establishes identity; command status establishes execution. Matching checkpoints may be reused.
results/tables/external_log_hr_forest.csv,analysis/34_evidence_display.R,50b5f747d6557350657a52c3d87065099a4488933e2e5188432d8421de584b39,a2ce476ec4ef5cda94012ebf8efcdb10180cf6eb9ba6051503d04dd2b06b9772,Nested predictions/folds; TCGA clinical/column metadata and sample summaries; both external survival tables/summaries; shortlist; composition/purity tables; TRACERx repeats/study summary; CheckMate summary; GEO sample summaries.,376a7f13ba348854bc4d5f9a783e67b09aedbdec6e6fd58aee8bc6a2280e3886,b2eff8847eb7a8dc1721537f755b091b71e58df406e64095fa31a3c3031182f2,4f37f0eddd7a9dd0c5ba1c80e57021ae6f73258bbba7fd508202c115005826f2,40384b2142cd08444226a559dbc6e0b50452cc6aa47c5a8991e681229db3c5d9,2026-10-04,unknown; see source_provenance.csv,R_ENABLE_JIT=0 Rscript analysis/34_evidence_display.R,0,2026-10-04T16:13:06.9748626Z,File hash establishes identity; command status establishes execution. Matching checkpoints may be reused.
results/tables/external_survival_emtab1980.csv,analysis/14_external_survival_emtab1980.R,c757276324986b57a5926498c2ce8d5bc64eae3a6178d32919db06e1377065df,4badb1c9473bc00b5e55634b56b22a0af7b69771cff9693094ce40b52bc93123,E-MTAB frozen expression/clinical inputs; candidate interpretation context; locked annotation.,376a7f13ba348854bc4d5f9a783e67b09aedbdec6e6fd58aee8bc6a2280e3886,b2eff8847eb7a8dc1721537f755b091b71e58df406e64095fa31a3c3031182f2,4f37f0eddd7a9dd0c5ba1c80e57021ae6f73258bbba7fd508202c115005826f2,40384b2142cd08444226a559dbc6e0b50452cc6aa47c5a8991e681229db3c5d9,2026-10-04,unknown; see source_provenance.csv,Rscript analysis/14_external_survival_emtab1980.R ,0,2026-10-01T16:46:01.2987397Z,File hash establishes identity; command status establishes execution. Matching checkpoints may be reused.
results/tables/external_survival_emtab1980_summary.csv,analysis/14_external_survival_emtab1980.R,83001442fe838966fd2ac82c5182aed20846d95effa2d074959d901f6bf11460,4badb1c9473bc00b5e55634b56b22a0af7b69771cff9693094ce40b52bc93123,E-MTAB frozen expression/clinical inputs; candidate interpretation context; locked annotation.,376a7f13ba348854bc4d5f9a783e67b09aedbdec6e6fd58aee8bc6a2280e3886,b2eff8847eb7a8dc1721537f755b091b71e58df406e64095fa31a3c3031182f2,4f37f0eddd7a9dd0c5ba1c80e57021ae6f73258bbba7fd508202c115005826f2,40384b2142cd08444226a559dbc6e0b50452cc6aa47c5a8991e681229db3c5d9,2026-10-04,unknown; see source_provenance.csv,Rscript analysis/14_external_survival_emtab1980.R ,0,2026-10-01T16:46:01.2987397Z,File hash establishes identity; command status establishes execution. Matching checkpoints may be reused.
results/tables/external_survival_gse29609.csv,analysis/13_external_survival_gse29609.R,9e61c9accc205b3eeeaebe954a59beaae301023a600de974f1e7c192bae9c0e7,d82b4be9c878220c84e1f0c0f9efaf7f58721e9dac162b6ddfacd09677794ea9,GSE29609 series; candidate interpretation context.,376a7f13ba348854bc4d5f9a783e67b09aedbdec6e6fd58aee8bc6a2280e3886,b2eff8847eb7a8dc1721537f755b091b71e58df406e64095fa31a3c3031182f2,4f37f0eddd7a9dd0c5ba1c80e57021ae6f73258bbba7fd508202c115005826f2,40384b2142cd08444226a559dbc6e0b50452cc6aa47c5a8991e681229db3c5d9,2026-10-04,unknown; see source_provenance.csv,Rscript analysis/13_external_survival_gse29609.R ,0,2026-10-01T16:45:44.1064959Z,File hash establishes identity; command status establishes execution. Matching checkpoints may be reused.
results/tables/external_survival_gse29609_summary.csv,analysis/13_external_survival_gse29609.R,b31a9758b37ea904a540eb746eadd5095ab35b2732c59c8c7d88f4f7ec9de928,d82b4be9c878220c84e1f0c0f9efaf7f58721e9dac162b6ddfacd09677794ea9,GSE29609 series; candidate interpretation context.,376a7f13ba348854bc4d5f9a783e67b09aedbdec6e6fd58aee8bc6a2280e3886,b2eff8847eb7a8dc1721537f755b091b71e58df406e64095fa31a3c3031182f2,4f37f0eddd7a9dd0c5ba1c80e57021ae6f73258bbba7fd508202c115005826f2,40384b2142cd08444226a559dbc6e0b50452cc6aa47c5a8991e681229db3c5d9,2026-10-04,unknown; see source_provenance.csv,Rscript analysis/13_external_survival_gse29609.R ,0,2026-10-01T16:45:44.1064959Z,File hash establishes identity; command status establishes execution. Matching checkpoints may be reused.
results/tables/funnel_external_gene_results.csv,analysis/24_funnel_ablations.R,751de45a9afd4eca6796935db49d40a6d6a5dd3697fcf155f0fed6aae6a615ce,2f8e0e6b364c1e78ab498158478ed8b780bd22573e12c85525f289f413fad3c7,"All-gene apeglm survival results, shortlist, TCGA survival input, both GEO DE tables, GSE29609 and E-MTAB frozen inputs.",376a7f13ba348854bc4d5f9a783e67b09aedbdec6e6fd58aee8bc6a2280e3886,b2eff8847eb7a8dc1721537f755b091b71e58df406e64095fa31a3c3031182f2,4f37f0eddd7a9dd0c5ba1c80e57021ae6f73258bbba7fd508202c115005826f2,40384b2142cd08444226a559dbc6e0b50452cc6aa47c5a8991e681229db3c5d9,2026-10-04,unknown; see source_provenance.csv,R_ENABLE_JIT=0 Rscript analysis/24_funnel_ablations.R,0,2026-10-04T16:13:51.3853050Z,File hash establishes identity; command status establishes execution. Matching checkpoints may be reused.
results/tables/funnel_external_paired_bootstrap.csv,analysis/24_funnel_ablations.R,c73b44ee68166ddd56df1a1abe16d7552f87296e0c9f20de7a2b320a8ee10366,2f8e0e6b364c1e78ab498158478ed8b780bd22573e12c85525f289f413fad3c7,"All-gene apeglm survival results, shortlist, TCGA survival input, both GEO DE tables, GSE29609 and E-MTAB frozen inputs.",376a7f13ba348854bc4d5f9a783e67b09aedbdec6e6fd58aee8bc6a2280e3886,b2eff8847eb7a8dc1721537f755b091b71e58df406e64095fa31a3c3031182f2,4f37f0eddd7a9dd0c5ba1c80e57021ae6f73258bbba7fd508202c115005826f2,40384b2142cd08444226a559dbc6e0b50452cc6aa47c5a8991e681229db3c5d9,2026-10-04,unknown; see source_provenance.csv,R_ENABLE_JIT=0 Rscript analysis/24_funnel_ablations.R,0,2026-10-04T16:13:51.3853050Z,File hash establishes identity; command status establishes execution. Matching checkpoints may be reused.
results/tables/funnel_external_summary.csv,analysis/24_funnel_ablations.R,6f43cacb9476624323f0162749581949062e87a18865322cd85b8efb015504c9,2f8e0e6b364c1e78ab498158478ed8b780bd22573e12c85525f289f413fad3c7,"All-gene apeglm survival results, shortlist, TCGA survival input, both GEO DE tables, GSE29609 and E-MTAB frozen inputs.",376a7f13ba348854bc4d5f9a783e67b09aedbdec6e6fd58aee8bc6a2280e3886,b2eff8847eb7a8dc1721537f755b091b71e58df406e64095fa31a3c3031182f2,4f37f0eddd7a9dd0c5ba1c80e57021ae6f73258bbba7fd508202c115005826f2,40384b2142cd08444226a559dbc6e0b50452cc6aa47c5a8991e681229db3c5d9,2026-10-04,unknown; see source_provenance.csv,R_ENABLE_JIT=0 Rscript analysis/24_funnel_ablations.R,0,2026-10-04T16:13:51.3853050Z,File hash establishes identity; command status establishes execution. Matching checkpoints may be reused.
results/tables/funnel_matched_lists.csv,analysis/24_funnel_ablations.R,cf29a2e215e15b20364890d02e36913f4c718b92520d168432753b43ea850c4b,2f8e0e6b364c1e78ab498158478ed8b780bd22573e12c85525f289f413fad3c7,"All-gene apeglm survival results, shortlist, TCGA survival input, both GEO DE tables, GSE29609 and E-MTAB frozen inputs.",376a7f13ba348854bc4d5f9a783e67b09aedbdec6e6fd58aee8bc6a2280e3886,b2eff8847eb7a8dc1721537f755b091b71e58df406e64095fa31a3c3031182f2,4f37f0eddd7a9dd0c5ba1c80e57021ae6f73258bbba7fd508202c115005826f2,40384b2142cd08444226a559dbc6e0b50452cc6aa47c5a8991e681229db3c5d9,2026-10-04,unknown; see source_provenance.csv,R_ENABLE_JIT=0 Rscript analysis/24_funnel_ablations.R,0,2026-10-04T16:13:51.3853050Z,File hash establishes identity; command status establishes execution. Matching checkpoints may be reused.
results/tables/gene_mapping_rules.csv,analysis/34_evidence_display.R,9738c1557377a46f5b1dae4ea3603abf69ebe015621fb8338bd66b79920811b8,a2ce476ec4ef5cda94012ebf8efcdb10180cf6eb9ba6051503d04dd2b06b9772,Nested predictions/folds; TCGA clinical/column metadata and sample summaries; both external survival tables/summaries; shortlist; composition/purity tables; TRACERx repeats/study summary; CheckMate summary; GEO sample summaries.,376a7f13ba348854bc4d5f9a783e67b09aedbdec6e6fd58aee8bc6a2280e3886,b2eff8847eb7a8dc1721537f755b091b71e58df406e64095fa31a3c3031182f2,4f37f0eddd7a9dd0c5ba1c80e57021ae6f73258bbba7fd508202c115005826f2,40384b2142cd08444226a559dbc6e0b50452cc6aa47c5a8991e681229db3c5d9,2026-10-04,unknown; see source_provenance.csv,R_ENABLE_JIT=0 Rscript analysis/34_evidence_display.R,0,2026-10-04T16:13:06.9748626Z,File hash establishes identity; command status establishes execution. Matching checkpoints may be reused.
results/tables/gse29609_sample_summary.csv,analysis/13_external_survival_gse29609.R,ca70bf8fdfb486d2bae786e126f55a9c6778c9cf40c8b22d4716305cd7212976,d82b4be9c878220c84e1f0c0f9efaf7f58721e9dac162b6ddfacd09677794ea9,GSE29609 series; candidate interpretation context.,376a7f13ba348854bc4d5f9a783e67b09aedbdec6e6fd58aee8bc6a2280e3886,b2eff8847eb7a8dc1721537f755b091b71e58df406e64095fa31a3c3031182f2,4f37f0eddd7a9dd0c5ba1c80e57021ae6f73258bbba7fd508202c115005826f2,40384b2142cd08444226a559dbc6e0b50452cc6aa47c5a8991e681229db3c5d9,2026-10-04,unknown; see source_provenance.csv,Rscript analysis/13_external_survival_gse29609.R ,0,2026-10-01T16:45:44.1064959Z,File hash establishes identity; command status establishes execution. Matching checkpoints may be reused.
results/tables/gse40435_limma_tumor_vs_normal.csv,analysis/05_deg_geo.R,c071829a15f0e24dbcf5cc57ca62f0880cd4ee7a05d9c6523aa25e60183c41cf,f20d5aa749428f79bc27991ba6e03ecdeecb671a3027bfd74698c5bf2e9b1d7e,GSE40435/GSE53757 series and platform annotation.,376a7f13ba348854bc4d5f9a783e67b09aedbdec6e6fd58aee8bc6a2280e3886,b2eff8847eb7a8dc1721537f755b091b71e58df406e64095fa31a3c3031182f2,4f37f0eddd7a9dd0c5ba1c80e57021ae6f73258bbba7fd508202c115005826f2,40384b2142cd08444226a559dbc6e0b50452cc6aa47c5a8991e681229db3c5d9,2026-10-04,unknown; see source_provenance.csv,Rscript analysis/05_deg_geo.R ,0,2026-09-30T19:48:23.1757690Z,File hash establishes identity; command status establishes execution. Matching checkpoints may be reused.
results/tables/gse40435_sample_summary.csv,analysis/05_deg_geo.R,c42308afd73dedc390670bc287535f55f40a4bf05eb04792579a73ef63291f73,f20d5aa749428f79bc27991ba6e03ecdeecb671a3027bfd74698c5bf2e9b1d7e,GSE40435/GSE53757 series and platform annotation.,376a7f13ba348854bc4d5f9a783e67b09aedbdec6e6fd58aee8bc6a2280e3886,b2eff8847eb7a8dc1721537f755b091b71e58df406e64095fa31a3c3031182f2,4f37f0eddd7a9dd0c5ba1c80e57021ae6f73258bbba7fd508202c115005826f2,40384b2142cd08444226a559dbc6e0b50452cc6aa47c5a8991e681229db3c5d9,2026-10-04,unknown; see source_provenance.csv,Rscript analysis/05_deg_geo.R ,0,2026-09-30T19:48:23.1757690Z,File hash establishes identity; command status establishes execution. Matching checkpoints may be reused.
results/tables/gse53757_limma_tumor_vs_normal.csv,analysis/05_deg_geo.R,68d8f43f1e4d5a278615a8005bfed0d4741d21c9463197ab16982370610b2170,f20d5aa749428f79bc27991ba6e03ecdeecb671a3027bfd74698c5bf2e9b1d7e,GSE40435/GSE53757 series and platform annotation.,376a7f13ba348854bc4d5f9a783e67b09aedbdec6e6fd58aee8bc6a2280e3886,b2eff8847eb7a8dc1721537f755b091b71e58df406e64095fa31a3c3031182f2,4f37f0eddd7a9dd0c5ba1c80e57021ae6f73258bbba7fd508202c115005826f2,40384b2142cd08444226a559dbc6e0b50452cc6aa47c5a8991e681229db3c5d9,2026-10-04,unknown; see source_provenance.csv,Rscript analysis/05_deg_geo.R ,0,2026-09-30T19:48:23.1757690Z,File hash establishes identity; command status establishes execution. Matching checkpoints may be reused.
results/tables/gse53757_pair_audit.csv,analysis/35_gse53757_pairing.R,b3e681ccfdd3e1f7fad3a3ec8e192451b50b7d7d7bb43174a51c1472896264c6,23ae04f879a98d7b5f6b73f961b1ed972db0655a3f51dacb70bc05cf2a604409,"GSE53757 series; paired/unpaired GSE53757 DE, GSE40435 DE, reproducible-DE table, candidate shortlist.",376a7f13ba348854bc4d5f9a783e67b09aedbdec6e6fd58aee8bc6a2280e3886,b2eff8847eb7a8dc1721537f755b091b71e58df406e64095fa31a3c3031182f2,4f37f0eddd7a9dd0c5ba1c80e57021ae6f73258bbba7fd508202c115005826f2,40384b2142cd08444226a559dbc6e0b50452cc6aa47c5a8991e681229db3c5d9,2026-10-04,unknown; see source_provenance.csv,Rscript analysis/35_gse53757_pairing.R (after regenerated selection),0,2026-09-30T19:59:31.7706929Z,File hash establishes identity; command status establishes execution. Matching checkpoints may be reused.
results/tables/gse53757_pair_audit_summary.csv,analysis/35_gse53757_pairing.R,3251facaf885859851215ed5b473cc073bb3c9f93c49ece07936d0b3c9e3c05e,23ae04f879a98d7b5f6b73f961b1ed972db0655a3f51dacb70bc05cf2a604409,"GSE53757 series; paired/unpaired GSE53757 DE, GSE40435 DE, reproducible-DE table, candidate shortlist.",376a7f13ba348854bc4d5f9a783e67b09aedbdec6e6fd58aee8bc6a2280e3886,b2eff8847eb7a8dc1721537f755b091b71e58df406e64095fa31a3c3031182f2,4f37f0eddd7a9dd0c5ba1c80e57021ae6f73258bbba7fd508202c115005826f2,40384b2142cd08444226a559dbc6e0b50452cc6aa47c5a8991e681229db3c5d9,2026-10-04,unknown; see source_provenance.csv,Rscript analysis/35_gse53757_pairing.R (after regenerated selection),0,2026-09-30T19:59:31.7706929Z,File hash establishes identity; command status establishes execution. Matching checkpoints may be reused.
results/tables/gse53757_sample_summary.csv,analysis/05_deg_geo.R,6d19f5df86e2b30ca0b72d7eafde885374bc0165ef4f4ea3c1115eafccc09dc4,f20d5aa749428f79bc27991ba6e03ecdeecb671a3027bfd74698c5bf2e9b1d7e,GSE40435/GSE53757 series and platform annotation.,376a7f13ba348854bc4d5f9a783e67b09aedbdec6e6fd58aee8bc6a2280e3886,b2eff8847eb7a8dc1721537f755b091b71e58df406e64095fa31a3c3031182f2,4f37f0eddd7a9dd0c5ba1c80e57021ae6f73258bbba7fd508202c115005826f2,40384b2142cd08444226a559dbc6e0b50452cc6aa47c5a8991e681229db3c5d9,2026-10-04,unknown; see source_provenance.csv,Rscript analysis/05_deg_geo.R ,0,2026-09-30T19:48:23.1757690Z,File hash establishes identity; command status establishes execution. Matching checkpoints may be reused.
results/tables/gse53757_unpaired_limma_tumor_vs_normal.csv,analysis/05_deg_geo.R,a42fe003525da55073a844e9e6fb7150c481903afbd4bfd480308d62f6afcf1a,f20d5aa749428f79bc27991ba6e03ecdeecb671a3027bfd74698c5bf2e9b1d7e,GSE40435/GSE53757 series and platform annotation.,376a7f13ba348854bc4d5f9a783e67b09aedbdec6e6fd58aee8bc6a2280e3886,b2eff8847eb7a8dc1721537f755b091b71e58df406e64095fa31a3c3031182f2,4f37f0eddd7a9dd0c5ba1c80e57021ae6f73258bbba7fd508202c115005826f2,40384b2142cd08444226a559dbc6e0b50452cc6aa47c5a8991e681229db3c5d9,2026-10-04,unknown; see source_provenance.csv,Rscript analysis/05_deg_geo.R ,0,2026-09-30T19:48:23.1757690Z,File hash establishes identity; command status establishes execution. Matching checkpoints may be reused.
results/tables/gse53757_unpaired_sensitivity.csv,analysis/35_gse53757_pairing.R,087428db19c7945ea6f003546f80580bcf862c2fbb807bd6072bb398b0ccdc06,23ae04f879a98d7b5f6b73f961b1ed972db0655a3f51dacb70bc05cf2a604409,"GSE53757 series; paired/unpaired GSE53757 DE, GSE40435 DE, reproducible-DE table, candidate shortlist.",376a7f13ba348854bc4d5f9a783e67b09aedbdec6e6fd58aee8bc6a2280e3886,b2eff8847eb7a8dc1721537f755b091b71e58df406e64095fa31a3c3031182f2,4f37f0eddd7a9dd0c5ba1c80e57021ae6f73258bbba7fd508202c115005826f2,40384b2142cd08444226a559dbc6e0b50452cc6aa47c5a8991e681229db3c5d9,2026-10-04,unknown; see source_provenance.csv,Rscript analysis/35_gse53757_pairing.R (after regenerated selection),0,2026-09-30T19:59:31.7706929Z,File hash establishes identity; command status establishes execution. Matching checkpoints may be reused.
results/tables/gse53757_unpaired_summary.csv,analysis/35_gse53757_pairing.R,0c6fd5d13d2c4fce52e659d5b644fd3254b12660daba0275ae5683c1d300fc2e,23ae04f879a98d7b5f6b73f961b1ed972db0655a3f51dacb70bc05cf2a604409,"GSE53757 series; paired/unpaired GSE53757 DE, GSE40435 DE, reproducible-DE table, candidate shortlist.",376a7f13ba348854bc4d5f9a783e67b09aedbdec6e6fd58aee8bc6a2280e3886,b2eff8847eb7a8dc1721537f755b091b71e58df406e64095fa31a3c3031182f2,4f37f0eddd7a9dd0c5ba1c80e57021ae6f73258bbba7fd508202c115005826f2,40384b2142cd08444226a559dbc6e0b50452cc6aa47c5a8991e681229db3c5d9,2026-10-04,unknown; see source_provenance.csv,Rscript analysis/35_gse53757_pairing.R (after regenerated selection),0,2026-09-30T19:59:31.7706929Z,File hash establishes identity; command status establishes execution. Matching checkpoints may be reused.
results/tables/high_confidence_candidate_evidence.csv,analysis/11_hardening_outputs.R,89050958c585b33961005b4b22f96446d79349ae684c43f4f0603d7095e38c31,ea6bc473829b33ccdeb233d490ca2b965c97e578888c38778f046988d4f5916a,Candidate evidence and counts; TCGA survival input; reproducible-DE table; embedded interpretation/literature text.,376a7f13ba348854bc4d5f9a783e67b09aedbdec6e6fd58aee8bc6a2280e3886,b2eff8847eb7a8dc1721537f755b091b71e58df406e64095fa31a3c3031182f2,4f37f0eddd7a9dd0c5ba1c80e57021ae6f73258bbba7fd508202c115005826f2,40384b2142cd08444226a559dbc6e0b50452cc6aa47c5a8991e681229db3c5d9,2026-10-04,unknown; see source_provenance.csv,Rscript analysis/11_hardening_outputs.R ,0,2026-10-01T16:45:33.6371075Z,File hash establishes identity; command status establishes execution. Matching checkpoints may be reused.
results/tables/high_confidence_candidate_genes.csv,analysis/10_candidate_table.R,fced12341aeacfb09793fab4d049e101913b0562988164ac900a9cff51df33d9,78215a8a39dda5d94f573fc0909a9558af96921ca3776fd4bf356d785e108622,Reproducible-DE and TCGA Cox results; configured thresholds and explicit gene annotations.,376a7f13ba348854bc4d5f9a783e67b09aedbdec6e6fd58aee8bc6a2280e3886,b2eff8847eb7a8dc1721537f755b091b71e58df406e64095fa31a3c3031182f2,4f37f0eddd7a9dd0c5ba1c80e57021ae6f73258bbba7fd508202c115005826f2,40384b2142cd08444226a559dbc6e0b50452cc6aa47c5a8991e681229db3c5d9,2026-10-04,unknown; see source_provenance.csv,Rscript analysis/10_candidate_table.R ,0,2026-09-30T19:57:43.6521447Z,File hash establishes identity; command status establishes execution. Matching checkpoints may be reused.
results/tables/high_confidence_candidate_pathway_summary.csv,analysis/10_candidate_table.R,802400e5194e915fdce719c088ae860e80db2ff45291621b649e94961965aece,78215a8a39dda5d94f573fc0909a9558af96921ca3776fd4bf356d785e108622,Reproducible-DE and TCGA Cox results; configured thresholds and explicit gene annotations.,376a7f13ba348854bc4d5f9a783e67b09aedbdec6e6fd58aee8bc6a2280e3886,b2eff8847eb7a8dc1721537f755b091b71e58df406e64095fa31a3c3031182f2,4f37f0eddd7a9dd0c5ba1c80e57021ae6f73258bbba7fd508202c115005826f2,40384b2142cd08444226a559dbc6e0b50452cc6aa47c5a8991e681229db3c5d9,2026-10-04,unknown; see source_provenance.csv,Rscript analysis/10_candidate_table.R ,0,2026-09-30T19:57:43.6521447Z,File hash establishes identity; command status establishes execution. Matching checkpoints may be reused.
results/tables/high_confidence_literature_table.csv,analysis/11_hardening_outputs.R,19e513bbb1ebd4f76b4559490c5cdbe6d2d1b87c510316ecbfc1fee116bad3ae,ea6bc473829b33ccdeb233d490ca2b965c97e578888c38778f046988d4f5916a,Candidate evidence and counts; TCGA survival input; reproducible-DE table; embedded interpretation/literature text.,376a7f13ba348854bc4d5f9a783e67b09aedbdec6e6fd58aee8bc6a2280e3886,b2eff8847eb7a8dc1721537f755b091b71e58df406e64095fa31a3c3031182f2,4f37f0eddd7a9dd0c5ba1c80e57021ae6f73258bbba7fd508202c115005826f2,40384b2142cd08444226a559dbc6e0b50452cc6aa47c5a8991e681229db3c5d9,2026-10-04,unknown; see source_provenance.csv,Rscript analysis/11_hardening_outputs.R ,0,2026-10-01T16:45:33.6371075Z,File hash establishes identity; command status establishes execution. Matching checkpoints may be reused.
results/tables/hpa_candidate_cell_source_summary.csv,analysis/17_hpa_cell_source.R,cacdfbd31159c5e7725663c6c28a7c863596ee465b5880f7540986209c30bd0b,fc2ffa436b2c360a1ced464154ce55c3f5f003e18ef517337c5f45e641eb2ab2,HPA archive and candidate evidence table.,376a7f13ba348854bc4d5f9a783e67b09aedbdec6e6fd58aee8bc6a2280e3886,b2eff8847eb7a8dc1721537f755b091b71e58df406e64095fa31a3c3031182f2,4f37f0eddd7a9dd0c5ba1c80e57021ae6f73258bbba7fd508202c115005826f2,40384b2142cd08444226a559dbc6e0b50452cc6aa47c5a8991e681229db3c5d9,2026-10-04,unknown; see source_provenance.csv,Rscript analysis/17_hpa_cell_source.R ,0,2026-10-01T16:49:34.0583684Z,File hash establishes identity; command status establishes execution. Matching checkpoints may be reused.
results/tables/hpa_candidate_top_cell_types.csv,analysis/17_hpa_cell_source.R,0074b6c69dd7d30424ea9b4f0eafa1078da73c26dd65cee13cb1b02eaa49f3a7,fc2ffa436b2c360a1ced464154ce55c3f5f003e18ef517337c5f45e641eb2ab2,HPA archive and candidate evidence table.,376a7f13ba348854bc4d5f9a783e67b09aedbdec6e6fd58aee8bc6a2280e3886,b2eff8847eb7a8dc1721537f755b091b71e58df406e64095fa31a3c3031182f2,4f37f0eddd7a9dd0c5ba1c80e57021ae6f73258bbba7fd508202c115005826f2,40384b2142cd08444226a559dbc6e0b50452cc6aa47c5a8991e681229db3c5d9,2026-10-04,unknown; see source_provenance.csv,Rscript analysis/17_hpa_cell_source.R ,0,2026-10-01T16:49:34.0583684Z,File hash establishes identity; command status establishes execution. Matching checkpoints may be reused.
results/tables/input_manifest.csv,analysis/18_write_manifest.R,b2eff8847eb7a8dc1721537f755b091b71e58df406e64095fa31a3c3031182f2,23c403cbcff960c08707f7c812cb29b7126970953ee5a3e0248a0dd94b249adc,"Raw/cached input inventory, scripts, result files, selected manuscript files, runtime.",376a7f13ba348854bc4d5f9a783e67b09aedbdec6e6fd58aee8bc6a2280e3886,b2eff8847eb7a8dc1721537f755b091b71e58df406e64095fa31a3c3031182f2,4f37f0eddd7a9dd0c5ba1c80e57021ae6f73258bbba7fd508202c115005826f2,40384b2142cd08444226a559dbc6e0b50452cc6aa47c5a8991e681229db3c5d9,2026-10-04,unknown; see source_provenance.csv,R_ENABLE_JIT=0 Rscript analysis/18_write_manifest.R,0,2026-10-04T17:12:00.1608139Z,File hash establishes identity; command status establishes execution. Matching checkpoints may be reused.
results/tables/ledger_funnel_counts.csv,analysis/39_candidate_ledger.R,39e6f04fbfc2a9a37d01312a593758cb26ea2d785ef4a7fb9e278e5f87be84d7,85055b157a26a65dedbf492747ba2794b85c5928446b43ae15ca2ff74ea48b1a,"Reproducible-DE and candidate evidence tables; all TCGA Cox models; both external tables; coefficient bootstrap; conditional CV; purity/composition; HPA; evidence matrix; procedure summary; harmonized-cohort, heterogeneity, missing-covariate, source-site and plate sensitivities.",376a7f13ba348854bc4d5f9a783e67b09aedbdec6e6fd58aee8bc6a2280e3886,b2eff8847eb7a8dc1721537f755b091b71e58df406e64095fa31a3c3031182f2,4f37f0eddd7a9dd0c5ba1c80e57021ae6f73258bbba7fd508202c115005826f2,40384b2142cd08444226a559dbc6e0b50452cc6aa47c5a8991e681229db3c5d9,2026-10-04,unknown; see source_provenance.csv,R_ENABLE_JIT=0 Rscript analysis/39_candidate_ledger.R ,0,2026-10-04T17:00:55.6796203Z,File hash establishes identity; command status establishes execution. Matching checkpoints may be reused.
results/tables/limitations_accession_overlap.csv,analysis/46_limitations_sensitivity.R,9a3131b385290ae333dc2b4a8097cd89d2941f1fab692072213149a2737c4081,4654a073b2382a4ecccb15f6603e8f19d6ee9a643c0db86205080dddc3f627f8,"TCGA survival input, GSE29609 matrix/clinical data, E-MTAB frozen input and annotation, fixed 23-gene shortlist; all five expression cohort accession IDs.",376a7f13ba348854bc4d5f9a783e67b09aedbdec6e6fd58aee8bc6a2280e3886,b2eff8847eb7a8dc1721537f755b091b71e58df406e64095fa31a3c3031182f2,4f37f0eddd7a9dd0c5ba1c80e57021ae6f73258bbba7fd508202c115005826f2,40384b2142cd08444226a559dbc6e0b50452cc6aa47c5a8991e681229db3c5d9,2026-10-04,unknown; see source_provenance.csv,run_pipeline.ps1 (SkipInstall=True; ForceDownload=False; NestedWorkers=1; StartAt=analysis/46_limitations_sensitivity.R),0,2026-10-04T17:01:17.7940414Z,File hash establishes identity; command status establishes execution. Matching checkpoints may be reused.
results/tables/limitations_covariate_availability.csv,analysis/46_limitations_sensitivity.R,5b940120208faebfb6a1aede6ef22fd2a163e1f2de4944e32abc829f358078cf,4654a073b2382a4ecccb15f6603e8f19d6ee9a643c0db86205080dddc3f627f8,"TCGA survival input, GSE29609 matrix/clinical data, E-MTAB frozen input and annotation, fixed 23-gene shortlist; all five expression cohort accession IDs.",376a7f13ba348854bc4d5f9a783e67b09aedbdec6e6fd58aee8bc6a2280e3886,b2eff8847eb7a8dc1721537f755b091b71e58df406e64095fa31a3c3031182f2,4f37f0eddd7a9dd0c5ba1c80e57021ae6f73258bbba7fd508202c115005826f2,40384b2142cd08444226a559dbc6e0b50452cc6aa47c5a8991e681229db3c5d9,2026-10-04,unknown; see source_provenance.csv,run_pipeline.ps1 (SkipInstall=True; ForceDownload=False; NestedWorkers=1; StartAt=analysis/46_limitations_sensitivity.R),0,2026-10-04T17:01:17.7940414Z,File hash establishes identity; command status establishes execution. Matching checkpoints may be reused.
results/tables/limitations_harmonized_cox.csv,analysis/46_limitations_sensitivity.R,f5dfe88aab9fa1a9eb04b2cad7a99b6c6cd441262784fea0dace55c4f04baaa1,4654a073b2382a4ecccb15f6603e8f19d6ee9a643c0db86205080dddc3f627f8,"TCGA survival input, GSE29609 matrix/clinical data, E-MTAB frozen input and annotation, fixed 23-gene shortlist; all five expression cohort accession IDs.",376a7f13ba348854bc4d5f9a783e67b09aedbdec6e6fd58aee8bc6a2280e3886,b2eff8847eb7a8dc1721537f755b091b71e58df406e64095fa31a3c3031182f2,4f37f0eddd7a9dd0c5ba1c80e57021ae6f73258bbba7fd508202c115005826f2,40384b2142cd08444226a559dbc6e0b50452cc6aa47c5a8991e681229db3c5d9,2026-10-04,unknown; see source_provenance.csv,run_pipeline.ps1 (SkipInstall=True; ForceDownload=False; NestedWorkers=1; StartAt=analysis/46_limitations_sensitivity.R),0,2026-10-04T17:01:17.7940414Z,File hash establishes identity; command status establishes execution. Matching checkpoints may be reused.
results/tables/limitations_heterogeneity.csv,analysis/46_limitations_sensitivity.R,29a26c1f5c24a71d7ce030e408113e617671f23b2fffbba571020da5550fb216,4654a073b2382a4ecccb15f6603e8f19d6ee9a643c0db86205080dddc3f627f8,"TCGA survival input, GSE29609 matrix/clinical data, E-MTAB frozen input and annotation, fixed 23-gene shortlist; all five expression cohort accession IDs.",376a7f13ba348854bc4d5f9a783e67b09aedbdec6e6fd58aee8bc6a2280e3886,b2eff8847eb7a8dc1721537f755b091b71e58df406e64095fa31a3c3031182f2,4f37f0eddd7a9dd0c5ba1c80e57021ae6f73258bbba7fd508202c115005826f2,40384b2142cd08444226a559dbc6e0b50452cc6aa47c5a8991e681229db3c5d9,2026-10-04,unknown; see source_provenance.csv,run_pipeline.ps1 (SkipInstall=True; ForceDownload=False; NestedWorkers=1; StartAt=analysis/46_limitations_sensitivity.R),0,2026-10-04T17:01:17.7940414Z,File hash establishes identity; command status establishes execution. Matching checkpoints may be reused.
results/tables/limitations_missing_covariate_scenarios.csv,analysis/46_limitations_sensitivity.R,4a41203f279861c3ea4950b328cbcd356abcbd9d14d310da255eebaf083f2f97,4654a073b2382a4ecccb15f6603e8f19d6ee9a643c0db86205080dddc3f627f8,"TCGA survival input, GSE29609 matrix/clinical data, E-MTAB frozen input and annotation, fixed 23-gene shortlist; all five expression cohort accession IDs.",376a7f13ba348854bc4d5f9a783e67b09aedbdec6e6fd58aee8bc6a2280e3886,b2eff8847eb7a8dc1721537f755b091b71e58df406e64095fa31a3c3031182f2,4f37f0eddd7a9dd0c5ba1c80e57021ae6f73258bbba7fd508202c115005826f2,40384b2142cd08444226a559dbc6e0b50452cc6aa47c5a8991e681229db3c5d9,2026-10-04,unknown; see source_provenance.csv,run_pipeline.ps1 (SkipInstall=True; ForceDownload=False; NestedWorkers=1; StartAt=analysis/46_limitations_sensitivity.R),0,2026-10-04T17:01:17.7940414Z,File hash establishes identity; command status establishes execution. Matching checkpoints may be reused.
results/tables/limitations_missing_covariate_summary.csv,analysis/46_limitations_sensitivity.R,bae3d1f8ebf07ef38f77e542d0cebea8c7f3a2b666b59f240d8327eaad03eb0b,4654a073b2382a4ecccb15f6603e8f19d6ee9a643c0db86205080dddc3f627f8,"TCGA survival input, GSE29609 matrix/clinical data, E-MTAB frozen input and annotation, fixed 23-gene shortlist; all five expression cohort accession IDs.",376a7f13ba348854bc4d5f9a783e67b09aedbdec6e6fd58aee8bc6a2280e3886,b2eff8847eb7a8dc1721537f755b091b71e58df406e64095fa31a3c3031182f2,4f37f0eddd7a9dd0c5ba1c80e57021ae6f73258bbba7fd508202c115005826f2,40384b2142cd08444226a559dbc6e0b50452cc6aa47c5a8991e681229db3c5d9,2026-10-04,unknown; see source_provenance.csv,run_pipeline.ps1 (SkipInstall=True; ForceDownload=False; NestedWorkers=1; StartAt=analysis/46_limitations_sensitivity.R),0,2026-10-04T17:01:17.7940414Z,File hash establishes identity; command status establishes execution. Matching checkpoints may be reused.
results/tables/limitations_plate_coverage.csv,analysis/49_plate_de_sensitivity.R,e245993335b3f31bfb315bd3ec2a25ffca51faeb0f57a1d01ef496e915d55cf4,2d29f38fb4fd0ebda8479fd24923a0dd95c7eea80032a0ee4356a124c65547c0,"Selected TCGA raw counts, barcode plate metadata, locked annotation/configuration, primary DE results and fixed shortlist; full-rank plate-plus-condition designs.",376a7f13ba348854bc4d5f9a783e67b09aedbdec6e6fd58aee8bc6a2280e3886,b2eff8847eb7a8dc1721537f755b091b71e58df406e64095fa31a3c3031182f2,4f37f0eddd7a9dd0c5ba1c80e57021ae6f73258bbba7fd508202c115005826f2,40384b2142cd08444226a559dbc6e0b50452cc6aa47c5a8991e681229db3c5d9,2026-10-04,unknown; see source_provenance.csv,R_ENABLE_JIT=0 Rscript analysis/49_plate_de_sensitivity.R ,0,2026-10-04T17:00:31.3825615Z,File hash establishes identity; command status establishes execution. Matching checkpoints may be reused.
results/tables/limitations_plate_de_all_genes.csv,analysis/49_plate_de_sensitivity.R,5806b4b1757267ab6e3b612231ce34bf87c130c5d94f2982b74cef3d8fbfa59b,2d29f38fb4fd0ebda8479fd24923a0dd95c7eea80032a0ee4356a124c65547c0,"Selected TCGA raw counts, barcode plate metadata, locked annotation/configuration, primary DE results and fixed shortlist; full-rank plate-plus-condition designs.",376a7f13ba348854bc4d5f9a783e67b09aedbdec6e6fd58aee8bc6a2280e3886,b2eff8847eb7a8dc1721537f755b091b71e58df406e64095fa31a3c3031182f2,4f37f0eddd7a9dd0c5ba1c80e57021ae6f73258bbba7fd508202c115005826f2,40384b2142cd08444226a559dbc6e0b50452cc6aa47c5a8991e681229db3c5d9,2026-10-04,unknown; see source_provenance.csv,R_ENABLE_JIT=0 Rscript analysis/49_plate_de_sensitivity.R ,0,2026-10-04T17:00:31.3825615Z,File hash establishes identity; command status establishes execution. Matching checkpoints may be reused.
results/tables/limitations_plate_de_candidates.csv,analysis/49_plate_de_sensitivity.R,5527ba98a3e4c5b3939dfcdc9b54b25767b65f1e0ba469feb6b22ca0afea4559,2d29f38fb4fd0ebda8479fd24923a0dd95c7eea80032a0ee4356a124c65547c0,"Selected TCGA raw counts, barcode plate metadata, locked annotation/configuration, primary DE results and fixed shortlist; full-rank plate-plus-condition designs.",376a7f13ba348854bc4d5f9a783e67b09aedbdec6e6fd58aee8bc6a2280e3886,b2eff8847eb7a8dc1721537f755b091b71e58df406e64095fa31a3c3031182f2,4f37f0eddd7a9dd0c5ba1c80e57021ae6f73258bbba7fd508202c115005826f2,40384b2142cd08444226a559dbc6e0b50452cc6aa47c5a8991e681229db3c5d9,2026-10-04,unknown; see source_provenance.csv,R_ENABLE_JIT=0 Rscript analysis/49_plate_de_sensitivity.R ,0,2026-10-04T17:00:31.3825615Z,File hash establishes identity; command status establishes execution. Matching checkpoints may be reused.
results/tables/limitations_plate_de_summary.csv,analysis/49_plate_de_sensitivity.R,394c17654901caf8853b34bc1fb1e501c357dfaaf888846de332294cdc8ba550,2d29f38fb4fd0ebda8479fd24923a0dd95c7eea80032a0ee4356a124c65547c0,"Selected TCGA raw counts, barcode plate metadata, locked annotation/configuration, primary DE results and fixed shortlist; full-rank plate-plus-condition designs.",376a7f13ba348854bc4d5f9a783e67b09aedbdec6e6fd58aee8bc6a2280e3886,b2eff8847eb7a8dc1721537f755b091b71e58df406e64095fa31a3c3031182f2,4f37f0eddd7a9dd0c5ba1c80e57021ae6f73258bbba7fd508202c115005826f2,40384b2142cd08444226a559dbc6e0b50452cc6aa47c5a8991e681229db3c5d9,2026-10-04,unknown; see source_provenance.csv,R_ENABLE_JIT=0 Rscript analysis/49_plate_de_sensitivity.R ,0,2026-10-04T17:00:31.3825615Z,File hash establishes identity; command status establishes execution. Matching checkpoints may be reused.
results/tables/limitations_source_site_cox.csv,analysis/46_limitations_sensitivity.R,cbc3fecc5835fb4bac7d7c633d19b22373e2c8d76dd9c4ea0b4bb72b73137d29,4654a073b2382a4ecccb15f6603e8f19d6ee9a643c0db86205080dddc3f627f8,"TCGA survival input, GSE29609 matrix/clinical data, E-MTAB frozen input and annotation, fixed 23-gene shortlist; all five expression cohort accession IDs.",376a7f13ba348854bc4d5f9a783e67b09aedbdec6e6fd58aee8bc6a2280e3886,b2eff8847eb7a8dc1721537f755b091b71e58df406e64095fa31a3c3031182f2,4f37f0eddd7a9dd0c5ba1c80e57021ae6f73258bbba7fd508202c115005826f2,40384b2142cd08444226a559dbc6e0b50452cc6aa47c5a8991e681229db3c5d9,2026-10-04,unknown; see source_provenance.csv,run_pipeline.ps1 (SkipInstall=True; ForceDownload=False; NestedWorkers=1; StartAt=analysis/46_limitations_sensitivity.R),0,2026-10-04T17:01:17.7940414Z,File hash establishes identity; command status establishes execution. Matching checkpoints may be reused.
results/tables/limitations_source_site_strata.csv,analysis/46_limitations_sensitivity.R,062f99c8683eefcec39a516e80ea0687482cd7684be6c310ea577e28b9f75924,4654a073b2382a4ecccb15f6603e8f19d6ee9a643c0db86205080dddc3f627f8,"TCGA survival input, GSE29609 matrix/clinical data, E-MTAB frozen input and annotation, fixed 23-gene shortlist; all five expression cohort accession IDs.",376a7f13ba348854bc4d5f9a783e67b09aedbdec6e6fd58aee8bc6a2280e3886,b2eff8847eb7a8dc1721537f755b091b71e58df406e64095fa31a3c3031182f2,4f37f0eddd7a9dd0c5ba1c80e57021ae6f73258bbba7fd508202c115005826f2,40384b2142cd08444226a559dbc6e0b50452cc6aa47c5a8991e681229db3c5d9,2026-10-04,unknown; see source_provenance.csv,run_pipeline.ps1 (SkipInstall=True; ForceDownload=False; NestedWorkers=1; StartAt=analysis/46_limitations_sensitivity.R),0,2026-10-04T17:01:17.7940414Z,File hash establishes identity; command status establishes execution. Matching checkpoints may be reused.
results/tables/nested_benchmark_folds.csv,analysis/31_nested_selection_benchmark.R,15bad10dcd18e962a6daa0db2c42b8c137e3ee51afbb1bce7dd10a79a7982a67,e5640f8d4eae20098faa1dd820a567b5923964f5476075a55bcb02bd6a2cefe8,"TCGA SummarizedExperiment/clinical metadata, GEO DE tables, stage-22 fold definitions, matching benchmark checkpoints.",376a7f13ba348854bc4d5f9a783e67b09aedbdec6e6fd58aee8bc6a2280e3886,b2eff8847eb7a8dc1721537f755b091b71e58df406e64095fa31a3c3031182f2,4f37f0eddd7a9dd0c5ba1c80e57021ae6f73258bbba7fd508202c115005826f2,40384b2142cd08444226a559dbc6e0b50452cc6aa47c5a8991e681229db3c5d9,2026-10-04,unknown; see source_provenance.csv,R_GC_MEM_GROW unset; R_ENABLE_JIT=0 Rscript analysis/31_nested_selection_benchmark.R,0,2026-10-04T15:42:48.5860647Z,File hash establishes identity; command status establishes execution. Matching checkpoints may be reused.
results/tables/nested_benchmark_patient_bootstrap.csv,analysis/31_nested_selection_benchmark.R,b21e87a0b7c5aafc7c22e419ea4959513d431a199bd695c320e88aa3cf2d89e5,e5640f8d4eae20098faa1dd820a567b5923964f5476075a55bcb02bd6a2cefe8,"TCGA SummarizedExperiment/clinical metadata, GEO DE tables, stage-22 fold definitions, matching benchmark checkpoints.",376a7f13ba348854bc4d5f9a783e67b09aedbdec6e6fd58aee8bc6a2280e3886,b2eff8847eb7a8dc1721537f755b091b71e58df406e64095fa31a3c3031182f2,4f37f0eddd7a9dd0c5ba1c80e57021ae6f73258bbba7fd508202c115005826f2,40384b2142cd08444226a559dbc6e0b50452cc6aa47c5a8991e681229db3c5d9,2026-10-04,unknown; see source_provenance.csv,R_GC_MEM_GROW unset; R_ENABLE_JIT=0 Rscript analysis/31_nested_selection_benchmark.R,0,2026-10-04T15:42:48.5860647Z,File hash establishes identity; command status establishes execution. Matching checkpoints may be reused.
results/tables/nested_benchmark_predictions.csv,analysis/31_nested_selection_benchmark.R,3501faadef53035beaa2f3e9e5666b435510d53271ee7df0b842724cb1d6e385,e5640f8d4eae20098faa1dd820a567b5923964f5476075a55bcb02bd6a2cefe8,"TCGA SummarizedExperiment/clinical metadata, GEO DE tables, stage-22 fold definitions, matching benchmark checkpoints.",376a7f13ba348854bc4d5f9a783e67b09aedbdec6e6fd58aee8bc6a2280e3886,b2eff8847eb7a8dc1721537f755b091b71e58df406e64095fa31a3c3031182f2,4f37f0eddd7a9dd0c5ba1c80e57021ae6f73258bbba7fd508202c115005826f2,40384b2142cd08444226a559dbc6e0b50452cc6aa47c5a8991e681229db3c5d9,2026-10-04,unknown; see source_provenance.csv,R_GC_MEM_GROW unset; R_ENABLE_JIT=0 Rscript analysis/31_nested_selection_benchmark.R,0,2026-10-04T15:42:48.5860647Z,File hash establishes identity; command status establishes execution. Matching checkpoints may be reused.
results/tables/nested_benchmark_repeat_metrics.csv,analysis/31_nested_selection_benchmark.R,04a88a5d3a56d85404dac06fd9cb279b399f9bea7d1dbcb0230918c092c2ae79,e5640f8d4eae20098faa1dd820a567b5923964f5476075a55bcb02bd6a2cefe8,"TCGA SummarizedExperiment/clinical metadata, GEO DE tables, stage-22 fold definitions, matching benchmark checkpoints.",376a7f13ba348854bc4d5f9a783e67b09aedbdec6e6fd58aee8bc6a2280e3886,b2eff8847eb7a8dc1721537f755b091b71e58df406e64095fa31a3c3031182f2,4f37f0eddd7a9dd0c5ba1c80e57021ae6f73258bbba7fd508202c115005826f2,40384b2142cd08444226a559dbc6e0b50452cc6aa47c5a8991e681229db3c5d9,2026-10-04,unknown; see source_provenance.csv,R_GC_MEM_GROW unset; R_ENABLE_JIT=0 Rscript analysis/31_nested_selection_benchmark.R,0,2026-10-04T15:42:48.5860647Z,File hash establishes identity; command status establishes execution. Matching checkpoints may be reused.
results/tables/nested_benchmark_summary.csv,analysis/31_nested_selection_benchmark.R,cf2b6e0ffdbb64d651a76488ba0ab5d8e4f7b7b5486138a9d9e9a26a7548eae5,e5640f8d4eae20098faa1dd820a567b5923964f5476075a55bcb02bd6a2cefe8,"TCGA SummarizedExperiment/clinical metadata, GEO DE tables, stage-22 fold definitions, matching benchmark checkpoints.",376a7f13ba348854bc4d5f9a783e67b09aedbdec6e6fd58aee8bc6a2280e3886,b2eff8847eb7a8dc1721537f755b091b71e58df406e64095fa31a3c3031182f2,4f37f0eddd7a9dd0c5ba1c80e57021ae6f73258bbba7fd508202c115005826f2,40384b2142cd08444226a559dbc6e0b50452cc6aa47c5a8991e681229db3c5d9,2026-10-04,unknown; see source_provenance.csv,R_GC_MEM_GROW unset; R_ENABLE_JIT=0 Rscript analysis/31_nested_selection_benchmark.R,0,2026-10-04T15:42:48.5860647Z,File hash establishes identity; command status establishes execution. Matching checkpoints may be reused.
results/tables/nested_cohort_exclusions.csv,analysis/37_central_results.R,d5e54b038f3e99473bbb9ce5dadfb076f5e64a27f7b75f33a2f2e6fbeadcab63,31e4d3b49ca974fe88ab24bc3b198b142128b04bc945bbfd4ded7b6ce368af81,Shortlist; GEO DE; external survival; composition/purity; selection frequency; TRACERx one-region summary; CheckMate interactions; aliquot and pairing results; nested benchmark/folds; signature summary; TCGA Cox/clinical/column metadata.,376a7f13ba348854bc4d5f9a783e67b09aedbdec6e6fd58aee8bc6a2280e3886,b2eff8847eb7a8dc1721537f755b091b71e58df406e64095fa31a3c3031182f2,4f37f0eddd7a9dd0c5ba1c80e57021ae6f73258bbba7fd508202c115005826f2,40384b2142cd08444226a559dbc6e0b50452cc6aa47c5a8991e681229db3c5d9,2026-10-04,unknown; see source_provenance.csv,R_ENABLE_JIT=0 Rscript analysis/37_central_results.R,0,2026-10-04T16:13:10.4174238Z,File hash establishes identity; command status establishes execution. Matching checkpoints may be reused.
results/tables/nested_cv_clinical_null.csv,analysis/22_nested_cv.R,a12cbd84d9f210ffd3f55c6f0ce72a02375a6f04c4c6bebae99bc9eaedd6bdfd,7e949f74aff625cf6e23beed812687c0a52545d35bff30eb0eaba4bb70694e89,TCGA SummarizedExperiment and clinical metadata; both GEO DE tables; matching fold checkpoints when present.,376a7f13ba348854bc4d5f9a783e67b09aedbdec6e6fd58aee8bc6a2280e3886,b2eff8847eb7a8dc1721537f755b091b71e58df406e64095fa31a3c3031182f2,4f37f0eddd7a9dd0c5ba1c80e57021ae6f73258bbba7fd508202c115005826f2,40384b2142cd08444226a559dbc6e0b50452cc6aa47c5a8991e681229db3c5d9,2026-10-04,unknown; see source_provenance.csv,R_ENABLE_JIT=0 HYDRA_NULL_SIMS=0 Rscript analysis/22_nested_cv.R,0,2026-10-04T16:00:13.6264104Z,File hash establishes identity; command status establishes execution. Matching checkpoints may be reused.
results/tables/nested_cv_clinical_null.csv,analysis/50_clinical_null_refits.R,a12cbd84d9f210ffd3f55c6f0ce72a02375a6f04c4c6bebae99bc9eaedd6bdfd,eac2ddc54bb73c7f6ebb173f0253879dbf72612a04a92cb6db436843fc005ae1,"Exact stage-22 setup/functions, first-repeat corrected fold caches, frozen TCGA inputs and clinical outcomes; unchanged clinical-null mechanism and seed with iteration checkpoints.",376a7f13ba348854bc4d5f9a783e67b09aedbdec6e6fd58aee8bc6a2280e3886,b2eff8847eb7a8dc1721537f755b091b71e58df406e64095fa31a3c3031182f2,4f37f0eddd7a9dd0c5ba1c80e57021ae6f73258bbba7fd508202c115005826f2,40384b2142cd08444226a559dbc6e0b50452cc6aa47c5a8991e681229db3c5d9,2026-10-04,unknown; see source_provenance.csv,R_ENABLE_JIT=0 HYDRA_NULL_SIMS=0 Rscript analysis/50_clinical_null_refits.R,0,2026-10-04T16:00:31.0568330Z,File hash establishes identity; command status establishes execution. Matching checkpoints may be reused.
results/tables/nested_cv_clinical_null_summary.csv,analysis/28_null_summary.R,dc3e52974423de29363d5bc01e5d0b17e363433212740f9995da7de46ce69998,a795aa9b5c8635305ccfea3f17c5a0fe54065b7fef0459efd55f3ce56e072a6d,`T/nested_cv_clinical_null.csv`.,376a7f13ba348854bc4d5f9a783e67b09aedbdec6e6fd58aee8bc6a2280e3886,b2eff8847eb7a8dc1721537f755b091b71e58df406e64095fa31a3c3031182f2,4f37f0eddd7a9dd0c5ba1c80e57021ae6f73258bbba7fd508202c115005826f2,40384b2142cd08444226a559dbc6e0b50452cc6aa47c5a8991e681229db3c5d9,2026-10-04,unknown; see source_provenance.csv,R_ENABLE_JIT=0 HYDRA_NULL_SIMS=0 Rscript analysis/28_null_summary.R,0,2026-10-04T16:00:31.6227267Z,File hash establishes identity; command status establishes execution. Matching checkpoints may be reused.
results/tables/nested_cv_fold_event_summary.csv,analysis/34_evidence_display.R,366789a9b0111284301a18ca6a6581be0de707d3d14f416534629312467ab5e9,a2ce476ec4ef5cda94012ebf8efcdb10180cf6eb9ba6051503d04dd2b06b9772,Nested predictions/folds; TCGA clinical/column metadata and sample summaries; both external survival tables/summaries; shortlist; composition/purity tables; TRACERx repeats/study summary; CheckMate summary; GEO sample summaries.,376a7f13ba348854bc4d5f9a783e67b09aedbdec6e6fd58aee8bc6a2280e3886,b2eff8847eb7a8dc1721537f755b091b71e58df406e64095fa31a3c3031182f2,4f37f0eddd7a9dd0c5ba1c80e57021ae6f73258bbba7fd508202c115005826f2,40384b2142cd08444226a559dbc6e0b50452cc6aa47c5a8991e681229db3c5d9,2026-10-04,unknown; see source_provenance.csv,R_ENABLE_JIT=0 Rscript analysis/34_evidence_display.R,0,2026-10-04T16:13:06.9748626Z,File hash establishes identity; command status establishes execution. Matching checkpoints may be reused.
results/tables/nested_cv_fold_events.csv,analysis/34_evidence_display.R,8e65f1f22ea98710fa4645add04e5030a62cbf69ca55def240e89610a8958ff5,a2ce476ec4ef5cda94012ebf8efcdb10180cf6eb9ba6051503d04dd2b06b9772,Nested predictions/folds; TCGA clinical/column metadata and sample summaries; both external survival tables/summaries; shortlist; composition/purity tables; TRACERx repeats/study summary; CheckMate summary; GEO sample summaries.,376a7f13ba348854bc4d5f9a783e67b09aedbdec6e6fd58aee8bc6a2280e3886,b2eff8847eb7a8dc1721537f755b091b71e58df406e64095fa31a3c3031182f2,4f37f0eddd7a9dd0c5ba1c80e57021ae6f73258bbba7fd508202c115005826f2,40384b2142cd08444226a559dbc6e0b50452cc6aa47c5a8991e681229db3c5d9,2026-10-04,unknown; see source_provenance.csv,R_ENABLE_JIT=0 Rscript analysis/34_evidence_display.R,0,2026-10-04T16:13:06.9748626Z,File hash establishes identity; command status establishes execution. Matching checkpoints may be reused.
results/tables/nested_cv_folds.csv,analysis/22_nested_cv.R,f02fd37fbc88b929cfdb9d8b5703a2905e96968febde02c6d9f013aeff5ad6ac,7e949f74aff625cf6e23beed812687c0a52545d35bff30eb0eaba4bb70694e89,TCGA SummarizedExperiment and clinical metadata; both GEO DE tables; matching fold checkpoints when present.,376a7f13ba348854bc4d5f9a783e67b09aedbdec6e6fd58aee8bc6a2280e3886,b2eff8847eb7a8dc1721537f755b091b71e58df406e64095fa31a3c3031182f2,4f37f0eddd7a9dd0c5ba1c80e57021ae6f73258bbba7fd508202c115005826f2,40384b2142cd08444226a559dbc6e0b50452cc6aa47c5a8991e681229db3c5d9,2026-10-04,unknown; see source_provenance.csv,R_ENABLE_JIT=0 HYDRA_NULL_SIMS=0 Rscript analysis/22_nested_cv.R,0,2026-10-04T16:00:13.6264104Z,File hash establishes identity; command status establishes execution. Matching checkpoints may be reused.
results/tables/nested_cv_patient_bootstrap.csv,analysis/22_nested_cv.R,395240ae69434594b54ab0bfa30599fa8289a9b576f76e391319c7c574e5d5c6,7e949f74aff625cf6e23beed812687c0a52545d35bff30eb0eaba4bb70694e89,TCGA SummarizedExperiment and clinical metadata; both GEO DE tables; matching fold checkpoints when present.,376a7f13ba348854bc4d5f9a783e67b09aedbdec6e6fd58aee8bc6a2280e3886,b2eff8847eb7a8dc1721537f755b091b71e58df406e64095fa31a3c3031182f2,4f37f0eddd7a9dd0c5ba1c80e57021ae6f73258bbba7fd508202c115005826f2,40384b2142cd08444226a559dbc6e0b50452cc6aa47c5a8991e681229db3c5d9,2026-10-04,unknown; see source_provenance.csv,R_ENABLE_JIT=0 HYDRA_NULL_SIMS=0 Rscript analysis/22_nested_cv.R,0,2026-10-04T16:00:13.6264104Z,File hash establishes identity; command status establishes execution. Matching checkpoints may be reused.
results/tables/nested_cv_predictions.csv,analysis/22_nested_cv.R,347e108d821fb51e8b8c4a37ebe36f9fb2a0d34c4a37431220d8baa1088cfb67,7e949f74aff625cf6e23beed812687c0a52545d35bff30eb0eaba4bb70694e89,TCGA SummarizedExperiment and clinical metadata; both GEO DE tables; matching fold checkpoints when present.,376a7f13ba348854bc4d5f9a783e67b09aedbdec6e6fd58aee8bc6a2280e3886,b2eff8847eb7a8dc1721537f755b091b71e58df406e64095fa31a3c3031182f2,4f37f0eddd7a9dd0c5ba1c80e57021ae6f73258bbba7fd508202c115005826f2,40384b2142cd08444226a559dbc6e0b50452cc6aa47c5a8991e681229db3c5d9,2026-10-04,unknown; see source_provenance.csv,R_ENABLE_JIT=0 HYDRA_NULL_SIMS=0 Rscript analysis/22_nested_cv.R,0,2026-10-04T16:00:13.6264104Z,File hash establishes identity; command status establishes execution. Matching checkpoints may be reused.
results/tables/nested_cv_repeat_metrics.csv,analysis/22_nested_cv.R,b9f74762b9627bea3907ea8d5cbd03220cac6d2e73756514113130e37babd1a4,7e949f74aff625cf6e23beed812687c0a52545d35bff30eb0eaba4bb70694e89,TCGA SummarizedExperiment and clinical metadata; both GEO DE tables; matching fold checkpoints when present.,376a7f13ba348854bc4d5f9a783e67b09aedbdec6e6fd58aee8bc6a2280e3886,b2eff8847eb7a8dc1721537f755b091b71e58df406e64095fa31a3c3031182f2,4f37f0eddd7a9dd0c5ba1c80e57021ae6f73258bbba7fd508202c115005826f2,40384b2142cd08444226a559dbc6e0b50452cc6aa47c5a8991e681229db3c5d9,2026-10-04,unknown; see source_provenance.csv,R_ENABLE_JIT=0 HYDRA_NULL_SIMS=0 Rscript analysis/22_nested_cv.R,0,2026-10-04T16:00:13.6264104Z,File hash establishes identity; command status establishes execution. Matching checkpoints may be reused.
results/tables/nested_cv_summary.csv,analysis/22_nested_cv.R,883685185e0200fe553c018d9a2be4a6c0283513d0b4caa08d7bb8ab78949672,7e949f74aff625cf6e23beed812687c0a52545d35bff30eb0eaba4bb70694e89,TCGA SummarizedExperiment and clinical metadata; both GEO DE tables; matching fold checkpoints when present.,376a7f13ba348854bc4d5f9a783e67b09aedbdec6e6fd58aee8bc6a2280e3886,b2eff8847eb7a8dc1721537f755b091b71e58df406e64095fa31a3c3031182f2,4f37f0eddd7a9dd0c5ba1c80e57021ae6f73258bbba7fd508202c115005826f2,40384b2142cd08444226a559dbc6e0b50452cc6aa47c5a8991e681229db3c5d9,2026-10-04,unknown; see source_provenance.csv,R_ENABLE_JIT=0 HYDRA_NULL_SIMS=0 Rscript analysis/22_nested_cv.R,0,2026-10-04T16:00:13.6264104Z,File hash establishes identity; command status establishes execution. Matching checkpoints may be reused.
results/tables/nested_gene_selection_frequency.csv,analysis/34_evidence_display.R,cb2b08e9fef54fcc93c33037849bc62e6c71f2ab97346e65e9e1a57edd693c39,a2ce476ec4ef5cda94012ebf8efcdb10180cf6eb9ba6051503d04dd2b06b9772,Nested predictions/folds; TCGA clinical/column metadata and sample summaries; both external survival tables/summaries; shortlist; composition/purity tables; TRACERx repeats/study summary; CheckMate summary; GEO sample summaries.,376a7f13ba348854bc4d5f9a783e67b09aedbdec6e6fd58aee8bc6a2280e3886,b2eff8847eb7a8dc1721537f755b091b71e58df406e64095fa31a3c3031182f2,4f37f0eddd7a9dd0c5ba1c80e57021ae6f73258bbba7fd508202c115005826f2,40384b2142cd08444226a559dbc6e0b50452cc6aa47c5a8991e681229db3c5d9,2026-10-04,unknown; see source_provenance.csv,R_ENABLE_JIT=0 Rscript analysis/34_evidence_display.R,0,2026-10-04T16:13:06.9748626Z,File hash establishes identity; command status establishes execution. Matching checkpoints may be reused.
results/tables/normalization_benchmark_refit_audit.csv,analysis/48_normalization_report.R,27c7fc34a8fd94652187f599c9b39e724ab5374d7e09a79388bcb1d7778332c2,903f2acc9bf8ce5aa18f19247163f108513befee3ae4e965e0e0c2b3e141dcfc,Archived and corrected primary/benchmark summaries; current-source benchmark checkpoints; primary correction audit.,376a7f13ba348854bc4d5f9a783e67b09aedbdec6e6fd58aee8bc6a2280e3886,b2eff8847eb7a8dc1721537f755b091b71e58df406e64095fa31a3c3031182f2,4f37f0eddd7a9dd0c5ba1c80e57021ae6f73258bbba7fd508202c115005826f2,40384b2142cd08444226a559dbc6e0b50452cc6aa47c5a8991e681229db3c5d9,2026-10-04,unknown; see source_provenance.csv,Rscript analysis/48_normalization_report.R [verified LF helper],0,2026-10-05T08:08:17.4746494Z,File hash establishes identity; command status establishes execution. Matching checkpoints may be reused.
results/tables/normalization_prediction_comparison.csv,analysis/48_normalization_report.R,76e9241efbb4e25f1a329488d635ee5d42f60136a1c397e4bbd425e888225f3c,903f2acc9bf8ce5aa18f19247163f108513befee3ae4e965e0e0c2b3e141dcfc,Archived and corrected primary/benchmark summaries; current-source benchmark checkpoints; primary correction audit.,376a7f13ba348854bc4d5f9a783e67b09aedbdec6e6fd58aee8bc6a2280e3886,b2eff8847eb7a8dc1721537f755b091b71e58df406e64095fa31a3c3031182f2,4f37f0eddd7a9dd0c5ba1c80e57021ae6f73258bbba7fd508202c115005826f2,40384b2142cd08444226a559dbc6e0b50452cc6aa47c5a8991e681229db3c5d9,2026-10-04,unknown; see source_provenance.csv,Rscript analysis/48_normalization_report.R [verified LF helper],0,2026-10-05T08:08:17.4746494Z,File hash establishes identity; command status establishes execution. Matching checkpoints may be reused.
results/tables/normalization_primary_correction_audit.csv,analysis/47_correct_primary_normalization.R,6887d5a113640314f9563a27c235619f0ba6a1844b4116530f51e137272937fa,a458c281e4c8d4fa52d11381c03185d98a5cd57fae673de11d36733ba763c996,"Archived original stage-22 source and checkpoints, unchanged frozen inputs, corrected source and frozen-normalization helper; strict parsed-source and original-prediction equivalence checks.",376a7f13ba348854bc4d5f9a783e67b09aedbdec6e6fd58aee8bc6a2280e3886,b2eff8847eb7a8dc1721537f755b091b71e58df406e64095fa31a3c3031182f2,4f37f0eddd7a9dd0c5ba1c80e57021ae6f73258bbba7fd508202c115005826f2,40384b2142cd08444226a559dbc6e0b50452cc6aa47c5a8991e681229db3c5d9,2026-10-04,unknown; see source_provenance.csv,Rscript analysis/47_correct_primary_normalization.R,0,2026-10-04T06:39:30.1467193Z,File hash establishes identity; command status establishes execution. Matching checkpoints may be reused.
results/tables/null_overlap_check.csv,analysis/11_hardening_outputs.R,3ceb34b6c493bc6c5a405111e368b22ebd9572434210715134e1ef19799a8feb,ea6bc473829b33ccdeb233d490ca2b965c97e578888c38778f046988d4f5916a,Candidate evidence and counts; TCGA survival input; reproducible-DE table; embedded interpretation/literature text.,376a7f13ba348854bc4d5f9a783e67b09aedbdec6e6fd58aee8bc6a2280e3886,b2eff8847eb7a8dc1721537f755b091b71e58df406e64095fa31a3c3031182f2,4f37f0eddd7a9dd0c5ba1c80e57021ae6f73258bbba7fd508202c115005826f2,40384b2142cd08444226a559dbc6e0b50452cc6aa47c5a8991e681229db3c5d9,2026-10-04,unknown; see source_provenance.csv,Rscript analysis/11_hardening_outputs.R ,0,2026-10-01T16:45:33.6371075Z,File hash establishes identity; command status establishes execution. Matching checkpoints may be reused.
results/tables/numerical_consistency.csv,analysis/37_central_results.R,dc113782e654c274f33f4c24afb48f798107108c06e4606e88b1dfe7c6f28be2,31e4d3b49ca974fe88ab24bc3b198b142128b04bc945bbfd4ded7b6ce368af81,Shortlist; GEO DE; external survival; composition/purity; selection frequency; TRACERx one-region summary; CheckMate interactions; aliquot and pairing results; nested benchmark/folds; signature summary; TCGA Cox/clinical/column metadata.,376a7f13ba348854bc4d5f9a783e67b09aedbdec6e6fd58aee8bc6a2280e3886,b2eff8847eb7a8dc1721537f755b091b71e58df406e64095fa31a3c3031182f2,4f37f0eddd7a9dd0c5ba1c80e57021ae6f73258bbba7fd508202c115005826f2,40384b2142cd08444226a559dbc6e0b50452cc6aa47c5a8991e681229db3c5d9,2026-10-04,unknown; see source_provenance.csv,R_ENABLE_JIT=0 Rscript analysis/37_central_results.R,0,2026-10-04T16:13:10.4174238Z,File hash establishes identity; command status establishes execution. Matching checkpoints may be reused.
results/tables/permutation_checkpoint_type_audit.csv,analysis/51_verify_permutation_checkpoint.R,9b0be6cb51aa0715e1dd651e932724cf8a8e0542b4b323c71d78d65cf03756a1,6cd928781076c555faedac66e97b82b8a647519b4cb9751f8c738607c8baae2a,"Archived checkpointed stage-33 source, corrected source, unchanged inputs and completed 200-iteration checkpoint; original null CSV.",376a7f13ba348854bc4d5f9a783e67b09aedbdec6e6fd58aee8bc6a2280e3886,b2eff8847eb7a8dc1721537f755b091b71e58df406e64095fa31a3c3031182f2,4f37f0eddd7a9dd0c5ba1c80e57021ae6f73258bbba7fd508202c115005826f2,40384b2142cd08444226a559dbc6e0b50452cc6aa47c5a8991e681229db3c5d9,2026-10-04,unknown; see source_provenance.csv,Rscript analysis/51_verify_permutation_checkpoint.R,0,2026-10-04T11:38:09.6161678Z,File hash establishes identity; command status establishes execution. Matching checkpoints may be reused.
results/tables/prior_candidate_delta.csv,analysis/10c_compare_prior.R,c38142cefea26233b286f90066bb655129b67d40b4ad6e6358d19c7b51ec11f9,f2b9cc6a95fc580ee9259c1ba75853aac8569fdcc6328056bf173c4efd88d96c,"`results/tables/high_confidence_candidate_genes.csv` at historical commit `d5a59464006c3a174c0de5d85d82a77eb549189d`, read with `git show`; current shortlist.",376a7f13ba348854bc4d5f9a783e67b09aedbdec6e6fd58aee8bc6a2280e3886,b2eff8847eb7a8dc1721537f755b091b71e58df406e64095fa31a3c3031182f2,4f37f0eddd7a9dd0c5ba1c80e57021ae6f73258bbba7fd508202c115005826f2,40384b2142cd08444226a559dbc6e0b50452cc6aa47c5a8991e681229db3c5d9,2026-10-04,unknown; see source_provenance.csv,Rscript analysis/10c_compare_prior.R ,0,2026-09-30T19:57:44.8992273Z,File hash establishes identity; command status establishes execution. Matching checkpoints may be reused.
results/tables/published_signature_summary.csv,analysis/32_published_signature_benchmark.R,c7c9eb3ca4594434a77d3651deb0ed619127d286359b68a57e8d69c59f661b77,d4161488f4b5c6782933b7c6f5c7d770cfeb5ee27cdc7203bf0303c2ab1c2a78,"`analysis/clearcode34_genes.csv`, TCGA expression/clinical inputs, E-MTAB input group, shortlist, locked annotation.",376a7f13ba348854bc4d5f9a783e67b09aedbdec6e6fd58aee8bc6a2280e3886,b2eff8847eb7a8dc1721537f755b091b71e58df406e64095fa31a3c3031182f2,4f37f0eddd7a9dd0c5ba1c80e57021ae6f73258bbba7fd508202c115005826f2,40384b2142cd08444226a559dbc6e0b50452cc6aa47c5a8991e681229db3c5d9,2026-10-04,unknown; see source_provenance.csv,R_ENABLE_JIT=0 Rscript analysis/32_published_signature_benchmark.R,0,2026-10-04T16:13:01.7855161Z,File hash establishes identity; command status establishes execution. Matching checkpoints may be reused.
results/tables/reproducibility_summary.csv,analysis/06_reproducibility.R,5f26a10f8b799b872dbfd8e58dcedc95835ff520c3b5c523c124d72bb14af22f,359767028d8306ed8a27930962430061993e474619bd3b4d04f2b84698cecd6f,Three DE replication tables and symbol mapping.,376a7f13ba348854bc4d5f9a783e67b09aedbdec6e6fd58aee8bc6a2280e3886,b2eff8847eb7a8dc1721537f755b091b71e58df406e64095fa31a3c3031182f2,4f37f0eddd7a9dd0c5ba1c80e57021ae6f73258bbba7fd508202c115005826f2,40384b2142cd08444226a559dbc6e0b50452cc6aa47c5a8991e681229db3c5d9,2026-10-04,unknown; see source_provenance.csv,Rscript analysis/06_reproducibility.R ,0,2026-09-30T19:49:10.3559166Z,File hash establishes identity; command status establishes execution. Matching checkpoints may be reused.
results/tables/reproducible_deg_tcga_gse40435_gse53757.csv,analysis/06_reproducibility.R,fd180232b6e2986a53562676d6ac67023e09cb561d71d1baba8c39f0cb26db74,359767028d8306ed8a27930962430061993e474619bd3b4d04f2b84698cecd6f,Three DE replication tables and symbol mapping.,376a7f13ba348854bc4d5f9a783e67b09aedbdec6e6fd58aee8bc6a2280e3886,b2eff8847eb7a8dc1721537f755b091b71e58df406e64095fa31a3c3031182f2,4f37f0eddd7a9dd0c5ba1c80e57021ae6f73258bbba7fd508202c115005826f2,40384b2142cd08444226a559dbc6e0b50452cc6aa47c5a8991e681229db3c5d9,2026-10-04,unknown; see source_provenance.csv,Rscript analysis/06_reproducibility.R ,0,2026-09-30T19:49:10.3559166Z,File hash establishes identity; command status establishes execution. Matching checkpoints may be reused.
results/tables/review_artifact_coverage.txt,analysis/42_review_artifact_manifest.py,self-inventory; final run_manifest records hash,ec46629eb87129aa2d442db42c16653a8b21297cdecbb824ddb14e863de9031d,"Verified source map, artifact inventory, command log, input and version manifests.",376a7f13ba348854bc4d5f9a783e67b09aedbdec6e6fd58aee8bc6a2280e3886,b2eff8847eb7a8dc1721537f755b091b71e58df406e64095fa31a3c3031182f2,4f37f0eddd7a9dd0c5ba1c80e57021ae6f73258bbba7fd508202c115005826f2,40384b2142cd08444226a559dbc6e0b50452cc6aa47c5a8991e681229db3c5d9,2026-10-04,unknown; see source_provenance.csv,python analysis/42_review_artifact_manifest.py,0,2026-10-04T17:12:18.5411765Z,File hash establishes identity; command status establishes execution. Matching checkpoints may be reused.
results/tables/review_artifact_sources.csv,analysis/42_review_artifact_manifest.py,self-inventory; final run_manifest records hash,ec46629eb87129aa2d442db42c16653a8b21297cdecbb824ddb14e863de9031d,"Verified source map, artifact inventory, command log, input and version manifests.",376a7f13ba348854bc4d5f9a783e67b09aedbdec6e6fd58aee8bc6a2280e3886,b2eff8847eb7a8dc1721537f755b091b71e58df406e64095fa31a3c3031182f2,4f37f0eddd7a9dd0c5ba1c80e57021ae6f73258bbba7fd508202c115005826f2,40384b2142cd08444226a559dbc6e0b50452cc6aa47c5a8991e681229db3c5d9,2026-10-04,unknown; see source_provenance.csv,python analysis/42_review_artifact_manifest.py,0,2026-10-04T17:12:18.5411765Z,File hash establishes identity; command status establishes execution. Matching checkpoints may be reused.
results/tables/review_benchmark_cache_audit.csv,analysis/44_verify_benchmark_cache_equivalence.R,34a99b6d1db265d36437c11c71756f5027df039ce74fe76ec49965aeba43089e,d1783af4730770ae9f60213ec868a22591ab1370218f2e79926e2319c93b81bd,"Recorded benchmark checkpoints, historical Git source objects, current code/configuration/input hashes, and fresh primary-fold checkpoints.",376a7f13ba348854bc4d5f9a783e67b09aedbdec6e6fd58aee8bc6a2280e3886,b2eff8847eb7a8dc1721537f755b091b71e58df406e64095fa31a3c3031182f2,4f37f0eddd7a9dd0c5ba1c80e57021ae6f73258bbba7fd508202c115005826f2,40384b2142cd08444226a559dbc6e0b50452cc6aa47c5a8991e681229db3c5d9,2026-10-04,unknown; see source_provenance.csv,Rscript analysis/44_verify_benchmark_cache_equivalence.R --audit-only,0,2026-10-03T18:43:40.5491370Z,File hash establishes identity; command status establishes execution. Matching checkpoints may be reused.
results/tables/review_figure_sources.csv,analysis/40_review_figures.R,3327043b45e59f9f5498d5ae199cdaf7b0071874ea2f400d0c93e6da68912750,334945962af69bc93380852fe4ef94795e2dc6a693cd8f36dc8495f8b4ba6948,Funnel; shortlist; external tables/summaries; bootstrap; nested CV summary; composition/purity/coverage; HPA summary; nested benchmark repeat metrics.,376a7f13ba348854bc4d5f9a783e67b09aedbdec6e6fd58aee8bc6a2280e3886,b2eff8847eb7a8dc1721537f755b091b71e58df406e64095fa31a3c3031182f2,4f37f0eddd7a9dd0c5ba1c80e57021ae6f73258bbba7fd508202c115005826f2,40384b2142cd08444226a559dbc6e0b50452cc6aa47c5a8991e681229db3c5d9,2026-10-04,unknown; see source_provenance.csv,R_ENABLE_JIT=0 Rscript analysis/40_review_figures.R ,0,2026-10-04T17:00:57.9339869Z,File hash establishes identity; command status establishes execution. Matching checkpoints may be reused.
results/tables/review_readability.txt,analysis/41_review_claim_audit.py,ace6779ab61c1fb79bbb481e6c119856412a98c8c34f7db959a2e678a21d8aea,431861da89fd55ea5e504e90319288920d574e836a07bef22853da8c02fcef49,"`P/main.tex`, `supplement.tex`, `references.bib`, generated macros, included files, `claim_evidence.csv`, every linked claim source, and the execution CSV.",376a7f13ba348854bc4d5f9a783e67b09aedbdec6e6fd58aee8bc6a2280e3886,b2eff8847eb7a8dc1721537f755b091b71e58df406e64095fa31a3c3031182f2,4f37f0eddd7a9dd0c5ba1c80e57021ae6f73258bbba7fd508202c115005826f2,40384b2142cd08444226a559dbc6e0b50452cc6aa47c5a8991e681229db3c5d9,2026-10-04,unknown; see source_provenance.csv,python analysis/41_review_claim_audit.py,0,2026-10-05T08:08:17.4874242Z,File hash establishes identity; command status establishes execution. Matching checkpoints may be reused.
results/tables/revision_command_log.csv,run_pipeline.ps1,append-only execution log; changes when subsequent commands complete,ed7f97ffed08bf24fb98748968fed5001cc9178d365165069fd94079dce055fc,Sequential analysis commands and their observed exit statuses.,376a7f13ba348854bc4d5f9a783e67b09aedbdec6e6fd58aee8bc6a2280e3886,b2eff8847eb7a8dc1721537f755b091b71e58df406e64095fa31a3c3031182f2,4f37f0eddd7a9dd0c5ba1c80e57021ae6f73258bbba7fd508202c115005826f2,40384b2142cd08444226a559dbc6e0b50452cc6aa47c5a8991e681229db3c5d9,2026-10-04,unknown; see source_provenance.csv,run_pipeline.ps1 (SkipInstall=True; ForceDownload=False; NestedWorkers=1; StartAt=analysis/46_limitations_sensitivity.R),0,2026-10-04T17:01:17.7940414Z,File hash establishes identity; command status establishes execution. Matching checkpoints may be reused.
results/tables/ridge_fold_audit.csv,analysis/37_central_results.R,f9c35acb4158df741a589bc48bfea102e966d86d7f4e7e5a40150c2287d8763e,31e4d3b49ca974fe88ab24bc3b198b142128b04bc945bbfd4ded7b6ce368af81,Shortlist; GEO DE; external survival; composition/purity; selection frequency; TRACERx one-region summary; CheckMate interactions; aliquot and pairing results; nested benchmark/folds; signature summary; TCGA Cox/clinical/column metadata.,376a7f13ba348854bc4d5f9a783e67b09aedbdec6e6fd58aee8bc6a2280e3886,b2eff8847eb7a8dc1721537f755b091b71e58df406e64095fa31a3c3031182f2,4f37f0eddd7a9dd0c5ba1c80e57021ae6f73258bbba7fd508202c115005826f2,40384b2142cd08444226a559dbc6e0b50452cc6aa47c5a8991e681229db3c5d9,2026-10-04,unknown; see source_provenance.csv,R_ENABLE_JIT=0 Rscript analysis/37_central_results.R,0,2026-10-04T16:13:10.4174238Z,File hash establishes identity; command status establishes execution. Matching checkpoints may be reused.
results/tables/ridge_multigene_summary.csv,analysis/37_central_results.R,8b622e2686a8eab579165899791deb3e4d4193a8df3b070e9235aba62162b87d,31e4d3b49ca974fe88ab24bc3b198b142128b04bc945bbfd4ded7b6ce368af81,Shortlist; GEO DE; external survival; composition/purity; selection frequency; TRACERx one-region summary; CheckMate interactions; aliquot and pairing results; nested benchmark/folds; signature summary; TCGA Cox/clinical/column metadata.,376a7f13ba348854bc4d5f9a783e67b09aedbdec6e6fd58aee8bc6a2280e3886,b2eff8847eb7a8dc1721537f755b091b71e58df406e64095fa31a3c3031182f2,4f37f0eddd7a9dd0c5ba1c80e57021ae6f73258bbba7fd508202c115005826f2,40384b2142cd08444226a559dbc6e0b50452cc6aa47c5a8991e681229db3c5d9,2026-10-04,unknown; see source_provenance.csv,R_ENABLE_JIT=0 Rscript analysis/37_central_results.R,0,2026-10-04T16:13:10.4174238Z,File hash establishes identity; command status establishes execution. Matching checkpoints may be reused.
results/tables/ridge_specification.csv,analysis/37_central_results.R,90f4e26c9b5f10dd471bfd07d8c3b023097a99f444e66fe1a39ac61ff8e16945,31e4d3b49ca974fe88ab24bc3b198b142128b04bc945bbfd4ded7b6ce368af81,Shortlist; GEO DE; external survival; composition/purity; selection frequency; TRACERx one-region summary; CheckMate interactions; aliquot and pairing results; nested benchmark/folds; signature summary; TCGA Cox/clinical/column metadata.,376a7f13ba348854bc4d5f9a783e67b09aedbdec6e6fd58aee8bc6a2280e3886,b2eff8847eb7a8dc1721537f755b091b71e58df406e64095fa31a3c3031182f2,4f37f0eddd7a9dd0c5ba1c80e57021ae6f73258bbba7fd508202c115005826f2,40384b2142cd08444226a559dbc6e0b50452cc6aa47c5a8991e681229db3c5d9,2026-10-04,unknown; see source_provenance.csv,R_ENABLE_JIT=0 Rscript analysis/37_central_results.R,0,2026-10-04T16:13:10.4174238Z,File hash establishes identity; command status establishes execution. Matching checkpoints may be reused.
results/tables/run_manifest.csv,analysis/18_write_manifest.R,execution manifest rewritten after this inventory; validate its entries with analysis/12_validate_outputs.R,23c403cbcff960c08707f7c812cb29b7126970953ee5a3e0248a0dd94b249adc,"Raw/cached input inventory, scripts, result files, selected manuscript files, runtime.",376a7f13ba348854bc4d5f9a783e67b09aedbdec6e6fd58aee8bc6a2280e3886,b2eff8847eb7a8dc1721537f755b091b71e58df406e64095fa31a3c3031182f2,4f37f0eddd7a9dd0c5ba1c80e57021ae6f73258bbba7fd508202c115005826f2,40384b2142cd08444226a559dbc6e0b50452cc6aa47c5a8991e681229db3c5d9,2026-10-04,unknown; see source_provenance.csv,R_ENABLE_JIT=0 Rscript analysis/18_write_manifest.R,0,2026-10-04T17:12:00.1608139Z,File hash establishes identity; command status establishes execution. Matching checkpoints may be reused.
results/tables/source_provenance.csv,analysis/18_write_manifest.R,20637d5633512f38834e43488f6274cbd91939dd4bb33ddaadf572e6e2d27b3f,23c403cbcff960c08707f7c812cb29b7126970953ee5a3e0248a0dd94b249adc,"Raw/cached input inventory, scripts, result files, selected manuscript files, runtime.",376a7f13ba348854bc4d5f9a783e67b09aedbdec6e6fd58aee8bc6a2280e3886,b2eff8847eb7a8dc1721537f755b091b71e58df406e64095fa31a3c3031182f2,4f37f0eddd7a9dd0c5ba1c80e57021ae6f73258bbba7fd508202c115005826f2,40384b2142cd08444226a559dbc6e0b50452cc6aa47c5a8991e681229db3c5d9,2026-10-04,unknown; see source_provenance.csv,R_ENABLE_JIT=0 Rscript analysis/18_write_manifest.R,0,2026-10-04T17:12:00.1608139Z,File hash establishes identity; command status establishes execution. Matching checkpoints may be reused.
results/tables/strict_candidate_genes.csv,analysis/10_candidate_table.R,11284a5447c43b4621da42264a7782153836021e4697ff4434ff7dbaa5922c74,78215a8a39dda5d94f573fc0909a9558af96921ca3776fd4bf356d785e108622,Reproducible-DE and TCGA Cox results; configured thresholds and explicit gene annotations.,376a7f13ba348854bc4d5f9a783e67b09aedbdec6e6fd58aee8bc6a2280e3886,b2eff8847eb7a8dc1721537f755b091b71e58df406e64095fa31a3c3031182f2,4f37f0eddd7a9dd0c5ba1c80e57021ae6f73258bbba7fd508202c115005826f2,40384b2142cd08444226a559dbc6e0b50452cc6aa47c5a8991e681229db3c5d9,2026-10-04,unknown; see source_provenance.csv,Rscript analysis/10_candidate_table.R ,0,2026-09-30T19:57:43.6521447Z,File hash establishes identity; command status establishes execution. Matching checkpoints may be reused.
results/tables/survival_permutation_null.csv,analysis/33_survival_permutation_null.R,a2278b1f498746addf2b3c74e30a9948a767afd7994305d2a83e20944027d68d,3e7c30cc94acd41af1288d811d1628430e58c8424f7e2a47edeb7b8bcba5fa19,"TCGA expression/clinical inputs, stage-22 first-repeat fold caches, source/helper/configuration and R/package-version signatures; 200 permutations.",376a7f13ba348854bc4d5f9a783e67b09aedbdec6e6fd58aee8bc6a2280e3886,b2eff8847eb7a8dc1721537f755b091b71e58df406e64095fa31a3c3031182f2,4f37f0eddd7a9dd0c5ba1c80e57021ae6f73258bbba7fd508202c115005826f2,40384b2142cd08444226a559dbc6e0b50452cc6aa47c5a8991e681229db3c5d9,2026-10-04,unknown; see source_provenance.csv,R_ENABLE_JIT=0 HYDRA_NULL_SIMS=0 Rscript analysis/33_survival_permutation_null.R,0,2026-10-04T16:00:36.5891456Z,File hash establishes identity; command status establishes execution. Matching checkpoints may be reused.
results/tables/survival_permutation_null_summary.csv,analysis/33_survival_permutation_null.R,39dcd4c45b6619dbdc4a65b63d6af99a0cdf6f4ce0af99b63059596c774e75f7,3e7c30cc94acd41af1288d811d1628430e58c8424f7e2a47edeb7b8bcba5fa19,"TCGA expression/clinical inputs, stage-22 first-repeat fold caches, source/helper/configuration and R/package-version signatures; 200 permutations.",376a7f13ba348854bc4d5f9a783e67b09aedbdec6e6fd58aee8bc6a2280e3886,b2eff8847eb7a8dc1721537f755b091b71e58df406e64095fa31a3c3031182f2,4f37f0eddd7a9dd0c5ba1c80e57021ae6f73258bbba7fd508202c115005826f2,40384b2142cd08444226a559dbc6e0b50452cc6aa47c5a8991e681229db3c5d9,2026-10-04,unknown; see source_provenance.csv,R_ENABLE_JIT=0 HYDRA_NULL_SIMS=0 Rscript analysis/33_survival_permutation_null.R,0,2026-10-04T16:00:36.5891456Z,File hash establishes identity; command status establishes execution. Matching checkpoints may be reused.
results/tables/tcga_aliquot_arithmetic.csv,analysis/36_aliquot_sensitivity.R,5e79e76527f444f14280b2e3ceb330e2745b2aa4d42ead54897190e137f72b29,76f7d8dd0635f9737cc75e7935866fe3e3441d54d9672f59d10d6928f278dba8,TCGA SummarizedExperiment/clinical metadata; both GEO DE tables; primary shortlist.,376a7f13ba348854bc4d5f9a783e67b09aedbdec6e6fd58aee8bc6a2280e3886,b2eff8847eb7a8dc1721537f755b091b71e58df406e64095fa31a3c3031182f2,4f37f0eddd7a9dd0c5ba1c80e57021ae6f73258bbba7fd508202c115005826f2,40384b2142cd08444226a559dbc6e0b50452cc6aa47c5a8991e681229db3c5d9,2026-10-04,unknown; see source_provenance.csv,Rscript analysis/36_aliquot_sensitivity.R (retry after storage recovery),0,2026-10-01T16:44:16.7129449Z,File hash establishes identity; command status establishes execution. Matching checkpoints may be reused.
results/tables/tcga_aliquot_selection_audit.csv,analysis/36_aliquot_sensitivity.R,ced778cf68be7bd20b641d35d6685b8a2f0400c2d98ec4be4d8ae6c735190fed,76f7d8dd0635f9737cc75e7935866fe3e3441d54d9672f59d10d6928f278dba8,TCGA SummarizedExperiment/clinical metadata; both GEO DE tables; primary shortlist.,376a7f13ba348854bc4d5f9a783e67b09aedbdec6e6fd58aee8bc6a2280e3886,b2eff8847eb7a8dc1721537f755b091b71e58df406e64095fa31a3c3031182f2,4f37f0eddd7a9dd0c5ba1c80e57021ae6f73258bbba7fd508202c115005826f2,40384b2142cd08444226a559dbc6e0b50452cc6aa47c5a8991e681229db3c5d9,2026-10-04,unknown; see source_provenance.csv,Rscript analysis/36_aliquot_sensitivity.R (retry after storage recovery),0,2026-10-01T16:44:16.7129449Z,File hash establishes identity; command status establishes execution. Matching checkpoints may be reused.
results/tables/tcga_kirc_apeglm_all_gene_survival.csv,analysis/07b_apeglm_global_survival_sensitivity.R,f2c56a790c98ebd213a8d91d77a5d2ea7274ab7903252fbaf8e4ab7cf5555876,1cc533e97b38e920a76fc01dd396f50532421a48fb78a13e1ae22052322a2ecd,"TCGA survival input, TCGA DE, both GEO DE tables, primary reproducible-DE table.",376a7f13ba348854bc4d5f9a783e67b09aedbdec6e6fd58aee8bc6a2280e3886,b2eff8847eb7a8dc1721537f755b091b71e58df406e64095fa31a3c3031182f2,4f37f0eddd7a9dd0c5ba1c80e57021ae6f73258bbba7fd508202c115005826f2,40384b2142cd08444226a559dbc6e0b50452cc6aa47c5a8991e681229db3c5d9,2026-10-04,unknown; see source_provenance.csv,Rscript analysis/07b_apeglm_global_survival_sensitivity.R ,0,2026-09-30T19:57:36.8129841Z,File hash establishes identity; command status establishes execution. Matching checkpoints may be reused.
results/tables/tcga_kirc_apeglm_all_gene_survival_summary.csv,analysis/07b_apeglm_global_survival_sensitivity.R,553e44d3bc54f7d111155eae77ee4fbc5be3c81ef095e0c06e703a0f07f7d238,1cc533e97b38e920a76fc01dd396f50532421a48fb78a13e1ae22052322a2ecd,"TCGA survival input, TCGA DE, both GEO DE tables, primary reproducible-DE table.",376a7f13ba348854bc4d5f9a783e67b09aedbdec6e6fd58aee8bc6a2280e3886,b2eff8847eb7a8dc1721537f755b091b71e58df406e64095fa31a3c3031182f2,4f37f0eddd7a9dd0c5ba1c80e57021ae6f73258bbba7fd508202c115005826f2,40384b2142cd08444226a559dbc6e0b50452cc6aa47c5a8991e681229db3c5d9,2026-10-04,unknown; see source_provenance.csv,Rscript analysis/07b_apeglm_global_survival_sensitivity.R ,0,2026-09-30T19:57:36.8129841Z,File hash establishes identity; command status establishes execution. Matching checkpoints may be reused.
results/tables/tcga_kirc_cox_models.csv,analysis/07_survival_tcga.R,045f87a0af9c01e17771703d8b4ff7c56fbddaab640c6be5447f91386e5e31f5,6b116169f66382ee4130f837fd59e900aaf6f4eeb24d175f74e32e94f9303fa4,"TCGA survival input, TCGA DE, reproducible-DE table.",376a7f13ba348854bc4d5f9a783e67b09aedbdec6e6fd58aee8bc6a2280e3886,b2eff8847eb7a8dc1721537f755b091b71e58df406e64095fa31a3c3031182f2,4f37f0eddd7a9dd0c5ba1c80e57021ae6f73258bbba7fd508202c115005826f2,40384b2142cd08444226a559dbc6e0b50452cc6aa47c5a8991e681229db3c5d9,2026-10-04,unknown; see source_provenance.csv,Rscript analysis/07_survival_tcga.R ,0,2026-09-30T19:52:14.4590200Z,File hash establishes identity; command status establishes execution. Matching checkpoints may be reused.
results/tables/tcga_kirc_deseq2_tumor_vs_normal.csv,analysis/04_deg_tcga.R,e824de0f2d4a0f6ea07cbc0c16465f5716b1fd96d9f78565744b71857ba2c03b,5df3fca3a00edff54f85766bfeb944777a88fa437141d69277979796d81dc69a,"TCGA SummarizedExperiment, patient selection, DESeq2/apeglm.",376a7f13ba348854bc4d5f9a783e67b09aedbdec6e6fd58aee8bc6a2280e3886,b2eff8847eb7a8dc1721537f755b091b71e58df406e64095fa31a3c3031182f2,4f37f0eddd7a9dd0c5ba1c80e57021ae6f73258bbba7fd508202c115005826f2,40384b2142cd08444226a559dbc6e0b50452cc6aa47c5a8991e681229db3c5d9,2026-10-04,unknown; see source_provenance.csv,Rscript analysis/04_deg_tcga.R ,0,2026-09-30T18:58:36.6734074Z,File hash establishes identity; command status establishes execution. Matching checkpoints may be reused.
results/tables/tcga_kirc_enrichment_go_bp.csv,analysis/08_enrichment_tcga.R,46f9a95ad5454c1762d5c5c3069a3aa9d1a419b60108fb0b4b15da0cc1e27714,695d2ce912d565645bf4dc34abe9f95992514278863f420bb19c3007fc308037,TCGA DE and Cox results; locked gene annotation packages.,376a7f13ba348854bc4d5f9a783e67b09aedbdec6e6fd58aee8bc6a2280e3886,b2eff8847eb7a8dc1721537f755b091b71e58df406e64095fa31a3c3031182f2,4f37f0eddd7a9dd0c5ba1c80e57021ae6f73258bbba7fd508202c115005826f2,40384b2142cd08444226a559dbc6e0b50452cc6aa47c5a8991e681229db3c5d9,2026-10-04,unknown; see source_provenance.csv,Rscript analysis/08_enrichment_tcga.R ,0,2026-09-30T19:57:42.5456665Z,File hash establishes identity; command status establishes execution. Matching checkpoints may be reused.
results/tables/tcga_kirc_paired_deg_summary.csv,analysis/04b_paired_deg_tcga.R,1ae3e76934762eeeee9b07da4b28311d987a8747d38fdcb703dbe322339cb156,bf049f535e37281dd5e410ab0c1ad17484af60f6108dc12a4ed5074d4f852d84,TCGA SummarizedExperiment and patient identity.,376a7f13ba348854bc4d5f9a783e67b09aedbdec6e6fd58aee8bc6a2280e3886,b2eff8847eb7a8dc1721537f755b091b71e58df406e64095fa31a3c3031182f2,4f37f0eddd7a9dd0c5ba1c80e57021ae6f73258bbba7fd508202c115005826f2,40384b2142cd08444226a559dbc6e0b50452cc6aa47c5a8991e681229db3c5d9,2026-10-04,unknown; see source_provenance.csv,Rscript analysis/04b_paired_deg_tcga.R ,0,2026-09-30T19:45:57.1487529Z,File hash establishes identity; command status establishes execution. Matching checkpoints may be reused.
results/tables/tcga_kirc_paired_deseq2_tumor_vs_normal.csv,analysis/04b_paired_deg_tcga.R,da59d3b0dc0546c6ea1aedfb5b4882aa17e8411aa8482bd5b1986385704ed658,bf049f535e37281dd5e410ab0c1ad17484af60f6108dc12a4ed5074d4f852d84,TCGA SummarizedExperiment and patient identity.,376a7f13ba348854bc4d5f9a783e67b09aedbdec6e6fd58aee8bc6a2280e3886,b2eff8847eb7a8dc1721537f755b091b71e58df406e64095fa31a3c3031182f2,4f37f0eddd7a9dd0c5ba1c80e57021ae6f73258bbba7fd508202c115005826f2,40384b2142cd08444226a559dbc6e0b50452cc6aa47c5a8991e681229db3c5d9,2026-10-04,unknown; see source_provenance.csv,Rscript analysis/04b_paired_deg_tcga.R ,0,2026-09-30T19:45:57.1487529Z,File hash establishes identity; command status establishes execution. Matching checkpoints may be reused.
results/tables/tcga_kirc_sample_selection_audit.csv,analysis/03_qc_tcga.R,50a91eee29894ee940f341fa682f5c5f79a8b8eafb581953cd5a7b81b258d7db,759c3199057dd78e296290ac9088a51e79dc997bf34613af34b0edc6161c7dfe,TCGA SummarizedExperiment and patient-selection helper.,376a7f13ba348854bc4d5f9a783e67b09aedbdec6e6fd58aee8bc6a2280e3886,b2eff8847eb7a8dc1721537f755b091b71e58df406e64095fa31a3c3031182f2,4f37f0eddd7a9dd0c5ba1c80e57021ae6f73258bbba7fd508202c115005826f2,40384b2142cd08444226a559dbc6e0b50452cc6aa47c5a8991e681229db3c5d9,2026-10-04,unknown; see source_provenance.csv,Rscript analysis/03_qc_tcga.R ,0,2026-09-30T18:51:10.2176284Z,File hash establishes identity; command status establishes execution. Matching checkpoints may be reused.
results/tables/tcga_kirc_sample_summary.csv,analysis/03_qc_tcga.R,f6e2fa9d7d37197a940e6b586acd5a00b75e0aa80eca4ed22a86bf649f82f4ca,759c3199057dd78e296290ac9088a51e79dc997bf34613af34b0edc6161c7dfe,TCGA SummarizedExperiment and patient-selection helper.,376a7f13ba348854bc4d5f9a783e67b09aedbdec6e6fd58aee8bc6a2280e3886,b2eff8847eb7a8dc1721537f755b091b71e58df406e64095fa31a3c3031182f2,4f37f0eddd7a9dd0c5ba1c80e57021ae6f73258bbba7fd508202c115005826f2,40384b2142cd08444226a559dbc6e0b50452cc6aa47c5a8991e681229db3c5d9,2026-10-04,unknown; see source_provenance.csv,Rscript analysis/03_qc_tcga.R ,0,2026-09-30T18:51:10.2176284Z,File hash establishes identity; command status establishes execution. Matching checkpoints may be reused.
results/tables/threshold_sensitivity.csv,analysis/11_hardening_outputs.R,fc2b61d2dad1750f9dd75b2b1db706c2d180aa14f6064b610b2e23d464fc6484,ea6bc473829b33ccdeb233d490ca2b965c97e578888c38778f046988d4f5916a,Candidate evidence and counts; TCGA survival input; reproducible-DE table; embedded interpretation/literature text.,376a7f13ba348854bc4d5f9a783e67b09aedbdec6e6fd58aee8bc6a2280e3886,b2eff8847eb7a8dc1721537f755b091b71e58df406e64095fa31a3c3031182f2,4f37f0eddd7a9dd0c5ba1c80e57021ae6f73258bbba7fd508202c115005826f2,40384b2142cd08444226a559dbc6e0b50452cc6aa47c5a8991e681229db3c5d9,2026-10-04,unknown; see source_provenance.csv,Rscript analysis/11_hardening_outputs.R ,0,2026-10-01T16:45:33.6371075Z,File hash establishes identity; command status establishes execution. Matching checkpoints may be reused.
results/tables/tracerx_candidate_multiregion_summary.csv,analysis/20_tracerx_multiregion_transportability.R,074db2cb9c0a9e70557cf6251582cf13f8eb030228e8e4ce9162b97c93ef5c25,556ed6d2547a2cfdb4044a364398a965d3dd9fc0088fedf886c3585c82f63ee3,Three TRACERx frozen inputs and candidate evidence table.,376a7f13ba348854bc4d5f9a783e67b09aedbdec6e6fd58aee8bc6a2280e3886,b2eff8847eb7a8dc1721537f755b091b71e58df406e64095fa31a3c3031182f2,4f37f0eddd7a9dd0c5ba1c80e57021ae6f73258bbba7fd508202c115005826f2,40384b2142cd08444226a559dbc6e0b50452cc6aa47c5a8991e681229db3c5d9,2026-10-04,unknown; see source_provenance.csv,Rscript analysis/20_tracerx_multiregion_transportability.R ,0,2026-10-01T16:56:24.6310486Z,File hash establishes identity; command status establishes execution. Matching checkpoints may be reused.
results/tables/tracerx_candidate_patient_region_discordance.csv,analysis/20_tracerx_multiregion_transportability.R,c3c53376e6cdbcbf15a64fe66a5304f5b58e20ce3f7f90db5c1ebc4f1bb98974,556ed6d2547a2cfdb4044a364398a965d3dd9fc0088fedf886c3585c82f63ee3,Three TRACERx frozen inputs and candidate evidence table.,376a7f13ba348854bc4d5f9a783e67b09aedbdec6e6fd58aee8bc6a2280e3886,b2eff8847eb7a8dc1721537f755b091b71e58df406e64095fa31a3c3031182f2,4f37f0eddd7a9dd0c5ba1c80e57021ae6f73258bbba7fd508202c115005826f2,40384b2142cd08444226a559dbc6e0b50452cc6aa47c5a8991e681229db3c5d9,2026-10-04,unknown; see source_provenance.csv,Rscript analysis/20_tracerx_multiregion_transportability.R ,0,2026-10-01T16:56:24.6310486Z,File hash establishes identity; command status establishes execution. Matching checkpoints may be reused.
results/tables/tracerx_direction_dispersion.csv,analysis/34_evidence_display.R,562dc7377cded66b57d6e89a7e7615fe67d9f43a9e2412ecca6ade0f54a92dfd,a2ce476ec4ef5cda94012ebf8efcdb10180cf6eb9ba6051503d04dd2b06b9772,Nested predictions/folds; TCGA clinical/column metadata and sample summaries; both external survival tables/summaries; shortlist; composition/purity tables; TRACERx repeats/study summary; CheckMate summary; GEO sample summaries.,376a7f13ba348854bc4d5f9a783e67b09aedbdec6e6fd58aee8bc6a2280e3886,b2eff8847eb7a8dc1721537f755b091b71e58df406e64095fa31a3c3031182f2,4f37f0eddd7a9dd0c5ba1c80e57021ae6f73258bbba7fd508202c115005826f2,40384b2142cd08444226a559dbc6e0b50452cc6aa47c5a8991e681229db3c5d9,2026-10-04,unknown; see source_provenance.csv,R_ENABLE_JIT=0 Rscript analysis/34_evidence_display.R,0,2026-10-04T16:13:06.9748626Z,File hash establishes identity; command status establishes execution. Matching checkpoints may be reused.
results/tables/tracerx_fixed_subset_patients.csv,analysis/20_tracerx_multiregion_transportability.R,5c2c18b3500e05213e0f135967fd6bbf4b80914458dfa010275122dcefdb1a93,556ed6d2547a2cfdb4044a364398a965d3dd9fc0088fedf886c3585c82f63ee3,Three TRACERx frozen inputs and candidate evidence table.,376a7f13ba348854bc4d5f9a783e67b09aedbdec6e6fd58aee8bc6a2280e3886,b2eff8847eb7a8dc1721537f755b091b71e58df406e64095fa31a3c3031182f2,4f37f0eddd7a9dd0c5ba1c80e57021ae6f73258bbba7fd508202c115005826f2,40384b2142cd08444226a559dbc6e0b50452cc6aa47c5a8991e681229db3c5d9,2026-10-04,unknown; see source_provenance.csv,Rscript analysis/20_tracerx_multiregion_transportability.R ,0,2026-10-01T16:56:24.6310486Z,File hash establishes identity; command status establishes execution. Matching checkpoints may be reused.
results/tables/tracerx_multiregion_source_files.csv,analysis/20_tracerx_multiregion_transportability.R,e75a761878c0dd8ab712bf55f68101c50bba385ca6b5f2432dccef1bb1cf95e3,556ed6d2547a2cfdb4044a364398a965d3dd9fc0088fedf886c3585c82f63ee3,Three TRACERx frozen inputs and candidate evidence table.,376a7f13ba348854bc4d5f9a783e67b09aedbdec6e6fd58aee8bc6a2280e3886,b2eff8847eb7a8dc1721537f755b091b71e58df406e64095fa31a3c3031182f2,4f37f0eddd7a9dd0c5ba1c80e57021ae6f73258bbba7fd508202c115005826f2,40384b2142cd08444226a559dbc6e0b50452cc6aa47c5a8991e681229db3c5d9,2026-10-04,unknown; see source_provenance.csv,Rscript analysis/20_tracerx_multiregion_transportability.R ,0,2026-10-01T16:56:24.6310486Z,File hash establishes identity; command status establishes execution. Matching checkpoints may be reused.
results/tables/tracerx_multiregion_study_summary.csv,analysis/20_tracerx_multiregion_transportability.R,8b448cb2a177728da5a303526dfe5076b5cf64151acdc43a0a5c8907c4c1e703,556ed6d2547a2cfdb4044a364398a965d3dd9fc0088fedf886c3585c82f63ee3,Three TRACERx frozen inputs and candidate evidence table.,376a7f13ba348854bc4d5f9a783e67b09aedbdec6e6fd58aee8bc6a2280e3886,b2eff8847eb7a8dc1721537f755b091b71e58df406e64095fa31a3c3031182f2,4f37f0eddd7a9dd0c5ba1c80e57021ae6f73258bbba7fd508202c115005826f2,40384b2142cd08444226a559dbc6e0b50452cc6aa47c5a8991e681229db3c5d9,2026-10-04,unknown; see source_provenance.csv,Rscript analysis/20_tracerx_multiregion_transportability.R ,0,2026-10-01T16:56:24.6310486Z,File hash establishes identity; command status establishes execution. Matching checkpoints may be reused.
results/tables/tracerx_one_region_cox_repeats.csv,analysis/20_tracerx_multiregion_transportability.R,919f643db5ec9b9fd12d43be6d455505f07f40af78bb77d369b4c95e09900514,556ed6d2547a2cfdb4044a364398a965d3dd9fc0088fedf886c3585c82f63ee3,Three TRACERx frozen inputs and candidate evidence table.,376a7f13ba348854bc4d5f9a783e67b09aedbdec6e6fd58aee8bc6a2280e3886,b2eff8847eb7a8dc1721537f755b091b71e58df406e64095fa31a3c3031182f2,4f37f0eddd7a9dd0c5ba1c80e57021ae6f73258bbba7fd508202c115005826f2,40384b2142cd08444226a559dbc6e0b50452cc6aa47c5a8991e681229db3c5d9,2026-10-04,unknown; see source_provenance.csv,Rscript analysis/20_tracerx_multiregion_transportability.R ,0,2026-10-01T16:56:24.6310486Z,File hash establishes identity; command status establishes execution. Matching checkpoints may be reused.
results/tables/tracerx_one_region_cox_summary.csv,analysis/20_tracerx_multiregion_transportability.R,18008aa9a544dcb6a2d0e629fe53320bc8b0852889e768a2b577bd68da06aff6,556ed6d2547a2cfdb4044a364398a965d3dd9fc0088fedf886c3585c82f63ee3,Three TRACERx frozen inputs and candidate evidence table.,376a7f13ba348854bc4d5f9a783e67b09aedbdec6e6fd58aee8bc6a2280e3886,b2eff8847eb7a8dc1721537f755b091b71e58df406e64095fa31a3c3031182f2,4f37f0eddd7a9dd0c5ba1c80e57021ae6f73258bbba7fd508202c115005826f2,40384b2142cd08444226a559dbc6e0b50452cc6aa47c5a8991e681229db3c5d9,2026-10-04,unknown; see source_provenance.csv,Rscript analysis/20_tracerx_multiregion_transportability.R ,0,2026-10-01T16:56:24.6310486Z,File hash establishes identity; command status establishes execution. Matching checkpoints may be reused.
results/tables/tumor_purity_coverage.csv,analysis/19_direct_tumor_purity.R,951308ac32088226c963bda3c5e98785216ce3dad3af0b2bd1efb86a619a8206,a144922dfdcd41351ef0514a911a9a1f4d3fd35cf1ea8b74ec92ef4d0e4d1e64,"Purity workbook, TCGA survival input, candidate evidence table.",376a7f13ba348854bc4d5f9a783e67b09aedbdec6e6fd58aee8bc6a2280e3886,b2eff8847eb7a8dc1721537f755b091b71e58df406e64095fa31a3c3031182f2,4f37f0eddd7a9dd0c5ba1c80e57021ae6f73258bbba7fd508202c115005826f2,40384b2142cd08444226a559dbc6e0b50452cc6aa47c5a8991e681229db3c5d9,2026-10-04,unknown; see source_provenance.csv,Rscript analysis/19_direct_tumor_purity.R ,0,2026-10-01T16:49:36.9391674Z,File hash establishes identity; command status establishes execution. Matching checkpoints may be reused.
