symbol,tcga_gene_id,repeats_modeled,main_screen_frequency,selection_frequency,median_log_hr,log_hr_iqr,full_main_log_hr,frozen_high_confidence,full_fit_direction_agreement
PANK1,ENSG00000152782.16,20,1,1,-0.48307016185121204,0.04680317221928998,-0.4768214482591282,TRUE,TRUE
ACADM,ENSG00000117054.14,20,0.95,0.95,-0.46109192884382355,0.030859027378895842,-0.44954477780770535,TRUE,TRUE
DDC,ENSG00000132437.18,20,0.9,0.9,-0.4271076530309591,0.027286673666996664,-0.4168067446963606,TRUE,TRUE
CYFIP2,ENSG00000055163.20,20,1,0.85,-0.43965164889202524,0.04384061330092964,-0.44123008987349144,TRUE,TRUE
CRYL1,ENSG00000165475.15,20,0.95,0.85,-0.4736585773009079,0.03340191298949252,-0.4532002843034422,TRUE,TRUE
CLCN5,ENSG00000171365.17,20,0.85,0.85,-0.42995135489237746,0.03965027440194413,-0.4179705520742072,TRUE,TRUE
PODXL,ENSG00000128567.17,20,0.75,0.75,-0.4265008259131957,0.04825789738002606,-0.40933662500657014,TRUE,TRUE
CADPS2,ENSG00000081803.16,20,0.7,0.7,-0.41831667212141405,0.03128090583534482,-0.4246365505457781,TRUE,TRUE
TEK,ENSG00000120156.22,20,0.7,0.7,-0.4210168752258497,0.04981446651060917,-0.4058770649337851,TRUE,TRUE
TMEM140,ENSG00000146859.6,20,0.7,0.7,-0.4203835486380303,0.03198875566894077,-0.40438331187258514,FALSE,TRUE
HHLA2,ENSG00000114455.13,20,0.95,0.65,-0.48373043400374105,0.027772947758998412,-0.46871237804694216,TRUE,TRUE
GJB1,ENSG00000169562.13,20,0.85,0.65,-0.43057844802662626,0.046842905486233155,-0.4224650121316321,FALSE,TRUE
C1QTNF6,ENSG00000133466.14,20,0.7,0.65,0.4367594954636983,0.06138870907360633,0.4485051545354674,TRUE,TRUE
LRBA,ENSG00000198589.14,20,0.65,0.65,-0.418110066109666,0.059072575943244665,-0.4531098301322976,TRUE,TRUE
TNIP1,ENSG00000145901.16,20,0.65,0.65,-0.41198039420285165,0.04898070842767538,-0.4000398661892611,FALSE,TRUE
EMCN,ENSG00000164035.10,20,0.6,0.6,-0.42069166032545025,0.04495686477573452,-0.40596911923027346,TRUE,TRUE
KL,ENSG00000133116.8,20,0.6,0.6,-0.4179533976328064,0.06026645900355204,-0.4133638758779611,TRUE,TRUE
TCIRG1,ENSG00000110719.10,20,0.6,0.6,0.4218143820362666,0.0584691149209971,0.4294557278534527,TRUE,TRUE
TNFAIP2,ENSG00000185215.11,20,0.6,0.6,0.42190858940087994,0.07722342544882788,0.4305901648197023,TRUE,TRUE
GRAMD1A,ENSG00000089351.14,20,0.55,0.55,0.4074277135014416,0.06297186195774357,0.43806916847653543,TRUE,TRUE
IFFO1,ENSG00000010295.20,20,0.55,0.55,0.4087239787725551,0.07520357577408687,0.4205016741985371,TRUE,TRUE
KNTC1,ENSG00000184445.12,20,0.5,0.5,0.40437339052342247,0.04420365553050376,0.39970873826885256,FALSE,TRUE
MIAT,ENSG00000225783.8,20,0.5,0.5,0.40780439392855117,0.06414375091461383,0.3888211006563305,FALSE,TRUE
PLCL1,ENSG00000115896.16,20,0.5,0.5,-0.4063123107213089,0.09495410661640369,-0.3847581947784514,FALSE,TRUE
TROAP,ENSG00000135451.13,20,0.5,0.5,0.40925302037120526,0.07568063907426992,0.40496088785156314,FALSE,TRUE
VWF,ENSG00000110799.14,20,0.5,0.5,-0.3969787694452275,0.07189245405705258,-0.3781885530636176,FALSE,TRUE
CSNK1E,ENSG00000213923.13,20,0.5,0.45,0.4056846630959232,0.03631300190111342,0.4024417956023563,FALSE,TRUE
ACADSB,ENSG00000196177.13,20,0.45,0.45,-0.3997780836151038,0.06311071140305141,-0.39727075965729874,FALSE,TRUE
ALS2CL,ENSG00000178038.17,20,0.45,0.45,0.3925960720176923,0.04061597188649696,0.36851996161830786,FALSE,TRUE
DBT,ENSG00000137992.14,20,0.45,0.45,-0.4036557433506672,0.045364408354332475,-0.4166457711143031,TRUE,TRUE
FUT6,ENSG00000156413.14,20,0.45,0.45,-0.4004917043904729,0.036872327050317566,-0.4058860669942024,TRUE,TRUE
HIBCH,ENSG00000198130.16,20,0.45,0.45,-0.3983811805893978,0.02893547787983136,-0.4145921448859503,TRUE,TRUE
SLC22A6,ENSG00000197901.12,20,0.45,0.45,-0.40164674695465585,0.06102209094735811,-0.38691752939972346,FALSE,TRUE
SLC5A12,ENSG00000148942.15,20,0.45,0.45,-0.3955130908554467,0.0641137022984023,-0.38149159730325827,FALSE,TRUE
SLC7A9,ENSG00000021488.13,20,0.45,0.45,-0.39882978137525293,0.058837248339296266,-0.3979594716001528,FALSE,TRUE
ST6GALNAC3,ENSG00000184005.11,20,0.45,0.45,-0.40140925027450525,0.06720825223353388,-0.3897413260158228,FALSE,TRUE
IQGAP2,ENSG00000145703.16,20,0.6,0.4,-0.4236778327488049,0.0606244383839461,-0.4156362728911144,TRUE,TRUE
GLYAT,ENSG00000149124.11,20,0.45,0.4,-0.40388043276562635,0.02025510959351584,-0.3998039387359661,FALSE,TRUE
SUCLA2,ENSG00000136143.16,20,0.45,0.4,-0.39359562649893115,0.0531167576848785,-0.3926183976530704,FALSE,TRUE
ACAT1,ENSG00000075239.14,20,0.4,0.4,-0.4014632872827196,0.03237539564697245,-0.4087572707425221,TRUE,TRUE
ALDH6A1,ENSG00000119711.13,20,0.4,0.4,-0.37494006685163794,0.09622305826227406,-0.3703687873076541,FALSE,TRUE
KDR,ENSG00000128052.10,20,0.4,0.4,-0.3917639736242474,0.05550413942482424,-0.3647411036458737,FALSE,TRUE
PBLD,ENSG00000108187.16,20,0.4,0.4,-0.3941107922633602,0.036865801251406594,-0.3931493498855932,FALSE,TRUE
PLG,ENSG00000122194.19,20,0.4,0.4,-0.38596127901702726,0.08341315067635868,-0.38072019029688103,FALSE,TRUE
LTB4R,ENSG00000213903.9,20,0.55,0.35,0.4110546107065254,0.03902282554571379,0.4178160043117369,FALSE,TRUE
FHOD1,ENSG00000135723.14,20,0.5,0.35,0.40441628950571396,0.05762414552365236,0.41652762820698513,TRUE,TRUE
ABCD3,ENSG00000117528.14,20,0.35,0.35,-0.38655380322833816,0.0697427439923533,-0.3818866224905232,FALSE,TRUE
AURKB,ENSG00000178999.13,20,0.35,0.35,0.38098596045184663,0.061267114811708046,0.3879003039367351,FALSE,TRUE
CCDC146,ENSG00000135205.15,20,0.35,0.35,-0.389697674240683,0.06273487891735091,-0.3722645162005718,FALSE,TRUE
SBNO2,ENSG00000064932.16,20,0.35,0.35,0.37437690630313547,0.060355491385963855,0.3810801336731861,FALSE,TRUE
IRF9,ENSG00000213928.9,20,0.35,0.3,0.37592313445163367,0.08349225951666972,0.3694590907770381,FALSE,TRUE
CDCA3,ENSG00000111665.12,20,0.3,0.3,0.36920122857519944,0.06949755491402276,0.37258616406239864,FALSE,TRUE
CPEB4,ENSG00000113742.14,20,0.3,0.3,-0.38985663632511774,0.0411049292420087,-0.3992078117916211,FALSE,TRUE
GATM,ENSG00000171766.17,20,0.3,0.3,-0.36918587955431736,0.06729755951378885,-0.367842814112406,FALSE,TRUE
NNT,ENSG00000112992.18,20,0.3,0.3,-0.3559509384031969,0.08846942747163133,-0.3838129726721288,FALSE,TRUE
PDGFD,ENSG00000170962.13,20,0.3,0.3,-0.3733886506717098,0.06774745857316405,-0.35314185376163193,FALSE,TRUE
SEMA3G,ENSG00000010319.7,20,0.3,0.3,-0.36681658570027276,0.056539414832308565,-0.3664763555950649,FALSE,TRUE
SLC22A8,ENSG00000149452.16,20,0.3,0.3,-0.36866775975985755,0.07327427484307591,-0.3624888578325977,FALSE,TRUE
SPATA18,ENSG00000163071.11,20,0.3,0.3,-0.3878388400884333,0.05339993919249064,-0.3847330066661166,FALSE,TRUE
TRMT1,ENSG00000104907.12,20,0.3,0.3,0.37518991721985984,0.0819308820372594,0.3674323583435786,FALSE,TRUE
PAFAH2,ENSG00000158006.14,20,0.35,0.25,-0.38553892937368694,0.08007841523781883,-0.3924885648477622,FALSE,TRUE
BTD,ENSG00000169814.16,20,0.3,0.25,-0.36969955658437054,0.10221037167389185,-0.370512139321234,FALSE,TRUE
MPP7,ENSG00000150054.18,20,0.3,0.25,-0.3820885793822377,0.07695586500516305,-0.3956292069639144,FALSE,TRUE
CDCA7,ENSG00000144354.14,20,0.25,0.25,0.35416614797706103,0.08268355632603824,0.3711068995250087,FALSE,TRUE
CDH13,ENSG00000140945.17,20,0.25,0.25,-0.36891222837859794,0.0535075858214058,-0.35672692020978886,FALSE,TRUE
CHEK2,ENSG00000183765.23,20,0.25,0.25,0.33704543782952207,0.12286099960652275,0.3308950847556559,FALSE,TRUE
FRK,ENSG00000111816.8,20,0.25,0.25,-0.3727413097220062,0.06862624609638995,-0.3871269937744245,FALSE,TRUE
GALM,ENSG00000143891.17,20,0.25,0.25,-0.36497295575209,0.04568808265628682,-0.3643470775366195,FALSE,TRUE
HAO2,ENSG00000116882.15,20,0.25,0.25,-0.37202604996152255,0.046160892791259456,-0.37046685763699094,FALSE,TRUE
HJURP,ENSG00000123485.12,20,0.25,0.25,0.3644851700945651,0.0750011969874152,0.3671508237561123,FALSE,TRUE
IFI30,ENSG00000216490.4,20,0.25,0.25,0.37324068389151877,0.07400933913683422,0.3622736344701611,FALSE,TRUE
LYPD6,ENSG00000187123.15,20,0.25,0.25,0.38556392122317423,0.04586226591565562,0.38350678057708937,FALSE,TRUE
PECAM1,ENSG00000261371.6,20,0.25,0.25,-0.3770846505919714,0.05886704997262249,-0.3464890477836244,FALSE,TRUE
RDH12,ENSG00000139988.10,20,0.25,0.25,-0.3798871193922938,0.07125683465454646,-0.37401173861172166,FALSE,TRUE
RGS17,ENSG00000091844.8,20,0.25,0.25,0.38436673238146,0.04847511129217269,0.3713765166248296,FALSE,TRUE
RIT1,ENSG00000143622.11,20,0.25,0.25,-0.36323188232255865,0.06627696908742942,-0.34551552302585226,FALSE,TRUE
SLC25A35,ENSG00000125434.11,20,0.25,0.25,0.3618541210143612,0.07901148723739038,0.3615724418393831,FALSE,TRUE
TACC3,ENSG00000013810.20,20,0.25,0.25,0.358257971150394,0.08913247007460978,0.34909315588941364,FALSE,TRUE
TLR3,ENSG00000164342.13,20,0.25,0.25,-0.38705679090594663,0.03949855948329345,-0.3807444653180712,FALSE,TRUE
TMEM174,ENSG00000164325.8,20,0.25,0.25,-0.3807110809774763,0.04483386408069778,-0.3728698989658309,FALSE,TRUE
TUBB2B,ENSG00000137285.10,20,0.25,0.25,0.37774557093123146,0.04179039215358443,0.3719500054306639,FALSE,TRUE
USP2,ENSG00000036672.16,20,0.25,0.25,-0.3619449138936047,0.06787527469292076,-0.3649121414327514,FALSE,TRUE
RBM47,ENSG00000163694.15,20,0.45,0.2,-0.40452215679784054,0.02516757737974462,-0.4090358003875217,FALSE,TRUE
HADH,ENSG00000138796.17,20,0.3,0.2,-0.37796679700140234,0.05289300001252112,-0.3766394262995017,FALSE,TRUE
AJAP1,ENSG00000196581.11,20,0.2,0.2,-0.3625295384052538,0.06796407274834548,-0.3693908646309971,FALSE,TRUE
CCNB2,ENSG00000157456.8,20,0.2,0.2,0.3601600347369982,0.053826613654717304,0.35276419519946167,FALSE,TRUE
CCNF,ENSG00000162063.13,20,0.2,0.2,0.38202387214681305,0.03652459854901402,0.37328992797186467,FALSE,TRUE
DNASE1L3,ENSG00000163687.14,20,0.2,0.2,-0.3531384650113818,0.047102241388670585,-0.35589965202399243,FALSE,TRUE
FKBP11,ENSG00000134285.11,20,0.2,0.2,0.33124910830428955,0.07128163291496098,0.3337256887309674,FALSE,TRUE
HMGCS2,ENSG00000134240.12,20,0.2,0.2,-0.36006925417053703,0.06131524683783118,-0.33631312622947934,FALSE,TRUE
MSRA,ENSG00000175806.15,20,0.2,0.2,-0.37656285353525837,0.04563000916449689,-0.3598799102034151,FALSE,TRUE
NDC80,ENSG00000080986.13,20,0.2,0.2,0.3643904091220008,0.0675131643907958,0.35677789676586946,FALSE,TRUE
SEMA6A,ENSG00000092421.17,20,0.2,0.2,-0.340442864576301,0.07310746304331484,-0.34273060128093413,FALSE,TRUE
SLC16A9,ENSG00000165449.11,20,0.2,0.2,-0.35872129721844087,0.055386902653430825,-0.34957429072309737,FALSE,TRUE
FBP1,ENSG00000165140.11,20,0.35,0.15,-0.3794051425306717,0.043202562934911426,-0.36468451944747293,FALSE,TRUE
ZNF337,ENSG00000130684.14,20,0.25,0.15,0.3618522191321107,0.07565832164910602,0.3616988465114987,FALSE,TRUE
AGXT2,ENSG00000113492.14,20,0.15,0.15,-0.38135572280868946,0.033972763824128616,-0.3752460007656024,FALSE,TRUE
APOLD1,ENSG00000178878.13,20,0.15,0.15,-0.3694398196863255,0.05845645565337726,-0.3460921371447669,FALSE,TRUE
APOM,ENSG00000204444.11,20,0.15,0.15,-0.34747662626121634,0.04651624596990345,-0.3407615967661606,FALSE,TRUE
C1orf210,ENSG00000253313.6,20,0.15,0.15,-0.3130740649274817,0.04975320876364098,-0.31357875094878507,FALSE,TRUE
CLIC5,ENSG00000112782.19,20,0.15,0.15,-0.36487356870710536,0.04379160897581508,-0.36404781894918214,FALSE,TRUE
COL4A5,ENSG00000188153.14,20,0.15,0.15,0.3459460321694036,0.07243588831206849,0.33491453591459447,FALSE,TRUE
CYP4A11,ENSG00000187048.13,20,0.15,0.15,-0.3161123013766546,0.0715138603538536,-0.33072917505992094,FALSE,TRUE
EIF4A1,ENSG00000161960.16,20,0.15,0.15,0.3427859368448769,0.06478977921770002,0.3504434141511603,FALSE,TRUE
GYG2,ENSG00000056998.20,20,0.15,0.15,0.3536605150230676,0.09314856832969515,0.33538398536051306,FALSE,TRUE
NTN4,ENSG00000074527.13,20,0.15,0.15,-0.34986195641852513,0.06403797890109025,-0.3361152052408508,FALSE,TRUE
P2RY8,ENSG00000182162.11,20,0.15,0.15,-0.3686318179558472,0.05472111560324128,-0.33886062851286414,FALSE,TRUE
PAQR5,ENSG00000137819.14,20,0.15,0.15,-0.354728940287925,0.057454661448991695,-0.34924256381560803,FALSE,TRUE
PLAUR,ENSG00000011422.12,20,0.15,0.15,0.33945014563751585,0.06194911221905802,0.3463767395049653,FALSE,TRUE
RALYL,ENSG00000184672.12,20,0.15,0.15,0.33814820757111574,0.05957483312584855,0.316628170463058,FALSE,TRUE
SCGN,ENSG00000079689.14,20,0.15,0.15,-0.3372242260108609,0.04831764047295356,-0.3236079030133861,FALSE,TRUE
SLC27A2,ENSG00000140284.11,20,0.15,0.15,-0.3534250375325718,0.03874146240591653,-0.35373499771867817,FALSE,TRUE
SLC43A3,ENSG00000134802.18,20,0.15,0.15,0.3093490691518316,0.08869739660016412,0.3059460607943544,FALSE,TRUE
TSPAN1,ENSG00000117472.10,20,0.15,0.15,-0.36630033288221836,0.058602081749917934,-0.36637842524510544,FALSE,TRUE
GNRH1,ENSG00000147437.10,20,0.2,0.1,0.3460298304089273,0.08873655499496058,0.35456319352896065,FALSE,TRUE
TLN2,ENSG00000171914.16,20,0.2,0.1,-0.36486751101667314,0.051534240763131345,-0.36512055773287855,FALSE,TRUE
COL4A4,ENSG00000081052.13,20,0.15,0.1,-0.36002407554512883,0.05715021426413003,-0.34924656422382916,FALSE,TRUE
PCCA,ENSG00000175198.17,20,0.15,0.1,-0.3630993213133983,0.05691678624225449,-0.3659568977592623,FALSE,TRUE
PLEKHG2,ENSG00000090924.15,20,0.15,0.1,0.37095342463637315,0.029901414346907962,0.38236685469743426,FALSE,TRUE
ANK3,ENSG00000151150.22,20,0.1,0.1,-0.3493129309568057,0.05154011266871872,-0.35851703210123453,FALSE,TRUE
ARHGAP24,ENSG00000138639.18,20,0.1,0.1,-0.3720972851778258,0.0475587256932411,-0.3610016048297748,FALSE,TRUE
ATP1A1,ENSG00000163399.16,20,0.1,0.1,-0.33856697388440127,0.0626372689377841,-0.3498430368885582,FALSE,TRUE
ATP6V1A,ENSG00000114573.10,20,0.1,0.1,-0.2906619231453891,0.04931398975602497,-0.31654743704381516,FALSE,TRUE
AUH,ENSG00000148090.12,20,0.1,0.1,-0.31045725595611007,0.06280854148126447,-0.3040955839264326,FALSE,TRUE
CAT,ENSG00000121691.7,20,0.1,0.1,-0.3654721584729279,0.036704802730472996,-0.35767468403286234,FALSE,TRUE
CDC20,ENSG00000117399.14,20,0.1,0.1,0.3121222888166089,0.06868946969471368,0.3140932184255122,FALSE,TRUE
CENPA,ENSG00000115163.15,20,0.1,0.1,0.3223070353317621,0.06742710966839799,0.3307202103989548,FALSE,TRUE
CENPF,ENSG00000117724.13,20,0.1,0.1,0.2853595477136256,0.08467569712381512,0.28008989355148095,FALSE,TRUE
CEP55,ENSG00000138180.16,20,0.1,0.1,0.2975274218917855,0.07505524092638821,0.29623581339702554,FALSE,TRUE
CHDH,ENSG00000016391.11,20,0.1,0.1,-0.36512781061534827,0.03436115399533285,-0.3708847777938236,FALSE,TRUE
CLDN10,ENSG00000134873.10,20,0.1,0.1,-0.3394946972175795,0.04493584558708186,-0.3398279568914687,FALSE,TRUE
COL6A2,ENSG00000142173.16,20,0.1,0.1,0.3332771450043733,0.038332651317809,0.3310746913892751,FALSE,TRUE
CTDSPL,ENSG00000144677.15,20,0.1,0.1,-0.2882622063345417,0.08817960826164739,-0.30734442916218985,FALSE,TRUE
GK,ENSG00000198814.13,20,0.1,0.1,-0.3665828555162145,0.05509077752308422,-0.36148929771752897,FALSE,TRUE
GLTPD2,ENSG00000182327.8,20,0.1,0.1,-0.3101115742582602,0.04990539693220836,-0.30709493963192847,FALSE,TRUE
HAVCR2,ENSG00000135077.9,20,0.1,0.1,-0.3189634808679046,0.07476990322818472,-0.31969841869631277,FALSE,TRUE
IFI44,ENSG00000137965.11,20,0.1,0.1,0.33700781608827257,0.07516133853738549,0.3264751427039408,FALSE,TRUE
IYD,ENSG00000009765.15,20,0.1,0.1,-0.32292360877470977,0.05004637542342283,-0.3274090879129692,FALSE,TRUE
KIF20A,ENSG00000112984.12,20,0.1,0.1,0.2992981576470048,0.0703772822641312,0.2969573652018036,FALSE,TRUE
KLHL13,ENSG00000003096.14,20,0.1,0.1,-0.31611355809110336,0.048054367098551376,-0.32834275598209794,FALSE,TRUE
LRRC19,ENSG00000184434.8,20,0.1,0.1,-0.34467126904177336,0.07016321715781604,-0.357157516572886,FALSE,TRUE
MDK,ENSG00000110492.15,20,0.1,0.1,0.3419283487492763,0.07864555532895812,0.3265325427753445,FALSE,TRUE
PABPC4L,ENSG00000254535.4,20,0.1,0.1,-0.3635879060898238,0.06524081707168394,-0.336014512629469,FALSE,TRUE
PLVAP,ENSG00000130300.9,20,0.1,0.1,-0.3648484764670268,0.06624183264558514,-0.3283687500425171,FALSE,TRUE
SIM2,ENSG00000159263.16,20,0.1,0.1,0.34199891674704525,0.04522503965536295,0.32064606921113403,FALSE,TRUE
SLC17A2,ENSG00000112337.10,20,0.1,0.1,-0.34706883671086486,0.032556381003596924,-0.3417821210428786,FALSE,TRUE
WDR72,ENSG00000166415.15,20,0.1,0.1,-0.33746924007203755,0.06974537036023926,-0.33585504657322246,FALSE,TRUE
KCNAB1,ENSG00000169282.18,20,0.1,0.05,-0.3256853558409514,0.07785453812374926,-0.3252146383969186,FALSE,TRUE
ADH6,ENSG00000172955.17,20,0.05,0.05,-0.3494254807053029,0.03020523277043069,-0.3527848445080135,FALSE,TRUE
ALDOB,ENSG00000136872.20,20,0.05,0.05,-0.32038151551240507,0.07132513337282492,-0.29379694740671,FALSE,TRUE
ARHGAP4,ENSG00000089820.16,20,0.05,0.05,0.33036960151745953,0.05902800305111627,0.31913013924100525,FALSE,TRUE
BNIP3,ENSG00000176171.11,20,0.05,0.05,-0.2797241260341249,0.06833510916366431,-0.286525101193527,FALSE,TRUE
CAPS,ENSG00000105519.18,20,0.05,0.05,0.3328529490651364,0.06378740363905588,0.3197016532744025,FALSE,TRUE
CARD9,ENSG00000187796.15,20,0.05,0.05,0.31117087236930685,0.03971839395910487,0.31597853513622637,FALSE,TRUE
CDKL2,ENSG00000138769.11,20,0.05,0.05,-0.3082629168882115,0.06874347408478254,-0.3122765751568038,FALSE,TRUE
CDS1,ENSG00000163624.6,20,0.05,0.05,-0.264633808046334,0.053759408392986124,-0.2887810035117972,FALSE,TRUE
CEACAM1,ENSG00000079385.23,20,0.05,0.05,-0.33460571268713013,0.07129646489809988,-0.3253562343846217,FALSE,TRUE
CLEC14A,ENSG00000176435.7,20,0.05,0.05,-0.3300042830003461,0.06567271824418441,-0.31223307291625463,FALSE,TRUE
COBL,ENSG00000106078.19,20,0.05,0.05,-0.32974520840620397,0.05975037172435976,-0.30793852030880214,FALSE,TRUE
CYP3A4,ENSG00000160868.15,20,0.05,0.05,-0.3058620384625201,0.09936169823010535,-0.2794829957317512,FALSE,TRUE
DHDH,ENSG00000104808.8,20,0.05,0.05,-0.3290456566166732,0.0630899820840033,-0.3257840204378425,FALSE,TRUE
ENO2,ENSG00000111674.9,20,0.05,0.05,0.2693185773805107,0.05616840493163447,0.27973633595384756,FALSE,TRUE
ETNK2,ENSG00000143845.15,20,0.05,0.05,-0.33697319512881185,0.06819293141450716,-0.3227265821481617,FALSE,TRUE
EVL,ENSG00000196405.13,20,0.05,0.05,0.3230329699212813,0.06099558351764384,0.2971058979925774,FALSE,TRUE
FAM151A,ENSG00000162391.12,20,0.05,0.05,-0.3041198810858723,0.045564502595749956,-0.3029160174954097,FALSE,TRUE
FBXO21,ENSG00000135108.15,20,0.05,0.05,-0.35650239390439875,0.04492050368414524,-0.3552840740228677,FALSE,TRUE
FLT1,ENSG00000102755.12,20,0.05,0.05,-0.3589869838849259,0.06244885447738485,-0.32987915951821384,FALSE,TRUE
GABRE,ENSG00000102287.19,20,0.05,0.05,0.24413532035250501,0.06891189540194767,0.2697389969743117,FALSE,TRUE
GOT1,ENSG00000120053.12,20,0.05,0.05,-0.31540488003133094,0.05305141854822654,-0.31655757876781343,FALSE,TRUE
HPGD,ENSG00000164120.14,20,0.05,0.05,-0.34732137830225435,0.05212011988188797,-0.33853048233050637,FALSE,TRUE
IL10RB,ENSG00000243646.10,20,0.05,0.05,0.2959116818989357,0.051483796509549484,0.2968752165891297,FALSE,TRUE
KIF4A,ENSG00000090889.12,20,0.05,0.05,0.29526655821821646,0.07392791669219595,0.3041533358782674,FALSE,TRUE
NDUFS1,ENSG00000023228.14,20,0.05,0.05,-0.33120999221660513,0.025117602420108798,-0.3347958275200434,FALSE,TRUE
NR3C2,ENSG00000151623.15,20,0.05,0.05,-0.2885907718982586,0.049966918277492556,-0.28618026362946863,FALSE,TRUE
POLQ,ENSG00000051341.14,20,0.05,0.05,0.2726243910876095,0.07715645723431622,0.26662212540341634,FALSE,TRUE
PPARA,ENSG00000186951.16,20,0.05,0.05,-0.32662499454334615,0.07705856022614266,-0.3262693590873335,FALSE,TRUE
PRKD1,ENSG00000184304.16,20,0.05,0.05,-0.2922840189290628,0.052746236242916245,-0.2900833952905999,FALSE,TRUE
PSAT1,ENSG00000135069.14,20,0.05,0.05,0.30015514008101973,0.06159514906724506,0.28787728807012036,FALSE,TRUE
PTP4A3,ENSG00000184489.12,20,0.05,0.05,0.30003556236183293,0.07579425156353403,0.29399714944482447,FALSE,TRUE
PTTG1,ENSG00000164611.13,20,0.05,0.05,0.28578137000956805,0.05626554484103313,0.28537087667256517,FALSE,TRUE
RAB15,ENSG00000139998.16,20,0.05,0.05,0.3047076992558488,0.05918368078609887,0.30647586504704205,FALSE,TRUE
RCN3,ENSG00000142552.8,20,0.05,0.05,0.3227797017208772,0.035228416774666926,0.33439109415849405,FALSE,TRUE
RNF152,ENSG00000176641.11,20,0.05,0.05,-0.3201955547613029,0.09038895203620367,-0.3342258237869236,FALSE,TRUE
SCGB1D2,ENSG00000124935.4,20,0.05,0.05,-0.3013141179120902,0.036537572088993164,-0.3006155836209854,FALSE,TRUE
SHMT1,ENSG00000176974.20,20,0.05,0.05,-0.3439812832517125,0.033562498853543954,-0.34016441900235134,FALSE,TRUE
SLC13A1,ENSG00000081800.9,20,0.05,0.05,-0.3567014110411415,0.04256430183447485,-0.35994858927697776,FALSE,TRUE
SNHG1,ENSG00000255717.7,20,0.05,0.05,0.34972226537156487,0.09241099453496104,0.34450375317594517,FALSE,TRUE
SNORD89,ENSG00000212283.1,20,0.05,0.05,0.2924231910029891,0.07164627970136561,0.24058331344115033,FALSE,TRUE
TDO2,ENSG00000151790.9,20,0.05,0.05,0.3246222438257695,0.056721240610189405,0.32071315676183115,FALSE,TRUE
TGFBR3,ENSG00000069702.11,20,0.05,0.05,-0.2981564868217317,0.07502851893931323,-0.2970266507842922,FALSE,TRUE
TLL1,ENSG00000038295.8,20,0.05,0.05,-0.29111778137250877,0.0611272052067417,-0.29158239595176155,FALSE,TRUE
TMEM44,ENSG00000145014.18,20,0.05,0.05,0.3474060981222183,0.07204468749775866,0.3459549523225091,FALSE,TRUE
TPX2,ENSG00000088325.16,20,0.05,0.05,0.28932727679238224,0.07182923060191815,0.297749251422181,FALSE,TRUE
TRIB3,ENSG00000101255.11,20,0.05,0.05,0.32788244201893146,0.06734644537417567,0.3169780692236362,FALSE,TRUE
UBE2C,ENSG00000175063.17,20,0.05,0.05,0.32128745204441045,0.07036527473755033,0.3290371023417984,FALSE,TRUE
MICALL2,ENSG00000164877.19,20,1,0,0.4804638464682812,0.05303409519372082,0.46863129507858703,FALSE,TRUE
CNTNAP1,ENSG00000108797.12,20,0.95,0,0.4672718286800208,0.03626503927727154,0.472006131373363,FALSE,TRUE
RPL36A,ENSG00000241343.10,20,0.95,0,0.5024575353205446,0.0651995586224714,0.4880866511019171,FALSE,TRUE
THBS3,ENSG00000169231.13,20,0.95,0,0.5132361036352313,0.08362431971855122,0.5030039789489884,FALSE,TRUE
NOL12,ENSG00000273899.5,20,0.85,0,0.45530248310408017,0.0785121107818243,0.4524862330444935,FALSE,TRUE
CHTF18,ENSG00000127586.17,20,0.8,0,0.4571624987281667,0.06253288444032085,0.44868713954774553,FALSE,TRUE
GSDMB,ENSG00000073605.18,20,0.8,0,0.45638613339932355,0.06548738925458641,0.44712337422426224,FALSE,TRUE
PIF1,ENSG00000140451.13,20,0.8,0,0.4468046514533237,0.04395579603874189,0.4242929910368252,FALSE,TRUE
CHFR,ENSG00000072609.18,20,0.75,0,0.4357260454229374,0.05368721810906574,0.42413909383291826,FALSE,TRUE
MAP3K12,ENSG00000139625.13,20,0.75,0,0.4282286724948129,0.08041586589547495,0.4391346614326755,FALSE,TRUE
PRCD,ENSG00000214140.11,20,0.75,0,0.44014242844086454,0.047705857585585376,0.4433203642486661,FALSE,TRUE
RAPGEFL1,ENSG00000108352.13,20,0.75,0,0.43940919228802994,0.05370823246106704,0.430027743276828,FALSE,TRUE
ADAMTS14,ENSG00000138316.11,20,0.7,0,0.42199222465963604,0.05359390668028269,0.4099219402677777,FALSE,TRUE
HES7,ENSG00000179111.9,20,0.65,0,0.41633711803786966,0.06292906538795107,0.4151568182412483,FALSE,TRUE
KRTCAP2,ENSG00000163463.13,20,0.65,0,0.4326377529160409,0.07880750414617588,0.42689778288001545,FALSE,TRUE
CHMP4A,ENSG00000254505.11,20,0.6,0,0.408637072406159,0.06130438495591517,0.4066949501638095,FALSE,TRUE
CLK2,ENSG00000176444.19,20,0.6,0,0.43642449467508826,0.07132529190729775,0.4329975320023404,FALSE,TRUE
RELT,ENSG00000054967.13,20,0.6,0,0.42170861385680647,0.09023697490217525,0.4058154215029049,FALSE,TRUE
RPS17,ENSG00000182774.13,20,0.6,0,0.4188330915247567,0.06592864285122813,0.4087328809129182,FALSE,TRUE
INE1,ENSG00000224975.1,20,0.55,0,0.4123072657856952,0.059941717051773036,0.4056722193133164,FALSE,TRUE
KLC1,ENSG00000126214.21,20,0.55,0,0.4135115907314403,0.07263894843165425,0.4036411838144748,FALSE,TRUE
LRFN1,ENSG00000128011.5,20,0.55,0,0.41457431709104164,0.05858768848391149,0.4171874568293201,FALSE,TRUE
PLK1,ENSG00000166851.15,20,0.55,0,0.40784862625934715,0.06352272030205347,0.4130231317104589,FALSE,TRUE
RPS10,ENSG00000124614.16,20,0.55,0,0.4152933764449101,0.07058541818763164,0.3904161674448759,FALSE,TRUE
EME1,ENSG00000154920.15,20,0.5,0,0.40492553686936866,0.05542987501685309,0.4035227433070173,FALSE,TRUE
LMBR1L,ENSG00000139636.15,20,0.5,0,0.39723547418588123,0.06042321997741795,0.4018113526208954,FALSE,TRUE
MXD3,ENSG00000213347.10,20,0.5,0,0.40274867428096317,0.07670909873936371,0.38935053111422174,FALSE,TRUE
SNHG4,ENSG00000281398.4,20,0.5,0,0.41078874635460166,0.08907482763013941,0.4112214585362961,FALSE,TRUE
DHPS,ENSG00000095059.16,20,0.45,0,0.3952853330229359,0.0814670136237623,0.3835680535919362,FALSE,TRUE
GCKR,ENSG00000084734.9,20,0.45,0,0.39988292781299506,0.04497326702405424,0.399934379668798,FALSE,TRUE
NUF2,ENSG00000143228.13,20,0.45,0,0.3968730667633268,0.08147259968204762,0.3947051880643817,FALSE,TRUE
ALKBH6,ENSG00000239382.10,20,0.4,0,0.3937356180923396,0.07763138401300412,0.3823350474513153,FALSE,TRUE
AVPR1B,ENSG00000198049.7,20,0.4,0,-0.39133803408268486,0.0578859008707549,-0.38314316999935927,FALSE,TRUE
FAM72A,ENSG00000196550.10,20,0.4,0,0.3983769581417791,0.05076111130844774,0.3879876341671173,FALSE,TRUE
MAPK8IP3,ENSG00000138834.14,20,0.4,0,0.38656093067385633,0.09631843377060989,0.3774556900932176,FALSE,TRUE
PARP6,ENSG00000137817.17,20,0.4,0,0.39238961881981405,0.05859997189867161,0.3982728714036708,FALSE,TRUE
PON1,ENSG00000005421.9,20,0.4,0,0.38642189844421854,0.07815372396820164,0.3904945338548611,FALSE,TRUE
ACAD11,ENSG00000240303.8,20,0.35,0,-0.3994906496728752,0.04479383901420542,-0.3912687353161177,FALSE,TRUE
KIF18B,ENSG00000186185.14,20,0.35,0,0.39376237524555757,0.0697784490422017,0.3990511577678516,FALSE,TRUE
PFKFB1,ENSG00000158571.11,20,0.35,0,0.3784406240341906,0.06419087706306426,0.3999106542737558,FALSE,TRUE
VAMP1,ENSG00000139190.17,20,0.35,0,0.38008683876625726,0.05698563792252126,0.3765594088125868,FALSE,TRUE
ARHGAP11B,ENSG00000285077.2,20,0.3,0,0.3852601365225161,0.05329304810188329,0.363979048708038,FALSE,TRUE
CNTD1,ENSG00000176563.10,20,0.3,0,0.3822462881605607,0.05254423692349425,0.37302436805771905,FALSE,TRUE
CREB3L3,ENSG00000060566.14,20,0.3,0,-0.38949751112672093,0.04985235235212898,-0.3748213179404813,FALSE,TRUE
DLEU2,ENSG00000231607.12,20,0.3,0,0.37742426574147137,0.07493662113664173,0.3443616030095928,FALSE,TRUE
REEP4,ENSG00000168476.12,20,0.3,0,0.3710473696244744,0.08091815792987828,0.3913855675547075,FALSE,TRUE
SLC25A37,ENSG00000147454.14,20,0.3,0,0.3792505847870701,0.0669944306685269,0.3741294684591258,FALSE,TRUE
WSB1,ENSG00000109046.15,20,0.3,0,0.38682668012935006,0.06144087554396027,0.3834512864115536,FALSE,TRUE
CCDC14,ENSG00000175455.16,20,0.25,0,0.3605529385713734,0.07079326072083947,0.36253949764883986,FALSE,TRUE
CCDC18,ENSG00000122483.17,20,0.25,0,0.3507678283397435,0.0835492178634129,0.3190885925650667,FALSE,TRUE
CCNL2,ENSG00000221978.12,20,0.25,0,0.3706051061638055,0.08747111673980357,0.37541460656302433,FALSE,TRUE
DDX11,ENSG00000013573.17,20,0.25,0,0.3693647533327663,0.062218357152706516,0.3703909066233004,FALSE,TRUE
FOXM1,ENSG00000111206.13,20,0.25,0,0.3513916422488397,0.06130763726716931,0.36552049073370135,FALSE,TRUE
IFRD1,ENSG00000006652.15,20,0.25,0,0.38197672063346516,0.04072537987078878,0.3717737287222876,FALSE,TRUE
NPHP3,ENSG00000113971.20,20,0.25,0,0.3794106466931485,0.07381223696413614,0.36543671461152694,FALSE,TRUE
SLC6A19,ENSG00000174358.16,20,0.25,0,-0.384579164673107,0.04215565367425511,-0.3778434645380853,FALSE,TRUE
MAMDC4,ENSG00000177943.14,20,0.2,0,0.375094883139792,0.07438043044965797,0.3756663297036877,FALSE,TRUE
PFDN5,ENSG00000123349.15,20,0.2,0,0.3693472929311061,0.07335641613679267,0.3671265057824026,FALSE,TRUE
RPP21,ENSG00000241370.6,20,0.2,0,0.3580123213363354,0.0577210844381168,0.363657332534378,FALSE,TRUE
SALL4,ENSG00000101115.13,20,0.2,0,0.37623406691436057,0.05398586933802596,0.36098041065317854,FALSE,TRUE
TRIM46,ENSG00000163462.18,20,0.2,0,0.37999210036616426,0.040484006848096554,0.372621226182122,FALSE,TRUE
UCN,ENSG00000163794.6,20,0.2,0,0.35269403386530673,0.06824056420401547,0.3661955288569024,FALSE,TRUE
ATAD5,ENSG00000176208.9,20,0.15,0,0.3386221551653286,0.08614241002013434,0.31815933391944595,FALSE,TRUE
MEIS3,ENSG00000105419.18,20,0.15,0,0.36189370210846405,0.046394348037526956,0.3779982804540133,FALSE,TRUE
MICAL1,ENSG00000135596.18,20,0.15,0,0.3657052842082898,0.0650290724707222,0.3675481703633108,FALSE,TRUE
MPP2,ENSG00000108852.15,20,0.15,0,0.3643103796278324,0.04496489145659832,0.36532359416938703,FALSE,TRUE
RGS20,ENSG00000147509.14,20,0.15,0,0.36333295540061084,0.04344095226396216,0.34303757976096966,FALSE,TRUE
SLC5A1,ENSG00000100170.10,20,0.15,0,-0.33642889631017237,0.057766658359763856,-0.32379080335233,FALSE,TRUE
AGBL2,ENSG00000165923.16,20,0.1,0,0.3330261135086711,0.08745620084493028,0.33363301972581777,FALSE,TRUE
AGER,ENSG00000204305.14,20,0.1,0,0.36370989524558883,0.061734096548712425,0.3675186169732971,FALSE,TRUE
ARHGEF1,ENSG00000076928.18,20,0.1,0,0.37867150801654015,0.04073614996687558,0.37246521383009984,FALSE,TRUE
BAG1,ENSG00000107262.26,20,0.1,0,-0.2939867257840271,0.10001459252285214,-0.28670700164906293,FALSE,TRUE
BMP1,ENSG00000168487.20,20,0.1,0,0.33000205198593663,0.055375132373327196,0.34925496725002564,FALSE,TRUE
BMX,ENSG00000102010.15,20,0.1,0,-0.3500360047435447,0.06296461535946613,-0.3462124828860663,FALSE,TRUE
CHD1L,ENSG00000131778.19,20,0.1,0,0.35403973191182636,0.03589967888928469,0.34723379260284887,FALSE,TRUE
DPP6,ENSG00000130226.17,20,0.1,0,-0.33237665368621744,0.10820898703748111,-0.3103097741426464,FALSE,TRUE
ETV4,ENSG00000175832.13,20,0.1,0,0.376998021855208,0.03927480880826306,0.36418534050316576,FALSE,TRUE
FBXL6,ENSG00000182325.11,20,0.1,0,0.3233789819055912,0.0570953257643117,0.3384055293552306,FALSE,TRUE
FBXO41,ENSG00000163013.12,20,0.1,0,0.3501890808782059,0.07824009040001134,0.3379774143741608,FALSE,TRUE
GPRC5A,ENSG00000013588.9,20,0.1,0,0.33387810823428266,0.039328892668449966,0.3349318442382691,FALSE,TRUE
GTSE1,ENSG00000075218.19,20,0.1,0,0.322088904138105,0.07589220395902463,0.3305539484960478,FALSE,TRUE
HOXB9,ENSG00000170689.10,20,0.1,0,0.35179005478007375,0.0452182346574409,0.34031387382760997,FALSE,TRUE
INO80B,ENSG00000115274.15,20,0.1,0,0.30892590563384636,0.06318111483348493,0.31828707279647367,FALSE,TRUE
IQGAP3,ENSG00000183856.11,20,0.1,0,0.3330817166394926,0.07776369926191101,0.3283380609986407,FALSE,TRUE
KIF2C,ENSG00000142945.13,20,0.1,0,0.32183683951170644,0.05868829902499062,0.3181739225792361,FALSE,TRUE
PDLIM7,ENSG00000196923.14,20,0.1,0,0.350073495835781,0.038948903214174824,0.3539895052740117,FALSE,TRUE
POLG2,ENSG00000256525.8,20,0.1,0,0.33224565836985,0.07884098906048098,0.33625495331239375,FALSE,TRUE
RNF175,ENSG00000145428.15,20,0.1,0,0.32646545158304674,0.052503301297425475,0.31255653428299746,FALSE,TRUE
RP1,ENSG00000104237.11,20,0.1,0,0.3322190679137498,0.052423514868346455,0.3297459437572688,FALSE,TRUE
SRL,ENSG00000185739.13,20,0.1,0,-0.2973200469540195,0.07650602509332838,-0.2962754242423535,FALSE,TRUE
WDR62,ENSG00000075702.18,20,0.1,0,0.36297037445274466,0.055740236518731834,0.34894971293727584,FALSE,TRUE
AFF2,ENSG00000155966.14,20,0.05,0,-0.3290403088315019,0.03035817179707634,-0.3337833974487467,FALSE,TRUE
AMH,ENSG00000104899.8,20,0.05,0,0.33522387665778725,0.07323642760921723,0.3492206111738626,FALSE,TRUE
ARC,ENSG00000198576.4,20,0.05,0,-0.21824693877394233,0.045147527132100046,-0.2133513153547765,FALSE,TRUE
ATP11A,ENSG00000068650.18,20,0.05,0,-0.3464059203521578,0.03743571531498063,-0.33077934353814964,FALSE,TRUE
CAB39L,ENSG00000102547.19,20,0.05,0,-0.3009793748137131,0.05702865705166171,-0.29680633324761174,FALSE,TRUE
CCDC78,ENSG00000162004.18,20,0.05,0,0.3083467796417796,0.05563835382904225,0.3080444384551032,FALSE,TRUE
CDK3,ENSG00000250506.8,20,0.05,0,0.310977802849154,0.07291183927687817,0.3255237291452461,FALSE,TRUE
CEL,ENSG00000170835.16,20,0.05,0,0.2993269932223083,0.029387264660478696,0.29949126354602223,FALSE,TRUE
CFHR4,ENSG00000134365.13,20,0.05,0,0.31858571627980004,0.02609526829715858,0.30545480275177295,FALSE,TRUE
COL11A1,ENSG00000060718.22,20,0.05,0,0.323814055333744,0.04460023893849474,0.3144552561965203,FALSE,TRUE
CRYGS,ENSG00000213139.8,20,0.05,0,0.3688981457186699,0.07152366262750309,0.35801656925486214,FALSE,TRUE
CYP51A1,ENSG00000001630.17,20,0.05,0,-0.33530245743240766,0.046935550417448346,-0.33440305272022763,FALSE,TRUE
DAO,ENSG00000110887.8,20,0.05,0,-0.3237913934625823,0.031306729148731394,-0.3066660320028341,FALSE,TRUE
DIRAS1,ENSG00000176490.5,20,0.05,0,0.2470068429398024,0.042357769352484614,0.2292890907302524,FALSE,TRUE
E2F7,ENSG00000165891.16,20,0.05,0,0.2741222841006522,0.09324900606137562,0.2902441517401676,FALSE,TRUE
F8,ENSG00000185010.15,20,0.05,0,-0.32573541837277836,0.06635190943466746,-0.3194762483999824,FALSE,TRUE
FAM193B,ENSG00000146067.16,20,0.05,0,0.32297691254911576,0.08747228674976915,0.3335901196085909,FALSE,TRUE
INSR,ENSG00000171105.14,20,0.05,0,-0.3457515956365471,0.04999761656233026,-0.32741942562719134,FALSE,TRUE
KCNT1,ENSG00000107147.14,20,0.05,0,0.34487935029692346,0.03937583637510611,0.34133829946108357,FALSE,TRUE
KIF14,ENSG00000118193.12,20,0.05,0,0.26200501765717354,0.07677616167400014,0.2687469850530408,FALSE,TRUE
MEST,ENSG00000106484.16,20,0.05,0,0.3060057517803364,0.05180894853294182,0.3176191477248891,FALSE,TRUE
NADSYN1,ENSG00000172890.13,20,0.05,0,0.33920428893393106,0.04968683830123788,0.32790242386937435,FALSE,TRUE
NEBL,ENSG00000078114.19,20,0.05,0,-0.29554492145216404,0.058622674037652034,-0.294769493824344,FALSE,TRUE
NPEPL1,ENSG00000215440.12,20,0.05,0,0.3383097391446718,0.05642918495650612,0.3314762191884331,FALSE,TRUE
PAQR6,ENSG00000160781.17,20,0.05,0,0.36484282296724063,0.0890722304024052,0.3532375450762216,FALSE,TRUE
PARD3B,ENSG00000116117.18,20,0.05,0,-0.27599181902000325,0.05401008856587747,-0.27255866807035184,FALSE,TRUE
PAX6,ENSG00000007372.24,20,0.05,0,0.32537359645504343,0.04062439101706161,0.30070270738864013,FALSE,TRUE
PHYHIP,ENSG00000168490.14,20,0.05,0,0.29563398879045616,0.058050123298789835,0.29680273240536686,FALSE,TRUE
PLAG1,ENSG00000181690.8,20,0.05,0,0.34219534359828785,0.054333656974957956,0.3191841260911573,FALSE,TRUE
PPM1J,ENSG00000155367.15,20,0.05,0,0.34969070458140594,0.06409846792121576,0.33147702873868184,FALSE,TRUE
PTPRH,ENSG00000080031.10,20,0.05,0,0.27907403997629504,0.03965165556991612,0.27905087562842174,FALSE,TRUE
PYCR1,ENSG00000183010.17,20,0.05,0,0.3533367538875821,0.07128082528437268,0.34603842995240025,FALSE,TRUE
REC8,ENSG00000100918.13,20,0.05,0,0.34620622987740485,0.060558661544582004,0.3315504144185225,FALSE,TRUE
RNF166,ENSG00000158717.11,20,0.05,0,0.30702623011005437,0.06534784201204197,0.3212885357997758,FALSE,TRUE
SPNS1,ENSG00000169682.18,20,0.05,0,0.3338171316414334,0.06679164186432707,0.3317506326577492,FALSE,TRUE
SPOCD1,ENSG00000134668.12,20,0.05,0,0.34638041439525125,0.04066818631452285,0.33289317189538536,FALSE,TRUE
TBCE,ENSG00000284770.2,20,0.05,0,0.36070094608187936,0.05860506411751465,0.33026248047987156,FALSE,TRUE
U2AF1,ENSG00000160201.12,20,0.05,0,0.3170348911913062,0.06774672522083791,0.31654521066267055,FALSE,TRUE
ZNF276,ENSG00000158805.12,20,0.05,0,0.3271822974256286,0.06125000016672921,0.3267140650315694,FALSE,TRUE
ABAT,ENSG00000183044.12,20,0,0,-0.3149559563363186,0.07779847180306498,-0.3461106104499897,FALSE,TRUE
ABCA1,ENSG00000165029.17,20,0,0,-0.11740554316015467,0.06021307351126523,-0.11876902644396262,FALSE,TRUE
ABCA12,ENSG00000144452.15,20,0,0,-0.25653396456701494,0.07054325889020979,-0.25237097055340835,FALSE,TRUE
ABCA13,ENSG00000179869.15,20,0,0,0.2314924291063773,0.0554006201287334,0.2320852148155642,FALSE,TRUE
ABCA4,ENSG00000198691.13,20,0,0,0.272403677966801,0.03707533366344057,0.2685678676908308,FALSE,TRUE
ABCA8,ENSG00000141338.14,20,0,0,-0.08030871469062342,0.05631565144500972,-0.05537838273033985,FALSE,TRUE
ABCB1,ENSG00000085563.15,20,0,0,-0.32712065980416516,0.031143225079754255,-0.31836558442334484,FALSE,TRUE
ABCB4,ENSG00000005471.19,20,0,0,-0.16601909728280645,0.05901109895006856,-0.1784881192541908,FALSE,TRUE
ABCB6,ENSG00000115657.14,20,0,0,0.17619607231052317,0.0719206027531561,0.17032465671280142,FALSE,TRUE
ABCC3,ENSG00000108846.16,20,0,0,0.049334904656607975,0.07544861361289676,0.05528474721694214,FALSE,TRUE
ABCG1,ENSG00000160179.19,20,0,0,-0.256143517226626,0.06243788409411921,-0.2521084159557707,FALSE,TRUE
ABI3,ENSG00000108798.9,20,0,0,-0.22224706773061292,0.052834410774414337,-0.1933051660371662,FALSE,TRUE
ABLIM1,ENSG00000099204.20,20,0,0,-0.254607502590297,0.04141238619002288,-0.25362160336609374,FALSE,TRUE
ABTB2,ENSG00000166016.6,20,0,0,-0.05994331075159107,0.059427832207489165,-0.07530611587549844,FALSE,TRUE
ACAA1,ENSG00000060971.19,20,0,0,-0.22530651134700624,0.06053717242570458,-0.21810605938871253,FALSE,TRUE
ACAD8,ENSG00000151498.12,20,0,0,-0.08363951350750429,0.0688795660331569,-0.08927291591273237,FALSE,TRUE
ACAN,ENSG00000157766.19,20,0,0,-0.17073936970499662,0.04681013509442289,-0.1675801032770288,FALSE,TRUE
ACAP1,ENSG00000072818.12,20,0,0,0.21232691089773673,0.06466862479512567,0.20613208319335055,FALSE,TRUE
ACHE,ENSG00000087085.16,20,0,0,0.235461525249903,0.06189278743507651,0.23703422989566167,FALSE,TRUE
ACLY,ENSG00000131473.17,20,0,0,-0.26291889921446554,0.06065079803357304,-0.2661489658631828,FALSE,TRUE
ACO1,ENSG00000122729.19,20,0,0,-0.20598567597711204,0.034021754176234625,-0.19647475389220917,FALSE,TRUE
ACOT11,ENSG00000162390.18,20,0,0,-0.07372055570713175,0.04995849642747976,-0.10309024325942874,FALSE,TRUE
ACOT12,ENSG00000172497.9,20,0,0,0.017325433484083663,0.10296519786272187,-0.00851624890150218,FALSE,FALSE
ACOT6,ENSG00000205669.4,20,0,0,0.10485221837535726,0.04549344400402229,0.08916929166469315,FALSE,TRUE
ACOX2,ENSG00000168306.13,20,0,0,-0.14308899787116783,0.06565265982094907,-0.1346373013134183,FALSE,TRUE
ACRBP,ENSG00000111644.8,20,0,0,0.02175151556905537,0.06369667458270936,0.02653544117419516,FALSE,TRUE
ACSBG2,ENSG00000130377.13,20,0,0,-0.019927130074171746,0.06332958730398333,-0.01615935803724072,FALSE,TRUE
ACSF2,ENSG00000167107.13,20,0,0,0.11736089654773697,0.0426800699456579,0.10917931503200602,FALSE,TRUE
ACSL4,ENSG00000068366.20,20,0,0,0.005560639960453195,0.070089797648825225,-0.01720917962273461,FALSE,FALSE
ACSL6,ENSG00000164398.15,20,0,0,-0.05880502941627138,0.062126019601336,-0.05362659066315931,FALSE,TRUE
ACSM3,ENSG00000005187.12,20,0,0,-0.2996923089510057,0.04526152070927125,-0.2898771682499886,FALSE,TRUE
ACTG2,ENSG00000163017.14,20,0,0,-0.15010269134444187,0.03564172446565819,-0.13732420314751073,FALSE,TRUE
ACTN2,ENSG00000077522.14,20,0,0,0.24723290245454138,0.04794736320856868,0.23783720589985843,FALSE,TRUE
ACY1,ENSG00000243989.9,20,0,0,0.16707329818297373,0.07050559294563297,0.17937073106742657,FALSE,TRUE
ADA,ENSG00000196839.13,20,0,0,0.18745941051150264,0.06840287486834573,0.1892722330876552,FALSE,TRUE
ADAD2,ENSG00000140955.11,20,0,0,0.10564999951130397,0.062663292361379,0.10502356158264987,FALSE,TRUE
ADAM12,ENSG00000148848.14,20,0,0,0.24432076192298857,0.0699918493772802,0.2311791412244056,FALSE,TRUE
ADAM19,ENSG00000135074.16,20,0,0,0.25366348645589554,0.05760192105157519,0.2522866219302762,FALSE,TRUE
ADAM28,ENSG00000042980.13,20,0,0,0.06670708939993213,0.0624258456238015,0.06511387028075069,FALSE,TRUE
ADAM32,ENSG00000197140.15,20,0,0,0.30023931352200073,0.06470772510669925,0.2717705060108524,FALSE,TRUE
ADAM8,ENSG00000151651.16,20,0,0,0.2790824755094289,0.05254382642615102,0.2821906109957103,FALSE,TRUE
ADAMDEC1,ENSG00000134028.14,20,0,0,0.029706127069541306,0.06368091755498623,0.02118003076742662,FALSE,TRUE
ADAMTS15,ENSG00000166106.3,20,0,0,0.05269772892940135,0.04422636789874747,0.03550760850943638,FALSE,TRUE
ADAMTS18,ENSG00000140873.16,20,0,0,0.004976070803355322,0.05247810265009033,0.01122906855780693,FALSE,TRUE
ADAMTS19,ENSG00000145808.10,20,0,0,0.021927890885717713,0.03628854820197544,0.00804384795760793,FALSE,TRUE
ADAMTS2,ENSG00000087116.16,20,0,0,0.16122062505187462,0.08254683454132875,0.17189909227707054,FALSE,TRUE
ADAMTS8,ENSG00000134917.10,20,0,0,-0.036486353592001766,0.04872164188149414,-0.03245657914200201,FALSE,TRUE
ADAMTSL2,ENSG00000197859.11,20,0,0,-0.09004836871505689,0.04874304292442014,-0.08484027612911711,FALSE,TRUE
ADAMTSL4,ENSG00000143382.15,20,0,0,0.22240945264849138,0.03456954516648822,0.23262267697205105,FALSE,TRUE
ADAP2,ENSG00000184060.11,20,0,0,0.12945409850350775,0.0566787985969036,0.1265101557544049,FALSE,TRUE
ADCY2,ENSG00000078295.17,20,0,0,-0.2458414949857266,0.05769212153234585,-0.23759769406529355,FALSE,TRUE
ADCY7,ENSG00000121281.13,20,0,0,0.0636215756498871,0.05493611771888893,0.07379278978448327,FALSE,TRUE
ADCY8,ENSG00000155897.10,20,0,0,-0.09061398559114886,0.09113409244473318,-0.10906020308189136,FALSE,TRUE
ADH1A,ENSG00000187758.8,20,0,0,-0.014175303181559153,0.10614735371710142,-0.02544549031427719,FALSE,TRUE
ADH1B,ENSG00000196616.14,20,0,0,-0.04007254091869411,0.03670552377675895,-0.02995436310299045,FALSE,TRUE
ADH1C,ENSG00000248144.6,20,0,0,0.06484108369603125,0.10212938012998649,0.0563531917679493,FALSE,TRUE
ADK,ENSG00000156110.15,20,0,0,-0.10356272344300885,0.05444735800153783,-0.13426515018628085,FALSE,TRUE
ADM,ENSG00000148926.10,20,0,0,-0.1215845280354379,0.08886604013587439,-0.08989045626489074,FALSE,TRUE
ADORA1,ENSG00000163485.17,20,0,0,0.12485164268949987,0.07490454045270911,0.11485265148762414,FALSE,TRUE
ADORA2A,ENSG00000128271.22,20,0,0,-0.06755295021879043,0.05777132229812424,-0.06149482323116757,FALSE,TRUE
ADORA2B,ENSG00000170425.3,20,0,0,0.2835532833016602,0.0335735636362659,0.2787985319180217,FALSE,TRUE
ADORA3,ENSG00000282608.2,20,0,0,-0.08862355985113732,0.05811747960561185,-0.08936867241651629,FALSE,TRUE
ADRA1B,ENSG00000170214.5,20,0,0,-0.178636533821398,0.046741115735178446,-0.16919705942103372,FALSE,TRUE
ADRA1D,ENSG00000171873.8,20,0,0,0.24515486334679548,0.03230431971035533,0.23956926838327297,FALSE,TRUE
ADRA2C,ENSG00000184160.8,20,0,0,-0.13461087184119042,0.059300918049062235,-0.1504829837299875,FALSE,TRUE
ADRB1,ENSG00000043591.6,20,0,0,0.22068308488403993,0.035837322304775265,0.20712397930795837,FALSE,TRUE
AEN,ENSG00000181026.15,20,0,0,-0.1302843824473671,0.054225228184527824,-0.1369710827324732,FALSE,TRUE
AFAP1L1,ENSG00000157510.14,20,0,0,-0.20575377443271442,0.05408140664086564,-0.1993835470353072,FALSE,TRUE
AFAP1L2,ENSG00000169129.15,20,0,0,0.008469075419889546,0.08102673680013095,0.02040345750181456,FALSE,TRUE
AFF3,ENSG00000144218.19,20,0,0,-0.2631024517503246,0.0562439090356428,-0.24755357659313285,FALSE,TRUE
AFM,ENSG00000079557.5,20,0,0,-0.30161435497002087,0.06896517858710427,-0.290303452395595,FALSE,TRUE
AFMID,ENSG00000183077.15,20,0,0,0.06823292620755916,0.08720718908672491,0.05545927928229703,FALSE,TRUE
AFP,ENSG00000081051.8,20,0,0,0.07150763779243904,0.040802759375492645,0.06620325807124935,FALSE,TRUE
AGAP11,ENSG00000151303.11,20,0,0,0.04821891615817394,0.042389903485124995,0.04208917581952379,FALSE,TRUE
AGBL3,ENSG00000146856.14,20,0,0,-0.1376035164672602,0.053162146296857116,-0.14261292907790712,FALSE,TRUE
AGBL4,ENSG00000186094.17,20,0,0,-0.25129520994842025,0.05310003692744977,-0.27550769491247806,FALSE,TRUE
AGMAT,ENSG00000116771.6,20,0,0,-0.3217343776693896,0.045517614212732815,-0.3218881080384228,FALSE,TRUE
AGR2,ENSG00000106541.12,20,0,0,0.2457014837142907,0.02378652817811766,0.2268662661246973,FALSE,TRUE
AGR3,ENSG00000173467.9,20,0,0,0.27946644276340143,0.034877687303981775,0.2646955690933871,FALSE,TRUE
AGRP,ENSG00000159723.5,20,0,0,0.09843942718229329,0.04919044888273706,0.08338488734824795,FALSE,TRUE
AGTR2,ENSG00000180772.7,20,0,0,-0.08965609802166992,0.027980294779211018,-0.0769605602682917,FALSE,TRUE
AGXT,ENSG00000172482.5,20,0,0,-0.28138734760080925,0.06384883427533256,-0.2596215452985639,FALSE,TRUE
AHNAK2,ENSG00000185567.7,20,0,0,0.12999154467165755,0.05918237707561719,0.13429876123685683,FALSE,TRUE
AHRR,ENSG00000063438.19,20,0,0,0.10732170473571816,0.03731946033753669,0.1004794100741816,FALSE,TRUE
AICDA,ENSG00000111732.11,20,0,0,-0.007257572430066661,0.04846918522436013,0.00318516342653096,FALSE,FALSE
AIF1,ENSG00000204472.13,20,0,0,-0.013074628622748271,0.07060231063880326,-0.02208648841913755,FALSE,TRUE
AIF1L,ENSG00000126878.13,20,0,0,-0.2132562326493156,0.036837575575160125,-0.20959929348205256,FALSE,TRUE
AIM2,ENSG00000163568.15,20,0,0,0.22974125191878594,0.08969233742510585,0.2148469887473073,FALSE,TRUE
AK3,ENSG00000147853.17,20,0,0,-0.13383537744213692,0.09494366841812857,-0.14552054004142717,FALSE,TRUE
AK5,ENSG00000154027.19,20,0,0,0.09670499980651734,0.037398698162924904,0.09120039882189453,FALSE,TRUE
AKAP3,ENSG00000111254.8,20,0,0,-0.049933431887332236,0.09331007021970139,-0.05934932174199975,FALSE,TRUE
AKAP4,ENSG00000147081.15,20,0,0,-0.21596589889753182,0.05963828099752136,-0.19152135304862197,FALSE,TRUE
AKIRIN1,ENSG00000174574.16,20,0,0,-0.039314358801484595,0.05831142422636229,-0.0566643139881564,FALSE,TRUE
AKNA,ENSG00000106948.17,20,0,0,0.01971327610780267,0.059175831160293534,0.03757001010593511,FALSE,TRUE
AKR1C1,ENSG00000187134.14,20,0,0,-0.21707931799818275,0.06529691851815231,-0.21895887077025636,FALSE,TRUE
AKR7A3,ENSG00000162482.5,20,0,0,-0.26197836288159126,0.04624186779672812,-0.26853100281108355,FALSE,TRUE
ALAD,ENSG00000148218.16,20,0,0,-0.2479633999418595,0.043788586649711275,-0.22600806149801325,FALSE,TRUE
ALAS1,ENSG00000023330.15,20,0,0,-0.13166101691943138,0.07352210948015189,-0.15023781232427824,FALSE,TRUE
ALB,ENSG00000163631.17,20,0,0,-0.06657031301231287,0.0752237556976144,-0.0434308433874897,FALSE,TRUE
ALDH1A2,ENSG00000128918.15,20,0,0,-0.049235105680884086,0.0700040431539026,-0.04990260831728481,FALSE,TRUE
ALDH1B1,ENSG00000137124.8,20,0,0,-0.19422929745762052,0.04551093706957232,-0.1966547133601732,FALSE,TRUE
ALDH1L1,ENSG00000144908.14,20,0,0,-0.30382337300283324,0.02909763420881717,-0.29165578743316345,FALSE,TRUE
ALDH1L2,ENSG00000136010.14,20,0,0,0.2474151625792641,0.07072704819435463,0.24672158963184151,FALSE,TRUE
ALDH3B2,ENSG00000132746.15,20,0,0,0.18269559380156636,0.045301686182500245,0.17100598869520836,FALSE,TRUE
ALDH4A1,ENSG00000159423.17,20,0,0,-0.24265863466616244,0.03693597831502085,-0.2467480589328555,FALSE,TRUE
ALDH5A1,ENSG00000112294.14,20,0,0,-0.2534146043544835,0.04897860573718707,-0.2601765656431812,FALSE,TRUE
ALDOC,ENSG00000109107.14,20,0,0,-0.1857856685829779,0.06527958014665286,-0.1874621548172604,FALSE,TRUE
ALK,ENSG00000171094.18,20,0,0,-0.015542588306512216,0.0310121158732485,-0.03308180006868177,FALSE,TRUE
ALLC,ENSG00000151360.10,20,0,0,0.1443957830632207,0.036748474529584685,0.15829704325008526,FALSE,TRUE
ALOX12B,ENSG00000179477.11,20,0,0,-0.13172484644405885,0.0469130681616656,-0.13382267866062345,FALSE,TRUE
ALOX15B,ENSG00000179593.16,20,0,0,-0.08559695514607732,0.05442876597547899,-0.09913985317058728,FALSE,TRUE
ALOX5,ENSG00000012779.11,20,0,0,0.13538295585385096,0.037798758817314274,0.1321153610380376,FALSE,TRUE
ALOX5AP,ENSG00000132965.10,20,0,0,0.01247872880174304,0.06073572498542987,0.00719943240219447,FALSE,TRUE
ALPI,ENSG00000163295.5,20,0,0,-0.13961095307907767,0.07807195164913577,-0.1471554752489597,FALSE,TRUE
ALPK2,ENSG00000198796.7,20,0,0,-0.04084421067160959,0.06381955704709448,-0.05546958040844935,FALSE,TRUE
ALX1,ENSG00000180318.4,20,0,0,0.15184768976287386,0.05109688605651436,0.15012156728644716,FALSE,TRUE
AMBP,ENSG00000106927.12,20,0,0,-0.07867803286249642,0.06754065136944744,-0.0764394894661488,FALSE,TRUE
AMFR,ENSG00000159461.15,20,0,0,-0.03300173856172316,0.04728357331119126,-0.04621135225610044,FALSE,TRUE
AMPH,ENSG00000078053.17,20,0,0,0.08083811236158535,0.04580963714471652,0.08429961248913537,FALSE,TRUE
ANG,ENSG00000214274.10,20,0,0,-0.22063396694647375,0.049557000582685334,-0.21210765243410956,FALSE,TRUE
ANGPT2,ENSG00000091879.14,20,0,0,-0.21271916804097624,0.064595408825187,-0.18232605328510057,FALSE,TRUE
ANGPTL1,ENSG00000116194.13,20,0,0,-0.054133808329702174,0.06356344331174499,-0.04783048693401786,FALSE,TRUE
ANGPTL2,ENSG00000136859.10,20,0,0,-0.11521497821600979,0.0395213726545947,-0.08759957663755588,FALSE,TRUE
ANGPTL3,ENSG00000132855.5,20,0,0,-0.2689642329285485,0.07409903031439766,-0.273605292581918,FALSE,TRUE
ANGPTL4,ENSG00000167772.12,20,0,0,-0.24976895061938248,0.06119674944370829,-0.24044037397475176,FALSE,TRUE
ANGPTL7,ENSG00000171819.5,20,0,0,-0.018894350018481904,0.045845680366559914,-0.02025122714074622,FALSE,TRUE
ANK1,ENSG00000029534.21,20,0,0,-0.14930336147939482,0.08064067128029029,-0.14303960013096886,FALSE,TRUE
ANK2,ENSG00000145362.20,20,0,0,-0.10515489310735868,0.04433842598829345,-0.1140590271463893,FALSE,TRUE
ANKDD1A,ENSG00000166839.17,20,0,0,0.27295909561722537,0.07822680512845026,0.27387873338077134,FALSE,TRUE
ANKHD1,ENSG00000131503.21,20,0,0,0.15194649688363396,0.07427687765770691,0.15480302511779206,FALSE,TRUE
ANKRD2,ENSG00000165887.12,20,0,0,0.007673585884753861,0.049868637818270355,-0.02583150558629611,FALSE,FALSE
ANKRD23,ENSG00000163126.15,20,0,0,0.2869216649476973,0.08197749248345174,0.28231124486678433,FALSE,TRUE
ANKRD29,ENSG00000154065.17,20,0,0,0.029649831498121577,0.02871056377347911,0.03293155253169509,FALSE,TRUE
ANKRD33,ENSG00000167612.13,20,0,0,0.23653675404980906,0.05369484385045306,0.2345357629374601,FALSE,TRUE
ANKRD36,ENSG00000135976.20,20,0,0,0.3034194468306506,0.06749547901438396,0.28164030718872446,FALSE,TRUE
ANKRD36B,ENSG00000196912.12,20,0,0,0.2599451698411312,0.06490706529328608,0.24285215823962208,FALSE,TRUE
ANKRD37,ENSG00000186352.9,20,0,0,-0.06707318486848907,0.0940560107744431,-0.05273644666694023,FALSE,TRUE
ANKRD45,ENSG00000183831.7,20,0,0,0.041167184846206836,0.07085644566628077,0.02290089615086512,FALSE,TRUE
ANKRD9,ENSG00000156381.9,20,0,0,0.17544907340949495,0.06538412011372186,0.172775459391649,FALSE,TRUE
ANKZF1,ENSG00000163516.14,20,0,0,0.2793273218295069,0.08119856815272306,0.28253773341924854,FALSE,TRUE
ANLN,ENSG00000011426.11,20,0,0,0.2364505718483931,0.06764250593181392,0.2404560923929083,FALSE,TRUE
ANO1,ENSG00000131620.17,20,0,0,-0.0664462136369741,0.07006731813175013,-0.04815328009214337,FALSE,TRUE
ANO4,ENSG00000151572.18,20,0,0,-0.13363269188610483,0.05053135326370686,-0.12231678897817992,FALSE,TRUE
ANO5,ENSG00000171714.12,20,0,0,0.09637046897559243,0.05835343580642843,0.09218539783418768,FALSE,TRUE
ANXA1,ENSG00000135046.14,20,0,0,-0.02316724601741385,0.04307714028230076,0.00327179262151864,FALSE,FALSE
ANXA13,ENSG00000104537.17,20,0,0,-0.22252024862898334,0.07472789450860096,-0.2188226532382271,FALSE,TRUE
ANXA3,ENSG00000138772.13,20,0,0,-0.05100672952449415,0.05663815266672372,-0.05586258026022112,FALSE,TRUE
ANXA4,ENSG00000196975.16,20,0,0,-0.31574714352724387,0.02532267960913126,-0.30749112813676954,FALSE,TRUE
ANXA9,ENSG00000143412.10,20,0,0,-0.1366093725405374,0.07058022306241632,-0.14710938920509234,FALSE,TRUE
AOAH,ENSG00000136250.12,20,0,0,-0.08841247474825659,0.05928425820601621,-0.09411382191544564,FALSE,TRUE
AOX1,ENSG00000138356.14,20,0,0,-0.31696314677456333,0.03902172587332231,-0.2991601155014666,FALSE,TRUE
AP1M2,ENSG00000129354.12,20,0,0,-0.18636476371896848,0.05641197001412365,-0.19268490854850293,FALSE,TRUE
AP3S1,ENSG00000177879.17,20,0,0,-0.02920626908202312,0.06695569876974064,-0.02982829584591029,FALSE,TRUE
APBA2,ENSG00000034053.14,20,0,0,0.2176903714811865,0.05869372753648916,0.2128083692125366,FALSE,TRUE
APBB1IP,ENSG00000077420.16,20,0,0,-0.17540930099265223,0.06412423635159381,-0.17511458326944437,FALSE,TRUE
APBB3,ENSG00000113108.19,20,0,0,0.3046598418855878,0.08843667351844314,0.3173041839959033,FALSE,TRUE
APEH,ENSG00000164062.13,20,0,0,-0.13910665740828265,0.053914956190322993,-0.13455930449419878,FALSE,TRUE
APLN,ENSG00000171388.12,20,0,0,-0.19210696534565763,0.07021047645893563,-0.17520851795797762,FALSE,TRUE
APLNR,ENSG00000134817.11,20,0,0,-0.260522413292516,0.0758354622538022,-0.25762100944638505,FALSE,TRUE
APOB,ENSG00000084674.15,20,0,0,-0.09752111352201032,0.06969727118983521,-0.10077781184317525,FALSE,TRUE
APOBEC3A,ENSG00000128383.13,20,0,0,0.06491536261603115,0.04729138524690355,0.06628695690952716,FALSE,TRUE
APOBEC3C,ENSG00000244509.4,20,0,0,-0.013050539642035947,0.07224354933239632,0.00359774305983744,FALSE,FALSE
APOBEC3F,ENSG00000128394.17,20,0,0,0.03726059789686856,0.05149972901208368,0.04535544537126377,FALSE,TRUE
APOBEC3G,ENSG00000239713.9,20,0,0,0.07564886552661432,0.056877516979551776,0.07731843118232055,FALSE,TRUE
APOC1,ENSG00000130208.9,20,0,0,0.015977938702195327,0.05085292513822546,0.00973284904793952,FALSE,TRUE
APOC3,ENSG00000110245.12,20,0,0,0.056569510526421354,0.09044988031868348,0.04332420739982013,FALSE,TRUE
APOD,ENSG00000189058.9,20,0,0,-0.0040741854807269445,0.04778119293218105,-0.00474607999603131,FALSE,TRUE
APOH,ENSG00000091583.11,20,0,0,-0.047464111119567956,0.07249177706661009,-0.03970704797177529,FALSE,TRUE
APOL1,ENSG00000100342.21,20,0,0,0.0899063906554841,0.04735683065902829,0.08728359470160792,FALSE,TRUE
APOL2,ENSG00000128335.14,20,0,0,0.16559295837297186,0.058378043114001604,0.153590571633092,FALSE,TRUE
APOL6,ENSG00000221963.6,20,0,0,-0.25194364367526767,0.05082031488407443,-0.258305686884208,FALSE,TRUE
APOO,ENSG00000184831.14,20,0,0,0.09150618802328422,0.05915270436915263,0.07941689814365951,FALSE,TRUE
AQP2,ENSG00000167580.8,20,0,0,-0.029669679498066724,0.06148195261638525,-0.03225283576636081,FALSE,TRUE
AQP3,ENSG00000165272.16,20,0,0,-0.23344813858111907,0.029109800580511352,-0.24069584042377432,FALSE,TRUE
AQP4,ENSG00000171885.18,20,0,0,-0.28653963182255543,0.03998684488514326,-0.28668335762266817,FALSE,TRUE
AQP5,ENSG00000161798.7,20,0,0,0.1155965671865058,0.06748130213301914,0.09667959325738772,FALSE,TRUE
AQP6,ENSG00000086159.13,20,0,0,0.056345737313880914,0.04737934450349013,0.04451294664342376,FALSE,TRUE
AQP7,ENSG00000165269.13,20,0,0,-0.1290365741520514,0.07685606875209289,-0.13951383398573255,FALSE,TRUE
AQP8,ENSG00000103375.11,20,0,0,0.1937765562390215,0.057605564376382146,0.19279604326620176,FALSE,TRUE
AQP9,ENSG00000103569.10,20,0,0,0.1013293515704474,0.08534865045382638,0.08783983658478106,FALSE,TRUE
ARG2,ENSG00000081181.8,20,0,0,0.01698200849590921,0.044858603698564176,0.01517359537832423,FALSE,TRUE
ARHGAP11A,ENSG00000198826.11,20,0,0,0.1752472884079625,0.07790804888074154,0.16107765849358335,FALSE,TRUE
ARHGAP15,ENSG00000075884.14,20,0,0,-0.022166570252950928,0.05269914178078639,-0.02227007378668823,FALSE,TRUE
ARHGAP22,ENSG00000128805.15,20,0,0,0.3062343036303198,0.05878300687189619,0.28813043335670946,FALSE,TRUE
ARHGAP25,ENSG00000163219.12,20,0,0,-0.16650484933092424,0.044703153501586296,-0.1489567634895855,FALSE,TRUE
ARHGAP26,ENSG00000145819.18,20,0,0,-0.2843096144231456,0.036935842693789744,-0.29478638921275757,FALSE,TRUE
ARHGAP30,ENSG00000186517.14,20,0,0,-0.08792631301743717,0.03360329260396791,-0.08187519996531986,FALSE,TRUE
ARHGAP9,ENSG00000123329.20,20,0,0,0.16663172774933005,0.05426970367485198,0.158717990205365,FALSE,TRUE
ARHGDIB,ENSG00000111348.9,20,0,0,-0.0417174808175622,0.05646560286363707,-0.02875663877459913,FALSE,TRUE
ARHGEF10,ENSG00000104728.16,20,0,0,0.2693382538093434,0.07024569367989644,0.2582019915703211,FALSE,TRUE
ARHGEF3,ENSG00000163947.12,20,0,0,-0.2647585469289464,0.05325430672050813,-0.2654285618268369,FALSE,TRUE
ARHGEF6,ENSG00000129675.16,20,0,0,0.04670091217020901,0.09087701336862934,0.05150174347253459,FALSE,TRUE
ARID5A,ENSG00000196843.17,20,0,0,0.2384389795009593,0.05846731404865177,0.2634136550088329,FALSE,TRUE
ARL10,ENSG00000175414.7,20,0,0,-0.017555508404246713,0.0736102266412412,-0.0340810120711381,FALSE,TRUE
ARL11,ENSG00000152213.4,20,0,0,-0.033789767244069506,0.04098593267639937,-0.04498596968235496,FALSE,TRUE
ARL4A,ENSG00000122644.13,20,0,0,0.02554495742437001,0.06298862456510063,0.01429935337319636,FALSE,TRUE
ARL4C,ENSG00000188042.8,20,0,0,0.2217591396930281,0.0682503098569445,0.21893941254953603,FALSE,TRUE
ARL4D,ENSG00000175906.5,20,0,0,0.2900446483635507,0.0357334703311285,0.28440525025401653,FALSE,TRUE
ARNT2,ENSG00000172379.21,20,0,0,-0.18425633684507425,0.07003802146988458,-0.1671036430872492,FALSE,TRUE
ARPC1B,ENSG00000130429.15,20,0,0,0.3091234843215517,0.07057619224785089,0.2966470055892336,FALSE,TRUE
ARRB2,ENSG00000141480.18,20,0,0,0.151876844624928,0.06119586817507011,0.15078974440123413,FALSE,TRUE
ARRDC2,ENSG00000105643.10,20,0,0,-0.21411946925287317,0.05106164374524824,-0.19707783082576627,FALSE,TRUE
ASAP1,ENSG00000153317.15,20,0,0,0.024492888787546543,0.08428854573848203,0.03088277581503352,FALSE,TRUE
ASAP2,ENSG00000151693.11,20,0,0,-0.20627210773077004,0.0625126815803626,-0.1994419288461033,FALSE,TRUE
ASAP3,ENSG00000088280.19,20,0,0,0.2160860986230692,0.052370740238187274,0.1963108678402148,FALSE,TRUE
ASB15,ENSG00000146809.13,20,0,0,0.15043829136379333,0.055008578173577294,0.15553421754388386,FALSE,TRUE
ASB2,ENSG00000100628.12,20,0,0,-0.07595214107439996,0.036759670257407534,-0.0783867895507994,FALSE,TRUE
ASB9,ENSG00000102048.16,20,0,0,-0.04988872846197781,0.08199780861002791,-0.0406511288196262,FALSE,TRUE
ASCL3,ENSG00000176009.3,20,0,0,0.16755830341832756,0.05384335661544684,0.15727147465966013,FALSE,TRUE
ASF1B,ENSG00000105011.9,20,0,0,0.08517951401917498,0.060083434594095375,0.07749922449645644,FALSE,TRUE
ASGR1,ENSG00000141505.12,20,0,0,0.27278873741254733,0.05576923068208137,0.28473277785538786,FALSE,TRUE
ASNS,ENSG00000070669.17,20,0,0,0.31945485682579866,0.03958909971903113,0.3030691262682836,FALSE,TRUE
ASPHD1,ENSG00000174939.11,20,0,0,-0.10537143854309529,0.04396297117325158,-0.10232978275562953,FALSE,TRUE
ASPM,ENSG00000066279.18,20,0,0,0.23085306793740856,0.0718982986890942,0.22534800276321296,FALSE,TRUE
ASS1,ENSG00000130707.18,20,0,0,-0.05621643309274541,0.05173612626291854,-0.05377515088145056,FALSE,TRUE
ATG16L2,ENSG00000168010.11,20,0,0,0.3303086899996966,0.08407203686518738,0.3266510556409574,FALSE,TRUE
ATG9B,ENSG00000181652.19,20,0,0,0.0771931994486994,0.041161951350498535,0.07459840087692617,FALSE,TRUE
ATP12A,ENSG00000075673.12,20,0,0,-0.055117676560725026,0.06496859212182185,-0.0750554888641489,FALSE,TRUE
ATP13A5,ENSG00000187527.11,20,0,0,0.14184669945064893,0.042490393587262615,0.13786210216816594,FALSE,TRUE
ATP1B1,ENSG00000143153.13,20,0,0,-0.30304771307426126,0.04528085375254309,-0.28191515658511596,FALSE,TRUE
ATP2B2,ENSG00000157087.20,20,0,0,-0.10662671597739092,0.08128202826812381,-0.09573609683286202,FALSE,TRUE
ATP2B3,ENSG00000067842.17,20,0,0,0.19697358061831943,0.05767631154636327,0.1970193536167796,FALSE,TRUE
ATP2C2,ENSG00000064270.13,20,0,0,0.26141081762751756,0.05302457208999309,0.2440396533682672,FALSE,TRUE
ATP4B,ENSG00000186009.5,20,0,0,0.1358140537027585,0.049916152570872396,0.1415634961853487,FALSE,TRUE
ATP6V0A4,ENSG00000105929.16,20,0,0,0.016292976975106885,0.0663390103968856,0.00356061214957562,FALSE,TRUE
ATP6V0D2,ENSG00000147614.4,20,0,0,0.02773647322205788,0.04916470026935915,0.00889490634011838,FALSE,TRUE
ATP6V0E2,ENSG00000171130.18,20,0,0,-0.040866842450637195,0.10975180099324792,-0.04368472832175516,FALSE,TRUE
ATP6V1B1,ENSG00000116039.13,20,0,0,0.19712026668488258,0.04655959681873059,0.18463019958538351,FALSE,TRUE
ATP6V1C2,ENSG00000143882.12,20,0,0,0.31917104558601533,0.040420655065639355,0.3044443283819943,FALSE,TRUE
ATP6V1G2,ENSG00000213760.11,20,0,0,0.12950911589953074,0.08357898125235419,0.15222615702507672,FALSE,TRUE
ATP6V1G3,ENSG00000151418.12,20,0,0,0.07257984332147319,0.0498661113706935,0.0636923888201339,FALSE,TRUE
ATP6V1H,ENSG00000047249.18,20,0,0,-0.04517844624473162,0.05795123145596622,-0.0577157821769311,FALSE,TRUE
ATP8B3,ENSG00000130270.16,20,0,0,0.1281454331655914,0.06868758763639851,0.11460041190739294,FALSE,TRUE
ATRNL1,ENSG00000107518.18,20,0,0,0.06335680697012808,0.043863698348836126,0.04368675223591811,FALSE,TRUE
AVP,ENSG00000101200.5,20,0,0,0.1327474913661359,0.04026270309404889,0.11629947377325307,FALSE,TRUE
AVPR2,ENSG00000126895.15,20,0,0,0.03950910455326982,0.07013089584131056,0.03563825742000811,FALSE,TRUE
AXIN2,ENSG00000168646.13,20,0,0,0.23231430168448092,0.06963716472140152,0.2155603770921824,FALSE,TRUE
AXL,ENSG00000167601.12,20,0,0,0.16842232624590797,0.07640217424574156,0.17442361814527743,FALSE,TRUE
AZGP1,ENSG00000160862.13,20,0,0,-0.2155445911024227,0.03305118155188605,-0.2156071602733853,FALSE,TRUE
B2M,ENSG00000166710.21,20,0,0,-0.21635095471705212,0.025344226669134273,-0.2039766547587339,FALSE,TRUE
B3GALT2,ENSG00000162630.6,20,0,0,-0.14737530815011668,0.06095845508606626,-0.1710944221407885,FALSE,TRUE
B3GNT8,ENSG00000177191.2,20,0,0,0.20956218220509018,0.048359038466191245,0.19902631524815115,FALSE,TRUE
B4GALNT1,ENSG00000135454.14,20,0,0,0.2788950871177641,0.09808795259274483,0.2456890567679655,FALSE,TRUE
B4GALNT2,ENSG00000167080.9,20,0,0,-0.02925481578231829,0.06290425558693369,-0.0283595954041358,FALSE,TRUE
B4GALNT3,ENSG00000139044.12,20,0,0,0.19643976381965997,0.04277445886497694,0.17298920170754137,FALSE,TRUE
BACH2,ENSG00000112182.15,20,0,0,0.007745837482941342,0.05017363018027344,-0.00263259014090951,FALSE,FALSE
BAIAP3,ENSG00000007516.14,20,0,0,-0.019922030659681202,0.07015758890627447,-0.0104374108403381,FALSE,TRUE
BARX2,ENSG00000043039.7,20,0,0,-0.2394553652047149,0.049988591502163116,-0.24967953954219488,FALSE,TRUE
BATF,ENSG00000156127.8,20,0,0,0.10594734934639191,0.0636323995404146,0.0995503023314031,FALSE,TRUE
BATF3,ENSG00000123685.9,20,0,0,0.1980850024820646,0.04300701253532574,0.19552732413475135,FALSE,TRUE
BAX,ENSG00000087088.20,20,0,0,0.04439406920844203,0.036205551088211115,0.0478993076968746,FALSE,TRUE
BAZ1A,ENSG00000198604.11,20,0,0,0.16251874192577023,0.08306756514295291,0.13979795714001306,FALSE,TRUE
BCAM,ENSG00000187244.12,20,0,0,-0.056904307120110006,0.08831056403813019,-0.0364615033258547,FALSE,TRUE
BCAR3,ENSG00000137936.18,20,0,0,-0.2132180389129118,0.056253185927672505,-0.2034506411975062,FALSE,TRUE
BCAS1,ENSG00000064787.13,20,0,0,0.17431103703813286,0.03861502234975034,0.15719988853743042,FALSE,TRUE
BCAT1,ENSG00000060982.15,20,0,0,0.19426453833710403,0.10085556124452519,0.2011221803143529,FALSE,TRUE
BCHE,ENSG00000114200.10,20,0,0,0.06015650767286848,0.03250228808509501,0.06252214911781533,FALSE,TRUE
BCKDHB,ENSG00000083123.15,20,0,0,-0.14084050681013496,0.06431009093706828,-0.1593208572291599,FALSE,TRUE
BCL11A,ENSG00000119866.22,20,0,0,-0.04016761383271883,0.08478359812845507,-0.01935431731279754,FALSE,TRUE
BCL11B,ENSG00000127152.18,20,0,0,-0.0546790640594214,0.05757728517357702,-0.04971399075825804,FALSE,TRUE
BCL2A1,ENSG00000140379.9,20,0,0,0.04489029321559489,0.09469210461014556,0.04916256868440507,FALSE,TRUE
BCL2L10,ENSG00000137875.4,20,0,0,0.09631547636806084,0.05754415111672559,0.08602455786835005,FALSE,TRUE
BCL6B,ENSG00000161940.11,20,0,0,-0.19990292633776197,0.057260448635118255,-0.1774205595143189,FALSE,TRUE
BCL7A,ENSG00000110987.9,20,0,0,-0.24332077716831985,0.05747553216593357,-0.2325660578684965,FALSE,TRUE
BCL9,ENSG00000116128.11,20,0,0,-0.016301861880702276,0.037369058617512524,-0.00495770927913017,FALSE,TRUE
BDH1,ENSG00000161267.12,20,0,0,0.22093031984482445,0.05742868913610458,0.18743429563428116,FALSE,TRUE
BDKRB2,ENSG00000168398.7,20,0,0,0.1440378519606011,0.03983471707690993,0.1202460111564132,FALSE,TRUE
BDNF,ENSG00000176697.20,20,0,0,-0.08263805250207637,0.054220504632856645,-0.08004722226648106,FALSE,TRUE
BEST1,ENSG00000167995.17,20,0,0,0.25447200968388756,0.07179771374722449,0.27336451150676727,FALSE,TRUE
BEST4,ENSG00000142959.5,20,0,0,0.23701997366392397,0.056829266670765266,0.2177561062971555,FALSE,TRUE
BEX2,ENSG00000133134.12,20,0,0,-0.22621409325287978,0.0414935229753631,-0.22586344684733525,FALSE,TRUE
BGN,ENSG00000182492.16,20,0,0,0.05628204107013299,0.08499490169734447,0.0704707968100767,FALSE,TRUE
BHMT,ENSG00000145692.15,20,0,0,-0.29317284623656314,0.03443010683225706,-0.28572908631080846,FALSE,TRUE
BID,ENSG00000015475.19,20,0,0,0.2464789408830595,0.04368375532549282,0.23859471917629704,FALSE,TRUE
BIK,ENSG00000100290.3,20,0,0,0.21493915297843602,0.048615661862254134,0.19762733248885037,FALSE,TRUE
BIN2,ENSG00000110934.13,20,0,0,0.025157568107974728,0.06833436845921538,0.02400260328695115,FALSE,TRUE
BIRC3,ENSG00000023445.16,20,0,0,-0.10896553689130564,0.061235392726679785,-0.12387450653029088,FALSE,TRUE
BIRC5,ENSG00000089685.15,20,0,0,0.2768652277723733,0.08065842195562367,0.28205732319733534,FALSE,TRUE
BIRC7,ENSG00000101197.13,20,0,0,0.09037445326950448,0.05469792325078515,0.0845176010392835,FALSE,TRUE
BLM,ENSG00000197299.12,20,0,0,0.2121700738943617,0.08288325051850834,0.19244611263313063,FALSE,TRUE
BLNK,ENSG00000095585.17,20,0,0,-0.07866690808225199,0.06379763038310002,-0.09429445147632907,FALSE,TRUE
BMP5,ENSG00000112175.8,20,0,0,-0.10537673744624743,0.07511317097381168,-0.09951765215652932,FALSE,TRUE
BMP7,ENSG00000101144.13,20,0,0,0.24632900252086343,0.05754271911449915,0.22407438221931217,FALSE,TRUE
BMP8B,ENSG00000116985.12,20,0,0,-0.10559589975171843,0.057090488928210975,-0.11079003972637702,FALSE,TRUE
BMPER,ENSG00000164619.10,20,0,0,0.1405656883344971,0.05997378710721615,0.13713662187563772,FALSE,TRUE
BMPR1B,ENSG00000138696.11,20,0,0,0.17131600184298656,0.036828673386056526,0.17625714932564254,FALSE,TRUE
BNIPL,ENSG00000163141.20,20,0,0,0.31223191140866297,0.061882977609034995,0.2799498488443791,FALSE,TRUE
BPHL,ENSG00000137274.13,20,0,0,-0.2685320649951552,0.07693024682562993,-0.25686653806796134,FALSE,TRUE
BPI,ENSG00000101425.14,20,0,0,-0.07553613463780395,0.05232226443353224,-0.05258510236182136,FALSE,TRUE
BRCA2,ENSG00000139618.16,20,0,0,-0.011591721761573796,0.08143682597768924,-0.03057485416751935,FALSE,TRUE
BRCC3,ENSG00000185515.15,20,0,0,0.0013772475426590918,0.07662214233332208,-0.02602994797086754,FALSE,FALSE
BRIP1,ENSG00000136492.9,20,0,0,0.10823525649856,0.06641024071962061,0.11015891989926407,FALSE,TRUE
BSND,ENSG00000162399.9,20,0,0,0.06749729311158625,0.05791149451481402,0.06576202565737747,FALSE,TRUE
BSPRY,ENSG00000119411.11,20,0,0,-0.25652696611860426,0.06853164039610887,-0.27536225256329594,FALSE,TRUE
BST2,ENSG00000130303.13,20,0,0,0.04714006273008441,0.06643011164722426,0.05189100548660674,FALSE,TRUE
BTBD16,ENSG00000138152.10,20,0,0,-0.08049787689954664,0.05850441103699114,-0.0694616351837613,FALSE,TRUE
BTC,ENSG00000174808.12,20,0,0,-0.18371824995745134,0.0769200472311149,-0.19583378222728712,FALSE,TRUE
BTG2,ENSG00000159388.6,20,0,0,-0.24165635116733175,0.05179570391816843,-0.23623775481286297,FALSE,TRUE
BTK,ENSG00000010671.16,20,0,0,-0.03601593144421955,0.05946455547647167,-0.05444348545125557,FALSE,TRUE
BTLA,ENSG00000186265.10,20,0,0,-0.08569383839407849,0.05146731391219329,-0.09372530497838956,FALSE,TRUE
BTN2A2,ENSG00000124508.17,20,0,0,-0.09149861766345413,0.05560154083729228,-0.08625722073384487,FALSE,TRUE
BTN3A1,ENSG00000026950.17,20,0,0,-0.08367372733739675,0.04825688528493105,-0.06895303000681638,FALSE,TRUE
BTN3A2,ENSG00000186470.14,20,0,0,-0.12058417555565648,0.04419934568870114,-0.12005286354520624,FALSE,TRUE
BTN3A3,ENSG00000111801.16,20,0,0,-0.15258192626452066,0.04028661998990693,-0.14455668010508496,FALSE,TRUE
BTNL8,ENSG00000113303.12,20,0,0,-0.10892182221642761,0.07087109015675012,-0.10333419005332832,FALSE,TRUE
BTNL9,ENSG00000165810.17,20,0,0,-0.15498961587841847,0.064531885402611,-0.1406202157754381,FALSE,TRUE
BUB1,ENSG00000169679.15,20,0,0,0.23050117767205258,0.07585930670586996,0.2249576775175042,FALSE,TRUE
BUB1B,ENSG00000156970.13,20,0,0,0.2797690485107889,0.08410205674669752,0.28221825848004806,FALSE,TRUE
C10orf55,ENSG00000222047.9,20,0,0,0.2038424916124773,0.05479638476214138,0.1967314132755023,FALSE,TRUE
C11orf21,ENSG00000110665.12,20,0,0,0.14164431725957974,0.0527554465208078,0.1379779279056537,FALSE,TRUE
C14orf132,ENSG00000227051.7,20,0,0,0.2105516571232665,0.04687371204713095,0.20547858682336984,FALSE,TRUE
C14orf180,ENSG00000184601.11,20,0,0,-0.11910349993106385,0.055800551581449837,-0.10732538563678454,FALSE,TRUE
C16orf54,ENSG00000185905.4,20,0,0,-0.08856090090054614,0.02625979319569438,-0.08132575305045643,FALSE,TRUE
C16orf89,ENSG00000153446.16,20,0,0,0.09995384227656028,0.08710278947599479,0.10635411536832466,FALSE,TRUE
C1QA,ENSG00000173372.17,20,0,0,0.005934123818294308,0.05009965376376448,0.00453832106490426,FALSE,TRUE
C1QB,ENSG00000173369.17,20,0,0,-0.01632250562405888,0.05365151043152427,-0.01077864190172666,FALSE,TRUE
C1QC,ENSG00000159189.12,20,0,0,-0.025196856962787326,0.05313597371205724,-0.02191204644366962,FALSE,TRUE
C1QL1,ENSG00000131094.4,20,0,0,-0.04610470401745845,0.07176452199442888,-0.02938689440061797,FALSE,TRUE
C1QTNF1,ENSG00000173918.15,20,0,0,0.26123042578044686,0.07149557829050679,0.24415455832236024,FALSE,TRUE
C1QTNF3,ENSG00000082196.21,20,0,0,0.055393204315842284,0.058111728522028686,0.04568464602587079,FALSE,TRUE
C1QTNF7,ENSG00000163145.13,20,0,0,-0.12768582849989069,0.06406808781607952,-0.1296099548325013,FALSE,TRUE
C1R,ENSG00000159403.18,20,0,0,0.24208665390358092,0.08274425225106108,0.24847542364824732,FALSE,TRUE
C1S,ENSG00000182326.15,20,0,0,0.21527436547807102,0.06364808913874276,0.2206024081917616,FALSE,TRUE
C1orf116,ENSG00000182795.13,20,0,0,-0.08667990832708652,0.04256794107817369,-0.09055611832136096,FALSE,TRUE
C1orf162,ENSG00000143110.12,20,0,0,0.04152896796522039,0.054595129962350296,0.0385953001252704,FALSE,TRUE
C1orf167,ENSG00000215910.7,20,0,0,0.052828107226628736,0.02393418042698412,0.06065942902542074,FALSE,TRUE
C1orf226,ENSG00000239887.6,20,0,0,-0.005344584014794281,0.0631536870317076,-0.01725278893117736,FALSE,TRUE
C1orf54,ENSG00000118292.9,20,0,0,0.020134133652324214,0.05850500224447288,0.03078184955215126,FALSE,TRUE
C2,ENSG00000166278.15,20,0,0,0.2075637973316721,0.04217486015849797,0.20156011013403996,FALSE,TRUE
C2CD4C,ENSG00000183186.8,20,0,0,-0.0646026375920782,0.0730006000725673,-0.0729118320249131,FALSE,TRUE
C2orf15,ENSG00000273045.7,20,0,0,-0.02750223936707214,0.06665294978075946,-0.0420037525461817,FALSE,TRUE
C3,ENSG00000125730.17,20,0,0,0.01005548322787424,0.06788219783385142,0.01467302974568438,FALSE,TRUE
C3AR1,ENSG00000171860.5,20,0,0,-0.2135860296296575,0.04983183317569889,-0.20804544659313265,FALSE,TRUE
C3orf36,ENSG00000288547.3,20,0,0,-0.21675847934365364,0.04780632592475484,-0.2047076341308472,FALSE,TRUE
C3orf52,ENSG00000114529.13,20,0,0,0.006762304634513024,0.056736901712936993,-0.00947318924013056,FALSE,FALSE
C3orf70,ENSG00000187068.3,20,0,0,-0.27253665412026146,0.05548457118876188,-0.2674069321991099,FALSE,TRUE
C4A,ENSG00000244731.8,20,0,0,-0.19624080239596797,0.060553162579304765,-0.19093886652314365,FALSE,TRUE
C4BPA,ENSG00000123838.11,20,0,0,0.18198209301376983,0.0510660656538898,0.16910626577751198,FALSE,TRUE
C5,ENSG00000106804.8,20,0,0,0.20772637659717347,0.053715959103840805,0.21199820802304992,FALSE,TRUE
C5AR1,ENSG00000197405.8,20,0,0,0.07284309107881576,0.08256881518800352,0.06601782820184995,FALSE,TRUE
C5orf46,ENSG00000178776.5,20,0,0,0.01772460091709472,0.057743304766759984,0.01453210309776118,FALSE,TRUE
C6orf141,ENSG00000197261.11,20,0,0,0.2712618623846214,0.03823149960631311,0.2689630713515484,FALSE,TRUE
C6orf52,ENSG00000137434.11,20,0,0,0.023542133056576816,0.0631800736970046,0.0380540635185374,FALSE,TRUE
C7,ENSG00000112936.19,20,0,0,0.01609088973546756,0.04212317615553526,0.02294725605269783,FALSE,TRUE
C9orf152,ENSG00000188959.9,20,0,0,0.25581566751051166,0.05743472391748897,0.25166677283237077,FALSE,TRUE
C9orf50,ENSG00000179058.7,20,0,0,0.032471686354374044,0.05318608462368475,0.03781162183377659,FALSE,TRUE
CA10,ENSG00000154975.14,20,0,0,0.016042148325165106,0.061634352282707035,0.00321196302407405,FALSE,TRUE
CA2,ENSG00000104267.10,20,0,0,-0.2745682995438526,0.03050485210029097,-0.2739416089132384,FALSE,TRUE
CA4,ENSG00000167434.10,20,0,0,-0.25322986699847,0.039660607312004215,-0.2484570199510412,FALSE,TRUE
CA8,ENSG00000178538.10,20,0,0,-0.22215236386677226,0.07229992544301056,-0.22379343091984305,FALSE,TRUE
CA9,ENSG00000107159.13,20,0,0,-0.18900684981623136,0.07683510850424596,-0.17407903692987683,FALSE,TRUE
CABYR,ENSG00000154040.21,20,0,0,0.2779097367560437,0.032659896686992984,0.2560373429456304,FALSE,TRUE
CACNA1S,ENSG00000081248.11,20,0,0,-0.0733837010979895,0.07728388714627395,-0.08646218380428539,FALSE,TRUE
CACNA2D2,ENSG00000007402.12,20,0,0,0.14238177632866605,0.051196263465383696,0.12516197217625144,FALSE,TRUE
CACNA2D3,ENSG00000157445.15,20,0,0,0.07388650011887232,0.07123612293540627,0.05984228154965623,FALSE,TRUE
CACNA2D4,ENSG00000151062.15,20,0,0,0.1061275120619202,0.051113830068339666,0.11751825222220816,FALSE,TRUE
CACNB4,ENSG00000182389.20,20,0,0,0.2795821879250957,0.06808069924689902,0.25687946521173816,FALSE,TRUE
CADM1,ENSG00000182985.18,20,0,0,-0.12768233287991437,0.03425834755655412,-0.15201527041335622,FALSE,TRUE
CADM2,ENSG00000175161.14,20,0,0,0.10441250778219076,0.0319958624150353,0.09758331542555096,FALSE,TRUE
CADM3,ENSG00000162706.13,20,0,0,0.20421940941989297,0.04458402492920996,0.18715455964890856,FALSE,TRUE
CADM4,ENSG00000105767.3,20,0,0,0.21867905708199337,0.04126506328320187,0.20024919738470445,FALSE,TRUE
CALB1,ENSG00000104327.7,20,0,0,0.1038664362155518,0.05170132077656023,0.07558163768569931,FALSE,TRUE
CALCA,ENSG00000110680.13,20,0,0,0.10043242293981623,0.02864589189071548,0.10064138667327636,FALSE,TRUE
CALCR,ENSG00000004948.16,20,0,0,-0.02227270801370075,0.057578345474012076,-0.01390352979883357,FALSE,TRUE
CALML3,ENSG00000178363.5,20,0,0,0.023706538065701915,0.0323078985190431,0.0047863251156387,FALSE,TRUE
CALY,ENSG00000130643.9,20,0,0,0.12486199722202053,0.046434954204560674,0.12324484840037696,FALSE,TRUE
CAMK1D,ENSG00000183049.13,20,0,0,-0.07257712756035184,0.08028967978923744,-0.06833952615795348,FALSE,TRUE
CAMK2A,ENSG00000070808.16,20,0,0,0.30954554945088103,0.06027941235476558,0.29604520409125834,FALSE,TRUE
CAMKK1,ENSG00000004660.15,20,0,0,0.13393222642503766,0.06385667086351293,0.13450591428884087,FALSE,TRUE
CAND2,ENSG00000144712.12,20,0,0,0.08067882642953869,0.07630170802780194,0.0740924656108523,FALSE,TRUE
CAPN11,ENSG00000137225.13,20,0,0,0.09592336072248712,0.02582200837880734,0.09929769787883444,FALSE,TRUE
CAPN12,ENSG00000182472.9,20,0,0,-0.012015486386214634,0.08896334858085189,0.00175841296389709,FALSE,FALSE
CAPN5,ENSG00000149260.18,20,0,0,0.015119501856830019,0.03404162898777133,0.00231148352545288,FALSE,TRUE
CAPN6,ENSG00000077274.9,20,0,0,-0.06957319032969805,0.0763594501904995,-0.06864539248696326,FALSE,TRUE
CAPN8,ENSG00000203697.12,20,0,0,0.2845713277282429,0.03451835582306251,0.2844712416454554,FALSE,TRUE
CAPSL,ENSG00000152611.12,20,0,0,0.05564727074441793,0.03874743854038942,0.0501743914868732,FALSE,TRUE
CAPZA3,ENSG00000177938.5,20,0,0,0.09994555511529535,0.024613628664362452,0.09138682814245104,FALSE,TRUE
CARD11,ENSG00000198286.10,20,0,0,0.09123683490730099,0.050013885932008714,0.11189623156062302,FALSE,TRUE
CARD14,ENSG00000141527.18,20,0,0,0.2776832941217554,0.07634311434033525,0.28829789040114545,FALSE,TRUE
CARD16,ENSG00000204397.8,20,0,0,-0.014971754263347885,0.03728182725793962,-0.00819057751273527,FALSE,TRUE
CASC2,ENSG00000177640.16,20,0,0,-0.19246241282836757,0.0679090607741378,-0.20562468578006984,FALSE,TRUE
CASP1,ENSG00000137752.24,20,0,0,-0.07291820719631267,0.03193431219506562,-0.07482373676222663,FALSE,TRUE
CASP12,ENSG00000204403.9,20,0,0,-0.1643607008659453,0.06712951821990806,-0.1536967002495031,FALSE,TRUE
CASP4,ENSG00000196954.14,20,0,0,0.19056960794316774,0.04403719508734125,0.19532601016523943,FALSE,TRUE
CASP5,ENSG00000137757.11,20,0,0,0.1566236779949031,0.06357552448415808,0.15068339843426043,FALSE,TRUE
CASR,ENSG00000036828.17,20,0,0,-0.16759052224006954,0.06674336036156409,-0.14275248816304165,FALSE,TRUE
CASS4,ENSG00000087589.16,20,0,0,-0.0703702160507892,0.06035289414637683,-0.06947528627968189,FALSE,TRUE
CASZ1,ENSG00000130940.15,20,0,0,0.1464964183405109,0.046528243244336964,0.1265751605174247,FALSE,TRUE
CATSPER1,ENSG00000175294.6,20,0,0,0.2648689649567554,0.0673416655976094,0.26621002122802634,FALSE,TRUE
CATSPER3,ENSG00000152705.8,20,0,0,-0.08034605023246288,0.054415305115867285,-0.0851031261899484,FALSE,TRUE
CAV1,ENSG00000105974.13,20,0,0,-0.05872105009710822,0.08958462769104036,-0.05338779029565126,FALSE,TRUE
CAV2,ENSG00000105971.15,20,0,0,-0.19324413780910515,0.03283516966917757,-0.17557201906150202,FALSE,TRUE
CBLC,ENSG00000142273.13,20,0,0,0.050857385435226915,0.0322379897126233,0.03693894590497807,FALSE,TRUE
CBLN2,ENSG00000141668.10,20,0,0,-0.07152841844637886,0.05067001354883404,-0.0672093113597282,FALSE,TRUE
CBLN3,ENSG00000139899.11,20,0,0,0.10266792991585244,0.06704492978546782,0.10821339832777042,FALSE,TRUE
CBLN4,ENSG00000054803.4,20,0,0,-0.029236246504930983,0.08826883186960267,-0.02152721357463086,FALSE,TRUE
CBR3,ENSG00000159231.6,20,0,0,0.10893235765843473,0.05497096982102363,0.10439999888734816,FALSE,TRUE
CBS,ENSG00000160200.18,20,0,0,0.2987041033017588,0.04532177327961112,0.2853233305533744,FALSE,TRUE
CC2D2B,ENSG00000188649.15,20,0,0,0.24866069036882565,0.06451656947441015,0.2568578602182459,FALSE,TRUE
CCBE1,ENSG00000183287.14,20,0,0,0.14955007185910862,0.04905176157488407,0.13469323117154067,FALSE,TRUE
CCDC102B,ENSG00000150636.17,20,0,0,0.11883241394332192,0.04111082853342614,0.11610266147939025,FALSE,TRUE
CCDC127,ENSG00000164366.4,20,0,0,-0.17323004116832527,0.07204675491805237,-0.14350157612640707,FALSE,TRUE
CCDC13,ENSG00000244607.7,20,0,0,0.11747583629170283,0.10223401057257032,0.11721968801911216,FALSE,TRUE
CCDC141,ENSG00000163492.15,20,0,0,-0.16789668794263177,0.05693250431073307,-0.170821120133777,FALSE,TRUE
CCDC142,ENSG00000135637.14,20,0,0,0.25027928583603265,0.06469683115103561,0.2503413192740498,FALSE,TRUE
CCDC144A,ENSG00000170160.17,20,0,0,0.13871498295250745,0.06951473747436662,0.12108273023458792,FALSE,TRUE
CCDC7,ENSG00000216937.13,20,0,0,0.24674357577292982,0.07726697454153719,0.20296881295761193,FALSE,TRUE
CCDC74A,ENSG00000163040.15,20,0,0,0.20717964870859665,0.07013828007372999,0.22176068723095868,FALSE,TRUE
CCDC8,ENSG00000169515.8,20,0,0,-0.09800166196561647,0.046180244159331627,-0.09242621638448686,FALSE,TRUE
CCDC81,ENSG00000149201.10,20,0,0,0.022960475215468124,0.04373410039268782,0.02494766958889132,FALSE,TRUE
CCDC85B,ENSG00000175602.4,20,0,0,0.1832980146829311,0.07982795093093126,0.18529843540865143,FALSE,TRUE
CCDC88A,ENSG00000115355.17,20,0,0,0.15733739901225802,0.07419748840002593,0.15414522395035998,FALSE,TRUE
CCDC88B,ENSG00000168071.22,20,0,0,0.21750462515456076,0.04705934004343071,0.2130670160943776,FALSE,TRUE
CCL11,ENSG00000172156.4,20,0,0,0.1781788253814066,0.05542257616529228,0.18051135076483987,FALSE,TRUE
CCL18,ENSG00000275385.2,20,0,0,0.03365341922083283,0.05182202996859859,0.00558867754527371,FALSE,TRUE
CCL20,ENSG00000115009.13,20,0,0,-0.047932535225481875,0.04999312974385193,-0.0508446908609515,FALSE,TRUE
CCL22,ENSG00000102962.5,20,0,0,-0.2241043067187905,0.04692452058874283,-0.2326244225566385,FALSE,TRUE
CCL23,ENSG00000274736.5,20,0,0,0.0865361460000392,0.042438867473749045,0.08322967350911366,FALSE,TRUE
CCL28,ENSG00000151882.11,20,0,0,-0.20058000589405425,0.042034220448072535,-0.20325467436133549,FALSE,TRUE
CCL3,ENSG00000277632.2,20,0,0,0.003399064721024237,0.045791084040906274,0.00715311425316493,FALSE,TRUE
CCL4,ENSG00000275302.2,20,0,0,-0.003917709472105938,0.05538932364525023,-0.00557795852972275,FALSE,TRUE
CCL5,ENSG00000271503.6,20,0,0,-0.010011029803894334,0.04024666286117576,0.00734494876002261,FALSE,FALSE
CCM2,ENSG00000136280.17,20,0,0,0.18939938735637973,0.0713768918404123,0.18466647760616703,FALSE,TRUE
CCNA2,ENSG00000145386.11,20,0,0,0.2681463200109826,0.0692141425247621,0.2666464340886822,FALSE,TRUE
CCND1,ENSG00000110092.4,20,0,0,-0.22102097121329445,0.06791277523867068,-0.21953373497443857,FALSE,TRUE
CCND2,ENSG00000118971.9,20,0,0,0.10777250781985859,0.08554154701593614,0.09524330779180729,FALSE,TRUE
CCNE2,ENSG00000175305.17,20,0,0,0.28492285318029564,0.053695943246494515,0.2580054702602814,FALSE,TRUE
CCNO,ENSG00000152669.9,20,0,0,0.25131935748882095,0.061545061297369696,0.22594958445983088,FALSE,TRUE
CCR1,ENSG00000163823.4,20,0,0,-0.016563630020135924,0.07046028517859484,-0.03200977125141274,FALSE,TRUE
CCR10,ENSG00000184451.5,20,0,0,0.2643556063964814,0.0679583609677043,0.25363710691479485,FALSE,TRUE
CCR2,ENSG00000121807.6,20,0,0,-0.2168177819080265,0.02014808438095797,-0.21648106694074665,FALSE,TRUE
CCR5,ENSG00000160791.13,20,0,0,-0.10681386986039837,0.0439659860733506,-0.10287107434395426,FALSE,TRUE
CCR6,ENSG00000112486.17,20,0,0,-0.2170171618693513,0.04370950456117201,-0.22177228953846911,FALSE,TRUE
CCR7,ENSG00000126353.3,20,0,0,0.010419976679571926,0.07316652287250631,6.794752795525797e-4,FALSE,TRUE
CCR9,ENSG00000173585.16,20,0,0,0.08383255768361206,0.04696829652894857,0.0702583919384889,FALSE,TRUE
CCRL2,ENSG00000121797.10,20,0,0,-0.0966232468447327,0.06764711125103243,-0.09415064703167111,FALSE,TRUE
CD109,ENSG00000156535.15,20,0,0,-0.20778427153736762,0.04333106163132158,-0.19769214719630568,FALSE,TRUE
CD14,ENSG00000170458.14,20,0,0,0.10740325721451041,0.06837631318788712,0.10468941351657894,FALSE,TRUE
CD160,ENSG00000117281.16,20,0,0,0.08975762019689956,0.03266730296805337,0.08246810421328046,FALSE,TRUE
CD163,ENSG00000177575.13,20,0,0,-0.020383640671604936,0.059967995489278544,-0.02766772177568881,FALSE,TRUE
CD163L1,ENSG00000177675.9,20,0,0,0.10452586050968916,0.03307904608762867,0.10874524690055463,FALSE,TRUE
CD180,ENSG00000134061.5,20,0,0,-0.17452212395181937,0.05042066453013763,-0.18123297491886936,FALSE,TRUE
CD1D,ENSG00000158473.8,20,0,0,-0.09753386126728807,0.06411496042703557,-0.07687247118571965,FALSE,TRUE
CD2,ENSG00000116824.5,20,0,0,-0.10587889226334282,0.04914686663586301,-0.0955105321136912,FALSE,TRUE
CD200,ENSG00000091972.18,20,0,0,-0.23366324684665102,0.07563880546123417,-0.2130898056547469,FALSE,TRUE
CD200R1,ENSG00000163606.11,20,0,0,-0.060793039888371515,0.04986070997379288,-0.05879553733888677,FALSE,TRUE
CD207,ENSG00000116031.9,20,0,0,-0.18592071475087982,0.07646272432302231,-0.1976520140051136,FALSE,TRUE
CD244,ENSG00000122223.13,20,0,0,-0.08933912052744342,0.042810623837232026,-0.07735900998134215,FALSE,TRUE
CD247,ENSG00000198821.11,20,0,0,-0.08662797421782568,0.033725286123447315,-0.0732763545093546,FALSE,TRUE
CD248,ENSG00000174807.4,20,0,0,0.14417207476855154,0.0563885243886096,0.15726178296032925,FALSE,TRUE
CD27,ENSG00000139193.4,20,0,0,-0.07316452593575962,0.06232235220266579,-0.06638210781652575,FALSE,TRUE
CD276,ENSG00000103855.18,20,0,0,0.17088022564098543,0.07024904502086243,0.183345728492329,FALSE,TRUE
CD28,ENSG00000178562.18,20,0,0,0.0125601211455206,0.03540599580470996,0.00828878718884628,FALSE,TRUE
CD300A,ENSG00000167851.15,20,0,0,0.044375278436363144,0.05106919678635014,0.04378891274665007,FALSE,TRUE
CD300C,ENSG00000167850.4,20,0,0,-0.015570245543969899,0.033480784739191846,-0.01416998452907767,FALSE,TRUE
CD300LF,ENSG00000186074.19,20,0,0,-0.06131698171145532,0.06953588173196096,-0.07023208574319281,FALSE,TRUE
CD33,ENSG00000105383.15,20,0,0,0.01130197032919122,0.05813947019649972,0.00710332259837589,FALSE,TRUE
CD36,ENSG00000135218.19,20,0,0,-0.24231611292243166,0.06832692328527165,-0.2251187534978887,FALSE,TRUE
CD37,ENSG00000104894.12,20,0,0,-5.623041671086219e-4,0.07299219111060501,0.00768273879048656,FALSE,FALSE
CD38,ENSG00000004468.13,20,0,0,-0.005694591516247826,0.051840710555289805,-0.00658233044471003,FALSE,TRUE
CD3D,ENSG00000167286.10,20,0,0,-0.08689057341863524,0.049679737822202856,-0.07508220608636436,FALSE,TRUE
CD3E,ENSG00000198851.10,20,0,0,-0.08474509754957094,0.05687875227932877,-0.06767927202250822,FALSE,TRUE
CD3G,ENSG00000160654.11,20,0,0,-0.15085857808441205,0.049458749043062494,-0.1431993229256729,FALSE,TRUE
CD4,ENSG00000010610.10,20,0,0,-0.06298685253008662,0.049419260523440006,-0.05374109832148904,FALSE,TRUE
CD40,ENSG00000101017.14,20,0,0,-0.04300242199847743,0.03212014859326148,-0.03470463500515981,FALSE,TRUE
CD40LG,ENSG00000102245.8,20,0,0,-0.17582196693625152,0.052020455175673386,-0.15423797278305906,FALSE,TRUE
CD44,ENSG00000026508.20,20,0,0,0.26089026710994256,0.08236168482316422,0.24575582881341393,FALSE,TRUE
CD48,ENSG00000117091.10,20,0,0,-0.19758268975101997,0.04796543786693638,-0.18684258700202908,FALSE,TRUE
CD5,ENSG00000110448.11,20,0,0,-0.11124959485026095,0.06135302615226593,-0.10163791140249914,FALSE,TRUE
CD52,ENSG00000169442.9,20,0,0,-0.006963868583951996,0.05826164053429179,-0.00817800529915263,FALSE,TRUE
CD53,ENSG00000143119.14,20,0,0,-0.10888162304713696,0.06016798361813072,-0.1075791281506592,FALSE,TRUE
CD6,ENSG00000013725.14,20,0,0,-0.044665533854810625,0.05192747267012402,-0.03615127217298227,FALSE,TRUE
CD68,ENSG00000129226.14,20,0,0,0.10767149403869,0.05438448872220156,0.09688342989249438,FALSE,TRUE
CD69,ENSG00000110848.8,20,0,0,-0.05277147806764071,0.051811283933680334,-0.04893697296032343,FALSE,TRUE
CD7,ENSG00000173762.8,20,0,0,0.1454086878225096,0.044180089324647315,0.1492561567881129,FALSE,TRUE
CD70,ENSG00000125726.11,20,0,0,-0.19357062260261432,0.0568825835055117,-0.1616969274196331,FALSE,TRUE
CD72,ENSG00000137101.13,20,0,0,0.10587506447072004,0.06008427300286179,0.109335824923173,FALSE,TRUE
CD74,ENSG00000019582.15,20,0,0,-0.1622878956329208,0.02154394477156374,-0.15960243576048383,FALSE,TRUE
CD79A,ENSG00000105369.10,20,0,0,0.02362047659164144,0.07285149710552974,0.02149012746781278,FALSE,TRUE
CD80,ENSG00000121594.12,20,0,0,0.10092668014351791,0.05378686006101602,0.08979372442541995,FALSE,TRUE
CD84,ENSG00000066294.15,20,0,0,-0.10912358608560949,0.05147358885886866,-0.11729725095430282,FALSE,TRUE
CD86,ENSG00000114013.16,20,0,0,-0.06563572259362122,0.0722220789521244,-0.07913647813285687,FALSE,TRUE
CD8A,ENSG00000153563.16,20,0,0,-0.0941793373101428,0.04940122245969039,-0.08388184367337055,FALSE,TRUE
CD8B,ENSG00000172116.23,20,0,0,-0.09966147065002587,0.05682151584041158,-0.09535654312070564,FALSE,TRUE
CD93,ENSG00000125810.10,20,0,0,-0.25944058058907493,0.08324519467843852,-0.2529691235541832,FALSE,TRUE
CD96,ENSG00000153283.13,20,0,0,-0.09515794025305127,0.055005776421826136,-0.09195599780683872,FALSE,TRUE
CD99,ENSG00000002586.20,20,0,0,0.1345971119417608,0.07204621900694225,0.13016187179695196,FALSE,TRUE
CDC20B,ENSG00000164287.13,20,0,0,0.022747754843861007,0.07220392964069214,0.0425855804396769,FALSE,TRUE
CDC25C,ENSG00000158402.20,20,0,0,0.2388829772779009,0.06276568563059282,0.2371390119649837,FALSE,TRUE
CDC6,ENSG00000094804.12,20,0,0,0.19068166159411004,0.07177511416546775,0.20132866949661848,FALSE,TRUE
CDCA2,ENSG00000184661.14,20,0,0,-0.1859628959076861,0.05455952757995283,-0.17962618584008447,FALSE,TRUE
CDCA5,ENSG00000146670.10,20,0,0,0.1976851684369332,0.07990044849527994,0.20320997487499376,FALSE,TRUE
CDCA7L,ENSG00000164649.20,20,0,0,-0.023855686164659134,0.050444319166438906,-0.01850367013317126,FALSE,TRUE
CDCA8,ENSG00000134690.11,20,0,0,0.2767965099298091,0.049991820802936626,0.2814239784884696,FALSE,TRUE
CDH1,ENSG00000039068.19,20,0,0,-0.2065134042990152,0.0457908819658025,-0.21906793264601301,FALSE,TRUE
CDH10,ENSG00000040731.10,20,0,0,0.23541016485122812,0.0510721036619865,0.22959307799531747,FALSE,TRUE
CDH16,ENSG00000166589.13,20,0,0,-0.2796145707990393,0.03776388165427347,-0.2888951162903181,FALSE,TRUE
CDH18,ENSG00000145526.12,20,0,0,0.26673874036870215,0.04508353517261596,0.26683537753214637,FALSE,TRUE
CDH19,ENSG00000071991.9,20,0,0,-0.01952849694104481,0.03527882701624816,-0.00929399994476458,FALSE,TRUE
CDH2,ENSG00000170558.10,20,0,0,-0.12893690943384944,0.05371632362851038,-0.1260986691078121,FALSE,TRUE
CDH24,ENSG00000139880.19,20,0,0,0.2683280489557721,0.06518494458093571,0.26220010872746,FALSE,TRUE
CDH26,ENSG00000124215.17,20,0,0,0.21791486768945773,0.03990376852838906,0.21692721190597064,FALSE,TRUE
CDH3,ENSG00000062038.14,20,0,0,0.13745284027494553,0.04596635073278767,0.12423690022849172,FALSE,TRUE
CDH4,ENSG00000179242.16,20,0,0,0.016174859272343772,0.06115462938237498,3.342592796254479e-4,FALSE,TRUE
CDH5,ENSG00000179776.19,20,0,0,-0.3214272368370709,0.05785659586987041,-0.29615639989564796,FALSE,TRUE
CDH6,ENSG00000113361.13,20,0,0,-0.2325542854725171,0.028845448735715956,-0.2387612796461131,FALSE,TRUE
CDH8,ENSG00000150394.14,20,0,0,-0.11741460025345968,0.0758065897281732,-0.10984890748586948,FALSE,TRUE
CDH9,ENSG00000113100.10,20,0,0,0.001506447628313944,0.08465871612672202,-0.02351586071583886,FALSE,FALSE
CDK5R1,ENSG00000176749.9,20,0,0,0.1828440419649359,0.07826114256746103,0.1787564073666831,FALSE,TRUE
CDKL1,ENSG00000100490.9,20,0,0,-0.3007512318440816,0.0631496930591553,-0.2857804647961607,FALSE,TRUE
CDKN1C,ENSG00000129757.14,20,0,0,-0.02786732351292482,0.06319305058249952,-0.03751987403554434,FALSE,TRUE
CDKN2A,ENSG00000147889.18,20,0,0,0.14701060979895342,0.05223553420015259,0.14855675844640295,FALSE,TRUE
CDKN2B,ENSG00000147883.12,20,0,0,-0.17983615013896,0.07284675762977191,-0.1586160793427274,FALSE,TRUE
CDKN2C,ENSG00000123080.12,20,0,0,0.07251717430612478,0.05750666285214393,0.10258987300539858,FALSE,TRUE
CDKN3,ENSG00000100526.20,20,0,0,0.31192301165314307,0.04302689150793859,0.30035466697317426,FALSE,TRUE
CDO1,ENSG00000129596.5,20,0,0,-0.04603808605089219,0.04608478641511213,-0.04398778304295227,FALSE,TRUE
CDON,ENSG00000064309.14,20,0,0,-0.11635508045946613,0.07802013352529732,-0.102881336311579,FALSE,TRUE
CDT1,ENSG00000167513.9,20,0,0,0.1632001647577348,0.05411200939915631,0.16594854422235938,FALSE,TRUE
CEACAM21,ENSG00000007129.18,20,0,0,0.04906105483554531,0.0615298508655156,0.05377624504280894,FALSE,TRUE
CEACAM3,ENSG00000170956.17,20,0,0,0.10479747244628336,0.03896830552130265,0.0966956878891063,FALSE,TRUE
CEBPA,ENSG00000245848.3,20,0,0,-0.13211521305839136,0.04279678455402036,-0.12974549678099676,FALSE,TRUE
CEBPB,ENSG00000172216.6,20,0,0,0.23618516827513109,0.04734358627793847,0.22258315246745983,FALSE,TRUE
CECR2,ENSG00000099954.18,20,0,0,0.2558615735635532,0.04070196009990587,0.24016847605605648,FALSE,TRUE
CELP,ENSG00000170827.9,20,0,0,0.16175887949359652,0.10405868570372978,0.16424455726343148,FALSE,TRUE
CELSR3,ENSG00000008300.17,20,0,0,0.2896887413430743,0.03798523537248294,0.28844371759521453,FALSE,TRUE
CENPE,ENSG00000138778.13,20,0,0,0.23130311158999828,0.06574024787489743,0.2307238032846453,FALSE,TRUE
CENPH,ENSG00000153044.10,20,0,0,0.1502522705520387,0.0656876148880747,0.14892426061318537,FALSE,TRUE
CENPI,ENSG00000102384.13,20,0,0,0.25096596577880426,0.06588856629222664,0.2468110743463833,FALSE,TRUE
CENPK,ENSG00000123219.13,20,0,0,0.20553745752928682,0.07046931525109362,0.19205215224034872,FALSE,TRUE
CENPM,ENSG00000100162.15,20,0,0,0.23656981538083574,0.07675851657657748,0.2328455993683423,FALSE,TRUE
CER1,ENSG00000147869.5,20,0,0,-0.07442551148820828,0.06913458431846337,-0.06416721229488626,FALSE,TRUE
CES3,ENSG00000172828.13,20,0,0,-0.14474310147859193,0.04961397966224765,-0.1412295007824205,FALSE,TRUE
CETP,ENSG00000087237.12,20,0,0,-0.20373648353572824,0.06499334414075528,-0.1944286254505424,FALSE,TRUE
CFB,ENSG00000243649.9,20,0,0,0.028318742584264485,0.046225095863678116,0.0228718881629193,FALSE,TRUE
CFD,ENSG00000197766.8,20,0,0,0.0653500091897175,0.07910599153444692,0.06329418479219434,FALSE,TRUE
CFP,ENSG00000126759.14,20,0,0,0.08387648304131937,0.06476538031069724,0.08867434960889847,FALSE,TRUE
CGA,ENSG00000135346.9,20,0,0,0.10093758384168389,0.05639566709756702,0.09882045479415644,FALSE,TRUE
CGN,ENSG00000143375.15,20,0,0,-0.30655267080410653,0.06408239559567375,-0.322926954918415,FALSE,TRUE
CGNL1,ENSG00000128849.11,20,0,0,-0.18718758918511832,0.05219293256427687,-0.2006863118622229,FALSE,TRUE
CGREF1,ENSG00000138028.16,20,0,0,-0.26617208896348576,0.06257186762720063,-0.255356321527842,FALSE,TRUE
CHAC1,ENSG00000128965.13,20,0,0,0.27376229596565127,0.0542128238625339,0.2662594301842266,FALSE,TRUE
CHD3,ENSG00000170004.17,20,0,0,0.2820654788651743,0.05072557203044692,0.26597897180422714,FALSE,TRUE
CHD5,ENSG00000116254.18,20,0,0,0.17243953079168894,0.06729696367239899,0.17604725128735152,FALSE,TRUE
CHGA,ENSG00000100604.13,20,0,0,0.26685291087814444,0.023824067652001568,0.24135341858672915,FALSE,TRUE
CHGB,ENSG00000089199.10,20,0,0,0.05946694061796308,0.05229965238615777,0.06114783303062002,FALSE,TRUE
CHI3L2,ENSG00000064886.14,20,0,0,0.1907144245393,0.062427466604204285,0.17191456622420023,FALSE,TRUE
CHIT1,ENSG00000133063.16,20,0,0,-0.08806016722991668,0.05470357368964969,-0.1077841024041851,FALSE,TRUE
CHL1,ENSG00000134121.10,20,0,0,-0.11534631187782497,0.05293277832806839,-0.11374475675978302,FALSE,TRUE
CHN2,ENSG00000106069.23,20,0,0,0.24255021170395535,0.09627757427300043,0.21529887613532123,FALSE,TRUE
CHODL,ENSG00000154645.14,20,0,0,-0.2300822519513783,0.061363557604893176,-0.25141560060607737,FALSE,TRUE
CHP2,ENSG00000166869.3,20,0,0,0.1618192181417304,0.04655126678224844,0.15430066915652307,FALSE,TRUE
CHRDL1,ENSG00000101938.15,20,0,0,0.19797130768017823,0.055145697619551265,0.18817763717608085,FALSE,TRUE
CHRM1,ENSG00000168539.4,20,0,0,0.06687481884035452,0.07230728362579449,0.06571558887069817,FALSE,TRUE
CHRNA1,ENSG00000138435.16,20,0,0,0.006311730035046553,0.06379701664084875,-0.01803580283254148,FALSE,FALSE
CHRNA4,ENSG00000101204.18,20,0,0,0.008649641450394702,0.04625552574729707,0.00727163046531271,FALSE,TRUE
CHST1,ENSG00000175264.8,20,0,0,0.07593600665880967,0.050002147272261356,0.08120431079945731,FALSE,TRUE
CHST11,ENSG00000171310.11,20,0,0,0.144151557630884,0.10959253120992749,0.15023475194391842,FALSE,TRUE
CHST13,ENSG00000180767.10,20,0,0,-0.19605753471076462,0.04846412441621162,-0.18426620335481572,FALSE,TRUE
CHST15,ENSG00000182022.18,20,0,0,0.07180451316763897,0.11956385458503879,0.0465720666630228,FALSE,TRUE
CHST6,ENSG00000183196.10,20,0,0,0.28843193876705997,0.053658154375173656,0.27792267092483486,FALSE,TRUE
CHST9,ENSG00000154080.14,20,0,0,-0.257192383197421,0.05152302803236222,-0.2617840671309859,FALSE,TRUE
CHSY3,ENSG00000198108.4,20,0,0,0.009708549598487583,0.07086798892496213,-6.115933746571016e-4,FALSE,FALSE
CIB4,ENSG00000157884.11,20,0,0,0.038514678241402894,0.05247254541270738,0.04169034338700192,FALSE,TRUE
CIITA,ENSG00000179583.19,20,0,0,0.019068158431638067,0.06471249170855008,0.0174941104396342,FALSE,TRUE
CILP,ENSG00000138615.6,20,0,0,0.28274341865963337,0.045433219062034125,0.2776506377843073,FALSE,TRUE
CITED4,ENSG00000179862.7,20,0,0,-0.10329876102392753,0.040625563515401406,-0.08709950737360951,FALSE,TRUE
CKAP2L,ENSG00000169607.13,20,0,0,0.2368628341664481,0.05765704759484311,0.22839836566159857,FALSE,TRUE
CKLF,ENSG00000217555.13,20,0,0,0.18653462020653927,0.06980741127412438,0.17379342609518636,FALSE,TRUE
CKM,ENSG00000104879.5,20,0,0,0.16664484195551005,0.030510877804564074,0.16304226056089702,FALSE,TRUE
CLCN1,ENSG00000188037.12,20,0,0,0.010952444650353227,0.03532441114307053,0.01556775719511931,FALSE,TRUE
CLCNKA,ENSG00000186510.12,20,0,0,0.2555720096082439,0.043090063558264,0.250553726553305,FALSE,TRUE
CLCNKB,ENSG00000184908.18,20,0,0,0.030482142748137698,0.051885345756067444,0.00714701968652264,FALSE,TRUE
CLDN11,ENSG00000013297.12,20,0,0,0.18650437819113475,0.029024525400266454,0.18870028913257103,FALSE,TRUE
CLDN16,ENSG00000113946.4,20,0,0,0.08300548532497973,0.06375842513453442,0.06662368959454239,FALSE,TRUE
CLDN19,ENSG00000164007.11,20,0,0,-0.14578530761747371,0.058550482605306695,-0.13545673512513015,FALSE,TRUE
CLDN7,ENSG00000181885.18,20,0,0,-0.11594988760242772,0.057832579832557116,-0.11837849671184206,FALSE,TRUE
CLDN8,ENSG00000156284.6,20,0,0,-0.030614497512725575,0.042080893243652134,-0.03820562118656319,FALSE,TRUE
CLEC12A,ENSG00000172322.14,20,0,0,-0.042970983070246355,0.03247033247671786,-0.04253866419704254,FALSE,TRUE
CLEC12B,ENSG00000256660.6,20,0,0,0.15063587563166114,0.06675905931804961,0.1637621962739357,FALSE,TRUE
CLEC1A,ENSG00000150048.10,20,0,0,-0.21763906783069775,0.057941341137602576,-0.2016665261445272,FALSE,TRUE
CLEC2B,ENSG00000110852.4,20,0,0,0.22595123479108187,0.07828456735357944,0.22098412816021343,FALSE,TRUE
CLEC2D,ENSG00000069493.15,20,0,0,0.30869038809254173,0.06509383114312495,0.3055272370103813,FALSE,TRUE
CLEC4A,ENSG00000111729.14,20,0,0,-0.18057635256152876,0.037170691852615345,-0.1850851752704196,FALSE,TRUE
CLEC4E,ENSG00000166523.8,20,0,0,-0.07663394668284432,0.05921395126702832,-0.07008053935329162,FALSE,TRUE
CLEC4F,ENSG00000152672.8,20,0,0,0.040425821791020916,0.04506042250840786,0.03994410939270603,FALSE,TRUE
CLEC4M,ENSG00000104938.18,20,0,0,0.1684490444217691,0.04437466775962537,0.1672374836448783,FALSE,TRUE
CLEC5A,ENSG00000258227.7,20,0,0,0.07232687797674785,0.07604573954772689,0.05354837005509975,FALSE,TRUE
CLEC7A,ENSG00000172243.18,20,0,0,0.02190255884280363,0.0401092214350183,0.0259572654963762,FALSE,TRUE
CLGN,ENSG00000153132.13,20,0,0,0.2109720100539202,0.08480156911974143,0.18552701282593104,FALSE,TRUE
CLIC3,ENSG00000169583.13,20,0,0,0.19458480162285563,0.03972741108106459,0.19120952520098397,FALSE,TRUE
CLK1,ENSG00000013441.16,20,0,0,0.17570723664733473,0.08860425962700919,0.1711782148210717,FALSE,TRUE
CLK4,ENSG00000113240.13,20,0,0,-0.08064410525454446,0.07341634089749444,-0.08351580427455753,FALSE,TRUE
CLMN,ENSG00000165959.12,20,0,0,-0.12361527385330096,0.07184970465081249,-0.12310530610766442,FALSE,TRUE
CLSTN2,ENSG00000158258.16,20,0,0,-0.030321814028600343,0.06354765281076226,-0.02844636108496876,FALSE,TRUE
CLUL1,ENSG00000079101.16,20,0,0,0.05881730240202972,0.09198928098955712,0.05186762082023437,FALSE,TRUE
CLVS2,ENSG00000146352.13,20,0,0,-0.25027833100568114,0.07561432625582715,-0.2306682491664906,FALSE,TRUE
CMTM3,ENSG00000140931.20,20,0,0,0.28119145741125007,0.061397886466861396,0.2815354642962663,FALSE,TRUE
CMTM4,ENSG00000183723.13,20,0,0,-0.15650961809477928,0.04963875010531671,-0.16508322431815353,FALSE,TRUE
CNDP1,ENSG00000150656.15,20,0,0,-0.19432313902788537,0.0815250551164873,-0.1826957352765379,FALSE,TRUE
CNGA1,ENSG00000198515.16,20,0,0,-0.20076638274394712,0.06910774360164526,-0.19407194006030673,FALSE,TRUE
CNKSR1,ENSG00000142675.18,20,0,0,0.21762218015389462,0.021319187365420933,0.20250933603117977,FALSE,TRUE
CNNM2,ENSG00000148842.18,20,0,0,-0.30584854343734336,0.05281863779524054,-0.3184673979633338,FALSE,TRUE
CNP,ENSG00000173786.17,20,0,0,0.13685887073260117,0.04282268380645993,0.13113330266202594,FALSE,TRUE
CNTFR,ENSG00000122756.15,20,0,0,0.14181908977572272,0.05066942711883701,0.13356768074538417,FALSE,TRUE
CNTN1,ENSG00000018236.15,20,0,0,-0.053963941980214994,0.03338212760338388,-0.04425387533316187,FALSE,TRUE
CNTN3,ENSG00000113805.8,20,0,0,0.022132434171882258,0.04522835532465447,-0.01086490478544,FALSE,FALSE
COBLL1,ENSG00000082438.17,20,0,0,-0.25423333552061256,0.05309077015744487,-0.2488048003635901,FALSE,TRUE
COCH,ENSG00000100473.18,20,0,0,0.1860337740570334,0.045335591540895004,0.1713358824412108,FALSE,TRUE
COL14A1,ENSG00000187955.12,20,0,0,-0.08517340259878185,0.05193459498086804,-0.08753415407278914,FALSE,TRUE
COL15A1,ENSG00000204291.11,20,0,0,-0.1736438932086073,0.07954456405980773,-0.15258378516694474,FALSE,TRUE
COL1A1,ENSG00000108821.14,20,0,0,0.2440810014153369,0.03779343220652642,0.2504357791052072,FALSE,TRUE
COL1A2,ENSG00000164692.18,20,0,0,0.13217110302993068,0.04207692968229393,0.13999364601323125,FALSE,TRUE
COL21A1,ENSG00000124749.17,20,0,0,-0.2108193418676627,0.04741730183017018,-0.20042714023050703,FALSE,TRUE
COL23A1,ENSG00000050767.17,20,0,0,-0.27193305955593605,0.05077175329059369,-0.2829376368192203,FALSE,TRUE
COL3A1,ENSG00000168542.16,20,0,0,0.08910866962124869,0.03879073847040097,0.09204450683450412,FALSE,TRUE
COL4A1,ENSG00000187498.16,20,0,0,-0.16342896319808703,0.0725291859588883,-0.1645556458548274,FALSE,TRUE
COL4A2,ENSG00000134871.19,20,0,0,-0.12237297195790628,0.06463036492769851,-0.12192358782739555,FALSE,TRUE
COL4A3,ENSG00000169031.20,20,0,0,-0.10117616423616094,0.04414352084007572,-0.08966543468629799,FALSE,TRUE
COL4A6,ENSG00000197565.16,20,0,0,0.15433421436070438,0.053113912563436644,0.1369906932340435,FALSE,TRUE
COL5A1,ENSG00000130635.16,20,0,0,0.2767094750026714,0.031546332986814585,0.27933803492971376,FALSE,TRUE
COL5A2,ENSG00000204262.14,20,0,0,0.1372061946631738,0.04243351502198725,0.13499731361769804,FALSE,TRUE
COL5A3,ENSG00000080573.7,20,0,0,0.2483735309605009,0.038025314707285124,0.27278003404746076,FALSE,TRUE
COL6A3,ENSG00000163359.16,20,0,0,0.22177260606472957,0.02189333893398354,0.21875810242644617,FALSE,TRUE
COL8A1,ENSG00000144810.16,20,0,0,-0.17829850345994797,0.036979378817111414,-0.1714459099520307,FALSE,TRUE
COL9A2,ENSG00000049089.15,20,0,0,0.28545737561605167,0.05484591235894959,0.27553150177158386,FALSE,TRUE
COL9A3,ENSG00000092758.18,20,0,0,0.13668989326886613,0.04464076687198537,0.14955719142933002,FALSE,TRUE
CORIN,ENSG00000145244.12,20,0,0,0.12321958826391546,0.06456231565811173,0.12525093315774935,FALSE,TRUE
CORO1A,ENSG00000102879.16,20,0,0,0.039707272798963494,0.03897852873573476,0.03796681123053202,FALSE,TRUE
CORO1C,ENSG00000110880.11,20,0,0,-0.0704174931785109,0.06954853680679476,-0.0770367498284368,FALSE,TRUE
CORO2B,ENSG00000103647.13,20,0,0,0.18781016762669195,0.044767173784062336,0.17184583306741935,FALSE,TRUE
CORO7,ENSG00000262246.6,20,0,0,0.21515334787861679,0.04968432853952448,0.2098046321956691,FALSE,TRUE
COX4I2,ENSG00000131055.5,20,0,0,-0.045966080382568095,0.05664612004576949,-0.03682778423120604,FALSE,TRUE
CP,ENSG00000047457.14,20,0,0,0.004736395228143222,0.06962448907290558,-0.00574232852188957,FALSE,FALSE
CPA1,ENSG00000091704.10,20,0,0,0.23188590924542607,0.062462531924842385,0.23603940664029088,FALSE,TRUE
CPA3,ENSG00000163751.4,20,0,0,-0.23779330620467953,0.07758893690410698,-0.2275721917500163,FALSE,TRUE
CPA4,ENSG00000128510.12,20,0,0,0.1879543596503134,0.062495918503209236,0.18031988141149696,FALSE,TRUE
CPA6,ENSG00000165078.13,20,0,0,0.07433186623612184,0.07250480961871637,0.07079266346414814,FALSE,TRUE
CPAMD8,ENSG00000160111.14,20,0,0,-0.0415703415692778,0.05246223226711444,-0.04542553895985474,FALSE,TRUE
CPB1,ENSG00000153002.12,20,0,0,0.259650930031702,0.03973982602454487,0.24692400055003064,FALSE,TRUE
CPEB3,ENSG00000107864.15,20,0,0,-0.16845692584208516,0.10651397224480294,-0.17979410399761156,FALSE,TRUE
CPLX1,ENSG00000168993.15,20,0,0,0.30024438854066954,0.05287300540449846,0.30515093143221866,FALSE,TRUE
CPN2,ENSG00000178772.7,20,0,0,0.09130786077782521,0.048719180272661394,0.06397010207564528,FALSE,TRUE
CPNE4,ENSG00000196353.11,20,0,0,0.14332675476943568,0.060136380567462136,0.12614316336170078,FALSE,TRUE
CPNE5,ENSG00000124772.12,20,0,0,0.08884528449740062,0.07635269852678149,0.0954162097751256,FALSE,TRUE
CPNE6,ENSG00000100884.9,20,0,0,-0.2328372585754834,0.1360010878588373,-0.24370370997877697,FALSE,TRUE
CR1,ENSG00000203710.12,20,0,0,0.07786358473797539,0.07595107068762857,0.0715037371129911,FALSE,TRUE
CR2,ENSG00000117322.18,20,0,0,0.06311454594945516,0.0455391162943385,0.04937924015880693,FALSE,TRUE
CRABP1,ENSG00000166426.8,20,0,0,0.1513417261985783,0.06437471063281237,0.13848886662382118,FALSE,TRUE
CRB2,ENSG00000148204.12,20,0,0,0.0648728348146775,0.047218557734489644,0.05631055816420466,FALSE,TRUE
CREB5,ENSG00000146592.17,20,0,0,-0.19499446320735325,0.05052893700059549,-0.19967212038894935,FALSE,TRUE
CREG2,ENSG00000175874.10,20,0,0,0.057824432075425536,0.05826383585301863,0.03937556514901333,FALSE,TRUE
CRHBP,ENSG00000145708.11,20,0,0,-0.28932733749222006,0.06157085754571301,-0.28536371344147665,FALSE,TRUE
CRIP1,ENSG00000213145.10,20,0,0,0.1647724248258562,0.06956420871288749,0.1767323898467736,FALSE,TRUE
CRISP2,ENSG00000124490.14,20,0,0,0.0914328693373721,0.034416268459517355,0.07684123947516969,FALSE,TRUE
CRLF2,ENSG00000205755.12,20,0,0,0.06266922056571622,0.03348467433514171,0.07299894377281192,FALSE,TRUE
CRLF3,ENSG00000176390.12,20,0,0,0.2677924507336052,0.06437917511421004,0.24112110872010137,FALSE,TRUE
CROT,ENSG00000005469.12,20,0,0,-0.24146286410585682,0.046250485266846914,-0.24361263381977413,FALSE,TRUE
CRP,ENSG00000132693.12,20,0,0,0.17143086381987507,0.028015029349974185,0.16586124685477832,FALSE,TRUE
CRTAM,ENSG00000109943.9,20,0,0,-0.0925917535590365,0.0641462020617275,-0.09715762942376868,FALSE,TRUE
CRYAA,ENSG00000160202.7,20,0,0,-0.06285267486605164,0.07163832041770375,-0.08289435228413207,FALSE,TRUE
CRYBB1,ENSG00000100122.7,20,0,0,0.09348452967618012,0.06203279047637386,0.08190555380961419,FALSE,TRUE
CRYBB2,ENSG00000244752.3,20,0,0,0.12324367478815267,0.029779483103883342,0.12194650325027856,FALSE,TRUE
CRYM,ENSG00000103316.12,20,0,0,-0.2700258453545298,0.04572446287342463,-0.27719777085912595,FALSE,TRUE
CSDC2,ENSG00000172346.15,20,0,0,-0.11742497940284317,0.02474793744497114,-0.10415922527476436,FALSE,TRUE
CSF1,ENSG00000184371.14,20,0,0,0.2627986732122533,0.06528850748000647,0.26739802952292036,FALSE,TRUE
CSF1R,ENSG00000182578.14,20,0,0,-0.024751254630882506,0.06327320135895871,-0.03055717693952512,FALSE,TRUE
CSF2RA,ENSG00000198223.17,20,0,0,-0.04794527820685805,0.05106027088254465,-0.04662008700679249,FALSE,TRUE
CSF2RB,ENSG00000100368.14,20,0,0,-0.02578635396528934,0.06354459819612669,-0.03191074080280275,FALSE,TRUE
CSF3R,ENSG00000119535.18,20,0,0,0.16564110883427946,0.039689043365615045,0.16739361870962982,FALSE,TRUE
CSMD1,ENSG00000183117.19,20,0,0,-0.0882639074218228,0.04907260141510009,-0.08495891999818059,FALSE,TRUE
CSPG4,ENSG00000173546.7,20,0,0,-0.13792757592344496,0.05704681580138832,-0.11487312558047572,FALSE,TRUE
CSRNP3,ENSG00000178662.16,20,0,0,-0.16991132885465884,0.04401596056781559,-0.1750872488310685,FALSE,TRUE
CST1,ENSG00000170373.8,20,0,0,0.20741045529899477,0.05688218679368354,0.20499457256841933,FALSE,TRUE
CST5,ENSG00000170367.5,20,0,0,0.13155933298260442,0.05947186444429363,0.10996146273587912,FALSE,TRUE
CST6,ENSG00000175315.3,20,0,0,0.12907057486677231,0.04640952273269899,0.11851664368999676,FALSE,TRUE
CST7,ENSG00000077984.6,20,0,0,-0.06647584599680269,0.0362815909530722,-0.05963609213401186,FALSE,TRUE
CST9,ENSG00000173335.5,20,0,0,0.16636210265572718,0.03479185076112759,0.1656770159175208,FALSE,TRUE
CSTA,ENSG00000121552.4,20,0,0,0.06220453842702367,0.07582182801443857,0.04924981597036761,FALSE,TRUE
CTF1,ENSG00000150281.7,20,0,0,-0.11231854893432537,0.05715584459771551,-0.10604316696931793,FALSE,TRUE
CTH,ENSG00000116761.12,20,0,0,-0.08229960979718279,0.055146646850879076,-0.07432552009187628,FALSE,TRUE
CTHRC1,ENSG00000164932.13,20,0,0,0.18451712056824676,0.05000698965578185,0.17548500260470262,FALSE,TRUE
CTLA4,ENSG00000163599.17,20,0,0,0.14364898389353342,0.0676845318833314,0.14339840598109307,FALSE,TRUE
CTNNAL1,ENSG00000119326.15,20,0,0,0.11359537318202008,0.066519902068892,0.11243556466488616,FALSE,TRUE
CTSE,ENSG00000196188.12,20,0,0,-0.20794656193995453,0.0426773445178488,-0.22032068257571072,FALSE,TRUE
CTSH,ENSG00000103811.18,20,0,0,-0.3043792782890429,0.03289734625917723,-0.29425067671061345,FALSE,TRUE
CTSS,ENSG00000163131.11,20,0,0,-0.15399378736046387,0.05434567903841875,-0.15264500590997102,FALSE,TRUE
CTSW,ENSG00000172543.8,20,0,0,-0.05799055799235245,0.04381118867785233,-0.04255949421219588,FALSE,TRUE
CTSZ,ENSG00000101160.14,20,0,0,0.07900113219122018,0.08121273608307321,0.06933920244317972,FALSE,TRUE
CTXN3,ENSG00000205279.8,20,0,0,-0.29969914515386614,0.06587814987453416,-0.27526155398980195,FALSE,TRUE
CUZD1,ENSG00000138161.14,20,0,0,0.21751445182006474,0.05348403886863229,0.22292120216138603,FALSE,TRUE
CX3CR1,ENSG00000168329.14,20,0,0,-0.22380047074046325,0.05821800878675207,-0.21305579588729057,FALSE,TRUE
CXCL1,ENSG00000163739.5,20,0,0,0.24341707758308734,0.07048936696765601,0.23551710474300272,FALSE,TRUE
CXCL10,ENSG00000169245.6,20,0,0,-0.0930132432078575,0.051450007038012405,-0.08508126987160726,FALSE,TRUE
CXCL11,ENSG00000169248.13,20,0,0,-0.08694879175741682,0.053710542618043214,-0.08503995893195665,FALSE,TRUE
CXCL12,ENSG00000107562.16,20,0,0,-0.16796800150783223,0.04959327885881121,-0.15631534509252834,FALSE,TRUE
CXCL13,ENSG00000156234.7,20,0,0,0.07261290600304963,0.05936934510261668,0.06524512908543649,FALSE,TRUE
CXCL2,ENSG00000081041.9,20,0,0,0.31530436586372845,0.04084956331112999,0.3163918739108445,FALSE,TRUE
CXCL5,ENSG00000163735.7,20,0,0,0.26631484847599507,0.0834084597640321,0.2540416433891717,FALSE,TRUE
CXCL9,ENSG00000138755.6,20,0,0,-0.09743986301227929,0.034560804857208485,-0.09903480554761931,FALSE,TRUE
CXCR3,ENSG00000186810.8,20,0,0,-0.05511499379377256,0.04230185688222276,-0.04157021338968235,FALSE,TRUE
CXCR4,ENSG00000121966.7,20,0,0,-0.006996017137584713,0.08523256526636952,0.00489113496910381,FALSE,FALSE
CXCR6,ENSG00000172215.6,20,0,0,-0.10355909673088926,0.05599122276074093,-0.09232543686920842,FALSE,TRUE
CXorf58,ENSG00000165182.12,20,0,0,0.09854643691942627,0.04280649061319765,0.0927099811660775,FALSE,TRUE
CYBA,ENSG00000051523.11,20,0,0,0.14149911996051473,0.03529167907012684,0.13587658053968116,FALSE,TRUE
CYBB,ENSG00000165168.8,20,0,0,-0.11172656419627416,0.060145279421761844,-0.1238811663620037,FALSE,TRUE
CYGB,ENSG00000161544.10,20,0,0,-0.03864238589988665,0.07975585072371645,-0.01237538707173977,FALSE,TRUE
CYP17A1,ENSG00000148795.7,20,0,0,-0.2032623985366737,0.0480379001819167,-0.20441024539443256,FALSE,TRUE
CYP1A1,ENSG00000140465.14,20,0,0,0.08847808102960847,0.03676545192481612,0.08435832478623029,FALSE,TRUE
CYP1B1,ENSG00000138061.12,20,0,0,0.04455636717369556,0.059868641837644274,0.04520586686747921,FALSE,TRUE
CYP24A1,ENSG00000019186.10,20,0,0,-0.028103140475625735,0.05688773916675527,-0.02699800829053339,FALSE,TRUE
CYP26A1,ENSG00000095596.12,20,0,0,0.21945241495043835,0.03867736306166239,0.21067088554035773,FALSE,TRUE
CYP26B1,ENSG00000003137.8,20,0,0,0.08018967186235032,0.060701267558822325,0.06914295553528978,FALSE,TRUE
CYP27B1,ENSG00000111012.10,20,0,0,0.22391019121183925,0.059000493393352754,0.21913108007814097,FALSE,TRUE
CYP2B6,ENSG00000197408.10,20,0,0,-0.013842866898229562,0.07829422384195617,-0.00282777924041118,FALSE,TRUE
CYP2J2,ENSG00000134716.11,20,0,0,-0.2310198681317484,0.06465749450921335,-0.20998170977056413,FALSE,TRUE
CYP39A1,ENSG00000146233.8,20,0,0,-0.08040921438253673,0.06069529048075379,-0.08433194071414564,FALSE,TRUE
CYP4B1,ENSG00000142973.14,20,0,0,-0.06989691957651457,0.05692184928130226,-0.08754546363667197,FALSE,TRUE
CYP4F2,ENSG00000186115.13,20,0,0,-0.08746096806584586,0.058821655274068706,-0.08591025663975496,FALSE,TRUE
CYP4F3,ENSG00000186529.16,20,0,0,0.035751023934935566,0.06654375478642202,0.02629480343897678,FALSE,TRUE
CYP8B1,ENSG00000180432.6,20,0,0,-0.27515646278593997,0.04676259835370525,-0.27802672312405635,FALSE,TRUE
CYS1,ENSG00000205795.4,20,0,0,-0.3190758681897513,0.050657680879707845,-0.3162731331841597,FALSE,TRUE
CYSLTR1,ENSG00000173198.6,20,0,0,-0.2002657245603804,0.05946104365793475,-0.18980991624745663,FALSE,TRUE
CYTH4,ENSG00000100055.21,20,0,0,0.13812871264821297,0.05637279730484773,0.12819166109667482,FALSE,TRUE
CYTIP,ENSG00000115165.10,20,0,0,-0.06360790929293844,0.04625504859849921,-0.06706116423456693,FALSE,TRUE
CYTL1,ENSG00000170891.11,20,0,0,0.20965002405131322,0.09642436586650951,0.18186516658903212,FALSE,TRUE
DACH1,ENSG00000276644.5,20,0,0,-0.18753344382641773,0.06992936199596456,-0.17841251202668548,FALSE,TRUE
DACH2,ENSG00000126733.21,20,0,0,-0.20002825661934398,0.049942545939241106,-0.20674253150135696,FALSE,TRUE
DACT2,ENSG00000164488.12,20,0,0,-0.014821490608273508,0.030536272501932575,-0.03147369749719341,FALSE,TRUE
DAG1,ENSG00000173402.12,20,0,0,-0.0031823819784132946,0.05465555387354161,-8.122275738461933e-4,FALSE,TRUE
DAND5,ENSG00000179284.5,20,0,0,0.20753664229012134,0.0362372237478393,0.2113437296066875,FALSE,TRUE
DCDC2,ENSG00000146038.12,20,0,0,-0.0781446598553659,0.04210047274775177,-0.08817410976871258,FALSE,TRUE
DCLK1,ENSG00000133083.15,20,0,0,-0.10318546096927786,0.08550145250227756,-0.10475830522092988,FALSE,TRUE
DCLK3,ENSG00000163673.7,20,0,0,-0.06036759000962299,0.06818523362486896,-0.0587072914273147,FALSE,TRUE
DCN,ENSG00000011465.18,20,0,0,0.08604531423347753,0.0482152591599659,0.09686009287961564,FALSE,TRUE
DCXR,ENSG00000169738.8,20,0,0,0.1700410955621428,0.04233053232352582,0.15763980384840096,FALSE,TRUE
DDB2,ENSG00000134574.12,20,0,0,-0.10918787819933753,0.061336186827057645,-0.09987089609536512,FALSE,TRUE
DDIT4,ENSG00000168209.5,20,0,0,-0.08007349861821396,0.07214059331342798,-0.09159749319233504,FALSE,TRUE
DDN,ENSG00000181418.8,20,0,0,0.11273140433879553,0.08947831699315693,0.09735720323057996,FALSE,TRUE
DDX25,ENSG00000109832.14,20,0,0,-0.0965220245428044,0.041026115646181305,-0.09043417205899285,FALSE,TRUE
DDX41,ENSG00000183258.12,20,0,0,0.017258430993665166,0.06932657403296477,0.00139413955077817,FALSE,TRUE
DDX43,ENSG00000080007.8,20,0,0,0.020040845079039818,0.054642052958984166,0.00676621474595839,FALSE,TRUE
DEF6,ENSG00000023892.11,20,0,0,0.17313320781925684,0.06306893668465,0.16489093082150152,FALSE,TRUE
DEFA4,ENSG00000164821.5,20,0,0,0.011746366991312398,0.04333689936898366,0.02398357992947236,FALSE,TRUE
DEFB1,ENSG00000164825.4,20,0,0,0.02558662863500631,0.044439895465205416,0.01149138027649957,FALSE,TRUE
DEGS1,ENSG00000143753.13,20,0,0,-0.07706897785993952,0.044494056004596494,-0.07417998538942765,FALSE,TRUE
DEGS2,ENSG00000168350.8,20,0,0,-0.16469763984989155,0.05853685229460817,-0.16059586589339836,FALSE,TRUE
DENND1B,ENSG00000213047.13,20,0,0,-0.10834815431233605,0.0821667984036912,-0.11864667674603704,FALSE,TRUE
DEPDC1,ENSG00000024526.17,20,0,0,0.23395347108981335,0.07615073031965039,0.23634977666305385,FALSE,TRUE
DERL3,ENSG00000099958.15,20,0,0,-0.011419229156302833,0.049331156795391726,-0.00403428682340366,FALSE,TRUE
DGCR5,ENSG00000273032.3,20,0,0,-0.1864679087624675,0.04789108804450376,-0.17896387047433665,FALSE,TRUE
DGKA,ENSG00000065357.20,20,0,0,0.29512956260215795,0.07058283709428975,0.29780466650034726,FALSE,TRUE
DGKB,ENSG00000136267.14,20,0,0,-0.3341649492866562,0.05439641928080541,-0.32915284876849005,FALSE,TRUE
DGKD,ENSG00000077044.11,20,0,0,0.17895829618780884,0.04601246035411638,0.2032847044010284,FALSE,TRUE
DGKZ,ENSG00000149091.15,20,0,0,0.09155377374590257,0.035151858886922294,0.10629979055479312,FALSE,TRUE
DHRS11,ENSG00000278535.5,20,0,0,0.17423922727545316,0.03613997911238459,0.16909259485292352,FALSE,TRUE
DHRS4,ENSG00000157326.19,20,0,0,-0.1665142793089135,0.0757562943391153,-0.1474794116055053,FALSE,TRUE
DHRS9,ENSG00000073737.17,20,0,0,-0.14328070454344827,0.05640137820618907,-0.14135218544008568,FALSE,TRUE
DIAPH2,ENSG00000147202.18,20,0,0,-0.26241870043211096,0.05233996208510608,-0.2570401120636405,FALSE,TRUE
DIO1,ENSG00000211452.11,20,0,0,0.05082377783555124,0.05524565143428606,0.03318620540122583,FALSE,TRUE
DIRAS2,ENSG00000165023.7,20,0,0,-0.28940728369478885,0.051611434600049466,-0.29161124708618774,FALSE,TRUE
DIRAS3,ENSG00000162595.7,20,0,0,0.02770599719697334,0.0647277480691983,0.01821478920196214,FALSE,TRUE
DISC1,ENSG00000162946.23,20,0,0,-0.12422607706850534,0.05854764449124292,-0.14236526124270835,FALSE,TRUE
DISP2,ENSG00000140323.6,20,0,0,0.23162384852589998,0.04928715933694644,0.22469794123908352,FALSE,TRUE
DLEU1,ENSG00000176124.15,20,0,0,-0.07436189390172965,0.058480750744643886,-0.08663644870356627,FALSE,TRUE
DLEU7,ENSG00000186047.10,20,0,0,-0.05010863786248003,0.056881518299468664,-0.05898875837185218,FALSE,TRUE
DLG2,ENSG00000150672.17,20,0,0,-0.1488037214848603,0.07290041782607085,-0.14892218944131874,FALSE,TRUE
DLGAP1,ENSG00000170579.17,20,0,0,0.13793350203294213,0.04960962842012023,0.11436815061105458,FALSE,TRUE
DLGAP2,ENSG00000198010.13,20,0,0,0.15415516245476768,0.025182803364555084,0.1432301764646848,FALSE,TRUE
DLGAP5,ENSG00000126787.13,20,0,0,0.22996039657699857,0.06168970324138881,0.22584947278364317,FALSE,TRUE
DLK1,ENSG00000185559.16,20,0,0,-0.022305175778673525,0.07766346104475819,-0.01599924864074383,FALSE,TRUE
DLK2,ENSG00000171462.15,20,0,0,0.18335690211973527,0.04497255472389866,0.18379615291090184,FALSE,TRUE
DLL4,ENSG00000128917.8,20,0,0,-0.20355632972682822,0.06520613946050632,-0.16443853512121975,FALSE,TRUE
DLX1,ENSG00000144355.15,20,0,0,0.12969321499883804,0.04728189019573767,0.16504440189273878,FALSE,TRUE
DLX3,ENSG00000064195.7,20,0,0,0.07962774205468798,0.039498901647855925,0.08120644068709672,FALSE,TRUE
DLX5,ENSG00000105880.7,20,0,0,0.18763527477897834,0.060807699659402664,0.20863674549200223,FALSE,TRUE
DLX6,ENSG00000006377.11,20,0,0,0.2686309562134489,0.034924466303897395,0.2803001968392942,FALSE,TRUE
DMBX1,ENSG00000197587.11,20,0,0,0.25681328166656225,0.05026288610705287,0.2408083860543882,FALSE,TRUE
DMRT2,ENSG00000173253.15,20,0,0,0.15167964095246073,0.050582417120552364,0.13910503217244763,FALSE,TRUE
DMRT3,ENSG00000064218.5,20,0,0,0.24098051627748063,0.04454946371745275,0.24570677763448817,FALSE,TRUE
DNAH11,ENSG00000105877.18,20,0,0,-0.024686751960140304,0.06086099272677711,-0.03167416183156226,FALSE,TRUE
DNAJB13,ENSG00000187726.9,20,0,0,0.09958110220852591,0.06892538610212982,0.09669351906261422,FALSE,TRUE
DNAJC11,ENSG00000007923.16,20,0,0,-0.17230676541541196,0.06447661177743666,-0.18233768687841936,FALSE,TRUE
DNAJC12,ENSG00000108176.15,20,0,0,0.16489089146717367,0.06403733753113705,0.15407850472223686,FALSE,TRUE
DNAJC28,ENSG00000177692.12,20,0,0,-0.04359638837659423,0.06735024687530991,-0.06548910570790814,FALSE,TRUE
DNAJC5B,ENSG00000147570.10,20,0,0,-0.08592693002221544,0.06791254482843287,-0.10555360119782926,FALSE,TRUE
DNAJC6,ENSG00000116675.16,20,0,0,-0.19032296806950888,0.060668479738809566,-0.20167175152446049,FALSE,TRUE
DNASE1,ENSG00000213918.10,20,0,0,0.27675991863668437,0.0621778042547555,0.2736584548439463,FALSE,TRUE
DNASE2B,ENSG00000137976.7,20,0,0,-0.22343771419996178,0.0651636981344959,-0.23845602083189288,FALSE,TRUE
DNER,ENSG00000187957.8,20,0,0,0.07452145596357007,0.029517275405740576,0.06594367237004373,FALSE,TRUE
DNM3,ENSG00000197959.14,20,0,0,-0.058682180270853895,0.08072610436514374,-0.07764595134595706,FALSE,TRUE
DNMBP,ENSG00000107554.17,20,0,0,-0.12448585598318765,0.06718132861057713,-0.1218406964352926,FALSE,TRUE
DNMT3L,ENSG00000142182.9,20,0,0,0.26234947868445013,0.046389238371513764,0.2545888544435959,FALSE,TRUE
DOC2A,ENSG00000149927.18,20,0,0,0.05929089346143317,0.05662368900347409,0.05955981457786708,FALSE,TRUE
DOC2B,ENSG00000272636.4,20,0,0,-0.01751855664446611,0.05097703322144851,-0.03091521760159069,FALSE,TRUE
DOCK10,ENSG00000135905.20,20,0,0,-0.06820117178710947,0.04598481073725627,-0.05670184850689167,FALSE,TRUE
DOCK2,ENSG00000134516.18,20,0,0,-0.0966625238360492,0.06230928295639192,-0.10769237803418466,FALSE,TRUE
DOCK3,ENSG00000088538.13,20,0,0,0.2883364022027264,0.06758216888182444,0.2686453427255447,FALSE,TRUE
DOCK6,ENSG00000130158.14,20,0,0,0.012190147376904492,0.05228628979101552,0.03021383304003837,FALSE,TRUE
DOCK8,ENSG00000107099.16,20,0,0,-0.28330098239625867,0.026636863342096917,-0.281017667553258,FALSE,TRUE
DOK2,ENSG00000147443.13,20,0,0,-0.016031198816551587,0.03459726809138806,-0.01030250255553974,FALSE,TRUE
DOK3,ENSG00000146094.15,20,0,0,0.2659184981474235,0.07751127363210991,0.26777773593283494,FALSE,TRUE
DOK7,ENSG00000175920.18,20,0,0,0.19528681232716613,0.03446852210069584,0.15225831421793337,FALSE,TRUE
DPEP1,ENSG00000015413.9,20,0,0,-0.14428971047215206,0.043447475253525394,-0.14748047069772574,FALSE,TRUE
DPEP2,ENSG00000167261.14,20,0,0,-0.010083082194975963,0.07964687405143252,-0.01584166673481512,FALSE,TRUE
DPP10,ENSG00000175497.17,20,0,0,0.026732965221665052,0.0351385822980627,0.00856529745060033,FALSE,TRUE
DPP9,ENSG00000142002.17,20,0,0,0.055348507812936404,0.06644362391519334,0.05720902505536134,FALSE,TRUE
DPPA2,ENSG00000163530.4,20,0,0,-0.022598206076619956,0.05032322259157197,-0.01567109410393458,FALSE,TRUE
DPT,ENSG00000143196.5,20,0,0,0.01775477830692764,0.05994906663045232,0.02773614050801999,FALSE,TRUE
DPYS,ENSG00000147647.13,20,0,0,-0.2965316263832197,0.012601296512455618,-0.2828817657961351,FALSE,TRUE
DPYSL3,ENSG00000113657.13,20,0,0,0.2584602431794683,0.05964821601469364,0.25543420277206147,FALSE,TRUE
DSCAML1,ENSG00000177103.15,20,0,0,-0.21874425161623445,0.07361818793058694,-0.2170579993057153,FALSE,TRUE
DSCC1,ENSG00000136982.6,20,0,0,0.11752284293857093,0.07854625987946179,0.10977405012447844,FALSE,TRUE
DSP,ENSG00000096696.14,20,0,0,-0.040052069489938176,0.06917106374538237,-0.05035231367120054,FALSE,TRUE
DTL,ENSG00000143476.18,20,0,0,-0.0045805955991192054,0.07224138193422674,0.00626963976505804,FALSE,FALSE
DTX1,ENSG00000135144.7,20,0,0,0.3048705659871842,0.05535565103746398,0.27995796086203045,FALSE,TRUE
DTX2,ENSG00000091073.19,20,0,0,0.28188585118966797,0.05204850694956159,0.2744713322541133,FALSE,TRUE
DUOXA2,ENSG00000140274.14,20,0,0,0.15804678448697063,0.02438519469881406,0.1609314106729194,FALSE,TRUE
DUSP10,ENSG00000143507.18,20,0,0,0.18813009330645952,0.04013895645474444,0.16521163030668193,FALSE,TRUE
DUSP15,ENSG00000149599.15,20,0,0,0.09136808658386106,0.06220207057778642,0.09020310003939094,FALSE,TRUE
DUSP23,ENSG00000158716.9,20,0,0,0.060204566392083214,0.03735209793555026,0.06060025514732623,FALSE,TRUE
DUSP26,ENSG00000133878.9,20,0,0,0.013343640977042924,0.04512330397127705,0.01460734169234096,FALSE,TRUE
DUSP4,ENSG00000120875.9,20,0,0,-0.04232562443112324,0.052401303669765004,-0.05295253284519918,FALSE,TRUE
DUSP9,ENSG00000130829.18,20,0,0,0.165843158403056,0.059510334861026415,0.15691352802322284,FALSE,TRUE
DYNLL2,ENSG00000264364.3,20,0,0,-0.26692407984715216,0.05124517292701125,-0.2764420279963242,FALSE,TRUE
DYSF,ENSG00000135636.14,20,0,0,-0.2652496200342522,0.04937344671938643,-0.2479417776104577,FALSE,TRUE
E2F1,ENSG00000101412.13,20,0,0,0.15063570366581153,0.06129345962364505,0.15002539526208983,FALSE,TRUE
E2F2,ENSG00000007968.7,20,0,0,0.11972153452996764,0.055383673246728826,0.10866588545725134,FALSE,TRUE
E2F8,ENSG00000129173.13,20,0,0,0.15558725052696745,0.06275088002215254,0.1410031516422596,FALSE,TRUE
EAF2,ENSG00000145088.9,20,0,0,-0.19128698493529656,0.04971616878650556,-0.20293818788685963,FALSE,TRUE
EBF2,ENSG00000221818.9,20,0,0,-0.030676003454164606,0.057369338438131,-0.00946524807254779,FALSE,TRUE
EBF3,ENSG00000108001.15,20,0,0,-0.19235412474274372,0.06199721987726012,-0.17038438008261209,FALSE,TRUE
EBI3,ENSG00000105246.6,20,0,0,0.04953021003034627,0.07125471293943562,0.05197684096256835,FALSE,TRUE
ECHS1,ENSG00000127884.5,20,0,0,-0.11691528473676896,0.04488245227158838,-0.11279571711386426,FALSE,TRUE
ECSCR,ENSG00000249751.4,20,0,0,-0.126880091657153,0.057085593760777625,-0.1191327024529248,FALSE,TRUE
EDA2R,ENSG00000131080.15,20,0,0,-0.20725356699159314,0.03806868811139413,-0.1951638657492344,FALSE,TRUE
EDAR,ENSG00000135960.10,20,0,0,-0.1885393963171456,0.054978903580245875,-0.20704113675573016,FALSE,TRUE
EDARADD,ENSG00000186197.15,20,0,0,0.039112152185395314,0.0703634230065874,0.03089882554862963,FALSE,TRUE
EDIL3,ENSG00000164176.13,20,0,0,-0.14693109042472077,0.05765181450802659,-0.13951193174803805,FALSE,TRUE
EDN1,ENSG00000078401.7,20,0,0,-0.28982681447813796,0.05803804513054611,-0.28974598677260816,FALSE,TRUE
EDN3,ENSG00000124205.18,20,0,0,-0.01929315320103618,0.05526050057311495,-0.01989668387973123,FALSE,TRUE
EDNRA,ENSG00000151617.17,20,0,0,-0.006227870473364185,0.06187868430042327,0.00842956781354647,FALSE,FALSE
EFCAB3,ENSG00000172421.10,20,0,0,0.16270028108651657,0.07989941194685103,0.159957482292112,FALSE,TRUE
EFHD1,ENSG00000115468.12,20,0,0,-0.20782484203019805,0.07305905582532002,-0.20297862303892503,FALSE,TRUE
EFHD2,ENSG00000142634.13,20,0,0,0.11753793097993573,0.042783828148862196,0.12543014152370258,FALSE,TRUE
EFNA1,ENSG00000169242.12,20,0,0,-0.14668045645811395,0.09527112103278644,-0.13525713657288088,FALSE,TRUE
EGF,ENSG00000138798.13,20,0,0,-0.007395580289772567,0.05269014463575351,-0.0078361847241048,FALSE,TRUE
EGFL7,ENSG00000172889.16,20,0,0,0.14714642514061904,0.051191361266081634,0.14510705474202998,FALSE,TRUE
EGFLAM,ENSG00000164318.18,20,0,0,-0.08249894225345876,0.04590691153052892,-0.09800719238653068,FALSE,TRUE
EGFR,ENSG00000146648.19,20,0,0,-0.18366124067510664,0.05640527068543005,-0.18836649397929137,FALSE,TRUE
EGLN3,ENSG00000129521.15,20,0,0,-0.2550465268833195,0.08402640507526701,-0.23903609649356816,FALSE,TRUE
EHBP1L1,ENSG00000173442.13,20,0,0,0.2103844634002893,0.04951694430549655,0.23412281177957148,FALSE,TRUE
EHD2,ENSG00000024422.12,20,0,0,-0.09232427338081335,0.051888284655360314,-0.07814301897467565,FALSE,TRUE
EHD3,ENSG00000013016.16,20,0,0,-0.06575377436198812,0.0927865253738902,-0.08094384842011798,FALSE,TRUE
EHF,ENSG00000135373.13,20,0,0,0.06264420672113499,0.04935990129923231,0.03276917023450233,FALSE,TRUE
EIF4EBP1,ENSG00000187840.5,20,0,0,0.19876597728370335,0.06736720496039889,0.21454797100559003,FALSE,TRUE
ELAVL4,ENSG00000162374.18,20,0,0,0.1000169613941278,0.037033294796616434,0.09620254762554188,FALSE,TRUE
ELF3,ENSG00000163435.16,20,0,0,-0.005163561485012963,0.04782530719604791,-0.01090914669427728,FALSE,TRUE
ELF5,ENSG00000135374.11,20,0,0,0.08323999012948752,0.07072196344785987,0.09379029206113734,FALSE,TRUE
ELMO1,ENSG00000155849.15,20,0,0,-0.18551575584021993,0.053933129674938796,-0.1867805959243143,FALSE,TRUE
ELOVL2,ENSG00000197977.4,20,0,0,0.20856716266285386,0.07617535053388405,0.20857128851817505,FALSE,TRUE
EMB,ENSG00000170571.12,20,0,0,0.04443489622343893,0.0673663616698129,0.03306701568228609,FALSE,TRUE
EMILIN2,ENSG00000132205.11,20,0,0,0.027321424976114096,0.07413930275128254,0.03058099784213032,FALSE,TRUE
EMP3,ENSG00000142227.11,20,0,0,0.1362472528777548,0.06664028482975293,0.1528813885631976,FALSE,TRUE
EMX1,ENSG00000135638.14,20,0,0,-0.2112720459366264,0.06929579295019342,-0.2114698374172879,FALSE,TRUE
ENAM,ENSG00000132464.13,20,0,0,-0.2649822481139676,0.057441000398587266,-0.25628885174684557,FALSE,TRUE
ENKUR,ENSG00000151023.17,20,0,0,-0.018483805158077037,0.05787781610525192,-0.00755014877815934,FALSE,TRUE
ENOX1,ENSG00000120658.13,20,0,0,-0.08158845370761034,0.046460244621513214,-0.07657378854923917,FALSE,TRUE
ENPP1,ENSG00000197594.13,20,0,0,-0.07007501086393078,0.046719328669421654,-0.07285437839867079,FALSE,TRUE
ENPP2,ENSG00000136960.13,20,0,0,-0.30765480944917056,0.07899135941770691,-0.28689659474087603,FALSE,TRUE
ENPP3,ENSG00000154269.15,20,0,0,-0.33076704445513455,0.019368665784486705,-0.3148466936532271,FALSE,TRUE
ENPP6,ENSG00000164303.11,20,0,0,0.0033573238082120066,0.0523061572228897,-0.01634944422194785,FALSE,FALSE
ENTPD1,ENSG00000138185.20,20,0,0,-0.15775104961117423,0.07756507465422141,-0.15737688145011136,FALSE,TRUE
ENTPD3,ENSG00000168032.10,20,0,0,0.1127670089268857,0.03990125252642844,0.1107278093599232,FALSE,TRUE
EOMES,ENSG00000163508.13,20,0,0,-0.10910005246967051,0.052699198535263864,-0.11002304341302271,FALSE,TRUE
EPB41L4B,ENSG00000095203.14,20,0,0,0.28363264923242604,0.05703027513833908,0.28266519708570403,FALSE,TRUE
EPB41L5,ENSG00000115109.14,20,0,0,-0.11655067259576794,0.047478742240074326,-0.14872421277780373,FALSE,TRUE
EPCAM,ENSG00000119888.11,20,0,0,-0.10271518359138851,0.06953310901472834,-0.11311605757362918,FALSE,TRUE
EPHA1,ENSG00000146904.9,20,0,0,0.08283478957951357,0.05804495799217011,0.06922020791018076,FALSE,TRUE
EPHA3,ENSG00000044524.11,20,0,0,0.015338013299635673,0.048916067241406166,0.00641154278222899,FALSE,TRUE
EPHA5,ENSG00000145242.13,20,0,0,0.19828064459450162,0.02694231405289302,0.1914258778309314,FALSE,TRUE
EPHB3,ENSG00000182580.3,20,0,0,0.028232247312299636,0.05515373665170087,0.04527734053018244,FALSE,TRUE
EPHX2,ENSG00000120915.14,20,0,0,-0.30892399896354594,0.04243014841339515,-0.30321700504120547,FALSE,TRUE
EPM2A,ENSG00000112425.16,20,0,0,-0.26296792119310153,0.044341089637875,-0.2775842306873853,FALSE,TRUE
EPN3,ENSG00000049283.18,20,0,0,0.31958086485584103,0.05372439441978211,0.3064130171171998,FALSE,TRUE
EPO,ENSG00000130427.3,20,0,0,0.15833588386337705,0.039294217548122484,0.14907472757385024,FALSE,TRUE
EPS8L1,ENSG00000131037.15,20,0,0,0.19511860848600354,0.04568809326129997,0.17206898950202895,FALSE,TRUE
EPS8L3,ENSG00000198758.11,20,0,0,0.0531830682612944,0.050402346881833975,0.04414309876919937,FALSE,TRUE
EPSTI1,ENSG00000133106.15,20,0,0,-0.0463125743204246,0.05223537260045014,-0.05881955730641367,FALSE,TRUE
EPX,ENSG00000121053.6,20,0,0,0.16950333866403744,0.06489134681697725,0.16758184423145686,FALSE,TRUE
ERAP2,ENSG00000164308.17,20,0,0,-0.11039212135037452,0.04254249483704098,-0.12841111210916248,FALSE,TRUE
ERBB2,ENSG00000141736.14,20,0,0,-0.17633885041075126,0.0932102166901982,-0.15558410182914265,FALSE,TRUE
ERBB4,ENSG00000178568.15,20,0,0,0.16722129472291342,0.05082813056899854,0.1549760802208609,FALSE,TRUE
ERCC6L,ENSG00000186871.7,20,0,0,0.2919511290526864,0.0483663190786065,0.2730034906036823,FALSE,TRUE
ERMN,ENSG00000136541.15,20,0,0,0.35178004259810813,0.053963387860495204,0.33383072071544956,FALSE,TRUE
ERMP1,ENSG00000099219.14,20,0,0,-0.1955884538027391,0.0624466912483887,-0.20687589943587367,FALSE,TRUE
ERP27,ENSG00000139055.7,20,0,0,0.09197562242476699,0.04435083772031061,0.08198406565388525,FALSE,TRUE
ESCO2,ENSG00000171320.15,20,0,0,0.09191924182118155,0.07779089621118027,0.08946066388939636,FALSE,TRUE
ESM1,ENSG00000164283.13,20,0,0,-0.28518035860588437,0.07449007972645122,-0.26649227738900827,FALSE,TRUE
ESRP2,ENSG00000103067.14,20,0,0,-0.15115568864252216,0.057345649726481124,-0.17955349119959088,FALSE,TRUE
ESRRB,ENSG00000119715.15,20,0,0,0.05937345914780787,0.05008391847438608,0.06025820133856646,FALSE,TRUE
ESRRG,ENSG00000196482.18,20,0,0,-0.2903164385168709,0.07394403913188469,-0.2919601426141142,FALSE,TRUE
ETS1,ENSG00000134954.14,20,0,0,-0.30195848668568837,0.0677644374655465,-0.2831361332971143,FALSE,TRUE
ETV7,ENSG00000010030.14,20,0,0,-0.20944182861698404,0.04979672331673163,-0.21687631193557785,FALSE,TRUE
EVC,ENSG00000072840.13,20,0,0,-0.2349964553509559,0.07441100210092688,-0.23503605163014343,FALSE,TRUE
EVI2A,ENSG00000126860.12,20,0,0,-0.027909903011646874,0.0798804811951761,-0.03045765980130463,FALSE,TRUE
EVI2B,ENSG00000185862.7,20,0,0,-0.13201111084394251,0.053393460837763085,-0.13238539272913363,FALSE,TRUE
EVPL,ENSG00000167880.8,20,0,0,-0.0163016350297475,0.08098453953286583,-0.01123879345974581,FALSE,TRUE
EXO1,ENSG00000174371.17,20,0,0,0.20794724988682023,0.06218666379021118,0.2005174608386837,FALSE,TRUE
EXOSC5,ENSG00000077348.9,20,0,0,0.07893208348838283,0.0539782706096548,0.07401621974769454,FALSE,TRUE
EYA1,ENSG00000104313.20,20,0,0,0.17107958251507932,0.03588316843236919,0.18124949940256335,FALSE,TRUE
EYA2,ENSG00000064655.19,20,0,0,0.02278714006463553,0.06921392440406965,0.01653724343940238,FALSE,TRUE
EYA3,ENSG00000158161.16,20,0,0,-0.2827793870239982,0.05876393553776621,-0.2881955132640119,FALSE,TRUE
EYA4,ENSG00000112319.19,20,0,0,-0.0848364137843664,0.08322876256288106,-0.05752190839143668,FALSE,TRUE
EZH2,ENSG00000106462.11,20,0,0,0.2730535859371709,0.06310642596281318,0.2701116186057222,FALSE,TRUE
F11,ENSG00000088926.14,20,0,0,-0.14498324385627426,0.05224653990414488,-0.12914681749775703,FALSE,TRUE
F12,ENSG00000131187.10,20,0,0,0.109551932812654,0.062201895340169205,0.1228227825911142,FALSE,TRUE
F2,ENSG00000180210.15,20,0,0,0.13684063483573744,0.04421882727445124,0.12746324104478648,FALSE,TRUE
F2RL3,ENSG00000127533.4,20,0,0,-0.32380517520777274,0.06105907170869557,-0.31425300545117524,FALSE,TRUE
FA2H,ENSG00000103089.9,20,0,0,0.15215415941264487,0.03776815154846491,0.1374979121170877,FALSE,TRUE
FABP2,ENSG00000145384.4,20,0,0,0.08526293500155854,0.0474034778166012,0.04972940277524328,FALSE,TRUE
FABP5,ENSG00000164687.11,20,0,0,0.22546919081900962,0.086248664174887,0.22227105209854583,FALSE,TRUE
FABP6,ENSG00000170231.16,20,0,0,-0.13273657096443167,0.06999420712207566,-0.1155119405345216,FALSE,TRUE
FABP7,ENSG00000164434.12,20,0,0,-0.1796388428875172,0.06096331508417277,-0.16987800090317312,FALSE,TRUE
FADS3,ENSG00000221968.9,20,0,0,0.23508772066426042,0.0623377212705063,0.22467038632664604,FALSE,TRUE
FAIM2,ENSG00000135472.9,20,0,0,0.06851168211155702,0.03424696895224686,0.05962389033210168,FALSE,TRUE
FAM107A,ENSG00000168309.18,20,0,0,-0.29214723841233947,0.07222867661514626,-0.2857204535393901,FALSE,TRUE
FAM110A,ENSG00000125898.13,20,0,0,0.12194194961745183,0.039527181916448134,0.1389851346584422,FALSE,TRUE
FAM111B,ENSG00000189057.11,20,0,0,-0.1720139648904469,0.05754250626943275,-0.162901903511373,FALSE,TRUE
FAM124A,ENSG00000150510.17,20,0,0,-0.17384408134011936,0.06878044299540548,-0.17601872604914953,FALSE,TRUE
FAM153A,ENSG00000170074.19,20,0,0,-0.013765934244550158,0.04183028725484021,-0.01382843646401316,FALSE,TRUE
FAM163A,ENSG00000143340.6,20,0,0,-0.23469788601627306,0.05723002877512007,-0.22116520712778984,FALSE,TRUE
FAM167A,ENSG00000154319.16,20,0,0,0.16725101057711078,0.08498141626282861,0.1495636689044776,FALSE,TRUE
FAM169A,ENSG00000198780.12,20,0,0,0.010999364442163633,0.05905430089311266,-0.01821996778314775,FALSE,FALSE
FAM171A1,ENSG00000148468.17,20,0,0,-0.049051925388200676,0.04811204221271917,-0.03269207074965684,FALSE,TRUE
FAM181B,ENSG00000182103.5,20,0,0,-0.033505962328215684,0.062440192929897304,-0.02573815651235438,FALSE,TRUE
FAM184A,ENSG00000111879.20,20,0,0,0.019043372115625956,0.041140231059735355,0.00830034631970321,FALSE,TRUE
FAM184B,ENSG00000047662.5,20,0,0,0.24478527578691595,0.039113348465876885,0.23455753157722883,FALSE,TRUE
FAM3B,ENSG00000183844.17,20,0,0,0.03964846012777838,0.026330972787536676,0.01681538496042309,FALSE,TRUE
FAM43B,ENSG00000183114.8,20,0,0,0.25082421838231284,0.04744991336997639,0.24824066326175037,FALSE,TRUE
FAM78A,ENSG00000126882.13,20,0,0,-0.010145859864613875,0.043268158762079234,-0.0050822092254083,FALSE,TRUE
FAM78B,ENSG00000188859.7,20,0,0,0.20706891588426612,0.03561788177353184,0.2087664989502451,FALSE,TRUE
FAM81A,ENSG00000157470.12,20,0,0,0.08095734252742105,0.04514719561814842,0.06696794142554242,FALSE,TRUE
FAM89B,ENSG00000176973.8,20,0,0,0.003859761904969712,0.060367902336768045,0.00783949919085327,FALSE,TRUE
FANCA,ENSG00000187741.15,20,0,0,0.2488225414727947,0.08475227526710336,0.24885526559305568,FALSE,TRUE
FANCG,ENSG00000221829.10,20,0,0,0.30323482076628017,0.057698286979595115,0.301383473052078,FALSE,TRUE
FANCI,ENSG00000140525.19,20,0,0,0.14002242641500467,0.08976361922615918,0.1553616386723187,FALSE,TRUE
FAP,ENSG00000078098.14,20,0,0,0.15578790456327518,0.050438859903032124,0.1570871385164402,FALSE,TRUE
FAS,ENSG00000026103.22,20,0,0,-0.1311841102691474,0.08114171773552378,-0.15586063246374182,FALSE,TRUE
FASLG,ENSG00000117560.8,20,0,0,-0.019325799616238593,0.027972106322158068,-0.01050490160055012,FALSE,TRUE
FAT2,ENSG00000086570.12,20,0,0,0.245378762165608,0.07945056722324767,0.23453617520795905,FALSE,TRUE
FATE1,ENSG00000147378.11,20,0,0,-0.26064648705405147,0.035842243646981686,-0.23460544442944245,FALSE,TRUE
FBLN1,ENSG00000077942.19,20,0,0,0.11296323731260399,0.059570716305013205,0.11887175811335816,FALSE,TRUE
FBLN5,ENSG00000140092.14,20,0,0,-0.08411152386755566,0.03984044625853939,-0.07388742690923676,FALSE,TRUE
FBLN7,ENSG00000144152.13,20,0,0,0.010987968721041099,0.045927546044156144,0.00812673088776265,FALSE,TRUE
FBXL16,ENSG00000127585.12,20,0,0,-0.1848798252807048,0.06804127737846866,-0.17578579105903305,FALSE,TRUE
FBXL8,ENSG00000135722.9,20,0,0,0.11421464675751065,0.08323247782048272,0.11649044087034446,FALSE,TRUE
FBXO17,ENSG00000269190.6,20,0,0,-0.13374782356999498,0.05889670888625606,-0.12144438897943648,FALSE,TRUE
FBXO2,ENSG00000116661.11,20,0,0,0.14012153998980015,0.047396054388712194,0.11714490694329537,FALSE,TRUE
FBXO43,ENSG00000156509.14,20,0,0,0.2771971887362771,0.04610291557148982,0.2567900017764848,FALSE,TRUE
FCAMR,ENSG00000162897.16,20,0,0,-0.14908880009977066,0.05876294264520959,-0.15233645941565768,FALSE,TRUE
FCER1G,ENSG00000158869.11,20,0,0,0.03448564506143288,0.06217063735112509,0.03215776825717627,FALSE,TRUE
FCGR1A,ENSG00000150337.13,20,0,0,0.08127875786745922,0.05141977702312969,0.06735506442317049,FALSE,TRUE
FCGR2A,ENSG00000143226.15,20,0,0,0.00467243614607111,0.076125369887488,-0.00902011087767597,FALSE,FALSE
FCGR2B,ENSG00000072694.21,20,0,0,0.09253646934732032,0.0692444259239525,0.07935009065308403,FALSE,TRUE
FCGR3B,ENSG00000162747.12,20,0,0,0.06891885606073539,0.05074025160730241,0.08054222506223678,FALSE,TRUE
FCHO1,ENSG00000130475.14,20,0,0,0.13719909154971316,0.06261234643729105,0.14230288820191245,FALSE,TRUE
FCHSD1,ENSG00000197948.11,20,0,0,0.26485665638757006,0.09323213950665549,0.2649550966842284,FALSE,TRUE
FCN1,ENSG00000085265.11,20,0,0,-0.026293893480189255,0.04457177496059972,-0.04300264363504865,FALSE,TRUE
FCRL3,ENSG00000160856.21,20,0,0,-0.07883860084481376,0.052990330198862234,-0.0858101314558233,FALSE,TRUE
FCRL5,ENSG00000143297.19,20,0,0,0.11492392948197987,0.06743518185632576,0.1065241198748247,FALSE,TRUE
FDFT1,ENSG00000079459.13,20,0,0,-0.22622325812763205,0.05534145159970427,-0.22115168100878768,FALSE,TRUE
FDX1,ENSG00000137714.3,20,0,0,-0.2957308888669563,0.06248517058126629,-0.3012186348267928,FALSE,TRUE
FDXR,ENSG00000161513.12,20,0,0,-0.07338676796203308,0.05068684038287469,-0.06907359902366778,FALSE,TRUE
FECH,ENSG00000066926.12,20,0,0,-0.31753655198234054,0.053357995094918564,-0.3145410591103236,FALSE,TRUE
FER1L4,ENSG00000088340.17,20,0,0,0.31478930420154705,0.0961770943971586,0.311366752195464,FALSE,TRUE
FERMT1,ENSG00000101311.16,20,0,0,0.026816868380327034,0.048550658752229206,0.02974037663623315,FALSE,TRUE
FERMT3,ENSG00000149781.13,20,0,0,0.026100620053202635,0.043271994925150506,0.0327159265705013,FALSE,TRUE
FFAR2,ENSG00000126262.5,20,0,0,0.16969990098647625,0.041269173219959765,0.16616149152762189,FALSE,TRUE
FGA,ENSG00000171560.16,20,0,0,-0.02987610679901257,0.04376632134233315,-0.0444262786775881,FALSE,TRUE
FGD2,ENSG00000146192.15,20,0,0,0.05576698934167394,0.054320261129551295,0.04824627839391205,FALSE,TRUE
FGF1,ENSG00000113578.18,20,0,0,-0.139073086959551,0.07138778883606872,-0.13521214618024863,FALSE,TRUE
FGF11,ENSG00000161958.11,20,0,0,0.24156745651202632,0.04395779192961746,0.22387201085671904,FALSE,TRUE
FGF14,ENSG00000102466.16,20,0,0,-0.08348061847259136,0.0570547516819723,-0.08097523263411543,FALSE,TRUE
FGF20,ENSG00000078579.9,20,0,0,-0.02371095289855401,0.053522019974381566,-0.02941859090870832,FALSE,TRUE
FGF9,ENSG00000102678.7,20,0,0,0.10540144597041853,0.04952778795215765,0.10450863835682088,FALSE,TRUE
FGFBP1,ENSG00000137440.5,20,0,0,0.2029680823224838,0.039659700972138584,0.1907456141366078,FALSE,TRUE
FGFBP2,ENSG00000137441.8,20,0,0,-0.2909033928596231,0.06901341569866093,-0.2676476332741729,FALSE,TRUE
FGFR2,ENSG00000066468.23,20,0,0,-0.10118434175709913,0.06770224937459877,-0.11325357739717372,FALSE,TRUE
FGG,ENSG00000171557.17,20,0,0,-0.0026916407918647195,0.059906192361838924,-0.02469260008055523,FALSE,TRUE
FGR,ENSG00000000938.13,20,0,0,-0.013264273360839705,0.06940864246188329,-0.01425634454586279,FALSE,TRUE
FHL1,ENSG00000022267.19,20,0,0,-0.25378732444241325,0.06708022134006256,-0.2453838880764432,FALSE,TRUE
FHOD3,ENSG00000134775.15,20,0,0,-0.1267929473161496,0.041519476820245996,-0.13968488360589942,FALSE,TRUE
FILIP1,ENSG00000118407.15,20,0,0,-0.19327141674964676,0.07297663831420886,-0.19750803049096424,FALSE,TRUE
FJX1,ENSG00000179431.7,20,0,0,0.12641379439107298,0.051041200808800896,0.11498981476803352,FALSE,TRUE
FKBP10,ENSG00000141756.19,20,0,0,0.2638313339734114,0.08699060395635366,0.2662057802154484,FALSE,TRUE
FLI1,ENSG00000151702.17,20,0,0,-0.23654825142834585,0.06839891227707617,-0.22310901424884977,FALSE,TRUE
FLRT1,ENSG00000126500.3,20,0,0,0.2632698257654802,0.06264014561364231,0.27432167804598245,FALSE,TRUE
FLRT2,ENSG00000185070.11,20,0,0,0.0267872798602972,0.05509897209231415,0.03212451532135942,FALSE,TRUE
FLRT3,ENSG00000125848.10,20,0,0,-0.31672161856622505,0.059401868472865604,-0.31979314528316966,FALSE,TRUE
FLT3LG,ENSG00000090554.13,20,0,0,0.2307338317450154,0.050025160480154124,0.23089903097424308,FALSE,TRUE
FLT4,ENSG00000037280.16,20,0,0,-0.20941791434884605,0.05244914414415444,-0.18652768875760267,FALSE,TRUE
FMN2,ENSG00000155816.20,20,0,0,0.15056268128203526,0.05573059571304098,0.14756115644174503,FALSE,TRUE
FMNL1,ENSG00000184922.14,20,0,0,0.22100315261551517,0.06311301331935995,0.2267175042453369,FALSE,TRUE
FMNL3,ENSG00000161791.14,20,0,0,-0.03952247065136818,0.06994218910611123,-0.03885971255533285,FALSE,TRUE
FMO4,ENSG00000076258.10,20,0,0,-0.29498536480999993,0.07429380662762469,-0.28556293755042694,FALSE,TRUE
FMO5,ENSG00000131781.13,20,0,0,-0.038528585964279605,0.048474365188337434,-0.03739137090428306,FALSE,TRUE
FN1,ENSG00000115414.21,20,0,0,0.10358425406525319,0.057656823405669036,0.10609714599107052,FALSE,TRUE
FNDC5,ENSG00000160097.20,20,0,0,0.26949528900156716,0.03657567855162641,0.26681382289003214,FALSE,TRUE
FOLR2,ENSG00000165457.14,20,0,0,-0.018469970045160135,0.05599123023682782,-0.0201443272330373,FALSE,TRUE
FOLR3,ENSG00000110203.9,20,0,0,0.06604724058382022,0.05950213273227474,0.05342605539970244,FALSE,TRUE
FOXA3,ENSG00000170608.3,20,0,0,0.2067549187049103,0.04020080102847848,0.19410060338707769,FALSE,TRUE
FOXC1,ENSG00000054598.9,20,0,0,0.016329439128788967,0.04518884523919896,0.01100235002422277,FALSE,TRUE
FOXC2,ENSG00000176692.8,20,0,0,-0.08532817215319848,0.06344768361189199,-0.08297538355905887,FALSE,TRUE
FOXD3,ENSG00000187140.6,20,0,0,0.11976708443195058,0.043743132144175675,0.1307804298341196,FALSE,TRUE
FOXE3,ENSG00000186790.6,20,0,0,0.16309350492035218,0.05741518498831186,0.16915271743118163,FALSE,TRUE
FOXF1,ENSG00000103241.7,20,0,0,-0.014667425545565313,0.05824779754353854,-0.00190324241675772,FALSE,TRUE
FOXF2,ENSG00000137273.6,20,0,0,0.10483382493642773,0.05003369011222525,0.10981628194523904,FALSE,TRUE
FOXJ1,ENSG00000129654.8,20,0,0,0.10944179729648949,0.052757846119075275,0.1099264928002094,FALSE,TRUE
FOXJ3,ENSG00000198815.9,20,0,0,-0.092938814452432,0.062453756612500674,-0.08907115375357752,FALSE,TRUE
FOXL1,ENSG00000176678.6,20,0,0,0.17775379551790776,0.07189044264329311,0.17230253311891633,FALSE,TRUE
FOXN1,ENSG00000109101.8,20,0,0,0.14481071283055041,0.03948920072008791,0.1449807396274555,FALSE,TRUE
FOXN4,ENSG00000139445.18,20,0,0,0.03963712421880961,0.06018303297334562,0.03284382557269194,FALSE,TRUE
FOXQ1,ENSG00000164379.7,20,0,0,-0.06675149862273363,0.041846210679831304,-0.06694431321387741,FALSE,TRUE
FOXS1,ENSG00000179772.8,20,0,0,0.18859207340554435,0.0486754128240435,0.19163602717525777,FALSE,TRUE
FPR1,ENSG00000171051.9,20,0,0,-0.04557956832942779,0.08911455628773851,-0.04720590759870927,FALSE,TRUE
FPR2,ENSG00000171049.9,20,0,0,0.02825686661789325,0.0785145898992212,0.02889861583067295,FALSE,TRUE
FPR3,ENSG00000187474.5,20,0,0,-0.1475001414496854,0.056999422828475685,-0.1519462872061111,FALSE,TRUE
FRAS1,ENSG00000138759.19,20,0,0,-0.2208838348117138,0.059493724162029554,-0.22355024220509756,FALSE,TRUE
FREM1,ENSG00000164946.20,20,0,0,-0.23041387042935352,0.05726320229664597,-0.21773221193202813,FALSE,TRUE
FREM2,ENSG00000150893.11,20,0,0,-0.27582905579686473,0.019084922155146178,-0.27130618328281264,FALSE,TRUE
FRMD1,ENSG00000153303.17,20,0,0,-0.09335882813597965,0.07165929769762347,-0.09055419510980384,FALSE,TRUE
FRMD7,ENSG00000165694.10,20,0,0,0.06626499146625572,0.05513983506977253,0.06033633841859784,FALSE,TRUE
FRMPD3,ENSG00000147234.10,20,0,0,0.1707304563928752,0.04946158487352967,0.15650970892059077,FALSE,TRUE
FRY,ENSG00000073910.22,20,0,0,-0.24720091893540086,0.059568373690156856,-0.23207861500291987,FALSE,TRUE
FRZB,ENSG00000162998.5,20,0,0,-9.226640982241026e-4,0.0640034405909666,-0.00885821110074069,FALSE,TRUE
FSCN1,ENSG00000075618.18,20,0,0,0.21652535356723845,0.039387637121087504,0.2127146108509583,FALSE,TRUE
FSTL1,ENSG00000163430.12,20,0,0,-0.009206729857207512,0.05112254351965656,0.00943808877126256,FALSE,FALSE
FSTL3,ENSG00000070404.10,20,0,0,-0.09383858348140553,0.04420597334499901,-0.10302603397648898,FALSE,TRUE
FSTL4,ENSG00000053108.17,20,0,0,-0.24490091471376302,0.08415732573630888,-0.24210651929594668,FALSE,TRUE
FTCD,ENSG00000160282.14,20,0,0,-0.06337843196312798,0.0437220259478719,-0.0647509933476021,FALSE,TRUE
FUT2,ENSG00000176920.13,20,0,0,0.2854416913440355,0.06542220462334414,0.27474537321928644,FALSE,TRUE
FUT3,ENSG00000171124.13,20,0,0,-0.3080374389569552,0.06689163659164415,-0.2986889197018962,FALSE,TRUE
FXYD4,ENSG00000150201.15,20,0,0,0.07958126823243958,0.045055861635904706,0.06225526230042619,FALSE,TRUE
FXYD5,ENSG00000089327.15,20,0,0,0.25230009136809756,0.04894804726108326,0.26216005546585286,FALSE,TRUE
FZD1,ENSG00000157240.4,20,0,0,-0.30867008683074143,0.044395877116962135,-0.29725899592795124,FALSE,TRUE
GAB3,ENSG00000160219.12,20,0,0,0.09281517552451399,0.061909181480140005,0.09817234992816017,FALSE,TRUE
GABARAPL1,ENSG00000139112.11,20,0,0,-0.0063182065418793225,0.06121979575090399,-0.04366841396342712,FALSE,TRUE
GABBR2,ENSG00000136928.7,20,0,0,0.05183126493280042,0.04684985103028176,0.05310077145666425,FALSE,TRUE
GABRA2,ENSG00000151834.16,20,0,0,0.17326533428235238,0.056043064404550896,0.1499621680960258,FALSE,TRUE
GABRA4,ENSG00000109158.11,20,0,0,-0.02402828189505926,0.061537544655737665,-0.03579843609513891,FALSE,TRUE
GABRB1,ENSG00000163288.14,20,0,0,-0.21838135036520986,0.06379930850579832,-0.18536701430117655,FALSE,TRUE
GABRD,ENSG00000187730.9,20,0,0,-0.19557126514949769,0.068946104250597,-0.16698284120359316,FALSE,TRUE
GABRP,ENSG00000094755.17,20,0,0,0.0033934749611391223,0.04604251916515277,0.00971722958664521,FALSE,TRUE
GAD2,ENSG00000136750.13,20,0,0,0.2767023565086745,0.07161747845930183,0.26267510718825726,FALSE,TRUE
GADL1,ENSG00000144644.14,20,0,0,0.01887586930978965,0.05779079089846017,0.02646315951300901,FALSE,TRUE
GAL,ENSG00000069482.7,20,0,0,0.1836277942611781,0.040140295895406075,0.17314337586421932,FALSE,TRUE
GAL3ST1,ENSG00000128242.13,20,0,0,-0.2593036898679013,0.06249580123266141,-0.2367111058009505,FALSE,TRUE
GAL3ST3,ENSG00000175229.7,20,0,0,0.06625860911698106,0.04822546351548695,0.06660025216767482,FALSE,TRUE
GAL3ST4,ENSG00000197093.11,20,0,0,0.05398946000392032,0.06285098597512734,0.05976517374811772,FALSE,TRUE
GALNT14,ENSG00000158089.15,20,0,0,-0.23207732919843566,0.02989506603389891,-0.23974686094836248,FALSE,TRUE
GALNT3,ENSG00000115339.14,20,0,0,0.1362992769158969,0.0404075001867886,0.14781160839154908,FALSE,TRUE
GAPDH,ENSG00000111640.15,20,0,0,0.005034405053561652,0.08448595633384495,0.01868131905893993,FALSE,TRUE
GAPT,ENSG00000175857.8,20,0,0,-0.19288822444661974,0.042211409349304174,-0.20159103239413909,FALSE,TRUE
GAS1,ENSG00000180447.7,20,0,0,0.11949698675144338,0.0492313367414233,0.1259316380679093,FALSE,TRUE
GAS2L3,ENSG00000139354.11,20,0,0,-0.1617328268412846,0.05926017426257077,-0.14695750678769262,FALSE,TRUE
GATA2,ENSG00000179348.12,20,0,0,-0.11064956515966089,0.07278576167779385,-0.10097541614185784,FALSE,TRUE
GATA3,ENSG00000107485.18,20,0,0,0.1829308452472566,0.06395658210563393,0.15986782900662994,FALSE,TRUE
GATA5,ENSG00000130700.7,20,0,0,-0.10079210322733104,0.04386889727900527,-0.08959065153532372,FALSE,TRUE
GBGT1,ENSG00000148288.13,20,0,0,0.274319157156844,0.0541705968558808,0.2691640563687846,FALSE,TRUE
GBP1,ENSG00000117228.10,20,0,0,-0.03901845916028693,0.05551337052660055,-0.04939554286776167,FALSE,TRUE
GBP2,ENSG00000162645.13,20,0,0,0.11532548403789646,0.060990160543783395,0.10324121387244442,FALSE,TRUE
GBP4,ENSG00000162654.9,20,0,0,-0.23210006921728465,0.0491691561461598,-0.23469383891734769,FALSE,TRUE
GBP5,ENSG00000154451.14,20,0,0,0.022419569788314032,0.05118869752706765,0.01666194509442099,FALSE,TRUE
GBP6,ENSG00000183347.15,20,0,0,0.039305885058683154,0.05009544412977025,0.02759141848413473,FALSE,TRUE
GCAT,ENSG00000100116.17,20,0,0,0.1266810681175015,0.043994272203831133,0.1033882088695768,FALSE,TRUE
GCDH,ENSG00000105607.13,20,0,0,0.0213345567521537,0.0480308280127362,-0.00598028977930403,FALSE,FALSE
GCGR,ENSG00000215644.10,20,0,0,0.22787841188128402,0.03823495896544435,0.2272762059326413,FALSE,TRUE
GCH1,ENSG00000131979.20,20,0,0,-0.013266470686642367,0.06151429750952124,-0.0328663272875192,FALSE,TRUE
GCM1,ENSG00000137270.11,20,0,0,0.0509637523922486,0.043329122429849605,0.05602103760466761,FALSE,TRUE
GDF15,ENSG00000130513.6,20,0,0,0.013263216151072907,0.06006383571523349,-0.00252316488909664,FALSE,FALSE
GDF3,ENSG00000184344.4,20,0,0,-0.20534556930084324,0.05991515171385084,-0.19430960089871807,FALSE,TRUE
GDNF,ENSG00000168621.15,20,0,0,0.08171741852799252,0.04564405190758447,0.0807674844399457,FALSE,TRUE
GDPD5,ENSG00000158555.15,20,0,0,0.31942149876214543,0.054192593164434755,0.3207330564165944,FALSE,TRUE
GFI1,ENSG00000162676.12,20,0,0,0.042189924345949134,0.057229486644217925,0.04859448098328114,FALSE,TRUE
GFOD1,ENSG00000145990.11,20,0,0,-0.2302854379619815,0.05657984925533541,-0.22864348556082467,FALSE,TRUE
GFRA3,ENSG00000146013.11,20,0,0,0.0399339269834533,0.032830337624665584,0.04586746716261702,FALSE,TRUE
GGH,ENSG00000137563.13,20,0,0,-0.14089657452914367,0.06833817763287273,-0.14016676082807972,FALSE,TRUE
GGT6,ENSG00000167741.11,20,0,0,-0.036756152010154364,0.06863526084229744,-0.04783430455707218,FALSE,TRUE
GHRHR,ENSG00000106128.19,20,0,0,0.07426347435114633,0.04656750038750171,0.07147690217702851,FALSE,TRUE
GIMAP2,ENSG00000106560.11,20,0,0,-0.19950255597554964,0.017207632825874758,-0.19643672296322676,FALSE,TRUE
GIMAP4,ENSG00000133574.10,20,0,0,-0.2524081793946038,0.038233775681367044,-0.24087387677224437,FALSE,TRUE
GIMAP7,ENSG00000179144.5,20,0,0,-0.2614586887283825,0.057426898255883096,-0.24125103356057823,FALSE,TRUE
GINS2,ENSG00000131153.9,20,0,0,0.05400877109609058,0.045049113969741844,0.05399078448463699,FALSE,TRUE
GIT2,ENSG00000139436.21,20,0,0,-0.14865167429766446,0.041436087503213065,-0.12753989513510253,FALSE,TRUE
GJA1,ENSG00000152661.9,20,0,0,-0.1801816538253112,0.07382247098689756,-0.1604420684900137,FALSE,TRUE
GJA3,ENSG00000121743.4,20,0,0,-0.11267309093353947,0.08963943202130623,-0.12964954232606157,FALSE,TRUE
GJA4,ENSG00000187513.9,20,0,0,-0.22509831297439942,0.08976372302695396,-0.2016299443243088,FALSE,TRUE
GJA8,ENSG00000121634.6,20,0,0,0.14484868264263856,0.053120753876513535,0.12580288630154876,FALSE,TRUE
GLDC,ENSG00000178445.10,20,0,0,-0.15447851902489257,0.021259881057375446,-0.162795629734301,FALSE,TRUE
GLIPR1,ENSG00000139278.10,20,0,0,0.06212184605684516,0.06418124012590487,0.06735111275274924,FALSE,TRUE
GLIPR2,ENSG00000122694.16,20,0,0,0.12909046239319408,0.06959868993284332,0.13372104165725912,FALSE,TRUE
GLOD5,ENSG00000171433.12,20,0,0,-0.26084417178821495,0.061293416950548435,-0.27640081927503096,FALSE,TRUE
GLRB,ENSG00000109738.11,20,0,0,0.07007783684655558,0.06084989960102174,0.05379543363473438,FALSE,TRUE
GLRX5,ENSG00000182512.5,20,0,0,0.010835193956733526,0.05595101093009194,-0.00280937809977582,FALSE,FALSE
GLYATL1,ENSG00000166840.13,20,0,0,-0.343217278548689,0.03724989240139459,-0.34238239765406653,FALSE,TRUE
GLYATL2,ENSG00000156689.7,20,0,0,-0.2083574882913048,0.04513932210242955,-0.1961378258401897,FALSE,TRUE
GLYCTK,ENSG00000168237.18,20,0,0,0.08018310349275676,0.04034089537414415,0.07270483439878087,FALSE,TRUE
GM2A,ENSG00000196743.9,20,0,0,-0.23361175824690425,0.08316309494963975,-0.24092346112848104,FALSE,TRUE
GMDS,ENSG00000112699.11,20,0,0,-0.03666614806167354,0.037421858110686476,-0.0518874825023968,FALSE,TRUE
GMFG,ENSG00000130755.13,20,0,0,-0.047073949375409624,0.06365402277204112,-0.03362652197337597,FALSE,TRUE
GMIP,ENSG00000089639.11,20,0,0,0.1135635414884405,0.0406474022019753,0.1088535574054211,FALSE,TRUE
GMPR,ENSG00000137198.10,20,0,0,0.07471479473713129,0.055276977992149305,0.06944263820832017,FALSE,TRUE
GNA15,ENSG00000060558.4,20,0,0,0.15246561944653905,0.0777302512436985,0.14333045317831938,FALSE,TRUE
GNAI1,ENSG00000127955.17,20,0,0,-0.018618634913365947,0.07174402212357739,-0.01914849764963346,FALSE,TRUE
GNG7,ENSG00000176533.13,20,0,0,-0.28575377676293034,0.08943052638216559,-0.2731158784883851,FALSE,TRUE
GNGT1,ENSG00000127928.13,20,0,0,-0.03373807555243344,0.06895592355844275,-0.02730239650520572,FALSE,TRUE
GNLY,ENSG00000115523.17,20,0,0,0.028462550868426313,0.07223117989032593,0.04037086624866798,FALSE,TRUE
GOLGA7B,ENSG00000155265.11,20,0,0,0.05873103651201227,0.04957212109070288,0.06645262472966522,FALSE,TRUE
GOT2,ENSG00000125166.13,20,0,0,-0.07448874928123674,0.04432663867651921,-0.0989907686708602,FALSE,TRUE
GP2,ENSG00000169347.17,20,0,0,0.1669963448479186,0.029922623507154383,0.16595700235936386,FALSE,TRUE
GP6,ENSG00000088053.11,20,0,0,0.04133921020083245,0.043254284786857264,0.04522612939021762,FALSE,TRUE
GP9,ENSG00000169704.5,20,0,0,-0.013039668701357063,0.05591763000682137,-0.02253848091351432,FALSE,TRUE
GPAT2,ENSG00000186281.12,20,0,0,0.21155473500685454,0.05041062796515863,0.2113751326089049,FALSE,TRUE
GPC3,ENSG00000147257.15,20,0,0,0.08348966631933655,0.0553582958202806,0.08366738356048989,FALSE,TRUE
GPC5,ENSG00000179399.15,20,0,0,0.1283697651062611,0.05881134571759296,0.11556928220963282,FALSE,TRUE
GPD1,ENSG00000167588.13,20,0,0,-0.20745996652801496,0.04343120253200308,-0.1962950045047996,FALSE,TRUE
GPD1L,ENSG00000152642.11,20,0,0,-0.19395533396542972,0.08693289007798943,-0.1993191285623377,FALSE,TRUE
GPHN,ENSG00000171723.16,20,0,0,-0.09651012962907263,0.09014585638164993,-0.10049007265854974,FALSE,TRUE
GPM6B,ENSG00000046653.15,20,0,0,0.11075742676443653,0.0514272452268032,0.10532187495514124,FALSE,TRUE
GPNMB,ENSG00000136235.17,20,0,0,-0.07717699071809095,0.05752350800121748,-0.08532430664072688,FALSE,TRUE
GPR155,ENSG00000163328.14,20,0,0,-0.14577829876596685,0.05610039563277858,-0.12082310921288816,FALSE,TRUE
GPR171,ENSG00000174946.7,20,0,0,0.05691913126531478,0.04824661096036377,0.05609886658215383,FALSE,TRUE
GPR174,ENSG00000147138.3,20,0,0,-0.04608768535504468,0.051796065192100345,-0.04683358657972108,FALSE,TRUE
GPR176,ENSG00000166073.11,20,0,0,-0.0786822495073913,0.0793569249031909,-0.06560720274951541,FALSE,TRUE
GPR18,ENSG00000125245.13,20,0,0,-4.126868443458955e-4,0.04761369415603746,-0.01738424137720225,FALSE,TRUE
GPR183,ENSG00000169508.7,20,0,0,-0.05061847579405475,0.08714645316385028,-0.05134458038943315,FALSE,TRUE
GPR19,ENSG00000183150.8,20,0,0,0.10480932019145112,0.053845017647118326,0.10594227752163414,FALSE,TRUE
GPR20,ENSG00000204882.4,20,0,0,-0.0300974840023909,0.04449664113878787,-0.0264456902314989,FALSE,TRUE
GPR27,ENSG00000170837.3,20,0,0,-0.07693586509309853,0.04235168200716305,-0.07437081219073481,FALSE,TRUE
GPR34,ENSG00000171659.15,20,0,0,-0.26276397853842026,0.033884365284984924,-0.2502961815403501,FALSE,TRUE
GPR37,ENSG00000170775.3,20,0,0,0.04169303182560196,0.05623111837842339,0.02942460842569949,FALSE,TRUE
GPR4,ENSG00000177464.5,20,0,0,-0.19622457464412407,0.09307023869965492,-0.15879843263714177,FALSE,TRUE
GPR62,ENSG00000180929.6,20,0,0,0.08649449124151146,0.08392467635404735,0.07761049594669073,FALSE,TRUE
GPR65,ENSG00000140030.6,20,0,0,-0.056740540194779907,0.036605152263514,-0.0589576174034233,FALSE,TRUE
GPR82,ENSG00000171657.6,20,0,0,-0.15772351594973796,0.026322686511582927,-0.17103097364755895,FALSE,TRUE
GPR84,ENSG00000139572.4,20,0,0,0.22849774927171088,0.06892393004105335,0.21956092530323432,FALSE,TRUE
GPR85,ENSG00000164604.13,20,0,0,-0.1064346536464866,0.03851163516790708,-0.09337906707875096,FALSE,TRUE
GPRC5B,ENSG00000167191.12,20,0,0,-0.17047467729621127,0.06726682681332266,-0.1597733472650512,FALSE,TRUE
GPSM3,ENSG00000213654.10,20,0,0,0.149108062612822,0.07178437023483814,0.16311834193968316,FALSE,TRUE
GPT2,ENSG00000166123.14,20,0,0,0.11409106502371989,0.06667096848044929,0.1048001646555136,FALSE,TRUE
GPX2,ENSG00000176153.12,20,0,0,0.13464456681785864,0.03844563760159281,0.1250508252443443,FALSE,TRUE
GPX3,ENSG00000211445.12,20,0,0,-0.20705682458208252,0.06033222912054448,-0.22351019175894407,FALSE,TRUE
GRAMD1B,ENSG00000023171.18,20,0,0,0.23855418098373665,0.0642527001726913,0.22858870635564832,FALSE,TRUE
GRAMD1C,ENSG00000178075.20,20,0,0,-0.2610011200388327,0.05321974035442367,-0.2592779273442505,FALSE,TRUE
GRAMD4,ENSG00000075240.17,20,0,0,0.15800062193744202,0.06392120548971597,0.1582027794779027,FALSE,TRUE
GRAP,ENSG00000154016.14,20,0,0,-0.1698140787983567,0.04566842207736008,-0.14915920787309592,FALSE,TRUE
GRAP2,ENSG00000100351.17,20,0,0,-0.08915298198439095,0.04741875559444607,-0.08567230458065574,FALSE,TRUE
GRB10,ENSG00000106070.20,20,0,0,-0.3039446000477054,0.06292961806484682,-0.27013499800564006,FALSE,TRUE
GRB14,ENSG00000115290.10,20,0,0,0.043736588108409205,0.04895566178161784,0.02812927228998816,FALSE,TRUE
GRB7,ENSG00000141738.14,20,0,0,-0.08407386266919246,0.08767821959432744,-0.06766336689908554,FALSE,TRUE
GRHL1,ENSG00000134317.18,20,0,0,-0.007496460549518271,0.041954227827725545,-0.02436352015287627,FALSE,TRUE
GRHL2,ENSG00000083307.12,20,0,0,0.21864765202031541,0.05290708703675384,0.20755317656691577,FALSE,TRUE
GRIA2,ENSG00000120251.21,20,0,0,0.11031491263048761,0.05720751052361067,0.09495108571504988,FALSE,TRUE
GRIA4,ENSG00000152578.13,20,0,0,-0.2573642021549841,0.036174276812885764,-0.2396313954329367,FALSE,TRUE
GRIK2,ENSG00000164418.21,20,0,0,0.10200137802729438,0.060547348431429934,0.11631779923984466,FALSE,TRUE
GRIK5,ENSG00000105737.9,20,0,0,0.16144296595256166,0.056887935754289576,0.1776311230116858,FALSE,TRUE
GRIN2A,ENSG00000183454.18,20,0,0,-0.050426397180562424,0.062176071817198544,-0.05787693008652939,FALSE,TRUE
GRIP1,ENSG00000155974.12,20,0,0,0.03099350110890428,0.06791715009683139,0.01370664507381959,FALSE,TRUE
GRIP2,ENSG00000144596.13,20,0,0,0.22177925884671007,0.05388291669279241,0.21598240952635603,FALSE,TRUE
GRK5,ENSG00000198873.12,20,0,0,-0.0818300378184608,0.06113709630730457,-0.07333858237142202,FALSE,TRUE
GRM1,ENSG00000152822.14,20,0,0,0.03941496844476944,0.04821505721696806,0.0380813316270882,FALSE,TRUE
GRM2,ENSG00000164082.15,20,0,0,0.30806456238798774,0.055633609616604573,0.31327306808252237,FALSE,TRUE
GRM8,ENSG00000179603.18,20,0,0,-0.14145604111197863,0.05303601847684164,-0.1541902652737855,FALSE,TRUE
GSG1L,ENSG00000169181.13,20,0,0,0.16517612622426958,0.050201264677916,0.15412430997947388,FALSE,TRUE
GSTM3,ENSG00000134202.11,20,0,0,-0.08849103004031217,0.04302333330142733,-0.08329412864684813,FALSE,TRUE
GSTM5,ENSG00000134201.12,20,0,0,-0.052900087967689885,0.08365405698609538,-0.06040430325609056,FALSE,TRUE
GSTO2,ENSG00000065621.15,20,0,0,0.09007683793394952,0.07341109513135707,0.08462135897154706,FALSE,TRUE
GTSF1,ENSG00000170627.11,20,0,0,0.03495180763081339,0.08021390653305177,0.03293694410753144,FALSE,TRUE
GTSF1L,ENSG00000124196.6,20,0,0,0.06108578142119077,0.04794517877060931,0.04963023351473433,FALSE,TRUE
GUCA1C,ENSG00000138472.11,20,0,0,0.04038709602071384,0.04157557282812098,0.04087189984579501,FALSE,TRUE
GUCA2B,ENSG00000044012.4,20,0,0,-0.21193955989924626,0.05453135851568275,-0.19389881628583852,FALSE,TRUE
GXYLT2,ENSG00000172986.13,20,0,0,0.0949908860314348,0.07309647937634586,0.09165388521223689,FALSE,TRUE
GYPA,ENSG00000170180.22,20,0,0,-0.2348989858332034,0.06758122548160372,-0.22627001114127657,FALSE,TRUE
GYPC,ENSG00000136732.16,20,0,0,-0.1585816482950813,0.051033042195773565,-0.15066458726208673,FALSE,TRUE
GZMA,ENSG00000145649.8,20,0,0,-0.08182611818300127,0.04393911042896131,-0.0773872169134974,FALSE,TRUE
GZMB,ENSG00000100453.13,20,0,0,0.044144151659028956,0.0635727760661842,0.05296624853122976,FALSE,TRUE
GZMH,ENSG00000100450.13,20,0,0,-0.0030254012942546307,0.04698143908843416,0.01161426205452842,FALSE,FALSE
GZMK,ENSG00000113088.6,20,0,0,-0.12089729744292882,0.0460263419251683,-0.11198125663273067,FALSE,TRUE
GZMM,ENSG00000197540.8,20,0,0,0.022447797622281135,0.041438061972065586,0.03006945883146731,FALSE,TRUE
HAL,ENSG00000084110.11,20,0,0,0.18379232059784084,0.04500864411145464,0.18872946431272697,FALSE,TRUE
HAMP,ENSG00000105697.9,20,0,0,0.23787803481670466,0.07320824703475398,0.23242430803212627,FALSE,TRUE
HAO1,ENSG00000101323.5,20,0,0,0.1971383416226076,0.07060467711937685,0.20931435080788657,FALSE,TRUE
HAP1,ENSG00000173805.16,20,0,0,0.3591963901029326,0.04595182075683374,0.352708158679041,FALSE,TRUE
HAPLN1,ENSG00000145681.11,20,0,0,-0.18233437157798107,0.030817280687448823,-0.1733291077245015,FALSE,TRUE
HAPLN3,ENSG00000140511.12,20,0,0,0.2794046886144233,0.04310648311221521,0.2725603470167485,FALSE,TRUE
HAVCR1,ENSG00000113249.13,20,0,0,-0.21897376112463604,0.04911365808367768,-0.22825792215400628,FALSE,TRUE
HCG27,ENSG00000206344.7,20,0,0,0.1764736592362059,0.07772771438231754,0.16732018525507827,FALSE,TRUE
HCK,ENSG00000101336.17,20,0,0,0.009675096141712811,0.0611863072637463,-0.0058990630146223,FALSE,FALSE
HCLS1,ENSG00000180353.11,20,0,0,-0.0526515440240195,0.0599598630545784,-0.05815761926235718,FALSE,TRUE
HCP5,ENSG00000206337.12,20,0,0,-0.07754840408105904,0.05594168487199806,-0.07296174327683552,FALSE,TRUE
HCRTR2,ENSG00000137252.9,20,0,0,0.08810185323613554,0.07741401642084536,0.06757880565935252,FALSE,TRUE
HCST,ENSG00000126264.10,20,0,0,0.022522872843015195,0.05029987108423017,0.02261080137270121,FALSE,TRUE
HDAC11,ENSG00000163517.15,20,0,0,-0.11861870270716308,0.13483993565140173,-0.09466763750380185,FALSE,TRUE
HDC,ENSG00000140287.11,20,0,0,0.19891804234489224,0.0709895580406622,0.19983624508030115,FALSE,TRUE
HECW1,ENSG00000002746.15,20,0,0,-0.07784932110954713,0.058984914010182854,-0.07466831253177404,FALSE,TRUE
HECW2,ENSG00000138411.13,20,0,0,-0.2639801258398047,0.051514170206988535,-0.25274739628952875,FALSE,TRUE
HEPACAM,ENSG00000165478.7,20,0,0,0.1246391382319268,0.03151348500485397,0.13004718240475105,FALSE,TRUE
HEPACAM2,ENSG00000188175.10,20,0,0,0.04611295596193407,0.04960075502673229,0.02515763740634338,FALSE,TRUE
HES4,ENSG00000188290.11,20,0,0,0.15896960617949357,0.061584420500208945,0.15823366572443942,FALSE,TRUE
HES5,ENSG00000197921.6,20,0,0,-0.004517613256235191,0.04823602382751019,-0.00112205606965485,FALSE,TRUE
HEY1,ENSG00000164683.18,20,0,0,-0.15839275378333306,0.04821251487328895,-0.13878022048187108,FALSE,TRUE
HEY2,ENSG00000135547.9,20,0,0,-0.1266096975262319,0.05996273225890571,-0.11146006889625253,FALSE,TRUE
HEYL,ENSG00000163909.8,20,0,0,-0.003818734525618696,0.07655321170329403,-0.00128020216085238,FALSE,TRUE
HHATL,ENSG00000010282.15,20,0,0,0.20262754265849003,0.05718747502873206,0.1997649174657389,FALSE,TRUE
HIBADH,ENSG00000106049.9,20,0,0,-0.3366536473624394,0.04048446831135122,-0.32458486427384164,FALSE,TRUE
HIGD1A,ENSG00000181061.14,20,0,0,0.04807812237682138,0.022947749155249407,0.03858274180427139,FALSE,TRUE
HIGD1B,ENSG00000131097.7,20,0,0,0.0090199691701171,0.05683523284374772,0.01884675713837917,FALSE,TRUE
HK2,ENSG00000159399.10,20,0,0,-0.033457042770147404,0.07647361057238408,-0.0349965041430979,FALSE,TRUE
HK3,ENSG00000160883.11,20,0,0,0.2773700632614727,0.05935968888503351,0.2714255816091237,FALSE,TRUE
HLA-A,ENSG00000206503.13,20,0,0,-0.08614903569561388,0.04756201957355542,-0.09242950124566736,FALSE,TRUE
HLA-B,ENSG00000234745.12,20,0,0,-0.15116083131833444,0.05128680118080592,-0.1494146128927185,FALSE,TRUE
HLA-C,ENSG00000204525.17,20,0,0,-0.13121914841316867,0.05545473838810913,-0.1290659335444966,FALSE,TRUE
HLA-DMA,ENSG00000204257.15,20,0,0,-0.09064691177803484,0.040079885623590716,-0.08170194602432543,FALSE,TRUE
HLA-DMB,ENSG00000242574.9,20,0,0,-0.09809723399481324,0.04719423951949071,-0.08455847537655489,FALSE,TRUE
HLA-DOA,ENSG00000204252.14,20,0,0,-0.2568216128825668,0.025261047289522942,-0.2486556365632981,FALSE,TRUE
HLA-DOB,ENSG00000241106.8,20,0,0,-0.02533135499524343,0.03158205192663922,-0.02278715903070182,FALSE,TRUE
HLA-DPA1,ENSG00000231389.7,20,0,0,-0.2515597398246267,0.03923828715668948,-0.24311429684036176,FALSE,TRUE
HLA-DPB1,ENSG00000223865.11,20,0,0,-0.24059879936677359,0.025373561636549524,-0.22766819565720353,FALSE,TRUE
HLA-DPB2,ENSG00000224557.7,20,0,0,-0.14515554660868088,0.05662584534565002,-0.13627120854561894,FALSE,TRUE
HLA-DQA1,ENSG00000196735.13,20,0,0,-0.1884201775935368,0.03679800477701259,-0.18856155602938848,FALSE,TRUE
HLA-DQB1,ENSG00000179344.16,20,0,0,-0.17583095541088498,0.03237095619992841,-0.16202523301259977,FALSE,TRUE
HLA-DQB2,ENSG00000232629.9,20,0,0,-0.3035430772566511,0.03436745900557675,-0.29287070312298746,FALSE,TRUE
HLA-DRA,ENSG00000204287.14,20,0,0,-0.25838056585600794,0.03703949155277758,-0.24819526327858235,FALSE,TRUE
HLA-DRB1,ENSG00000196126.11,20,0,0,-0.1517118005975137,0.04516351480412181,-0.1407249180800838,FALSE,TRUE
HLA-E,ENSG00000204592.9,20,0,0,-0.3232875339875695,0.04438969107061019,-0.3086537018736956,FALSE,TRUE
HLA-F,ENSG00000204642.14,20,0,0,-0.02328682293364421,0.04604695584146428,-0.01801937827113973,FALSE,TRUE
HLA-G,ENSG00000204632.11,20,0,0,-0.17757443730209121,0.045486086383772495,-0.1822884560982312,FALSE,TRUE
HLX,ENSG00000136630.13,20,0,0,0.14032161992531753,0.06493071495857386,0.16628151163475963,FALSE,TRUE
HMCN1,ENSG00000143341.12,20,0,0,-0.2698575222463424,0.04715600698320893,-0.25493580289246215,FALSE,TRUE
HMGCR,ENSG00000113161.16,20,0,0,-0.3031059124382376,0.04616056947236724,-0.3121568450831166,FALSE,TRUE
HMMR,ENSG00000072571.20,20,0,0,0.18527907383211095,0.06407687291403069,0.18567380878474649,FALSE,TRUE
HMOX1,ENSG00000100292.18,20,0,0,-0.24005860838400084,0.027578035703408416,-0.23671293150461512,FALSE,TRUE
HMX2,ENSG00000188816.3,20,0,0,0.1386452446460189,0.060751016722877776,0.11931911537280276,FALSE,TRUE
HOMER1,ENSG00000152413.15,20,0,0,0.11906262123707673,0.07181571381779274,0.093149162625222,FALSE,TRUE
HORMAD1,ENSG00000143452.16,20,0,0,0.22928640559480112,0.05702580517279515,0.2168800008524998,FALSE,TRUE
HOTAIR,ENSG00000228630.5,20,0,0,0.2811943541126837,0.05906475477131001,0.2919863445970702,FALSE,TRUE
HOXA11,ENSG00000005073.6,20,0,0,0.24826096004235715,0.048197027174772256,0.2429147741299326,FALSE,TRUE
HOXA13,ENSG00000106031.9,20,0,0,0.14275885774571304,0.0633948584353245,0.15657026276530572,FALSE,TRUE
HOXA4,ENSG00000197576.14,20,0,0,-0.07250860285120739,0.05442654508178278,-0.05451131776152378,FALSE,TRUE
HOXA7,ENSG00000122592.8,20,0,0,-0.07179142639734881,0.08335641144136235,-0.0481031343397413,FALSE,TRUE
HOXB1,ENSG00000120094.9,20,0,0,0.09893633757544039,0.0502532212661958,0.09485638492800598,FALSE,TRUE
HOXB13,ENSG00000159184.8,20,0,0,0.23799960225411093,0.06115760050319924,0.22992370786154484,FALSE,TRUE
HOXB5,ENSG00000120075.5,20,0,0,0.2675249007265724,0.055210345927548865,0.2698632566193202,FALSE,TRUE
HOXB6,ENSG00000108511.10,20,0,0,0.1784145956409916,0.03504211421637399,0.17920086969949342,FALSE,TRUE
HOXB8,ENSG00000120068.7,20,0,0,0.09223594506161738,0.048344071425319865,0.10896751715349652,FALSE,TRUE
HOXD1,ENSG00000128645.15,20,0,0,-0.14851878556401976,0.0959208257458965,-0.12642225276970298,FALSE,TRUE
HOXD10,ENSG00000128710.6,20,0,0,0.10796877608724559,0.05064811048470283,0.10783146306662544,FALSE,TRUE
HOXD13,ENSG00000128714.6,20,0,0,0.09452025057040901,0.04601008067306532,0.07988391537254026,FALSE,TRUE
HOXD3,ENSG00000128652.11,20,0,0,0.1353249469749237,0.0693033504022978,0.15484620809982497,FALSE,TRUE
HOXD8,ENSG00000175879.9,20,0,0,-0.25469984073038077,0.05266109473095687,-0.2303301210253617,FALSE,TRUE
HP,ENSG00000257017.9,20,0,0,0.1470089565942175,0.06666706800764498,0.11651701012246644,FALSE,TRUE
HPCA,ENSG00000121905.10,20,0,0,-0.1822854265524007,0.07087034652004656,-0.17470803034189974,FALSE,TRUE
HPCAL1,ENSG00000115756.13,20,0,0,-0.13021110014020476,0.05829937063057532,-0.11722911482495976,FALSE,TRUE
HPCAL4,ENSG00000116983.13,20,0,0,-0.08011462972740373,0.09420777608627687,-0.08786657125415684,FALSE,TRUE
HPD,ENSG00000158104.11,20,0,0,-0.09049659370608742,0.06417437827926234,-0.0952413425592292,FALSE,TRUE
HRG,ENSG00000113905.5,20,0,0,0.10174552855311429,0.07995584035856487,0.09221220777324136,FALSE,TRUE
HRH1,ENSG00000196639.7,20,0,0,0.12148394700559856,0.061325833288004936,0.0987012518873501,FALSE,TRUE
HS3ST2,ENSG00000122254.7,20,0,0,-0.1163053548787524,0.05962772345010588,-0.1338957813039905,FALSE,TRUE
HS3ST3B1,ENSG00000125430.9,20,0,0,0.06270413784818518,0.07303584670897091,0.03939281504867909,FALSE,TRUE
HS3ST6,ENSG00000162040.7,20,0,0,0.09751503362464994,0.05155551008092617,0.11019355460797588,FALSE,TRUE
HS6ST1,ENSG00000136720.7,20,0,0,0.0022771038510688065,0.053958577258257576,-0.00513903124234667,FALSE,FALSE
HS6ST2,ENSG00000171004.18,20,0,0,0.23991681897827097,0.043993416006983754,0.22894832262209033,FALSE,TRUE
HS6ST3,ENSG00000185352.8,20,0,0,-0.2598035730968057,0.13450879025729753,-0.24050412229249632,FALSE,TRUE
HSD11B2,ENSG00000176387.7,20,0,0,-0.18941771484935577,0.08347968058232896,-0.1643312248090822,FALSE,TRUE
HSD17B1,ENSG00000108786.11,20,0,0,0.1197300691294936,0.0391955316535114,0.11732851887560691,FALSE,TRUE
HSD3B7,ENSG00000099377.14,20,0,0,-0.08077220831238946,0.05803661260069301,-0.07752378132320917,FALSE,TRUE
HSF4,ENSG00000102878.17,20,0,0,0.17027379911112994,0.0991948423257704,0.1716224602296031,FALSE,TRUE
HSH2D,ENSG00000196684.12,20,0,0,0.21251244551536885,0.05962770484380214,0.21190385741932305,FALSE,TRUE
HSPA2,ENSG00000126803.9,20,0,0,0.11727130107754041,0.06734687832010278,0.10479816605065796,FALSE,TRUE
HSPA6,ENSG00000173110.8,20,0,0,0.22441794039683696,0.05050225973737099,0.21104115968187817,FALSE,TRUE
HSPB2,ENSG00000170276.6,20,0,0,-0.2142975851513923,0.048397487353123464,-0.20565919518868572,FALSE,TRUE
HSPB3,ENSG00000169271.3,20,0,0,0.04955578659406118,0.05980013199992585,0.03324591021032333,FALSE,TRUE
HSPB7,ENSG00000173641.18,20,0,0,0.013343234392325883,0.03550037428832967,0.00753132040497816,FALSE,TRUE
HSPB8,ENSG00000152137.8,20,0,0,-0.2601020496458875,0.04392620937565256,-0.24927489828518368,FALSE,TRUE
HSPB9,ENSG00000260325.2,20,0,0,0.10355352873465165,0.019894095739108997,0.11073405955926492,FALSE,TRUE
HTATIP2,ENSG00000109854.14,20,0,0,-0.014704358563932048,0.07810812944580195,-0.00968969145827778,FALSE,TRUE
HTR1A,ENSG00000178394.5,20,0,0,-0.07296383998713432,0.051975741589609326,-0.06345488123555723,FALSE,TRUE
HTR1F,ENSG00000179097.6,20,0,0,0.05958753723424589,0.03765034478633463,0.05103767754632799,FALSE,TRUE
HTR3B,ENSG00000149305.7,20,0,0,0.07625178200281074,0.04567497666863273,0.06970732469242262,FALSE,TRUE
HTR7,ENSG00000148680.16,20,0,0,-0.19790799920587776,0.05436251977948531,-0.198902261849044,FALSE,TRUE
HTRA4,ENSG00000169495.5,20,0,0,0.08504542930548395,0.043471750122427114,0.07809251217413188,FALSE,TRUE
HVCN1,ENSG00000122986.14,20,0,0,-0.10245333327092992,0.04032940185445266,-0.08971317091718534,FALSE,TRUE
HYAL1,ENSG00000114378.17,20,0,0,-0.2996809242729799,0.031947334953820794,-0.2871371291305551,FALSE,TRUE
IBSP,ENSG00000029559.7,20,0,0,0.16131998307107703,0.04002886378105902,0.15560571917947777,FALSE,TRUE
ICAM1,ENSG00000090339.9,20,0,0,-0.05867640638671222,0.060162626781406575,-0.05095722411609434,FALSE,TRUE
ICAM3,ENSG00000076662.10,20,0,0,-0.17501053833055724,0.02935031522541276,-0.1669343582564949,FALSE,TRUE
ICOS,ENSG00000163600.13,20,0,0,-0.004229352892380253,0.040577193267688286,-0.00407355868441331,FALSE,TRUE
IDH2,ENSG00000182054.10,20,0,0,-0.008774151209042493,0.056450585855202684,-0.02049697848360511,FALSE,TRUE
IDI1,ENSG00000067064.11,20,0,0,-0.2518113394061053,0.1043416588505427,-0.2422362948879408,FALSE,TRUE
IDO1,ENSG00000131203.13,20,0,0,-0.19475633472847786,0.051143462174120496,-0.1920721547154892,FALSE,TRUE
IFI16,ENSG00000163565.19,20,0,0,0.18330310098264704,0.09212716323272353,0.18259974543050256,FALSE,TRUE
IFI27,ENSG00000165949.12,20,0,0,-0.09747790646426777,0.03147547461438929,-0.09361487715768883,FALSE,TRUE
IFI44L,ENSG00000137959.16,20,0,0,-0.02372849982057759,0.0918712992093747,-0.02138121949341718,FALSE,TRUE
IFNAR2,ENSG00000159110.20,20,0,0,0.1934088809709372,0.05440440796609444,0.1890670329499871,FALSE,TRUE
IFNG,ENSG00000111537.5,20,0,0,0.055932068863806514,0.03558501249961418,0.05402405747810845,FALSE,TRUE
IFNGR2,ENSG00000159128.15,20,0,0,0.03202414304351487,0.06094327570592611,0.03287288576521546,FALSE,TRUE
IGDCC3,ENSG00000174498.14,20,0,0,0.2278039229101377,0.07037399481703469,0.23739485586004433,FALSE,TRUE
IGDCC4,ENSG00000103742.12,20,0,0,0.27088898680667617,0.0674600981967255,0.26236121814847296,FALSE,TRUE
IGF2BP2,ENSG00000073792.16,20,0,0,0.26617255819157537,0.05350849801133639,0.26188405256886105,FALSE,TRUE
IGF2BP3,ENSG00000136231.14,20,0,0,0.24196096206963236,0.05773866977171169,0.2456335347161692,FALSE,TRUE
IGFALS,ENSG00000099769.6,20,0,0,0.17479170708247,0.055217108245846996,0.16963462493667522,FALSE,TRUE
IGFBP1,ENSG00000146678.10,20,0,0,0.10600499715951264,0.0661622928870362,0.09816900108344936,FALSE,TRUE
IGFBP2,ENSG00000115457.10,20,0,0,0.2330458304140799,0.056617208445635586,0.23171201167623565,FALSE,TRUE
IGFBP3,ENSG00000146674.15,20,0,0,-0.1092362698342532,0.07554881519335624,-0.1093222036771798,FALSE,TRUE
IGFN1,ENSG00000163395.17,20,0,0,0.2925516181540976,0.04529270960976506,0.28766484684216087,FALSE,TRUE
IGSF10,ENSG00000152580.8,20,0,0,0.18191927403423236,0.04115563962015986,0.18054234399290237,FALSE,TRUE
IGSF11,ENSG00000144847.13,20,0,0,0.02501657315899064,0.07301108493963918,0.01823989739389687,FALSE,TRUE
IGSF21,ENSG00000117154.12,20,0,0,-0.08991296620316117,0.05131610565580369,-0.07427033260836326,FALSE,TRUE
IGSF3,ENSG00000143061.18,20,0,0,-0.1265956681891269,0.08012723480612804,-0.1469701974299602,FALSE,TRUE
IGSF5,ENSG00000183067.5,20,0,0,0.10835494710984632,0.07515768970504533,0.10483577484723726,FALSE,TRUE
IGSF6,ENSG00000140749.9,20,0,0,-0.10316714003906488,0.06321495774889874,-0.1224775564028516,FALSE,TRUE
IGSF9,ENSG00000085552.17,20,0,0,0.12441754835865182,0.06960097251113612,0.10447854652215809,FALSE,TRUE
IKBIP,ENSG00000166130.15,20,0,0,-0.08663471958567656,0.0947516340731643,-0.0740312182207755,FALSE,TRUE
IKZF1,ENSG00000185811.19,20,0,0,-0.16719013800123425,0.042965381463066415,-0.17245843044425843,FALSE,TRUE
IKZF3,ENSG00000161405.17,20,0,0,-0.0799250034493293,0.05439045734113128,-0.07697336225235972,FALSE,TRUE
IL10RA,ENSG00000110324.11,20,0,0,0.027037273492153055,0.049149313987058116,0.04191750252514682,FALSE,TRUE
IL11,ENSG00000095752.7,20,0,0,0.28972772728767604,0.03477074844659511,0.2679420479359078,FALSE,TRUE
IL12RB1,ENSG00000096996.16,20,0,0,-0.018987669899744083,0.04676347868061055,-0.01579572910765557,FALSE,TRUE
IL12RB2,ENSG00000081985.13,20,0,0,-0.04599080789301514,0.05256378888179176,-0.06085660697865033,FALSE,TRUE
IL13RA2,ENSG00000123496.8,20,0,0,0.02921752361781467,0.06563655761576212,0.03354351848061845,FALSE,TRUE
IL15,ENSG00000164136.17,20,0,0,-0.0484056259410329,0.05129771222766963,-0.05234268236166563,FALSE,TRUE
IL15RA,ENSG00000134470.21,20,0,0,0.16557690049500362,0.05193063678012602,0.18008741834401792,FALSE,TRUE
IL16,ENSG00000172349.17,20,0,0,-0.12752633446951545,0.04974520305933833,-0.11448805965664832,FALSE,TRUE
IL17RE,ENSG00000163701.19,20,0,0,0.10043624819388203,0.04230178193301998,0.108910205606222,FALSE,TRUE
IL18BP,ENSG00000137496.18,20,0,0,0.03561493817126107,0.03595287245132978,0.02943274193921289,FALSE,TRUE
IL18R1,ENSG00000115604.11,20,0,0,-0.24840740692513913,0.044366272180796196,-0.2383771631298208,FALSE,TRUE
IL18RAP,ENSG00000115607.9,20,0,0,0.08920490696593726,0.04763103560053346,0.08899231538158549,FALSE,TRUE
IL1RAP,ENSG00000196083.10,20,0,0,0.11719560532526159,0.06000944359635854,0.11356735925911576,FALSE,TRUE
IL1RL1,ENSG00000115602.17,20,0,0,-0.13197293054508177,0.08539552114744083,-0.14761985241280692,FALSE,TRUE
IL20,ENSG00000162891.10,20,0,0,0.12709068751455171,0.05275797085998353,0.11206634080739925,FALSE,TRUE
IL20RA,ENSG00000016402.13,20,0,0,0.22226056780013087,0.05996040196471608,0.22036353835745312,FALSE,TRUE
IL20RB,ENSG00000174564.13,20,0,0,0.18739527111324794,0.04773231774065953,0.19534620062892413,FALSE,TRUE
IL21R,ENSG00000103522.16,20,0,0,0.10927146684002964,0.03091485586740661,0.11506198264179972,FALSE,TRUE
IL2RA,ENSG00000134460.18,20,0,0,0.17333067256463536,0.07610120686474109,0.1667553859945606,FALSE,TRUE
IL2RB,ENSG00000100385.14,20,0,0,-0.005110509422331724,0.027065480511368513,0.00177054156966807,FALSE,FALSE
IL2RG,ENSG00000147168.13,20,0,0,0.027156824896643318,0.07098571908685185,0.04098311445257852,FALSE,TRUE
IL32,ENSG00000008517.18,20,0,0,-0.18996881891712472,0.04911839883982402,-0.187445356469408,FALSE,TRUE
IL3RA,ENSG00000185291.12,20,0,0,-0.05001834600196752,0.06332397504783124,-0.02802157685698099,FALSE,TRUE
IL4I1,ENSG00000104951.16,20,0,0,0.11080718262943035,0.0824399057228726,0.10254972881748832,FALSE,TRUE
IL4R,ENSG00000077238.14,20,0,0,0.28586342946330706,0.08725258518181389,0.284309853680822,FALSE,TRUE
IL7,ENSG00000104432.14,20,0,0,-0.13798670940631036,0.0539663037502192,-0.1414598762298476,FALSE,TRUE
IL7R,ENSG00000168685.15,20,0,0,-0.10823995317983565,0.060404029684644436,-0.10204587859165822,FALSE,TRUE
ILDR1,ENSG00000145103.15,20,0,0,-0.2627890661162202,0.04641117119412136,-0.2575401241155102,FALSE,TRUE
ILK,ENSG00000166333.14,20,0,0,0.234609074862061,0.04990572711583627,0.2499109776017961,FALSE,TRUE
INF2,ENSG00000203485.14,20,0,0,0.08389473020867111,0.10051041981227907,0.12114897923587092,FALSE,TRUE
INHBB,ENSG00000163083.6,20,0,0,-0.0150015006933675,0.0830867960345055,-0.00995659871054101,FALSE,TRUE
INHBE,ENSG00000139269.3,20,0,0,0.027472755959187425,0.04987831030891069,0.04236209565323792,FALSE,TRUE
INO80C,ENSG00000153391.16,20,0,0,-0.20899648479748245,0.05415272256485121,-0.18817797521524665,FALSE,TRUE
INO80E,ENSG00000169592.15,20,0,0,0.20300310552496204,0.09976393732664868,0.19768987441945407,FALSE,TRUE
INPP5D,ENSG00000168918.14,20,0,0,0.013181708081053761,0.060105716304405796,0.00243020775321085,FALSE,TRUE
INPP5J,ENSG00000185133.14,20,0,0,0.12570931723518053,0.020356501590967038,0.11713353840553434,FALSE,TRUE
INSC,ENSG00000188487.12,20,0,0,0.06966213661513435,0.03653089954264643,0.08332049460651185,FALSE,TRUE
INSL3,ENSG00000248099.4,20,0,0,0.1034479658955123,0.04720829289916867,0.10711990408485196,FALSE,TRUE
IPO13,ENSG00000117408.11,20,0,0,0.0811333059404699,0.039509558087094956,0.06149224383828018,FALSE,TRUE
IQCH,ENSG00000103599.20,20,0,0,0.04706244731986839,0.05491930311035579,0.01477928148824388,FALSE,TRUE
IRF1,ENSG00000125347.14,20,0,0,0.0067576836725411725,0.040444094917268296,-0.00569772689031643,FALSE,FALSE
IRF4,ENSG00000137265.15,20,0,0,0.07066289623349328,0.03831463438278357,0.05753024242678978,FALSE,TRUE
IRF6,ENSG00000117595.12,20,0,0,-0.2002916303911592,0.06383469356123858,-0.22379851177294768,FALSE,TRUE
IRF7,ENSG00000185507.21,20,0,0,0.18775226347708948,0.07569691927797778,0.1958652831276644,FALSE,TRUE
IRF8,ENSG00000140968.11,20,0,0,-0.1471119410229337,0.03413882563309614,-0.14803216766776944,FALSE,TRUE
IRS1,ENSG00000169047.5,20,0,0,0.025446585375962293,0.043634000587692665,0.03937778934428173,FALSE,TRUE
IRX1,ENSG00000170549.4,20,0,0,0.05824231607299614,0.09685820774167515,0.06653622694605177,FALSE,TRUE
IRX2,ENSG00000170561.13,20,0,0,0.12947975900201975,0.0648407752513742,0.12001432365957228,FALSE,TRUE
IRX3,ENSG00000177508.12,20,0,0,-0.1367205825876618,0.05782166799708889,-0.11998397654226224,FALSE,TRUE
ISG15,ENSG00000187608.10,20,0,0,0.21379639318893184,0.06061474940377781,0.2180794255254807,FALSE,TRUE
ISG20,ENSG00000172183.15,20,0,0,0.1535190864406118,0.07055808699827223,0.1301389176851165,FALSE,TRUE
ISM2,ENSG00000100593.18,20,0,0,0.12340047963111547,0.034162403122592847,0.10177286792143614,FALSE,TRUE
ISX,ENSG00000175329.13,20,0,0,0.20064914007175402,0.039541023910003276,0.19339004485173283,FALSE,TRUE
ITGA10,ENSG00000143127.13,20,0,0,0.023537548905286247,0.048224039862641115,0.02759501745505155,FALSE,TRUE
ITGA4,ENSG00000115232.14,20,0,0,-0.14423578414156946,0.06209787094743881,-0.1454416913482451,FALSE,TRUE
ITGA5,ENSG00000161638.11,20,0,0,0.09868412951158204,0.0717098462515932,0.09614317880716897,FALSE,TRUE
ITGAD,ENSG00000156886.12,20,0,0,0.032889120997135694,0.04539372944652273,0.01777001692912944,FALSE,TRUE
ITGAL,ENSG00000005844.19,20,0,0,-0.0331257886467112,0.049268193772702806,-0.01939005083870816,FALSE,TRUE
ITGAM,ENSG00000169896.18,20,0,0,-0.05054281481591262,0.05135232729204362,-0.05486313248850994,FALSE,TRUE
ITGAX,ENSG00000140678.17,20,0,0,0.17855021933307877,0.04589388041817999,0.1721065446863659,FALSE,TRUE
ITGB2,ENSG00000160255.18,20,0,0,-0.09305753699656716,0.02676899574106116,-0.08622951681048309,FALSE,TRUE
ITGB6,ENSG00000115221.12,20,0,0,0.08013696724463212,0.061445778831020384,0.09363036903264768,FALSE,TRUE
ITIH2,ENSG00000151655.19,20,0,0,0.20334070905984764,0.04159229806790571,0.18780514135141907,FALSE,TRUE
ITIH3,ENSG00000162267.12,20,0,0,0.12684222433662384,0.06612747954178061,0.11803141201027276,FALSE,TRUE
ITK,ENSG00000113263.13,20,0,0,-0.06742828494468825,0.0494516674510367,-0.0706088528996579,FALSE,TRUE
ITLN1,ENSG00000179914.5,20,0,0,-0.008896860502820046,0.06563490055543182,-0.00662506214902642,FALSE,TRUE
ITM2C,ENSG00000135916.16,20,0,0,-0.058006370465479525,0.05352395201730646,-0.05610945904019171,FALSE,TRUE
ITPKA,ENSG00000137825.11,20,0,0,0.2588624427995009,0.036831838070774725,0.25751137548712805,FALSE,TRUE
ITPR2,ENSG00000123104.12,20,0,0,-0.017808973555644904,0.0828248299042561,-0.04236404161935267,FALSE,TRUE
ITPRIPL1,ENSG00000198885.10,20,0,0,0.10700689917954681,0.055869393815578566,0.09984430390907596,FALSE,TRUE
IZUMO1,ENSG00000182264.9,20,0,0,0.203793027907195,0.03288466908225024,0.2050831303995863,FALSE,TRUE
JAG2,ENSG00000184916.9,20,0,0,-0.17842662726725494,0.06411519513577227,-0.150946620402853,FALSE,TRUE
JAK3,ENSG00000105639.20,20,0,0,0.24234086164577345,0.0842792253319527,0.24709120094854892,FALSE,TRUE
JMY,ENSG00000152409.9,20,0,0,-0.06248406879343787,0.030415464075068635,-0.06873165800774209,FALSE,TRUE
JPH2,ENSG00000149596.7,20,0,0,-0.10137914155872954,0.04031572578908278,-0.10269140648763594,FALSE,TRUE
JUP,ENSG00000173801.17,20,0,0,-0.2447841895815694,0.06451432023039447,-0.234563237871895,FALSE,TRUE
KCNA3,ENSG00000177272.9,20,0,0,-0.17238697197464736,0.03978373499803675,-0.17056267091481894,FALSE,TRUE
KCNB1,ENSG00000158445.10,20,0,0,-0.16313423060365911,0.05865527123687653,-0.1841028139798044,FALSE,TRUE
KCNB2,ENSG00000182674.6,20,0,0,-0.04979770549093766,0.04218690353245629,-0.0440437756647091,FALSE,TRUE
KCND2,ENSG00000184408.10,20,0,0,0.055791746209417035,0.04581617391190247,0.05250665956481974,FALSE,TRUE
KCNE1,ENSG00000180509.12,20,0,0,0.17756144895281112,0.06524552211953269,0.15662721614255654,FALSE,TRUE
KCNE3,ENSG00000175538.11,20,0,0,-0.21639067468547096,0.06532213031912215,-0.1887986535351591,FALSE,TRUE
KCNE4,ENSG00000152049.6,20,0,0,-0.11350390197566695,0.06268604428071392,-0.09142317547308326,FALSE,TRUE
KCNG2,ENSG00000178342.4,20,0,0,0.11423861112372924,0.05588013103862216,0.10827194483646792,FALSE,TRUE
KCNG3,ENSG00000171126.8,20,0,0,0.21365234595842575,0.03499283601656536,0.1984846592833267,FALSE,TRUE
KCNH1,ENSG00000143473.13,20,0,0,0.27741933700471977,0.044111927433334724,0.25075822849969526,FALSE,TRUE
KCNH3,ENSG00000135519.8,20,0,0,0.3176463053768482,0.05321874696939921,0.2952129194299484,FALSE,TRUE
KCNH6,ENSG00000173826.15,20,0,0,-0.2247215994326251,0.037581839354507596,-0.21680761579021893,FALSE,TRUE
KCNH7,ENSG00000184611.12,20,0,0,0.0462780106453725,0.0684526007258929,0.04184183543166357,FALSE,TRUE
KCNIP1,ENSG00000182132.14,20,0,0,0.0969098180645063,0.04453106381571688,0.08233846767950423,FALSE,TRUE
KCNJ1,ENSG00000151704.16,20,0,0,0.04972843064059567,0.04935878733482429,0.04423299873808944,FALSE,TRUE
KCNJ10,ENSG00000177807.10,20,0,0,0.08428631712007872,0.038477340878939156,0.06799780955093981,FALSE,TRUE
KCNJ12,ENSG00000184185.10,20,0,0,-0.011836857680019675,0.03601088162229193,-0.03488085951876722,FALSE,TRUE
KCNJ13,ENSG00000115474.7,20,0,0,0.10370736685616419,0.03984673210697792,0.09237291980268932,FALSE,TRUE
KCNJ15,ENSG00000157551.19,20,0,0,-0.32200829199669834,0.03639345397718208,-0.31658874318683483,FALSE,TRUE
KCNJ16,ENSG00000153822.14,20,0,0,-0.298152110810572,0.050278717040296794,-0.304586777188335,FALSE,TRUE
KCNJ2,ENSG00000123700.5,20,0,0,-0.004161580874349621,0.06408766335056199,0.00656659622149576,FALSE,FALSE
KCNK10,ENSG00000100433.16,20,0,0,-0.21082330518659761,0.03544046313762003,-0.2217249598682546,FALSE,TRUE
KCNK13,ENSG00000152315.5,20,0,0,-0.042727969430304685,0.04231945934783794,-0.06107344677283434,FALSE,TRUE
KCNK3,ENSG00000171303.7,20,0,0,-0.17387876691989412,0.06167075692329338,-0.16533818225638777,FALSE,TRUE
KCNMA1,ENSG00000156113.24,20,0,0,-0.15518214846456685,0.0682552481654907,-0.1672050691868733,FALSE,TRUE
KCNMB1,ENSG00000145936.9,20,0,0,-0.00747491233435019,0.03539478658684395,9.603579401538554e-4,FALSE,FALSE
KCNMB2,ENSG00000197584.12,20,0,0,0.13276707567284707,0.04435683641716037,0.1351443429659018,FALSE,TRUE
KCNN1,ENSG00000105642.15,20,0,0,0.029138513774630195,0.03963943353330649,0.01024624573859907,FALSE,TRUE
KCNN4,ENSG00000104783.14,20,0,0,0.33275529581522634,0.08049868569312779,0.3205648820136266,FALSE,TRUE
KCNQ1,ENSG00000053918.18,20,0,0,-0.05555013314655079,0.09381595524033554,-0.05605133879577478,FALSE,TRUE
KCNV1,ENSG00000164794.9,20,0,0,-0.1861222518010243,0.04970613394084955,-0.1713757116032145,FALSE,TRUE
KCTD1,ENSG00000134504.14,20,0,0,0.161636309260114,0.06412450375370093,0.14818847299291257,FALSE,TRUE
KHDRBS2,ENSG00000112232.10,20,0,0,0.1471346835664435,0.051591280612315354,0.12726834786562205,FALSE,TRUE
KIAA0319,ENSG00000137261.14,20,0,0,-0.0043920025859027515,0.05548329707426993,-0.01761363593981958,FALSE,TRUE
KIAA0408,ENSG00000189367.15,20,0,0,0.05448889434163426,0.03957839348098306,0.05368873426940641,FALSE,TRUE
KIAA1210,ENSG00000250423.2,20,0,0,0.006538488934087898,0.058283835693205895,0.00274981798874893,FALSE,TRUE
KIF13B,ENSG00000197892.13,20,0,0,-0.29603206818145567,0.0577487309272845,-0.3008748245960213,FALSE,TRUE
KIF15,ENSG00000163808.17,20,0,0,0.222537884660724,0.05995428878912981,0.21528450646534117,FALSE,TRUE
KIF18A,ENSG00000121621.7,20,0,0,0.2940464434388209,0.06489398647692268,0.284536041005169,FALSE,TRUE
KIF21B,ENSG00000116852.15,20,0,0,0.07167309222829135,0.048302848483406116,0.0771912682643851,FALSE,TRUE
KIF25,ENSG00000125337.19,20,0,0,0.18823239359496322,0.046632880895750656,0.19210844001293712,FALSE,TRUE
KIF5A,ENSG00000155980.13,20,0,0,0.3087583687794543,0.08942674765562786,0.2859489549039688,FALSE,TRUE
KIF6,ENSG00000164627.18,20,0,0,0.018127541960924382,0.05254895173325643,2.550575188970415e-4,FALSE,TRUE
KIFC1,ENSG00000237649.8,20,0,0,0.26074626610875473,0.05456820854118877,0.2659059863362811,FALSE,TRUE
KIR2DL4,ENSG00000189013.14,20,0,0,-0.010358777357051275,0.04925260018120915,-0.00496139337898312,FALSE,TRUE
KIR3DL1,ENSG00000167633.18,20,0,0,-0.17490671877105218,0.061789323714842276,-0.15204972874213285,FALSE,TRUE
KIRREL2,ENSG00000126259.20,20,0,0,0.14863422241416474,0.04191254474902131,0.15247085330861665,FALSE,TRUE
KISS1R,ENSG00000116014.10,20,0,0,-0.06099564472577107,0.05287644716663081,-0.06698823445706815,FALSE,TRUE
KITLG,ENSG00000049130.16,20,0,0,-0.1215636910294013,0.08927917421795288,-0.1337247291605226,FALSE,TRUE
KLC3,ENSG00000104892.17,20,0,0,0.2334044952233309,0.03364025265988316,0.2147774476130956,FALSE,TRUE
KLF5,ENSG00000102554.14,20,0,0,-0.15291837798080338,0.05531047997710502,-0.144668011861824,FALSE,TRUE
KLF8,ENSG00000102349.18,20,0,0,-0.023876604705083508,0.050158611871723185,-0.0115062931522222,FALSE,TRUE
KLHDC7A,ENSG00000179023.8,20,0,0,-0.26137131572448513,0.05070782831393647,-0.27121727373008603,FALSE,TRUE
KLHDC8A,ENSG00000162873.15,20,0,0,0.12490005315869207,0.04596488886897547,0.12184865350488558,FALSE,TRUE
KLHL1,ENSG00000150361.12,20,0,0,0.07699207436220183,0.042393831936005336,0.09085624523490073,FALSE,TRUE
KLHL14,ENSG00000197705.10,20,0,0,0.16191990935944053,0.05497368799432137,0.1405749877157125,FALSE,TRUE
KLHL21,ENSG00000162413.16,20,0,0,-0.07599636473892112,0.06668228238414652,-0.06504071970393863,FALSE,TRUE
KLHL3,ENSG00000146021.15,20,0,0,0.27531703792994644,0.0630848256197779,0.25915262456890326,FALSE,TRUE
KLHL6,ENSG00000172578.12,20,0,0,0.008727375351851488,0.07017047175415522,-9.780056157359966e-4,FALSE,FALSE
KLHL8,ENSG00000145332.14,20,0,0,-0.27672312562761997,0.06894183007672516,-0.283665427355789,FALSE,TRUE
KLK1,ENSG00000167748.11,20,0,0,0.18065489580930838,0.04251461716708951,0.18071962114522647,FALSE,TRUE
KLK5,ENSG00000167754.13,20,0,0,0.10747508015690782,0.05900692950347722,0.09631442934879574,FALSE,TRUE
KLK6,ENSG00000167755.15,20,0,0,0.008658802694415322,0.04900115904232453,0.00461412395534321,FALSE,TRUE
KLK7,ENSG00000169035.12,20,0,0,0.017843978454627672,0.05368575136839228,0.00941169768025363,FALSE,TRUE
KLRB1,ENSG00000111796.4,20,0,0,-0.157854443231741,0.07450170235110676,-0.1609123910800435,FALSE,TRUE
KLRC1,ENSG00000134545.14,20,0,0,-0.009667588407557862,0.05707986592051005,0.00762020116055672,FALSE,FALSE
KLRC3,ENSG00000205810.9,20,0,0,-0.039024024098533984,0.06381017462952623,-0.02786893426389598,FALSE,TRUE
KLRD1,ENSG00000134539.17,20,0,0,0.03421642016802273,0.0690478173761807,0.02677760606675288,FALSE,TRUE
KLRG2,ENSG00000188883.5,20,0,0,0.147607158990504,0.04616756893754348,0.1303479872292912,FALSE,TRUE
KNDC1,ENSG00000171798.18,20,0,0,0.059911373232261075,0.07157676381920325,0.03411597710754238,FALSE,TRUE
KNG1,ENSG00000113889.14,20,0,0,0.10532005364467029,0.0696159418318131,0.1095448589221439,FALSE,TRUE
KRT222,ENSG00000213424.9,20,0,0,0.2981365282982,0.038645657649062304,0.28367860901939385,FALSE,TRUE
KRT23,ENSG00000108244.17,20,0,0,0.15136581676906863,0.023029867848354008,0.14423917253480747,FALSE,TRUE
KRT40,ENSG00000204889.10,20,0,0,0.19856268822625034,0.090771223082696,0.18296961528947817,FALSE,TRUE
KRT7,ENSG00000135480.16,20,0,0,0.057195602176058555,0.05065091864585054,0.04083933255949997,FALSE,TRUE
KRT72,ENSG00000170486.11,20,0,0,0.07246787840600383,0.07579370433575028,0.09197289290604373,FALSE,TRUE
KRT85,ENSG00000135443.8,20,0,0,0.00904997320642293,0.0450408976513809,0.00522715067459166,FALSE,TRUE
KRT86,ENSG00000170442.12,20,0,0,-0.014644868168672949,0.06691332499617912,0.00247819937991812,FALSE,FALSE
KRTAP17-1,ENSG00000186860.5,20,0,0,-0.06091071841734377,0.06675914433970084,-0.06397945147609597,FALSE,TRUE
KSR1,ENSG00000141068.14,20,0,0,-0.18995474972241627,0.05735444287973099,-0.18438960768777052,FALSE,TRUE
KSR2,ENSG00000171435.14,20,0,0,-0.0960016673382808,0.057512084487094654,-0.09144493008178346,FALSE,TRUE
L1CAM,ENSG00000198910.14,20,0,0,0.31147055917924016,0.045625990982924025,0.2930243359063054,FALSE,TRUE
L2HGDH,ENSG00000087299.12,20,0,0,-0.1482453869551846,0.09170260481229676,-0.15599585979048053,FALSE,TRUE
LAD1,ENSG00000159166.15,20,0,0,0.06688145494092101,0.04170314146381257,0.05045949730166707,FALSE,TRUE
LAG3,ENSG00000089692.9,20,0,0,0.08572799635606704,0.05526114228448392,0.08601114200428986,FALSE,TRUE
LAIR1,ENSG00000167613.16,20,0,0,0.06945307585039279,0.06738963330282291,0.06759889612166577,FALSE,TRUE
LAIR2,ENSG00000167618.10,20,0,0,0.07782671497706921,0.05802618844549141,0.08956033872482973,FALSE,TRUE
LAMA2,ENSG00000196569.13,20,0,0,-0.010726001957178133,0.04291236266932323,-0.00952652105954606,FALSE,TRUE
LAMA4,ENSG00000112769.20,20,0,0,-0.034437084973242105,0.07492931650241717,-0.02926737492026811,FALSE,TRUE
LAMB4,ENSG00000091128.13,20,0,0,0.1680094761117284,0.04365311156052701,0.14615683487038306,FALSE,TRUE
LAMC2,ENSG00000058085.15,20,0,0,0.08160525347296149,0.037014449879785964,0.05936807108146152,FALSE,TRUE
LAMP3,ENSG00000078081.8,20,0,0,0.10372273653268947,0.06955394929093468,0.09085375061569152,FALSE,TRUE
LAPTM4B,ENSG00000104341.17,20,0,0,0.10190592680255323,0.051532520518471556,0.09475350495898782,FALSE,TRUE
LAPTM5,ENSG00000162511.8,20,0,0,-0.08181596715980931,0.06062517498995863,-0.09010815928895728,FALSE,TRUE
LARS2,ENSG00000011376.12,20,0,0,-0.14090854838970623,0.046965658719669304,-0.15823433491852756,FALSE,TRUE
LAT,ENSG00000213658.12,20,0,0,0.3119985110844149,0.05774210442909333,0.30901943377663643,FALSE,TRUE
LAT2,ENSG00000086730.17,20,0,0,0.0776533750946068,0.05322344896187391,0.06783143105099215,FALSE,TRUE
LAX1,ENSG00000122188.13,20,0,0,-0.05699310045186543,0.04186210578397931,-0.05503755565191658,FALSE,TRUE
LAYN,ENSG00000204381.12,20,0,0,-0.031075130343538232,0.04433025381176845,-0.02311722730646534,FALSE,TRUE
LCAT,ENSG00000213398.8,20,0,0,0.30970574350190927,0.09300481428087903,0.3164075589955066,FALSE,TRUE
LCK,ENSG00000182866.17,20,0,0,-0.09606209759378519,0.04154807716393076,-0.08684927016873013,FALSE,TRUE
LCN2,ENSG00000148346.12,20,0,0,0.24627319717989968,0.05352837961616069,0.23827072794881593,FALSE,TRUE
LCP1,ENSG00000136167.15,20,0,0,-0.15977489273561385,0.050713178574929574,-0.1646055267626932,FALSE,TRUE
LCP2,ENSG00000043462.13,20,0,0,-0.036929545599543506,0.04085874766943148,-0.03425990797682585,FALSE,TRUE
LDHA,ENSG00000134333.14,20,0,0,-0.25466261734711004,0.04365144959636863,-0.2512767948525676,FALSE,TRUE
LDHB,ENSG00000111716.14,20,0,0,0.05754650224204738,0.046858085283073385,0.04508095824690128,FALSE,TRUE
LDHC,ENSG00000166796.12,20,0,0,0.05124079392865191,0.0348191889912123,0.06322211778832221,FALSE,TRUE
LDHD,ENSG00000166816.15,20,0,0,-0.26041455692442544,0.053429466410242266,-0.25664264564035877,FALSE,TRUE
LDLR,ENSG00000130164.14,20,0,0,0.15541196980022537,0.08345791674024022,0.17201196971798308,FALSE,TRUE
LDLRAD3,ENSG00000179241.13,20,0,0,0.1294765282626242,0.08317159936647521,0.11804602523011082,FALSE,TRUE
LEF1,ENSG00000138795.10,20,0,0,0.1688595179030097,0.05717975372159423,0.16814856269310652,FALSE,TRUE
LGALS1,ENSG00000100097.12,20,0,0,0.2153976602577705,0.061012780702722785,0.22560258285492787,FALSE,TRUE
LGALS12,ENSG00000133317.16,20,0,0,0.10101353463495055,0.06253502272125294,0.09572099285021823,FALSE,TRUE
LGALS3,ENSG00000131981.16,20,0,0,0.0909514398502033,0.06702396336638101,0.08648409661848905,FALSE,TRUE
LGALS9,ENSG00000168961.17,20,0,0,0.10080029921050776,0.06983965130463797,0.09981082488402876,FALSE,TRUE
LGI2,ENSG00000153012.12,20,0,0,0.1390742005212876,0.040024954230261034,0.12883514044203032,FALSE,TRUE
LGI4,ENSG00000153902.14,20,0,0,0.07445255300682999,0.05498826167013362,0.08790642193196777,FALSE,TRUE
LGR5,ENSG00000139292.13,20,0,0,-0.07707533885859962,0.04217778943274182,-0.0639365973131901,FALSE,TRUE
LGSN,ENSG00000146166.17,20,0,0,-0.19799235947477636,0.04382358135078035,-0.18111435448440405,FALSE,TRUE
LHFPL2,ENSG00000145685.14,20,0,0,0.04176971797584812,0.07580048117479304,0.03855584873981164,FALSE,TRUE
LHFPL3,ENSG00000187416.12,20,0,0,-0.10533188074832023,0.06031810521092579,-0.10433012029638164,FALSE,TRUE
LHX1,ENSG00000273706.5,20,0,0,0.16364227065400033,0.030956004583840263,0.15234168385794142,FALSE,TRUE
LHX2,ENSG00000106689.11,20,0,0,0.14462803293103743,0.03869657606294524,0.14248954848925874,FALSE,TRUE
LHX8,ENSG00000162624.14,20,0,0,0.025902176172418453,0.0681260168376982,0.04371655837619912,FALSE,TRUE
LIG1,ENSG00000105486.14,20,0,0,0.1283107452087625,0.06478221552587111,0.12633891413393605,FALSE,TRUE
LILRA1,ENSG00000104974.12,20,0,0,-0.08609692553431274,0.056150339572332564,-0.0963033063120369,FALSE,TRUE
LILRA2,ENSG00000239998.6,20,0,0,-0.2095796633055585,0.04771923100267092,-0.2129053706274285,FALSE,TRUE
LILRA4,ENSG00000239961.3,20,0,0,-0.32963955731131644,0.05914493026061196,-0.34030407623372494,FALSE,TRUE
LILRA6,ENSG00000244482.10,20,0,0,0.09398944482606576,0.06562828219163702,0.10922244185474694,FALSE,TRUE
LILRB1,ENSG00000104972.15,20,0,0,0.13335599042126622,0.06808287596669294,0.13199039074237345,FALSE,TRUE
LILRB2,ENSG00000131042.15,20,0,0,0.13681778594760974,0.07595670085208728,0.14449447675037952,FALSE,TRUE
LILRB3,ENSG00000204577.11,20,0,0,0.2471267949736165,0.07589367493577065,0.24359182555629155,FALSE,TRUE
LILRB4,ENSG00000186818.12,20,0,0,-0.027268672791218612,0.05513902911841574,-0.02710991484688841,FALSE,TRUE
LILRB5,ENSG00000105609.17,20,0,0,0.01880886109773805,0.07195733262464382,0.00858112622364372,FALSE,TRUE
LIN37,ENSG00000267796.8,20,0,0,0.25462061268859115,0.054659115803899455,0.2569249797516158,FALSE,TRUE
LIN52,ENSG00000205659.11,20,0,0,-0.1005315421686062,0.08793484828390005,-0.09349556149672587,FALSE,TRUE
LINGO1,ENSG00000169783.13,20,0,0,0.12510023295192338,0.065406480914557,0.13587414752633117,FALSE,TRUE
LINGO2,ENSG00000174482.10,20,0,0,0.07227491242797414,0.06157112166272639,0.06582380378341081,FALSE,TRUE
LIPA,ENSG00000107798.18,20,0,0,-0.33960828096168305,0.03251838026238618,-0.33749082474182845,FALSE,TRUE
LIPG,ENSG00000101670.12,20,0,0,0.19379382299046588,0.05679728376115864,0.17537844966586202,FALSE,TRUE
LIPH,ENSG00000163898.10,20,0,0,0.10190179205433411,0.07896770340369443,0.08495484622670553,FALSE,TRUE
LIPI,ENSG00000188992.11,20,0,0,0.19356986686191818,0.02824541586552823,0.17995353338647505,FALSE,TRUE
LIX1,ENSG00000145721.12,20,0,0,-0.21827032132046847,0.031808216887244584,-0.21796893330962316,FALSE,TRUE
LLGL2,ENSG00000073350.14,20,0,0,-0.01880549898752463,0.07514905771622277,-0.0285998535129999,FALSE,TRUE
LMNB1,ENSG00000113368.12,20,0,0,0.15619451644618115,0.06180773867089576,0.1570525169882338,FALSE,TRUE
LMO3,ENSG00000048540.15,20,0,0,0.06068336593115088,0.02810806484041077,0.0691327140107551,FALSE,TRUE
LMO7,ENSG00000136153.20,20,0,0,-0.21219964927283252,0.08361158211583589,-0.20962000357267463,FALSE,TRUE
LMTK3,ENSG00000142235.12,20,0,0,0.12497743599847189,0.05950325840879912,0.10628217852662251,FALSE,TRUE
LNX1,ENSG00000072201.14,20,0,0,-0.1669433427579479,0.041874307931625304,-0.16360541235994505,FALSE,TRUE
LOC100130691,ENSG00000213963.6,20,0,0,0.16607545701899756,0.024930907690898674,0.13946759140328308,FALSE,TRUE
LOC374443,ENSG00000284634.1,20,0,0,0.2456177880932977,0.05907743697748227,0.2165312064400164,FALSE,TRUE
LOC441179,ENSG00000269155.2,20,0,0,0.07447473525835421,0.05504730981508647,0.06487689098183799,FALSE,TRUE
LOH12CR2,ENSG00000205791.3,20,0,0,-0.02353528414293262,0.03895854915972813,-0.01087952460844921,FALSE,TRUE
LONRF2,ENSG00000170500.13,20,0,0,0.1043279466639442,0.062387226156062014,0.10696310588293656,FALSE,TRUE
LOX,ENSG00000113083.15,20,0,0,-0.09251615831827135,0.0412781535244101,-0.08937295673462031,FALSE,TRUE
LOXL2,ENSG00000134013.16,20,0,0,0.19550178694164488,0.07232317574188749,0.19899550473449976,FALSE,TRUE
LOXL3,ENSG00000115318.12,20,0,0,0.27555691943515337,0.03476595104523428,0.28257819659535266,FALSE,TRUE
LOXL4,ENSG00000138131.4,20,0,0,0.012638550990535844,0.07515546542197515,0.00661326047069564,FALSE,TRUE
LPA,ENSG00000198670.12,20,0,0,-0.28108360279258754,0.06040180976719792,-0.2466677894124971,FALSE,TRUE
LPAR4,ENSG00000147145.12,20,0,0,0.12324129824609739,0.0350064434344072,0.12818330712654674,FALSE,TRUE
LPAR5,ENSG00000184574.10,20,0,0,-0.005135892619019389,0.029837443409260277,-0.00248169254570522,FALSE,TRUE
LPCAT1,ENSG00000153395.10,20,0,0,0.0067384302276943114,0.07438142159445138,0.01236190131503647,FALSE,TRUE
LPIN2,ENSG00000101577.10,20,0,0,-0.23888586576151521,0.07253856288861352,-0.23961463240751063,FALSE,TRUE
LPL,ENSG00000175445.17,20,0,0,-0.13988342904279039,0.05380570110197237,-0.12488608282060117,FALSE,TRUE
LPXN,ENSG00000110031.13,20,0,0,0.02000029026573124,0.06211135838056714,0.02697850254124772,FALSE,TRUE
LRG1,ENSG00000171236.10,20,0,0,-0.04497447566047473,0.04470266364578189,-0.052002001189794,FALSE,TRUE
LRP1B,ENSG00000168702.18,20,0,0,0.031053779603204545,0.04448204324498842,0.01988931764242807,FALSE,TRUE
LRRC17,ENSG00000128606.13,20,0,0,0.016090231073889252,0.050281565760737744,0.03102693749067028,FALSE,TRUE
LRRC2,ENSG00000163827.13,20,0,0,0.12894130356130204,0.04036356003023896,0.1185843952952354,FALSE,TRUE
LRRC25,ENSG00000175489.10,20,0,0,-0.14505755103205323,0.054040982992586,-0.1433320216596735,FALSE,TRUE
LRRC31,ENSG00000114248.10,20,0,0,-0.19365503778625826,0.03644361456257533,-0.21384344110809117,FALSE,TRUE
LRRC36,ENSG00000159708.18,20,0,0,-0.033665970264377607,0.058506458482509835,-0.00887748418266562,FALSE,TRUE
LRRC38,ENSG00000162494.6,20,0,0,0.21216915086035207,0.05601621532764589,0.18734171421608753,FALSE,TRUE
LRRC39,ENSG00000122477.13,20,0,0,0.27564445452621045,0.046142673294609526,0.27141491677829976,FALSE,TRUE
LRRC3B,ENSG00000179796.12,20,0,0,-0.12027949808121324,0.044538307051341985,-0.11442877578033891,FALSE,TRUE
LRRC41,ENSG00000132128.16,20,0,0,-0.08649827029313575,0.07439504743316631,-0.09047215654030584,FALSE,TRUE
LRRC43,ENSG00000158113.13,20,0,0,0.11996156432819506,0.06576109741321409,0.12577576894552123,FALSE,TRUE
LRRC4B,ENSG00000131409.13,20,0,0,0.03690490665434866,0.05794410089523798,0.02475840892276947,FALSE,TRUE
LRRC52,ENSG00000162763.4,20,0,0,0.04240770489821338,0.04628389858095783,0.0429015322211438,FALSE,TRUE
LRRC55,ENSG00000183908.7,20,0,0,-0.22766130803070428,0.08330093931120847,-0.22326035220420812,FALSE,TRUE
LRRC66,ENSG00000188993.3,20,0,0,-0.05636225599814784,0.07584203346633464,-0.05199507921777695,FALSE,TRUE
LRRK1,ENSG00000154237.13,20,0,0,0.047064576464488056,0.06541664221961008,0.04528515721915544,FALSE,TRUE
LRRK2,ENSG00000188906.16,20,0,0,-0.32291621505836865,0.026339942650207893,-0.3266662037056079,FALSE,TRUE
LRRN1,ENSG00000175928.6,20,0,0,0.21059745267476815,0.0482835606230205,0.1943224669746437,FALSE,TRUE
LRRN2,ENSG00000170382.12,20,0,0,0.20987985884842755,0.0460879816785206,0.19391854958368124,FALSE,TRUE
LRRN4CL,ENSG00000177363.5,20,0,0,-0.050174089381510016,0.057347720635806565,-0.03108450652432213,FALSE,TRUE
LRRTM4,ENSG00000176204.13,20,0,0,-0.03579463925407643,0.06014165964125458,-0.04370441030298706,FALSE,TRUE
LSAMP,ENSG00000185565.12,20,0,0,0.047227414603950704,0.036620550544666175,0.03803238671374158,FALSE,TRUE
LSP1,ENSG00000130592.17,20,0,0,0.02303588322474738,0.05913612038461953,0.01760727978122842,FALSE,TRUE
LST1,ENSG00000204482.11,20,0,0,0.015399560060500968,0.06769872186560187,0.00795005432282717,FALSE,TRUE
LTB,ENSG00000227507.3,20,0,0,0.061250050111360296,0.042193098665776974,0.05470176400537777,FALSE,TRUE
LTBR,ENSG00000111321.11,20,0,0,0.13612287888815247,0.06757758796450139,0.1429436970995141,FALSE,TRUE
LTC4S,ENSG00000213316.10,20,0,0,-0.12188696501065777,0.060650405853369796,-0.11530089527104792,FALSE,TRUE
LUM,ENSG00000139329.5,20,0,0,0.15476435280773254,0.041484977501230674,0.15113232747187635,FALSE,TRUE
LY6E,ENSG00000160932.11,20,0,0,0.029975294247006866,0.029329982264483467,0.04387590200049952,FALSE,TRUE
LY6H,ENSG00000176956.13,20,0,0,0.12256042102314457,0.031110161817547943,0.1259243112421095,FALSE,TRUE
LY6K,ENSG00000160886.13,20,0,0,0.2549550196270779,0.03043474905628868,0.2520302189554428,FALSE,TRUE
LY86,ENSG00000112799.9,20,0,0,-0.12797899454131817,0.053612991430765256,-0.13562948574238198,FALSE,TRUE
LY9,ENSG00000122224.18,20,0,0,-0.060205360182452816,0.0460358327480727,-0.05430318030721852,FALSE,TRUE
LY96,ENSG00000154589.7,20,0,0,0.11717338418238815,0.052113658775672256,0.11316980350307514,FALSE,TRUE
LYG2,ENSG00000185674.9,20,0,0,0.24126544072393996,0.0765454906384915,0.2237385903524493,FALSE,TRUE
LYL1,ENSG00000104903.5,20,0,0,0.02785414340988477,0.05257493438947964,0.040572168422653813,FALSE,TRUE
LYNX1,ENSG00000180155.20,20,0,0,0.17610297568913877,0.05743749801226661,0.1556295105957605,FALSE,TRUE
LYPD3,ENSG00000124466.9,20,0,0,0.24298116466996722,0.04111894510002781,0.23449569703672135,FALSE,TRUE
LYPD6B,ENSG00000150556.17,20,0,0,0.2439436886220538,0.04756095222361778,0.24483346305849724,FALSE,TRUE
LYZ,ENSG00000090382.7,20,0,0,-0.24962042855153563,0.0475113110253893,-0.24869126315228932,FALSE,TRUE
LZTS1,ENSG00000061337.15,20,0,0,0.05217957735288388,0.062082118396977005,0.06419352354701009,FALSE,TRUE
MAGEE2,ENSG00000186675.7,20,0,0,0.04546979701739058,0.06832926078596484,0.02452044309837919,FALSE,TRUE
MAGI2,ENSG00000187391.22,20,0,0,0.008381043429558326,0.029290589230268168,0.0108947628662056,FALSE,TRUE
MAGI3,ENSG00000081026.19,20,0,0,-0.07099935114647503,0.041530370529940186,-0.08906719119017062,FALSE,TRUE
MAL,ENSG00000172005.11,20,0,0,0.04721265862855262,0.04821066028767033,0.02487705239959111,FALSE,TRUE
MAL2,ENSG00000147676.14,20,0,0,-0.022910326580964264,0.05686170162588634,-0.04783313024092436,FALSE,TRUE
MALL,ENSG00000144063.4,20,0,0,-0.23695737336254322,0.057199751042836255,-0.2285761575207065,FALSE,TRUE
MAMDC2,ENSG00000165072.10,20,0,0,0.21422622924221146,0.047158404686969996,0.21249384588713213,FALSE,TRUE
MAN1A1,ENSG00000111885.7,20,0,0,-0.208096801780685,0.04845804413872398,-0.20869536204032485,FALSE,TRUE
MAN1C1,ENSG00000117643.14,20,0,0,0.19533715087927772,0.045170238026728426,0.1851993700676628,FALSE,TRUE
MAP3K14,ENSG00000006062.17,20,0,0,-0.19646643842990968,0.040310815863334265,-0.18882320674904815,FALSE,TRUE
MAP3K15,ENSG00000180815.14,20,0,0,0.25216292400865875,0.04511954871024729,0.23518299717121077,FALSE,TRUE
MAP3K9,ENSG00000006432.15,20,0,0,0.2534483337182883,0.023115376460151604,0.22504440733892128,FALSE,TRUE
MAP4K1,ENSG00000104814.13,20,0,0,0.09458671773700252,0.0664090043316347,0.09670949375009656,FALSE,TRUE
MAP4K4,ENSG00000071054.16,20,0,0,0.07611591767730908,0.04172326118871672,0.0780217783786243,FALSE,TRUE
MAP6,ENSG00000171533.11,20,0,0,0.042621536257916676,0.05643994366115905,0.04424656450106425,FALSE,TRUE
MAP7D2,ENSG00000184368.16,20,0,0,9.496355119286708e-4,0.05365340483320958,-3.0798892039156156e-4,FALSE,FALSE
MAP9,ENSG00000164114.19,20,0,0,0.040780995429259614,0.06975341749066702,0.02264965748778869,FALSE,TRUE
MAPK11,ENSG00000185386.15,20,0,0,0.21127358877948915,0.06124531462391092,0.20432785506390944,FALSE,TRUE
MAPK4,ENSG00000141639.12,20,0,0,0.0936520701888843,0.0402260018461421,0.08282204180260704,FALSE,TRUE
MAPRE2,ENSG00000166974.13,20,0,0,-0.24392522899922886,0.06196153756141007,-0.22807064417686496,FALSE,TRUE
MARCKS,ENSG00000277443.3,20,0,0,-0.057042966454027094,0.05437627410442529,-0.07367678855830768,FALSE,TRUE
MARCO,ENSG00000019169.10,20,0,0,0.0835114772656807,0.05307442338707464,0.06295577686488332,FALSE,TRUE
MARVELD1,ENSG00000155254.13,20,0,0,0.09290427019604905,0.04854790463483301,0.10278049133855977,FALSE,TRUE
MARVELD2,ENSG00000152939.17,20,0,0,-0.15685888556904565,0.04087134909872392,-0.1761916128254416,FALSE,TRUE
MARVELD3,ENSG00000140832.10,20,0,0,-0.25091550927784684,0.09234372411505887,-0.2673945328847634,FALSE,TRUE
MASP1,ENSG00000127241.18,20,0,0,-0.1562379741449136,0.04430979534633217,-0.15069830573359425,FALSE,TRUE
MATK,ENSG00000007264.15,20,0,0,0.0029270683646816995,0.04843636886976866,2.8810793634432115e-4,FALSE,TRUE
MATN1,ENSG00000162510.6,20,0,0,0.2704939735751256,0.042765930921374706,0.25424580611058495,FALSE,TRUE
MATR3,ENSG00000015479.20,20,0,0,0.2481795146819324,0.07883217470952197,0.22770871147432745,FALSE,TRUE
MB,ENSG00000198125.13,20,0,0,0.025455531727351842,0.057924229286779344,0.01730176885534758,FALSE,TRUE
MBOAT2,ENSG00000143797.12,20,0,0,0.17922536001812436,0.05404218489769905,0.15941780725409038,FALSE,TRUE
MCAM,ENSG00000076706.17,20,0,0,-0.14611359774424448,0.059439248114198207,-0.13001167486843412,FALSE,TRUE
MCCC1,ENSG00000078070.13,20,0,0,-0.16589991797949966,0.05293111601634251,-0.1641089781465068,FALSE,TRUE
MCF2,ENSG00000101977.21,20,0,0,-0.12633178151355043,0.08608400434953681,-0.13860740003043764,FALSE,TRUE
MCHR1,ENSG00000128285.4,20,0,0,0.15958062671740975,0.054077882413882034,0.14596282630654886,FALSE,TRUE
MCM10,ENSG00000065328.17,20,0,0,0.19259796670587956,0.0931343485765562,0.205784704859809,FALSE,TRUE
MCM5,ENSG00000100297.16,20,0,0,-0.03004754650664411,0.07232240816209808,-0.03048130945839284,FALSE,TRUE
MCOLN3,ENSG00000055732.13,20,0,0,-0.0016571754628723543,0.08316067926384427,-0.01034832673169337,FALSE,TRUE
MCTP2,ENSG00000140563.15,20,0,0,-0.08866843841951219,0.05877689559187077,-0.0945852188745075,FALSE,TRUE
MEF2C,ENSG00000081189.16,20,0,0,-0.16953630882814025,0.08337039276522851,-0.15698361995038726,FALSE,TRUE
MEGF11,ENSG00000157890.17,20,0,0,0.11215089385728852,0.04523716099566501,0.10473318074001252,FALSE,TRUE
MEGF6,ENSG00000162591.16,20,0,0,-0.04633214249526501,0.07725874927934896,-0.03368065728730466,FALSE,TRUE
MEIG1,ENSG00000197889.10,20,0,0,0.17438487050514534,0.07089804489970591,0.19045804180232964,FALSE,TRUE
MELK,ENSG00000165304.8,20,0,0,0.23652931722052498,0.07403190839369347,0.24171686010610172,FALSE,TRUE
MEOX2,ENSG00000106511.6,20,0,0,0.04286187155022028,0.08282270328734043,0.03143426324370262,FALSE,TRUE
MET,ENSG00000105976.16,20,0,0,-0.11444649054624657,0.08327405481065658,-0.11450505689250488,FALSE,TRUE
MEX3B,ENSG00000183496.6,20,0,0,0.22723533109671926,0.03856903621266658,0.2352131882512493,FALSE,TRUE
MFHAS1,ENSG00000147324.11,20,0,0,-0.07832863125867777,0.040641113856895034,-0.10633967742651262,FALSE,TRUE
MFNG,ENSG00000100060.18,20,0,0,-0.04561537469628143,0.07970026332165572,-0.03216472082710486,FALSE,TRUE
MFSD6L,ENSG00000185156.6,20,0,0,0.1286505935250571,0.05273858888235053,0.11000595142661355,FALSE,TRUE
MGAT3,ENSG00000128268.12,20,0,0,0.11478141563270099,0.06125913773437154,0.11350669711774324,FALSE,TRUE
MGAT4C,ENSG00000182050.13,20,0,0,0.13347882535343708,0.04623754112490955,0.14053576738876425,FALSE,TRUE
MICB,ENSG00000204516.10,20,0,0,0.08490808088411966,0.0582512181044202,0.08663745839271492,FALSE,TRUE
MIOX,ENSG00000100253.13,20,0,0,-0.23502309006664604,0.044240620763636884,-0.23670821124707464,FALSE,TRUE
MIXL1,ENSG00000185155.12,20,0,0,0.1555794921907302,0.071517006044849,0.13376133142205898,FALSE,TRUE
MKI67,ENSG00000148773.14,20,0,0,0.1690950536508865,0.07323290918881342,0.16488164356641802,FALSE,TRUE
MLC1,ENSG00000100427.16,20,0,0,-0.12297624077950534,0.0582537387229618,-0.10106940840809164,FALSE,TRUE
MLKL,ENSG00000168404.13,20,0,0,-0.009928370053679435,0.0583167024192827,0.0098102787083143,FALSE,FALSE
MME,ENSG00000196549.12,20,0,0,-0.21157857202296398,0.05734075408820882,-0.2079960811567717,FALSE,TRUE
MMEL1,ENSG00000142606.16,20,0,0,0.15982970598531349,0.0568530081967929,0.149311366013087,FALSE,TRUE
MMP1,ENSG00000196611.5,20,0,0,0.1721902545211551,0.05798665502002989,0.17177973180540848,FALSE,TRUE
MMP14,ENSG00000157227.13,20,0,0,0.14207364291728009,0.06265221857007697,0.15087982770175704,FALSE,TRUE
MMP16,ENSG00000156103.16,20,0,0,0.06547045700420706,0.05358277488234062,0.05618579731753829,FALSE,TRUE
MMP9,ENSG00000100985.7,20,0,0,0.12575457098100162,0.05137840828161504,0.12377883772996008,FALSE,TRUE
MNDA,ENSG00000163563.8,20,0,0,-0.15315746302494632,0.04638710528852963,-0.15051190882900728,FALSE,TRUE
MNS1,ENSG00000138587.6,20,0,0,-0.03622114824136507,0.08249666816706488,-0.02999129469837343,FALSE,TRUE
MNX1,ENSG00000130675.15,20,0,0,0.057081275386465624,0.04453840259203121,0.0667929898051936,FALSE,TRUE
MOGAT2,ENSG00000166391.15,20,0,0,0.13182439810897617,0.041378763515770106,0.1200844271580129,FALSE,TRUE
MORN5,ENSG00000185681.13,20,0,0,-0.09173119684780677,0.04733788770487462,-0.0689288448926925,FALSE,TRUE
MOXD1,ENSG00000079931.15,20,0,0,0.04098085265791073,0.04516179991010824,0.03820051389284216,FALSE,TRUE
MPEG1,ENSG00000197629.6,20,0,0,-0.18007995379109948,0.06001597291278907,-0.17871243858542937,FALSE,TRUE
MPPED2,ENSG00000066382.16,20,0,0,-0.1682122107163695,0.06550758207684082,-0.16312350958757943,FALSE,TRUE
MRAP2,ENSG00000135324.6,20,0,0,0.13659562998522973,0.05423813815718791,0.1336359561905261,FALSE,TRUE
MRGPRF,ENSG00000172935.9,20,0,0,0.044654162491219555,0.02543739249350189,0.04141104411988707,FALSE,TRUE
MRO,ENSG00000134042.14,20,0,0,-0.129752172101927,0.04296419428004131,-0.12706186906062303,FALSE,TRUE
MRPL33,ENSG00000243147.8,20,0,0,0.05461195218317258,0.05220162825778403,0.05130463731936086,FALSE,TRUE
MRPS6,ENSG00000243927.6,20,0,0,0.11875465908550692,0.04857421942045827,0.11574425256365892,FALSE,TRUE
MS4A14,ENSG00000166928.11,20,0,0,0.2851320624874644,0.048678998465255585,0.2976510508747247,FALSE,TRUE
MS4A2,ENSG00000149534.9,20,0,0,-0.11197079982875047,0.08242521988050602,-0.09549051341078466,FALSE,TRUE
MS4A4A,ENSG00000110079.18,20,0,0,-0.045967977971184376,0.0699350774032444,-0.0519044449549165,FALSE,TRUE
MS4A6A,ENSG00000110077.14,20,0,0,-0.08294128243549304,0.06987591290284081,-0.09537922495515536,FALSE,TRUE
MS4A7,ENSG00000166927.13,20,0,0,-0.033258947698818736,0.08264543326536715,-0.04980753342272252,FALSE,TRUE
MSC,ENSG00000178860.8,20,0,0,0.20905663268137617,0.0408893880929426,0.20847821158520943,FALSE,TRUE
MSH4,ENSG00000057468.7,20,0,0,0.24883407554933773,0.05981828195299921,0.24116678560042343,FALSE,TRUE
MSI2,ENSG00000153944.12,20,0,0,0.06813479669735142,0.07612924431148343,0.03645931646387478,FALSE,TRUE
MSR1,ENSG00000038945.15,20,0,0,-0.1623512172103788,0.059835152277978865,-0.1719315959959846,FALSE,TRUE
MSX1,ENSG00000163132.8,20,0,0,0.18346243949070137,0.059946178532481936,0.18452067946692793,FALSE,TRUE
MT1F,ENSG00000198417.7,20,0,0,0.10118688147761216,0.05121960100894096,0.09772441214480988,FALSE,TRUE
MT1G,ENSG00000125144.14,20,0,0,0.19451695392129195,0.06193688274124806,0.16408499554533768,FALSE,TRUE
MT1H,ENSG00000205358.4,20,0,0,0.1380728409534006,0.052255099307373515,0.11316800484116885,FALSE,TRUE
MT3,ENSG00000087250.9,20,0,0,-0.05200527317967896,0.052909331147954736,-0.06580422498447837,FALSE,TRUE
MTCP1,ENSG00000214827.11,20,0,0,0.19192485090991884,0.03583924050193962,0.18711069107790404,FALSE,TRUE
MTHFD2,ENSG00000065911.13,20,0,0,0.2094493354124985,0.06679227357606665,0.21057519392177143,FALSE,TRUE
MTMR10,ENSG00000166912.17,20,0,0,-0.30904775289996655,0.06844129532525906,-0.32964737753698686,FALSE,TRUE
MTNR1A,ENSG00000168412.6,20,0,0,-0.05205720958652035,0.0727365280021082,-0.04086292410765362,FALSE,TRUE
MTTP,ENSG00000138823.13,20,0,0,0.007799537451887318,0.03224179801273747,0.00209178781531413,FALSE,TRUE
MUC1,ENSG00000185499.16,20,0,0,0.17708579468929606,0.05315766465774441,0.14048902991846332,FALSE,TRUE
MUC12,ENSG00000205277.9,20,0,0,0.2762415020300359,0.0596539361494835,0.25712019612196274,FALSE,TRUE
MUC13,ENSG00000173702.7,20,0,0,0.03385519247739864,0.04957672900662234,0.03160379903202313,FALSE,TRUE
MUC15,ENSG00000169550.14,20,0,0,0.13029160779306503,0.06094560898626966,0.10424748517774278,FALSE,TRUE
MUC16,ENSG00000181143.15,20,0,0,0.1299347832888815,0.07155210836565111,0.11803858445790072,FALSE,TRUE
MUC3A,ENSG00000169894.18,20,0,0,0.20053087004594713,0.04442326705291144,0.20658301778582425,FALSE,TRUE
MUC6,ENSG00000184956.16,20,0,0,0.3272829067341596,0.03180926580759502,0.32313903402039923,FALSE,TRUE
MXRA8,ENSG00000162576.17,20,0,0,0.19069835415456515,0.06649806024926547,0.1808935313749162,FALSE,TRUE
MYB,ENSG00000118513.19,20,0,0,0.18966461229468812,0.055795401305988535,0.1681998853548083,FALSE,TRUE
MYBL1,ENSG00000185697.16,20,0,0,0.15795254751255272,0.055058941136420556,0.16323577185274316,FALSE,TRUE
MYBPC3,ENSG00000134571.11,20,0,0,0.34108196812193015,0.06628888695003288,0.3195203322383154,FALSE,TRUE
MYBPH,ENSG00000133055.9,20,0,0,0.14941983663080194,0.04126838040535015,0.1405609018822514,FALSE,TRUE
MYC,ENSG00000136997.21,20,0,0,0.08119155522092611,0.04688555896971102,0.08878381723417621,FALSE,TRUE
MYCN,ENSG00000134323.12,20,0,0,-0.25287054879114557,0.048085000543587775,-0.2430221022147956,FALSE,TRUE
MYCNOS,ENSG00000233718.8,20,0,0,0.030893976481493064,0.05873689763916268,0.04757522779842817,FALSE,TRUE
MYEOV,ENSG00000172927.8,20,0,0,-0.01256661873410861,0.0526759356674084,-0.01990626402732961,FALSE,TRUE
MYH10,ENSG00000133026.13,20,0,0,-0.11230483890672721,0.06861007173614109,-0.1063779673659957,FALSE,TRUE
MYH14,ENSG00000105357.19,20,0,0,-0.1973690534894936,0.07224132152032287,-0.1999617489707498,FALSE,TRUE
MYL3,ENSG00000160808.11,20,0,0,-0.28672913192994154,0.06355186925406453,-0.2817161806652188,FALSE,TRUE
MYL4,ENSG00000198336.9,20,0,0,0.11147635964081204,0.05401617907110623,0.12016371021418051,FALSE,TRUE
MYLK3,ENSG00000140795.13,20,0,0,-0.19106090906322698,0.05260928293532807,-0.18405027680197028,FALSE,TRUE
MYO10,ENSG00000145555.15,20,0,0,0.14143110393489305,0.06874509278912001,0.12189470081440924,FALSE,TRUE
MYO1F,ENSG00000142347.19,20,0,0,0.07976351210184832,0.06603868959084261,0.08826961770016709,FALSE,TRUE
MYO1G,ENSG00000136286.16,20,0,0,-0.02061576066067304,0.03730974838702669,-0.02236997846922456,FALSE,TRUE
MYO3A,ENSG00000095777.17,20,0,0,-0.23910553069636575,0.04608291193822875,-0.2422164047394216,FALSE,TRUE
MYO3B,ENSG00000071909.19,20,0,0,0.015153985412742953,0.059532072804817995,0.00485612104685244,FALSE,TRUE
MYO5C,ENSG00000128833.13,20,0,0,-0.09435894164197162,0.08845958759981444,-0.12366157372333555,FALSE,TRUE
MYO6,ENSG00000196586.16,20,0,0,-0.3037598148938956,0.03599760558452636,-0.31313563405293987,FALSE,TRUE
MYO9B,ENSG00000099331.13,20,0,0,0.19487058503416058,0.07147235723113579,0.2095541750685216,FALSE,TRUE
MYOT,ENSG00000120729.10,20,0,0,-0.005813866925509903,0.044508099811299745,0.00458680326380071,FALSE,FALSE
MYOZ1,ENSG00000177791.12,20,0,0,-0.23008404912346378,0.061787330800396945,-0.2293333525154263,FALSE,TRUE
MYOZ2,ENSG00000172399.6,20,0,0,0.03377638504669109,0.061992478251282346,0.03590109764850953,FALSE,TRUE
N4BP2L1,ENSG00000139597.18,20,0,0,-0.17209588108737123,0.08201095408674713,-0.16060928900561494,FALSE,TRUE
NAIP,ENSG00000249437.8,20,0,0,-0.0017754320555384995,0.06318502470493428,-0.00745474398708064,FALSE,TRUE
NAP1L2,ENSG00000186462.9,20,0,0,-0.008797113362130633,0.04421412350341155,-0.02029655492445376,FALSE,TRUE
NAP1L3,ENSG00000186310.10,20,0,0,0.03550317174708346,0.03913183851047236,0.02724795105328796,FALSE,TRUE
NAPEPLD,ENSG00000161048.11,20,0,0,-0.30111849977851896,0.06144863180825205,-0.2980488769356092,FALSE,TRUE
NAPSA,ENSG00000131400.8,20,0,0,-0.3229926191047089,0.07414676173478602,-0.3042639075155216,FALSE,TRUE
NAT2,ENSG00000156006.5,20,0,0,-0.03882048556705352,0.0581684557281279,-0.04499972960493231,FALSE,TRUE
NAT8L,ENSG00000185818.8,20,0,0,0.21418229543261913,0.05211435788689492,0.1997311592542649,FALSE,TRUE
NAV2,ENSG00000166833.22,20,0,0,0.0749089556489375,0.09892655339673556,0.06606885536935651,FALSE,TRUE
NCAPG,ENSG00000109805.10,20,0,0,0.24778306533042918,0.09024155460593597,0.23204274302002545,FALSE,TRUE
NCAPH,ENSG00000121152.10,20,0,0,0.2715237975566302,0.07056674411619238,0.2708185107003614,FALSE,TRUE
NCF1,ENSG00000158517.15,20,0,0,-0.04835320634901834,0.029736499629019586,-0.05039708737800246,FALSE,TRUE
NCF2,ENSG00000116701.15,20,0,0,-0.10653477605084431,0.06724731988552958,-0.11405844148562766,FALSE,TRUE
NCF4,ENSG00000100365.16,20,0,0,0.25376487185265045,0.07677198996076495,0.2503549830237727,FALSE,TRUE
NCKAP1L,ENSG00000123338.13,20,0,0,-0.09415111527268072,0.052838088723143745,-0.10856644819100454,FALSE,TRUE
NCOA7,ENSG00000111912.20,20,0,0,-0.24195059552240222,0.07866290362952777,-0.23828150257077343,FALSE,TRUE
NCR1,ENSG00000189430.13,20,0,0,0.01356038273469293,0.04533686422281,0.0167472150340606,FALSE,TRUE
NCR3,ENSG00000204475.10,20,0,0,-0.10515951151788175,0.06639691587405264,-0.0832016581747458,FALSE,TRUE
NDRG1,ENSG00000104419.17,20,0,0,-0.2591494985219759,0.047358325090386066,-0.23773176966293463,FALSE,TRUE
NDRG2,ENSG00000165795.23,20,0,0,-0.2495244044606976,0.08703742032479422,-0.2164028668724714,FALSE,TRUE
NDST2,ENSG00000166507.19,20,0,0,0.24324611649008337,0.06184113734603172,0.23543843989901672,FALSE,TRUE
NDST3,ENSG00000164100.9,20,0,0,0.026028857438733885,0.03965148283265495,0.01169896104600754,FALSE,TRUE
NEB,ENSG00000183091.19,20,0,0,-0.004394140125701737,0.035407406424230584,0.0017123406247145,FALSE,FALSE
NEFH,ENSG00000100285.10,20,0,0,0.12039211935241599,0.052020620878862764,0.12148068599367176,FALSE,TRUE
NEIL3,ENSG00000109674.4,20,0,0,0.2845840236311502,0.06519269710011316,0.2692127208779178,FALSE,TRUE
NEK6,ENSG00000119408.17,20,0,0,-0.22286134373894043,0.05365462395157222,-0.229658331984438,FALSE,TRUE
NELL1,ENSG00000165973.19,20,0,0,0.09477213773049029,0.037873441844593375,0.0800481880348761,FALSE,TRUE
NELL2,ENSG00000184613.11,20,0,0,-0.08968216440332882,0.05347396598259284,-0.08505059854665485,FALSE,TRUE
NETO1,ENSG00000166342.19,20,0,0,-0.1779828578580982,0.026175433980389712,-0.17512935354008372,FALSE,TRUE
NETO2,ENSG00000171208.10,20,0,0,-0.13712373903291913,0.04951651535522361,-0.13926593623561756,FALSE,TRUE
NEU4,ENSG00000204099.12,20,0,0,0.011026056079797,0.055035065672896,0.02482715257763402,FALSE,TRUE
NEURL1B,ENSG00000214357.9,20,0,0,-0.2227421026693647,0.05611780456959922,-0.21246486923436744,FALSE,TRUE
NFAM1,ENSG00000235568.7,20,0,0,-0.059683240926300056,0.06052358263685731,-0.05760864929992224,FALSE,TRUE
NFASC,ENSG00000163531.15,20,0,0,-1.0287089511364111e-4,0.07734296459786241,-0.00219569231695165,FALSE,TRUE
NFATC2,ENSG00000101096.20,20,0,0,-0.08078173296611277,0.048660530492668073,-0.08732440055970235,FALSE,TRUE
NFE2L3,ENSG00000050344.9,20,0,0,0.051875895277387826,0.08560278548952878,0.05607418041035806,FALSE,TRUE
NFKB2,ENSG00000077150.20,20,0,0,0.19428313426012492,0.06615426443846886,0.19986789390399445,FALSE,TRUE
NFKBID,ENSG00000167604.15,20,0,0,0.23638383666320945,0.03891845368736832,0.24717592640373445,FALSE,TRUE
NFKBIE,ENSG00000146232.17,20,0,0,-0.037563456794356756,0.033927865143069585,-0.03834462410117152,FALSE,TRUE
NGF,ENSG00000134259.5,20,0,0,0.07963155014329165,0.07898615248848159,0.10433673500707448,FALSE,TRUE
NGFR,ENSG00000064300.9,20,0,0,-0.12175041982369778,0.08124867327371615,-0.10797660194306072,FALSE,TRUE
NHLRC4,ENSG00000257108.2,20,0,0,-0.052579933448828706,0.05603183844559691,-0.0470062083302148,FALSE,TRUE
NID1,ENSG00000116962.15,20,0,0,-0.153500504824365,0.05818238470596192,-0.14541543204791904,FALSE,TRUE
NINJ2,ENSG00000171840.12,20,0,0,0.05190461490981918,0.06577509121173908,0.04519717400632887,FALSE,TRUE
NINL,ENSG00000101004.15,20,0,0,0.1832322314633535,0.0742127776271676,0.19329725663012828,FALSE,TRUE
NKAIN1,ENSG00000084628.10,20,0,0,0.061220284687699564,0.06125619200857421,0.05997880393386615,FALSE,TRUE
NKAIN3,ENSG00000185942.13,20,0,0,0.13440088120612945,0.046111114779210344,0.1518446906169786,FALSE,TRUE
NKD1,ENSG00000140807.7,20,0,0,-0.03954133479154122,0.03568143519483119,-0.03786309766172525,FALSE,TRUE
NKG7,ENSG00000105374.10,20,0,0,-0.05188099752201399,0.03381301707070691,-0.0482529738109223,FALSE,TRUE
NKX2-2,ENSG00000125820.6,20,0,0,0.12453567570295347,0.038668524480746494,0.12143199930690758,FALSE,TRUE
NKX2-3,ENSG00000119919.11,20,0,0,0.027034047101305116,0.07064765383642069,0.02957814512939411,FALSE,TRUE
NLGN1,ENSG00000169760.17,20,0,0,-0.2631564264260854,0.07041844213452231,-0.27163545393227795,FALSE,TRUE
NLGN3,ENSG00000196338.13,20,0,0,0.24400863032358927,0.05380882774407553,0.23951828546832848,FALSE,TRUE
NLRC3,ENSG00000167984.18,20,0,0,-0.04507883626647918,0.04582465513237421,-0.04083924391090746,FALSE,TRUE
NLRC4,ENSG00000091106.19,20,0,0,-0.07139438162234364,0.07231267180298422,-0.08317673411631678,FALSE,TRUE
NLRC5,ENSG00000140853.16,20,0,0,0.15811630761166504,0.053898665193655076,0.16576414283616114,FALSE,TRUE
NLRP1,ENSG00000091592.16,20,0,0,0.24884187087165327,0.047957640085298375,0.2538821523421029,FALSE,TRUE
NLRP11,ENSG00000179873.14,20,0,0,-0.2182969355837993,0.050396302653421376,-0.20849759969921505,FALSE,TRUE
NLRP12,ENSG00000142405.22,20,0,0,-0.03996248345276083,0.055342853441869386,-0.04907655696456859,FALSE,TRUE
NLRP2,ENSG00000022556.16,20,0,0,0.09089591948262671,0.06963363608069181,0.09510287630821863,FALSE,TRUE
NLRP3,ENSG00000162711.18,20,0,0,-0.1312310229454972,0.05363659524798327,-0.1320310598878196,FALSE,TRUE
NMB,ENSG00000197696.10,20,0,0,0.10722900374634359,0.06616607706024742,0.10220755399594532,FALSE,TRUE
NME3,ENSG00000103024.7,20,0,0,0.1404814317317997,0.05112177016333644,0.1496578255608844,FALSE,TRUE
NMI,ENSG00000123609.11,20,0,0,-0.04895733530090933,0.04407854423415314,-0.05138333807187617,FALSE,TRUE
NMNAT2,ENSG00000157064.11,20,0,0,-0.033633759345544606,0.05429563726038221,-0.02159958944644622,FALSE,TRUE
NMU,ENSG00000109255.11,20,0,0,0.24903710611780733,0.04311407232995612,0.23495998212790045,FALSE,TRUE
NMUR2,ENSG00000132911.5,20,0,0,0.1762971419952976,0.07327257718471458,0.1805842484957687,FALSE,TRUE
NNMT,ENSG00000166741.8,20,0,0,0.027253543400372948,0.08932227001380558,0.01616309518001555,FALSE,TRUE
NOD2,ENSG00000167207.14,20,0,0,0.17426659117579882,0.060313126313851745,0.16731807640630586,FALSE,TRUE
NOG,ENSG00000183691.6,20,0,0,0.1876485093842053,0.03657168351073661,0.1937642771312817,FALSE,TRUE
NOL3,ENSG00000140939.14,20,0,0,0.04140099626233269,0.07741453962161068,0.03573479489791612,FALSE,TRUE
NOP2,ENSG00000111641.12,20,0,0,0.2793489002092612,0.049885802311957994,0.2880662626458591,FALSE,TRUE
NOS1,ENSG00000089250.19,20,0,0,-0.08038473113220129,0.03561592346187084,-0.06944538732124526,FALSE,TRUE
NOS1AP,ENSG00000198929.13,20,0,0,-0.06350205432864955,0.0767740442270686,-0.07680401662905115,FALSE,TRUE
NOTCH3,ENSG00000074181.9,20,0,0,-0.013805567338631747,0.07100908013764383,-0.00569420677565098,FALSE,TRUE
NOTCH4,ENSG00000204301.6,20,0,0,-0.21663263839163213,0.05479918454828614,-0.1874583375481116,FALSE,TRUE
NOVA2,ENSG00000104967.8,20,0,0,-0.14370307692050488,0.06487526124884112,-0.1345633218743691,FALSE,TRUE
NOX4,ENSG00000086991.13,20,0,0,-0.21622663226204586,0.0548451565454256,-0.2164660881909861,FALSE,TRUE
NPDC1,ENSG00000107281.10,20,0,0,0.30891437790205717,0.06172514239021404,0.30230001106725907,FALSE,TRUE
NPFFR2,ENSG00000056291.17,20,0,0,0.30667234718385883,0.03624608740183971,0.2880371555652513,FALSE,TRUE
NPHS1,ENSG00000161270.20,20,0,0,0.014907351332655538,0.05054596905215279,0.0092633027166886,FALSE,TRUE
NPHS2,ENSG00000116218.13,20,0,0,-0.05998850290866557,0.04672195340809896,-0.06484432995090696,FALSE,TRUE
NPM2,ENSG00000158806.14,20,0,0,-0.017816602015461442,0.05400315801655583,-0.01304384950583209,FALSE,TRUE
NPNT,ENSG00000168743.13,20,0,0,-0.25597758142644267,0.06561048605398606,-0.26044747464053186,FALSE,TRUE
NPTX2,ENSG00000106236.4,20,0,0,0.02989678322914628,0.081541064132479,0.03158716641515909,FALSE,TRUE
NPY1R,ENSG00000164128.7,20,0,0,-0.11831602214579376,0.07492262981399118,-0.1148730292350958,FALSE,TRUE
NPY5R,ENSG00000164129.12,20,0,0,-0.038216932460657396,0.045646262521736355,-0.02853437993103873,FALSE,TRUE
NR0B2,ENSG00000131910.5,20,0,0,0.1201857054393486,0.05910097552698787,0.12316452840534156,FALSE,TRUE
NR1H3,ENSG00000025434.19,20,0,0,0.05069858859810196,0.05561295876631267,0.05528494832565468,FALSE,TRUE
NR1I2,ENSG00000144852.19,20,0,0,0.2143169552856884,0.07352235861110992,0.210126366473019,FALSE,TRUE
NR1I3,ENSG00000143257.12,20,0,0,0.05556016597646439,0.09610669614620049,0.07117840823647838,FALSE,TRUE
NR2E1,ENSG00000112333.12,20,0,0,0.09625457438500443,0.07885663166240138,0.08997887271597493,FALSE,TRUE
NR4A3,ENSG00000119508.18,20,0,0,-0.08835832331450129,0.08078336669213786,-0.08547234674990613,FALSE,TRUE
NR5A2,ENSG00000116833.14,20,0,0,-0.22700035738861107,0.063199681498872,-0.20590227871680108,FALSE,TRUE
NRARP,ENSG00000198435.4,20,0,0,0.07616112539759176,0.0534038660619514,0.0821670247972346,FALSE,TRUE
NRG3,ENSG00000185737.13,20,0,0,-0.2034757649195168,0.04710827578390292,-0.20061821630641527,FALSE,TRUE
NRK,ENSG00000123572.17,20,0,0,0.007663720085588161,0.05496580368458114,0.02277849714246801,FALSE,TRUE
NRL,ENSG00000129535.13,20,0,0,0.05222885548284978,0.054809570900783866,0.05252523171088075,FALSE,TRUE
NRM,ENSG00000137404.14,20,0,0,0.3001855705288061,0.03632168732121077,0.33931579289303176,FALSE,TRUE
NRN1,ENSG00000124785.9,20,0,0,0.11724491464493912,0.028732013056359487,0.11618873258691464,FALSE,TRUE
NRP1,ENSG00000099250.18,20,0,0,-0.29769164367186557,0.06488207933604967,-0.2846350410506347,FALSE,TRUE
NRP2,ENSG00000118257.17,20,0,0,-0.07917245919586548,0.06930973581864415,-0.06688045268779458,FALSE,TRUE
NRXN1,ENSG00000179915.24,20,0,0,0.1043985495833808,0.03243854879373234,0.12538222241365138,FALSE,TRUE
NRXN3,ENSG00000021645.20,20,0,0,-0.07967097923268864,0.06741692871625671,-0.08258347715868052,FALSE,TRUE
NT5DC3,ENSG00000111696.12,20,0,0,0.12123876885444775,0.059251589276302044,0.1310648984649832,FALSE,TRUE
NTN5,ENSG00000142233.14,20,0,0,0.243565344278527,0.0666780110053937,0.24443745465992436,FALSE,TRUE
NTNG1,ENSG00000162631.19,20,0,0,0.30338507156767786,0.0460571709395467,0.2896880809099082,FALSE,TRUE
NTNG2,ENSG00000196358.11,20,0,0,0.2461844716481732,0.04875732562804813,0.25082872528372935,FALSE,TRUE
NTRK1,ENSG00000198400.12,20,0,0,0.26706868374058956,0.026165677110875307,0.24341766907095988,FALSE,TRUE
NTRK2,ENSG00000148053.17,20,0,0,-0.12999568147131219,0.07521732192844881,-0.12514716982587512,FALSE,TRUE
NUDT1,ENSG00000106268.15,20,0,0,0.20422358995598414,0.053367488975327365,0.2099355496630942,FALSE,TRUE
NUDT10,ENSG00000122824.11,20,0,0,0.20149768022619496,0.0558010605810029,0.19473409131106145,FALSE,TRUE
NUDT4,ENSG00000173598.14,20,0,0,-0.1667314344813114,0.052459418935594804,-0.1603568802512077,FALSE,TRUE
NUPR1,ENSG00000176046.9,20,0,0,-0.1076817044344682,0.042879093012683056,-0.10359290769397926,FALSE,TRUE
NUSAP1,ENSG00000137804.14,20,0,0,0.23591734917725685,0.05939250809183383,0.2242353866765206,FALSE,TRUE
NXF3,ENSG00000147206.17,20,0,0,0.33186689397178554,0.07202406206894757,0.3158834190194225,FALSE,TRUE
NXPH2,ENSG00000144227.5,20,0,0,0.21408029518393368,0.05897596924094739,0.19495676396620623,FALSE,TRUE
NXPH4,ENSG00000182379.10,20,0,0,0.042621404445554456,0.06621668897409798,0.03664644048999758,FALSE,TRUE
OAS1,ENSG00000089127.14,20,0,0,-0.14374938237986773,0.08135354622786178,-0.1366375019035732,FALSE,TRUE
OAS2,ENSG00000111335.13,20,0,0,0.05105624708526897,0.07351718656299781,0.04275034804740894,FALSE,TRUE
OASL,ENSG00000135114.12,20,0,0,0.03455973470611309,0.0677081730009654,0.02979521081093586,FALSE,TRUE
OAT,ENSG00000065154.12,20,0,0,-0.09160695994820606,0.06053694983057214,-0.092933825133115,FALSE,TRUE
OCLN,ENSG00000197822.11,20,0,0,-0.22270332824103817,0.06455315094292119,-0.22631466190648292,FALSE,TRUE
ODAM,ENSG00000109205.16,20,0,0,0.2099527628116569,0.037498397926956833,0.19429561628747796,FALSE,TRUE
OGDHL,ENSG00000197444.10,20,0,0,-0.2004425566572573,0.054711346985267084,-0.20564799194333025,FALSE,TRUE
OGFR,ENSG00000060491.16,20,0,0,0.17142292578370372,0.06485734300916376,0.17741359164791637,FALSE,TRUE
OIP5,ENSG00000104147.9,20,0,0,0.18117947708456128,0.05713824820868135,0.15303483126254686,FALSE,TRUE
OLAH,ENSG00000152463.15,20,0,0,0.2401928782347078,0.044199599777125786,0.23973222956744752,FALSE,TRUE
OLFM3,ENSG00000118733.17,20,0,0,-0.015210787495749539,0.051976831667809316,-0.00970874650394063,FALSE,TRUE
OLFM4,ENSG00000102837.7,20,0,0,0.06263700736199863,0.07253432043903957,0.03087718011598608,FALSE,TRUE
OLFML2A,ENSG00000185585.20,20,0,0,-0.18741511723743776,0.06505861958074458,-0.15483260601554752,FALSE,TRUE
OLFML2B,ENSG00000162745.10,20,0,0,0.14517432265134245,0.043737632865344184,0.1620142861930753,FALSE,TRUE
OMA1,ENSG00000162600.12,20,0,0,0.10710728503345013,0.046268128492140764,0.06903501274488283,FALSE,TRUE
OMD,ENSG00000127083.7,20,0,0,-0.15429126358788564,0.06074531296683508,-0.15184399360299264,FALSE,TRUE
OPHN1,ENSG00000079482.13,20,0,0,-0.1317929176714275,0.08521031443147528,-0.12939053000330786,FALSE,TRUE
OR51E1,ENSG00000180785.10,20,0,0,-0.025756537084744305,0.06938431764610109,0.00330351824322107,FALSE,FALSE
OR51E2,ENSG00000167332.9,20,0,0,2.584724809416429e-4,0.04448466667435715,-9.62997308870404e-4,FALSE,FALSE
ORAI3,ENSG00000175938.7,20,0,0,0.05485131534723975,0.05562539725273183,0.05093416115121928,FALSE,TRUE
ORM1,ENSG00000229314.5,20,0,0,0.19125891672461498,0.05340427050354324,0.19666219480200328,FALSE,TRUE
OSBPL6,ENSG00000079156.17,20,0,0,0.26620087830934497,0.047980009694885445,0.25661153187677366,FALSE,TRUE
OSCAR,ENSG00000170909.13,20,0,0,0.20868609067801075,0.07057079668576771,0.1982103998194389,FALSE,TRUE
OSM,ENSG00000099985.4,20,0,0,0.24976928151899022,0.0642556529579568,0.2524877281312591,FALSE,TRUE
OSMR,ENSG00000145623.13,20,0,0,-0.0157100200864837,0.06481748376129211,-0.00534388296311169,FALSE,TRUE
OTOS,ENSG00000178602.8,20,0,0,0.019134688930593308,0.07693111356495827,0.01526418985211803,FALSE,TRUE
OVOL1,ENSG00000172818.10,20,0,0,-0.26459219775411247,0.09263471024024075,-0.2673136995998653,FALSE,TRUE
OVOL2,ENSG00000125850.11,20,0,0,0.09607769758768944,0.046365928371028126,0.0942281487860936,FALSE,TRUE
OXCT1,ENSG00000083720.13,20,0,0,-0.1902024927528149,0.07122150216326376,-0.20192883599204903,FALSE,TRUE
OXGR1,ENSG00000165621.8,20,0,0,0.14010882963737847,0.07725339884018947,0.12526155290075563,FALSE,TRUE
OXNAD1,ENSG00000154814.14,20,0,0,0.040361574115829094,0.05567103957983101,0.02209317595712495,FALSE,TRUE
P2RX2,ENSG00000187848.15,20,0,0,0.10434292297240486,0.04652405685316313,0.10725366544186472,FALSE,TRUE
P2RX5,ENSG00000083454.22,20,0,0,0.2603339847345359,0.06506780130949386,0.25003054528050905,FALSE,TRUE
P2RX7,ENSG00000089041.17,20,0,0,-0.17070541287774588,0.037045116761297625,-0.1538590491168254,FALSE,TRUE
P2RY1,ENSG00000169860.7,20,0,0,-0.231098928444941,0.061019398338058195,-0.220573339325895,FALSE,TRUE
P2RY10,ENSG00000078589.13,20,0,0,-0.07249367847345653,0.04287416511321565,-0.06948224684693668,FALSE,TRUE
P2RY12,ENSG00000169313.10,20,0,0,-0.22602136995515873,0.04052184516947355,-0.21855468486661217,FALSE,TRUE
P2RY13,ENSG00000181631.7,20,0,0,-0.22313480581464562,0.04635034228352103,-0.2171152026014881,FALSE,TRUE
P2RY14,ENSG00000174944.9,20,0,0,-0.05102266609545912,0.08503305271187547,-0.03445383283958216,FALSE,TRUE
P2RY2,ENSG00000175591.12,20,0,0,0.17084415425460317,0.04112466318688335,0.17208644889861213,FALSE,TRUE
P4HA1,ENSG00000122884.12,20,0,0,-0.09535822046824607,0.09077574454214102,-0.08532506343922558,FALSE,TRUE
P4HA3,ENSG00000149380.12,20,0,0,0.2769171731389276,0.057150009898143284,0.27427926597148933,FALSE,TRUE
P4HB,ENSG00000185624.15,20,0,0,-0.05539711519206365,0.1026197601544526,-0.06807684632062165,FALSE,TRUE
PACRG,ENSG00000112530.11,20,0,0,0.0101164096710476,0.07098284395425572,-0.00590469005902659,FALSE,FALSE
PADI1,ENSG00000142623.11,20,0,0,0.2419767583791367,0.046340165344136874,0.24646527539731605,FALSE,TRUE
PADI2,ENSG00000117115.13,20,0,0,0.046581551232732325,0.024759924595343576,0.05252497360762238,FALSE,TRUE
PAEP,ENSG00000122133.17,20,0,0,0.20061669008789756,0.04360761869929619,0.20132611919609933,FALSE,TRUE
PAG1,ENSG00000076641.4,20,0,0,-0.04232415847125909,0.05088922808890367,-0.05018922378767324,FALSE,TRUE
PAK6,ENSG00000137843.12,20,0,0,0.21395684414220745,0.05263976044697194,0.19568002038069657,FALSE,TRUE
PALM,ENSG00000099864.18,20,0,0,-0.13360022452620113,0.07290195878428696,-0.11198605437271346,FALSE,TRUE
PAPPA,ENSG00000182752.10,20,0,0,0.08738182723852028,0.07656649579777881,0.05332277080425558,FALSE,TRUE
PAPPA2,ENSG00000116183.11,20,0,0,-0.04054477142767742,0.041564329190509654,-0.03890745397463495,FALSE,TRUE
PAQR4,ENSG00000162073.14,20,0,0,0.041643697768371436,0.05264309766045509,0.04310557864467774,FALSE,TRUE
PAQR7,ENSG00000182749.6,20,0,0,-0.07365599784765561,0.04910188664827805,-0.07326715445799947,FALSE,TRUE
PAQR9,ENSG00000188582.10,20,0,0,0.09590993194093522,0.06582783277891566,0.07261135775934499,FALSE,TRUE
PARD6A,ENSG00000102981.10,20,0,0,-0.05774918249084182,0.05691585464813777,-0.04863541246247099,FALSE,TRUE
PARM1,ENSG00000169116.11,20,0,0,-0.21192000549606538,0.06542376882973244,-0.212809020773192,FALSE,TRUE
PARP15,ENSG00000173200.13,20,0,0,0.21049761683784485,0.04158180185468477,0.2136907984390433,FALSE,TRUE
PARVB,ENSG00000188677.15,20,0,0,0.18866071310751065,0.04644814432772937,0.17571475499570166,FALSE,TRUE
PARVG,ENSG00000138964.17,20,0,0,0.1658192286124269,0.06066411893845805,0.16213909492971776,FALSE,TRUE
PATE1,ENSG00000171053.10,20,0,0,0.006384983463158583,0.04538813793129583,-0.01097544377489712,FALSE,FALSE
PATL2,ENSG00000229474.7,20,0,0,0.23324155618190198,0.06660736954444069,0.22416758055868577,FALSE,TRUE
PBK,ENSG00000168078.10,20,0,0,0.1880324171073961,0.084326192187347,0.18529278617778755,FALSE,TRUE
PBX1,ENSG00000185630.19,20,0,0,-0.15945819978303793,0.07981692675580321,-0.1590749948033027,FALSE,TRUE
PBX4,ENSG00000105717.14,20,0,0,0.135730228985587,0.06773548794983174,0.14225910596275665,FALSE,TRUE
PC,ENSG00000173599.15,20,0,0,-0.1972550298974159,0.05117506079035933,-0.19950352521309683,FALSE,TRUE
PCA3,ENSG00000225937.3,20,0,0,0.018380267443923484,0.061750506536621425,0.0036462749935135,FALSE,TRUE
PCCB,ENSG00000114054.14,20,0,0,0.048430195252578606,0.03708261137259747,0.01858381434335927,FALSE,TRUE
PCDH1,ENSG00000156453.14,20,0,0,-0.14186613508537782,0.09410039385473509,-0.1546826900199433,FALSE,TRUE
PCDH10,ENSG00000138650.9,20,0,0,-0.05359802702809181,0.05378548402260419,-0.04492377514199939,FALSE,TRUE
PCDH12,ENSG00000113555.6,20,0,0,-0.24529997965888095,0.05977203557341493,-0.2285832817742595,FALSE,TRUE
PCDH17,ENSG00000118946.12,20,0,0,-0.2642736351961854,0.08959545509219666,-0.2530711941913591,FALSE,TRUE
PCDH9,ENSG00000184226.15,20,0,0,0.049810377853017083,0.06927831248052145,0.04666454912274375,FALSE,TRUE
PCDHB10,ENSG00000120324.9,20,0,0,-0.1751547460790822,0.039704451855844036,-0.15800075811105718,FALSE,TRUE
PCDHB14,ENSG00000120327.6,20,0,0,-0.07902696070506943,0.06830167499844662,-0.08199316069213705,FALSE,TRUE
PCDHB16,ENSG00000272674.3,20,0,0,-0.04685290094550486,0.05184987173564298,-0.04943935716830077,FALSE,TRUE
PCDHB2,ENSG00000112852.7,20,0,0,4.264375328863962e-4,0.06171792249242673,-0.00870226264513198,FALSE,FALSE
PCDHB6,ENSG00000113211.5,20,0,0,-0.04232618747448391,0.08097899142425687,-0.04476323274120915,FALSE,TRUE
PCDHB8,ENSG00000120322.4,20,0,0,-0.09149136984224146,0.03856702342633453,-0.08740644455975637,FALSE,TRUE
PCDHGA1,ENSG00000204956.5,20,0,0,0.14392099023775776,0.04667261385111891,0.12089818685724656,FALSE,TRUE
PCDHGB7,ENSG00000254122.3,20,0,0,-0.10733482901167855,0.08023393012716554,-0.10227836757023376,FALSE,TRUE
PCDHGC3,ENSG00000240184.7,20,0,0,-0.2882762112460635,0.037668514638820816,-0.2812543031356635,FALSE,TRUE
PCGEM1,ENSG00000227418.6,20,0,0,-0.1971769163778337,0.09161199851288968,-0.17227363566535422,FALSE,TRUE
PCGF1,ENSG00000115289.14,20,0,0,0.11787678089258583,0.08322939002123918,0.1341238688614726,FALSE,TRUE
PCK1,ENSG00000124253.11,20,0,0,-0.2710983779633997,0.04319981440388129,-0.2598691913245819,FALSE,TRUE
PCK2,ENSG00000100889.12,20,0,0,-0.2520549040221257,0.04734378441479015,-0.23591008518414755,FALSE,TRUE
PCP4,ENSG00000183036.11,20,0,0,-0.0619208712071803,0.03925335124396231,-0.05972334155073391,FALSE,TRUE
PCP4L1,ENSG00000248485.2,20,0,0,0.18278300872906464,0.04156915671281172,0.18922278501437945,FALSE,TRUE
PCSK1N,ENSG00000102109.9,20,0,0,-0.20134719854774297,0.047109618383165436,-0.20739415820797583,FALSE,TRUE
PCSK6,ENSG00000140479.18,20,0,0,-0.2014197533016511,0.06306379599228124,-0.20071475410524012,FALSE,TRUE
PCYT2,ENSG00000185813.11,20,0,0,-0.0169957170591702,0.04937825029130115,-0.01082233761488604,FALSE,TRUE
PDCD1,ENSG00000188389.11,20,0,0,0.02832376013046699,0.0686765649195659,0.03258712020104273,FALSE,TRUE
PDCD1LG2,ENSG00000197646.8,20,0,0,-0.07497253656165219,0.0779244346841497,-0.07727118657815261,FALSE,TRUE
PDCD6,ENSG00000249915.8,20,0,0,0.2586621856678457,0.07520696615909225,0.2713702718371352,FALSE,TRUE
PDE1A,ENSG00000115252.18,20,0,0,-0.003530337378687682,0.0469811567697446,0.00366004921569288,FALSE,FALSE
PDE6G,ENSG00000185527.12,20,0,0,0.07105006380513429,0.04819489156630816,0.04442295970419503,FALSE,TRUE
PDGFRA,ENSG00000134853.12,20,0,0,0.13013049956445585,0.04647423839752954,0.12827133300033225,FALSE,TRUE
PDGFRL,ENSG00000104213.13,20,0,0,0.2349464460579522,0.029724116860367078,0.23751497243484848,FALSE,TRUE
PDHA1,ENSG00000131828.14,20,0,0,-0.018702268984334764,0.07310815354459854,-0.03493723973862844,FALSE,TRUE
PDHB,ENSG00000168291.13,20,0,0,-0.15103716972090403,0.05225817341243652,-0.1495247844994669,FALSE,TRUE
PDK1,ENSG00000152256.14,20,0,0,-0.1868764839310833,0.09343475976588236,-0.1830439788865767,FALSE,TRUE
PDLIM1,ENSG00000107438.9,20,0,0,-0.1903630942989285,0.04375208071463718,-0.1919789321907792,FALSE,TRUE
PDP2,ENSG00000172840.7,20,0,0,-0.198426559868121,0.0787366104856799,-0.21073311811906628,FALSE,TRUE
PDX1,ENSG00000139515.6,20,0,0,0.14312192429079446,0.03580325933507145,0.12981544820661522,FALSE,TRUE
PDXK,ENSG00000160209.19,20,0,0,0.15627157241166834,0.03800088948978639,0.13314233543987608,FALSE,TRUE
PDZRN3,ENSG00000121440.15,20,0,0,-0.28513469092770616,0.057784027003097205,-0.28676347372928246,FALSE,TRUE
PDZRN4,ENSG00000165966.16,20,0,0,-0.12511170920754214,0.055908522106961706,-0.1298491363556571,FALSE,TRUE
PEBP1,ENSG00000089220.5,20,0,0,-0.2713323625185664,0.04837473001794193,-0.26563860319226573,FALSE,TRUE
PEG3,ENSG00000198300.14,20,0,0,-0.1450873565752118,0.06523601406168315,-0.14526683600325313,FALSE,TRUE
PELI2,ENSG00000139946.10,20,0,0,-0.2228991804871852,0.10166114184538891,-0.20895208893048456,FALSE,TRUE
PEPD,ENSG00000124299.15,20,0,0,-0.30268218850193374,0.036100007250452926,-0.31482314765463104,FALSE,TRUE
PER2,ENSG00000132326.12,20,0,0,-0.257368200005453,0.04260185092905072,-0.2584740213065485,FALSE,TRUE
PF4V1,ENSG00000109272.4,20,0,0,-0.007070201090688399,0.04506516983398767,-7.569931680114295e-4,FALSE,TRUE
PFKFB2,ENSG00000123836.15,20,0,0,0.1358774479514394,0.05948940473278641,0.11916796941706584,FALSE,TRUE
PFKFB4,ENSG00000114268.12,20,0,0,0.05857064224468063,0.07716324562793729,0.05329185614696778,FALSE,TRUE
PFKP,ENSG00000067057.18,20,0,0,-0.23267880848012923,0.06635899411996563,-0.22133436151605548,FALSE,TRUE
PFN2,ENSG00000070087.14,20,0,0,0.22084302311729329,0.06564747396592557,0.18980949550957796,FALSE,TRUE
PGBD5,ENSG00000177614.11,20,0,0,-0.0962581414431997,0.06922480875811522,-0.10653626823952568,FALSE,TRUE
PGF,ENSG00000119630.14,20,0,0,0.014638433529539504,0.07014139943989692,0.02021104430408627,FALSE,TRUE
PGM5,ENSG00000154330.13,20,0,0,-0.22398201495829417,0.0762880956209627,-0.2275288943536472,FALSE,TRUE
PHEX,ENSG00000102174.9,20,0,0,0.014723810038582474,0.07177583676023003,0.01268816819928825,FALSE,TRUE
PHF21B,ENSG00000056487.16,20,0,0,0.19697282343596723,0.04382981142635414,0.1916824863064754,FALSE,TRUE
PHGDH,ENSG00000092621.13,20,0,0,-0.0370557717362349,0.060185050796673,-0.01244348658203763,FALSE,TRUE
PHKA2,ENSG00000044446.12,20,0,0,-0.16241408565071097,0.06065676590149496,-0.14838413297241543,FALSE,TRUE
PHLDA3,ENSG00000174307.7,20,0,0,0.04583288295486629,0.04954392999845195,0.05992404944884189,FALSE,TRUE
PHYH,ENSG00000107537.14,20,0,0,-0.2988320500599486,0.059870424774304765,-0.2808553085815177,FALSE,TRUE
PHYHD1,ENSG00000175287.19,20,0,0,0.19021091859504646,0.05384537910850676,0.176469076133429,FALSE,TRUE
PI16,ENSG00000164530.15,20,0,0,-0.09792864403257398,0.05335712864930875,-0.08579888805001647,FALSE,TRUE
PI3,ENSG00000124102.5,20,0,0,0.21437133496775876,0.05039215645107181,0.20733743431143004,FALSE,TRUE
PIGR,ENSG00000162896.6,20,0,0,-0.15147549615795092,0.061801665644557746,-0.14721481913803652,FALSE,TRUE
PIK3C2G,ENSG00000139144.11,20,0,0,0.11008053044535882,0.0760817883652551,0.09862555472858332,FALSE,TRUE
PIK3CG,ENSG00000105851.11,20,0,0,-0.1500495030646191,0.05893229702860968,-0.15418126990820036,FALSE,TRUE
PIK3R5,ENSG00000141506.14,20,0,0,-0.014464729774401323,0.04902932613521815,-0.01527343439378324,FALSE,TRUE
PIK3R6,ENSG00000276231.5,20,0,0,0.25155699296350653,0.05538632023051232,0.2417929714916115,FALSE,TRUE
PILRA,ENSG00000085514.16,20,0,0,-0.04128692039381657,0.066585592717389,-0.0337875698759535,FALSE,TRUE
PIM2,ENSG00000102096.9,20,0,0,0.051747750438795447,0.07231541888424073,0.05318718819670495,FALSE,TRUE
PIP4K2C,ENSG00000166908.18,20,0,0,-0.01965529355475874,0.04127541112207116,-0.03053579134558794,FALSE,TRUE
PIP5K1B,ENSG00000107242.20,20,0,0,-0.1117554704971318,0.12362024071884484,-0.11962591719163992,FALSE,TRUE
PIPOX,ENSG00000179761.12,20,0,0,-0.2102618643200745,0.05758818037792501,-0.2166712472901366,FALSE,TRUE
PITPNM3,ENSG00000091622.16,20,0,0,0.15795831619168704,0.04022504875646754,0.1582158935717289,FALSE,TRUE
PITX1,ENSG00000069011.16,20,0,0,0.2421828302762073,0.053292942263989784,0.23955699801752825,FALSE,TRUE
PITX3,ENSG00000107859.10,20,0,0,0.15914245810365893,0.04433219523091453,0.15577732725221263,FALSE,TRUE
PIWIL4,ENSG00000134627.12,20,0,0,0.0450803787875602,0.04481025545487881,0.03976897426492203,FALSE,TRUE
PKD1L1,ENSG00000158683.9,20,0,0,-0.04011165802125914,0.06793110408936842,-0.05547746355856819,FALSE,TRUE
PKD1L2,ENSG00000166473.17,20,0,0,0.2519082886605271,0.06626769902625737,0.2593276142670932,FALSE,TRUE
PKD2L1,ENSG00000107593.17,20,0,0,0.03706799025370197,0.05570370772875706,0.02642592234354497,FALSE,TRUE
PKHD1,ENSG00000170927.15,20,0,0,-0.3078583727945634,0.0453253686611611,-0.3170364349089055,FALSE,TRUE
PKIB,ENSG00000135549.15,20,0,0,-0.0637228009770334,0.04954356532879864,-0.07270681229213002,FALSE,TRUE
PKNOX2,ENSG00000165495.16,20,0,0,0.15893069178961705,0.03595178052273909,0.16496518460624293,FALSE,TRUE
PLA1A,ENSG00000144837.9,20,0,0,-0.22177798015856784,0.059621743781993364,-0.21956803136971403,FALSE,TRUE
PLA2G3,ENSG00000100078.4,20,0,0,0.14678013532232598,0.0372950497847202,0.13019965685364843,FALSE,TRUE
PLA2G4A,ENSG00000116711.10,20,0,0,-0.0016626498727382974,0.06095026948633346,-0.02209166060074129,FALSE,TRUE
PLA2G4C,ENSG00000105499.14,20,0,0,-0.1251215079655676,0.04241982055235216,-0.12830231655534657,FALSE,TRUE
PLA2G4F,ENSG00000168907.13,20,0,0,0.14489607487517625,0.0453767886151719,0.130585311152072,FALSE,TRUE
PLA2G5,ENSG00000127472.11,20,0,0,0.046363161372949824,0.04028916942742344,0.03249293342005433,FALSE,TRUE
PLA2G7,ENSG00000146070.17,20,0,0,-0.012199787906107646,0.05887404088187698,-0.02605973854761716,FALSE,TRUE
PLA2R1,ENSG00000153246.13,20,0,0,0.17580392316856924,0.05381358296584424,0.16500648786031225,FALSE,TRUE
PLAC8,ENSG00000145287.11,20,0,0,0.1153774568786869,0.054766871568223296,0.10838921582849718,FALSE,TRUE
PLAC9,ENSG00000189129.14,20,0,0,-0.11348870481285825,0.0436273758321961,-0.10385097635266248,FALSE,TRUE
PLAGL1,ENSG00000118495.20,20,0,0,0.21418732304397411,0.05936556908725876,0.2216496061819485,FALSE,TRUE
PLAT,ENSG00000104368.19,20,0,0,-0.07559437041128705,0.043973852555852636,-0.08062980846310755,FALSE,TRUE
PLAU,ENSG00000122861.16,20,0,0,0.2432254518180913,0.04691275917640675,0.24518982881392504,FALSE,TRUE
PLB1,ENSG00000163803.13,20,0,0,0.17145861961753212,0.06492238124538996,0.16740830003580365,FALSE,TRUE
PLCB2,ENSG00000137841.12,20,0,0,0.23780553677491884,0.06473535915619322,0.23811741064205105,FALSE,TRUE
PLCB4,ENSG00000101333.17,20,0,0,0.04604285595058179,0.05210806970844365,0.03649797449313004,FALSE,TRUE
PLCD4,ENSG00000115556.14,20,0,0,0.17126304616113783,0.04806208276145163,0.1722067964012407,FALSE,TRUE
PLCXD3,ENSG00000182836.10,20,0,0,-0.19128489834556875,0.06448277413235717,-0.19869779304309007,FALSE,TRUE
PLCZ1,ENSG00000139151.16,20,0,0,0.02047653478586717,0.07895404237989545,0.01648741422930645,FALSE,TRUE
PLD4,ENSG00000166428.14,20,0,0,-0.24260847119021733,0.03192549759424432,-0.24238742540439048,FALSE,TRUE
PLD5,ENSG00000180287.17,20,0,0,-0.03644308520164259,0.051642426435389854,-0.03783677755671164,FALSE,TRUE
PLEK,ENSG00000115956.10,20,0,0,-0.06081636715123089,0.05024405095447423,-0.05917548463054072,FALSE,TRUE
PLEKHB1,ENSG00000021300.14,20,0,0,0.015107039060827181,0.08223113337666564,0.00356190799710749,FALSE,TRUE
PLEKHF1,ENSG00000166289.6,20,0,0,0.11107773136786257,0.05140122629007564,0.11742246243437517,FALSE,TRUE
PLEKHG3,ENSG00000126822.17,20,0,0,-0.07326268794464658,0.07459115009391071,-0.0650674184807463,FALSE,TRUE
PLEKHG4,ENSG00000196155.13,20,0,0,0.17599182796525542,0.0438203869725351,0.1824139601802548,FALSE,TRUE
PLEKHO1,ENSG00000023902.14,20,0,0,0.252498367899304,0.05676201019859006,0.2533324653702473,FALSE,TRUE
PLEKHO2,ENSG00000241839.10,20,0,0,0.01713462730797966,0.06599999872737003,0.01045054599389895,FALSE,TRUE
PLIN2,ENSG00000147872.10,20,0,0,-0.3276876658554413,0.03883903668099209,-0.3223096952981899,FALSE,TRUE
PLIN5,ENSG00000214456.8,20,0,0,0.19799091399122756,0.058740262486661726,0.1754377332346326,FALSE,TRUE
PLK2,ENSG00000145632.15,20,0,0,0.0928740504887578,0.0596575204679932,0.1074929810317968,FALSE,TRUE
PLOD1,ENSG00000083444.17,20,0,0,0.07660556726654175,0.09170419230092805,0.06816254752370565,FALSE,TRUE
PLOD2,ENSG00000152952.12,20,0,0,0.10007939462997889,0.07611874649736297,0.07639582798083307,FALSE,TRUE
PLOD3,ENSG00000106397.12,20,0,0,0.08999942260199026,0.10481609143178476,0.0848988844287534,FALSE,TRUE
PLP2,ENSG00000102007.11,20,0,0,0.12624143367780868,0.09380029816403482,0.14314954894045584,FALSE,TRUE
PLS3,ENSG00000102024.18,20,0,0,-0.025729025971942356,0.05960249833570736,-0.03166488274795467,FALSE,TRUE
PLSCR3,ENSG00000187838.17,20,0,0,0.18161036171172834,0.07073615752042375,0.2046559458044322,FALSE,TRUE
PLXDC1,ENSG00000161381.14,20,0,0,0.22087500188998382,0.06412334104692274,0.2332365159776667,FALSE,TRUE
PLXNA3,ENSG00000130827.6,20,0,0,0.23789813411938077,0.068950164157648125,0.2448513557157773,FALSE,TRUE
PLXNA4,ENSG00000221866.9,20,0,0,0.1556392073755936,0.07012257597732786,0.14387801523926785,FALSE,TRUE
PLXNB1,ENSG00000164050.13,20,0,0,0.18730293607662235,0.08044187320836987,0.18005849413901648,FALSE,TRUE
PLXNC1,ENSG00000136040.9,20,0,0,-0.17214570833951365,0.037193258669036444,-0.18325489393212588,FALSE,TRUE
PLXND1,ENSG00000004399.13,20,0,0,-0.007968021149288575,0.08604430391551288,-0.00418971302760471,FALSE,TRUE
PM20D1,ENSG00000162877.13,20,0,0,0.019026036048759222,0.04144009517475531,-0.00877515967668482,FALSE,FALSE
PMEPA1,ENSG00000124225.16,20,0,0,0.19359740480034307,0.046829568260236265,0.1926100209538339,FALSE,TRUE
PML,ENSG00000140464.20,20,0,0,0.2387172033723599,0.054830696657305694,0.2334101982853694,FALSE,TRUE
PMP2,ENSG00000147588.7,20,0,0,-0.017213954256255475,0.03979281558581092,-0.00792341523765938,FALSE,TRUE
PMP22,ENSG00000109099.16,20,0,0,0.0024861710700821746,0.04409470444184403,0.01109990549434424,FALSE,TRUE
PNCK,ENSG00000130822.16,20,0,0,-0.0016880493562535512,0.05411197101491744,-0.00216186944751501,FALSE,TRUE
PNLIPRP3,ENSG00000203837.5,20,0,0,0.17123835605704302,0.044869040477727246,0.17303249894249417,FALSE,TRUE
PNMA2,ENSG00000240694.9,20,0,0,-0.25143849999947926,0.03080238005474467,-0.2504367581448921,FALSE,TRUE
PNMT,ENSG00000141744.4,20,0,0,0.15995681169726095,0.032159121732693335,0.14608881160449302,FALSE,TRUE
PNPLA1,ENSG00000180316.12,20,0,0,-0.1478713456650439,0.08453203295451349,-0.13409763352367016,FALSE,TRUE
PNPLA3,ENSG00000100344.11,20,0,0,-0.0757507442293665,0.06475704414932185,-0.07988318758463284,FALSE,TRUE
PODNL1,ENSG00000132000.13,20,0,0,0.3003555575392072,0.048161283182314996,0.2913957434527902,FALSE,TRUE
POLE2,ENSG00000100479.13,20,0,0,0.2986164013595807,0.0376427630309204,0.27711443954863224,FALSE,TRUE
POLR3B,ENSG00000013503.10,20,0,0,0.05588424583297367,0.06351110764553788,0.03866494413106733,FALSE,TRUE
PON3,ENSG00000105852.11,20,0,0,0.19128375833084227,0.04377251056116824,0.19984519897251313,FALSE,TRUE
POPDC2,ENSG00000121577.14,20,0,0,-0.1084706267144048,0.08763991856248966,-0.09102194864275252,FALSE,TRUE
POSTN,ENSG00000133110.15,20,0,0,0.11608013315744393,0.059405324860848305,0.12148851689604406,FALSE,TRUE
POU2F2,ENSG00000028277.21,20,0,0,0.19744406313632282,0.038477805570697576,0.190359193938576,FALSE,TRUE
POU2F3,ENSG00000137709.10,20,0,0,0.03878684877023182,0.05031679558241427,0.03767928075133935,FALSE,TRUE
POU3F1,ENSG00000185668.8,20,0,0,-0.015610564104886319,0.08100790407987238,-0.03353097482467181,FALSE,TRUE
POU4F1,ENSG00000152192.8,20,0,0,0.027783152168494373,0.044297438165949034,0.03707816231945594,FALSE,TRUE
POU5F1,ENSG00000204531.20,20,0,0,-0.01454407865747229,0.0668480029494213,-0.01460583831608902,FALSE,TRUE
PPARGC1A,ENSG00000109819.9,20,0,0,-0.3124614911132663,0.036911217986180245,-0.3256664406094219,FALSE,TRUE
PPEF1,ENSG00000086717.18,20,0,0,0.11818466251972787,0.039412930564165324,0.12442943210996577,FALSE,TRUE
PPFIA4,ENSG00000143847.15,20,0,0,0.18925107428963417,0.08267710686256977,0.19280035830102207,FALSE,TRUE
PPIL6,ENSG00000185250.16,20,0,0,-0.15831713870203626,0.06885039838421822,-0.14580639640181114,FALSE,TRUE
PPM1E,ENSG00000175175.6,20,0,0,0.11976743595844107,0.05747901157627587,0.0744793985084035,FALSE,TRUE
PPM1F,ENSG00000100034.14,20,0,0,-0.07617465571166915,0.0488034842866887,-0.05449065000837008,FALSE,TRUE
PPM1H,ENSG00000111110.12,20,0,0,0.04694698064492464,0.03282690422995646,0.01548879390994078,FALSE,TRUE
PPM1K,ENSG00000163644.15,20,0,0,0.01666358573680396,0.08021018557638727,0.0179752911727077,FALSE,TRUE
PPP1R13L,ENSG00000104881.16,20,0,0,0.021295518961288017,0.07018687317988416,0.03194017612635631,FALSE,TRUE
PPP1R1A,ENSG00000135447.17,20,0,0,0.24060735123963872,0.06910628032848742,0.2228861988776736,FALSE,TRUE
PPP1R1B,ENSG00000131771.14,20,0,0,0.1200393997769767,0.0573916270094174,0.10574260748387108,FALSE,TRUE
PPP1R1C,ENSG00000150722.10,20,0,0,-0.0657030199068154,0.05920738599739541,-0.06812403576326632,FALSE,TRUE
PPP1R3B,ENSG00000173281.5,20,0,0,-0.1080461458908687,0.03624603269633231,-0.08533010719229368,FALSE,TRUE
PPP1R3C,ENSG00000119938.9,20,0,0,-0.07699556184891629,0.042714061932788594,-0.07991731206506933,FALSE,TRUE
PPP2R2B,ENSG00000156475.18,20,0,0,-0.02480570541460738,0.029297822954718403,-0.02718979046672883,FALSE,TRUE
PPP4R4,ENSG00000119698.12,20,0,0,0.22359527745292712,0.04131154338926099,0.20247639638536769,FALSE,TRUE
PRAM1,ENSG00000133246.12,20,0,0,0.08602417266780713,0.04654955442983133,0.0971805301768038,FALSE,TRUE
PRAME,ENSG00000185686.18,20,0,0,0.13864594050418605,0.07194027180339538,0.1144078731342588,FALSE,TRUE
PRC1,ENSG00000198901.14,20,0,0,0.26553690937308017,0.0759771064583128,0.24945566665252317,FALSE,TRUE
PRDM1,ENSG00000057657.17,20,0,0,-0.17362807745076844,0.06586418765311769,-0.15505003605909382,FALSE,TRUE
PRDM16,ENSG00000142611.17,20,0,0,-0.09021466355140456,0.06992998068594049,-0.0925542681718329,FALSE,TRUE
PRDX4,ENSG00000123131.13,20,0,0,-0.19659480296269727,0.07218502489553164,-0.18402876351879133,FALSE,TRUE
PRELID2,ENSG00000186314.11,20,0,0,-0.2877650781872496,0.07045598947946702,-0.30435034598212285,FALSE,TRUE
PREX1,ENSG00000124126.14,20,0,0,-0.25166981406798744,0.0718577438609388,-0.23276710647635815,FALSE,TRUE
PREX2,ENSG00000046889.19,20,0,0,0.1199878221808087,0.05618230367891426,0.11807042212708985,FALSE,TRUE
PRF1,ENSG00000180644.8,20,0,0,-0.13471378174330384,0.034047979618815005,-0.12593384848677422,FALSE,TRUE
PRG2,ENSG00000186652.10,20,0,0,0.28857717584739306,0.06271879879798109,0.29659139969585774,FALSE,TRUE
PRIMA1,ENSG00000175785.13,20,0,0,-0.0855053636527568,0.08503709699910732,-0.07144150788471997,FALSE,TRUE
PRKCA,ENSG00000154229.12,20,0,0,0.07254849436800755,0.04964407605613323,0.06260080686843204,FALSE,TRUE
PRKCQ,ENSG00000065675.15,20,0,0,-0.13755555023337288,0.08052797525534258,-0.15490709173772613,FALSE,TRUE
PRLR,ENSG00000113494.17,20,0,0,-0.08957329017540583,0.026423051371686976,-0.10860648579824778,FALSE,TRUE
PRMT6,ENSG00000198890.9,20,0,0,-0.08066079136962213,0.04242617661016945,-0.10996111967302052,FALSE,TRUE
PRND,ENSG00000171864.5,20,0,0,-0.10164257365719319,0.07331489737580488,-0.08287228164784878,FALSE,TRUE
PROC,ENSG00000115718.18,20,0,0,-0.009581499767986354,0.05903559562108054,-0.01488442787925703,FALSE,TRUE
PROCR,ENSG00000101000.6,20,0,0,-0.05159232551287314,0.06601761909428622,-0.04332720408025483,FALSE,TRUE
PRODH2,ENSG00000250799.11,20,0,0,-0.2671890891731708,0.04104055392358208,-0.263309665110783,FALSE,TRUE
PROM1,ENSG00000007062.12,20,0,0,0.01793610553976565,0.050564674645568415,0.01501979607572062,FALSE,TRUE
PROM2,ENSG00000155066.16,20,0,0,0.2571190619344629,0.031823634728107786,0.2395738814065816,FALSE,TRUE
PROS1,ENSG00000184500.16,20,0,0,-0.3177221839941168,0.0364664537988304,-0.3088110316962358,FALSE,TRUE
PROX1,ENSG00000117707.16,20,0,0,0.2697970768435066,0.07037126965744517,0.2584429509137811,FALSE,TRUE
PROZ,ENSG00000126231.15,20,0,0,0.208974092204666,0.04756306834817134,0.20619502071697485,FALSE,TRUE
PRPH,ENSG00000135406.14,20,0,0,0.07590479937988959,0.034493760628892416,0.08490449035277454,FALSE,TRUE
PRPH2,ENSG00000112619.8,20,0,0,-0.006958671837228585,0.05792835282197091,-0.01573691224315956,FALSE,TRUE
PRR11,ENSG00000068489.13,20,0,0,0.2749505371230375,0.06966340630189835,0.2644190832524865,FALSE,TRUE
PRR15,ENSG00000176532.4,20,0,0,-0.05363079029374139,0.040908418322042076,-0.05614682510957367,FALSE,TRUE
PRR15L,ENSG00000167183.3,20,0,0,-0.09373249741000078,0.06302043829769373,-0.1208561515917743,FALSE,TRUE
PRR16,ENSG00000184838.15,20,0,0,0.1848057419547839,0.05495619839142954,0.1911010664981864,FALSE,TRUE
PRR7,ENSG00000131188.12,20,0,0,0.13875971270067916,0.0426124370016803,0.1282740400686865,FALSE,TRUE
PRRG1,ENSG00000130962.18,20,0,0,-0.1281237656961881,0.06401233035613743,-0.1360644594580123,FALSE,TRUE
PRRG2,ENSG00000126460.11,20,0,0,-0.009523471267858831,0.06740770420967755,-0.02369241537912569,FALSE,TRUE
PRRT3,ENSG00000163704.12,20,0,0,0.18522226970250139,0.05543261690768353,0.16912021643631228,FALSE,TRUE
PRSS21,ENSG00000007038.11,20,0,0,0.09395893065878796,0.03902603557405557,0.07651272176604115,FALSE,TRUE
PRSS22,ENSG00000005001.10,20,0,0,0.2551058204884217,0.041078725733305566,0.24502921351967996,FALSE,TRUE
PRSS3,ENSG00000010438.17,20,0,0,0.1582973838873777,0.05912973457687937,0.143904425254478,FALSE,TRUE
PRSS35,ENSG00000146250.7,20,0,0,0.02048042787885101,0.04581788973418943,0.03073297309184702,FALSE,TRUE
PRSS36,ENSG00000178226.11,20,0,0,0.08277859079273775,0.06038558079941905,0.10447180463157106,FALSE,TRUE
PRSS37,ENSG00000165076.14,20,0,0,0.20356089025909677,0.06244717677634312,0.1831707642421045,FALSE,TRUE
PRSS8,ENSG00000052344.16,20,0,0,-0.20134351166475783,0.0838033865381908,-0.18599662813794393,FALSE,TRUE
PRUNE2,ENSG00000106772.18,20,0,0,-0.3468714798018827,0.05803490403951406,-0.34608259134489644,FALSE,TRUE
PSCA,ENSG00000167653.5,20,0,0,0.1486006684097213,0.032652535712180075,0.14108903662090416,FALSE,TRUE
PSD2,ENSG00000146005.4,20,0,0,0.07450591030684506,0.044386219417698956,0.07895809824217512,FALSE,TRUE
PSMB10,ENSG00000205220.12,20,0,0,-0.08853292708317109,0.042588316411273155,-0.10703576011216016,FALSE,TRUE
PSMB8,ENSG00000204264.12,20,0,0,-0.15428661755523732,0.037292001252997975,-0.14469210590858692,FALSE,TRUE
PSMB9,ENSG00000240065.8,20,0,0,-0.14105057906437507,0.0460561760768852,-0.13743981509562697,FALSE,TRUE
PSORS1C1,ENSG00000204540.11,20,0,0,0.0474116169272583,0.09444201548279188,0.05087529346101824,FALSE,TRUE
PSTPIP1,ENSG00000140368.13,20,0,0,0.15400454179565065,0.05626748646746674,0.14168613966979143,FALSE,TRUE
PSTPIP2,ENSG00000152229.18,20,0,0,0.14358590993398418,0.04697654228971959,0.1373624216905073,FALSE,TRUE
PTAFR,ENSG00000169403.12,20,0,0,-0.08522143177446476,0.04913396828374608,-0.08965860408499798,FALSE,TRUE
PTCHD1,ENSG00000165186.12,20,0,0,0.06823854140165483,0.04236472041694045,0.06162597688645122,FALSE,TRUE
PTGDR,ENSG00000168229.4,20,0,0,0.10178242542601648,0.048109167397264146,0.12360992176171907,FALSE,TRUE
PTGER1,ENSG00000160951.4,20,0,0,0.16399599393558678,0.0392407805876587,0.15032040611220718,FALSE,TRUE
PTGER3,ENSG00000050628.20,20,0,0,-0.286810506642989,0.07243506991921664,-0.27550043946989666,FALSE,TRUE
PTGER4,ENSG00000171522.6,20,0,0,-0.1887344162245432,0.04115845556681247,-0.1866606385736032,FALSE,TRUE
PTGFR,ENSG00000122420.10,20,0,0,0.17676943900359243,0.06991019796085057,0.16824699192278764,FALSE,TRUE
PTGR1,ENSG00000106853.20,20,0,0,-0.12283562458051456,0.032071423909967214,-0.12609960655261893,FALSE,TRUE
PTGS2,ENSG00000073756.12,20,0,0,0.23406068600741486,0.06804612039581368,0.21823978696046809,FALSE,TRUE
PTH1R,ENSG00000160801.14,20,0,0,-0.21126973218620643,0.06147600094672587,-0.20000074663152267,FALSE,TRUE
PTHLH,ENSG00000087494.16,20,0,0,0.11250880346220453,0.051092745869263254,0.12069581612819988,FALSE,TRUE
PTK6,ENSG00000101213.7,20,0,0,0.292190312637918,0.04140076623154487,0.3029081834380894,FALSE,TRUE
PTPN13,ENSG00000163629.13,20,0,0,-0.18946069559513534,0.05510804081236376,-0.18869912659572569,FALSE,TRUE
PTPN22,ENSG00000134242.16,20,0,0,0.028872441871514887,0.061354539518129705,0.01897558392066325,FALSE,TRUE
PTPN3,ENSG00000070159.14,20,0,0,-0.128819661576176,0.07998678698854449,-0.12142564382562725,FALSE,TRUE
PTPN4,ENSG00000088179.9,20,0,0,-0.21315318043322012,0.065970538218525,-0.23208160840997533,FALSE,TRUE
PTPRC,ENSG00000081237.20,20,0,0,-0.17365227748586942,0.04591678015593667,-0.1768317532986273,FALSE,TRUE
PTPRD,ENSG00000153707.17,20,0,0,0.004275522605492767,0.03734483584332695,0.00510537444627543,FALSE,TRUE
PTPRE,ENSG00000132334.17,20,0,0,-0.04971773911849876,0.06505910193972385,-0.03997021052370754,FALSE,TRUE
PTPRN,ENSG00000054356.14,20,0,0,0.1907956341718876,0.0825889421295479,0.1951829643419922,FALSE,TRUE
PTPRO,ENSG00000151490.15,20,0,0,-0.18089277223937394,0.05718738602980589,-0.18632637499019103,FALSE,TRUE
PTPRR,ENSG00000153233.13,20,0,0,-0.034261998137467685,0.032234202616514274,-0.01577973006042358,FALSE,TRUE
PTPRT,ENSG00000196090.12,20,0,0,0.09084991779385405,0.048147764626503387,0.09286769776349992,FALSE,TRUE
PVRIG,ENSG00000213413.2,20,0,0,0.1449729238455045,0.07267525647451117,0.1580774136722175,FALSE,TRUE
PXDN,ENSG00000130508.11,20,0,0,0.15617336713864222,0.06183803932020088,0.1422184105104748,FALSE,TRUE
PYCARD,ENSG00000103490.14,20,0,0,0.12356722395604143,0.057881289647073814,0.1182583205255794,FALSE,TRUE
PYDC1,ENSG00000169900.8,20,0,0,0.12271335501898697,0.03575606357084518,0.11664552586417082,FALSE,TRUE
PYGL,ENSG00000100504.17,20,0,0,-0.011734014007725441,0.05381647775482652,-0.00108460180565517,FALSE,TRUE
PYHIN1,ENSG00000163564.15,20,0,0,-0.055095464281219794,0.045731311008972236,-0.05642367528133298,FALSE,TRUE
PZP,ENSG00000126838.10,20,0,0,0.23967321169312147,0.0758909951074104,0.22561701687458577,FALSE,TRUE
QPRT,ENSG00000103485.19,20,0,0,-0.07061545971461558,0.05008561057722548,-0.06981940187057342,FALSE,TRUE
QTRT1,ENSG00000213339.9,20,0,0,0.25551146425045285,0.07208184538658108,0.2670966309003059,FALSE,TRUE
R3HDML,ENSG00000101074.5,20,0,0,0.2230129946431938,0.04138927010647778,0.21282985384242847,FALSE,TRUE
RAB11FIP1,ENSG00000156675.16,20,0,0,-0.1765199738381803,0.06087936391441376,-0.17464015551733608,FALSE,TRUE
RAB11FIP4,ENSG00000131242.18,20,0,0,-0.1798855378178582,0.08907746051222981,-0.209803793796481,FALSE,TRUE
RAB24,ENSG00000169228.14,20,0,0,0.05761913184664974,0.050205484452085745,0.07030894727653911,FALSE,TRUE
RAB25,ENSG00000132698.15,20,0,0,0.23646500087551137,0.05054946665287649,0.2202755896239929,FALSE,TRUE
RAB33A,ENSG00000134594.5,20,0,0,-0.22686986721526275,0.06372302215833972,-0.21849213665131392,FALSE,TRUE
RAB37,ENSG00000172794.20,20,0,0,-0.03184606887528308,0.05197587129809136,-0.01477010299724763,FALSE,TRUE
RAB3B,ENSG00000169213.7,20,0,0,0.255918161583393,0.057734004656483734,0.2453246087003963,FALSE,TRUE
RAB3C,ENSG00000152932.8,20,0,0,-0.08933390632202251,0.11287895159946158,-0.12935511765121396,FALSE,TRUE
RAB42,ENSG00000188060.7,20,0,0,-0.028138584926189387,0.061407280065324775,-0.01196184256800085,FALSE,TRUE
RAB7B,ENSG00000276600.5,20,0,0,0.06545323148029727,0.05927150492433485,0.08119275738765198,FALSE,TRUE
RAC2,ENSG00000128340.15,20,0,0,0.02891989751948404,0.06676594755692825,0.0284893439544714,FALSE,TRUE
RAD51,ENSG00000051180.17,20,0,0,0.1528146910863333,0.058509671333592195,0.14884001280164172,FALSE,TRUE
RAD51AP1,ENSG00000111247.15,20,0,0,0.20219828611832416,0.06965120474714542,0.21111556119986427,FALSE,TRUE
RAD54B,ENSG00000197275.14,20,0,0,0.20532852435419935,0.08550788952053037,0.18763973840077153,FALSE,TRUE
RAET1E,ENSG00000164520.11,20,0,0,-0.12151335947368008,0.07128828787817232,-0.11157670651330938,FALSE,TRUE
RALBP1,ENSG00000017797.13,20,0,0,-0.19693692249809674,0.03818988659151942,-0.19122138440465045,FALSE,TRUE
RALGDS,ENSG00000160271.16,20,0,0,0.32366495488184216,0.06743574972458216,0.32384048895566064,FALSE,TRUE
RALGPS1,ENSG00000136828.19,20,0,0,0.20372626172066033,0.05289035378276852,0.17922281030223872,FALSE,TRUE
RANBP3L,ENSG00000164188.9,20,0,0,-0.035857944631925945,0.08240988222314632,-0.05380297362443032,FALSE,TRUE
RAP1GAP,ENSG00000076864.19,20,0,0,-0.12924284513791212,0.062355718481890476,-0.13957598601307183,FALSE,TRUE
RAP2B,ENSG00000181467.5,20,0,0,0.018190589477745826,0.053046489304647754,-0.00530215589831062,FALSE,FALSE
RAPGEF3,ENSG00000079337.16,20,0,0,0.03586269768362225,0.03446311264756075,0.03143694924684726,FALSE,TRUE
RARA,ENSG00000131759.18,20,0,0,0.013975163166235715,0.058036567924671656,0.02177532227013063,FALSE,TRUE
RARRES2,ENSG00000106538.10,20,0,0,0.09674560936303163,0.05598069508560764,0.09841116050799197,FALSE,TRUE
RASA3,ENSG00000185989.11,20,0,0,0.02843357967776801,0.05692619000771426,0.03821861236982946,FALSE,TRUE
RASAL3,ENSG00000105122.13,20,0,0,0.1505195082351682,0.04636849389948153,0.1541278125513428,FALSE,TRUE
RASD1,ENSG00000108551.5,20,0,0,-0.10794995094449772,0.05634624531204785,-0.1139035700628457,FALSE,TRUE
RASD2,ENSG00000100302.7,20,0,0,0.18884512791477112,0.049134930559916634,0.1992985171845584,FALSE,TRUE
RASGRP3,ENSG00000152689.18,20,0,0,-0.2386709998348283,0.05968304333024216,-0.221340483567846,FALSE,TRUE
RASGRP4,ENSG00000171777.16,20,0,0,0.031112615606791426,0.049075536017380655,0.0410900614968725,FALSE,TRUE
RASL10A,ENSG00000100276.10,20,0,0,0.24500187070755317,0.057005833569024306,0.24510453138132696,FALSE,TRUE
RASL11A,ENSG00000122035.7,20,0,0,-0.13644849271644544,0.047727856318723796,-0.12390822243565196,FALSE,TRUE
RASL11B,ENSG00000128045.7,20,0,0,-0.02822966931253319,0.05733954095921432,-0.03069629217369093,FALSE,TRUE
RASL12,ENSG00000103710.11,20,0,0,-0.029614484407398785,0.07702046053169509,-0.02145578358708192,FALSE,TRUE
RASSF10,ENSG00000189431.8,20,0,0,0.12010246460581192,0.06372658187741491,0.08144191516699732,FALSE,TRUE
RASSF2,ENSG00000101265.16,20,0,0,-0.10594755373176885,0.11192651602989512,-0.09405427164476653,FALSE,TRUE
RASSF4,ENSG00000107551.21,20,0,0,-0.07764980328219506,0.077300283053,-0.05779325289203246,FALSE,TRUE
RASSF5,ENSG00000266094.8,20,0,0,-0.02371509916381443,0.046767941525199815,-0.02525718902558784,FALSE,TRUE
RASSF6,ENSG00000169435.14,20,0,0,-0.2550480784189725,0.04258965193749287,-0.2584728416643593,FALSE,TRUE
RASSF9,ENSG00000198774.5,20,0,0,-0.1219366221057149,0.04344610982910861,-0.1233493962707214,FALSE,TRUE
RBCK1,ENSG00000125826.21,20,0,0,0.3037415371593782,0.059104264623183855,0.29345228792254857,FALSE,TRUE
RBM11,ENSG00000185272.14,20,0,0,0.1054214103926955,0.05174702610908383,0.06918342124126518,FALSE,TRUE
RBM46,ENSG00000151962.8,20,0,0,0.14387622689937452,0.04670785335163463,0.13857164594699486,FALSE,TRUE
RBP2,ENSG00000114113.6,20,0,0,0.202475415649022,0.047033455158868476,0.17236999893732494,FALSE,TRUE
RCN1,ENSG00000049449.10,20,0,0,0.24401158863786104,0.07312711304550956,0.22444722558996383,FALSE,TRUE
RCSD1,ENSG00000198771.11,20,0,0,-0.19245156437839378,0.03328661966631996,-0.1860728119482466,FALSE,TRUE
RDH10,ENSG00000121039.10,20,0,0,-0.13946126117155605,0.0670212373120957,-0.13217088775587832,FALSE,TRUE
RDH13,ENSG00000160439.16,20,0,0,0.03741254624311069,0.06019333868306053,0.04081212693944285,FALSE,TRUE
RDH8,ENSG00000080511.5,20,0,0,0.24513165990135444,0.034884126047384306,0.24435293585307727,FALSE,TRUE
RDM1,ENSG00000278023.7,20,0,0,0.08091544516593963,0.08385013942646216,0.07611200334510519,FALSE,TRUE
REEP6,ENSG00000115255.12,20,0,0,0.2182087249110991,0.06432132101997001,0.20720251965389355,FALSE,TRUE
REG1A,ENSG00000115386.6,20,0,0,-0.08706495726742763,0.0512592643179641,-0.1052521974988758,FALSE,TRUE
REG1B,ENSG00000172023.8,20,0,0,0.04286833914179678,0.06272096898067629,0.01452836666301021,FALSE,TRUE
RELB,ENSG00000104856.14,20,0,0,0.08734827155381589,0.05502257513507594,0.0862637998342404,FALSE,TRUE
RELN,ENSG00000189056.14,20,0,0,0.11319924543406393,0.033902332862260895,0.0896536481100621,FALSE,TRUE
RERGL,ENSG00000111404.7,20,0,0,-0.16219166714005545,0.05204503629233484,-0.1456957262114712,FALSE,TRUE
RETN,ENSG00000104918.8,20,0,0,0.055939532139720714,0.049244248616697205,0.06095660951650261,FALSE,TRUE
RFC2,ENSG00000049541.11,20,0,0,0.12264871002317726,0.0983512502034561,0.1329294376898757,FALSE,TRUE
RFTN1,ENSG00000131378.14,20,0,0,-0.041648386087709585,0.05575482499916129,-0.03667966300121163,FALSE,TRUE
RFX2,ENSG00000087903.13,20,0,0,-0.008087215897301164,0.04811560849720796,-0.01147531420353176,FALSE,TRUE
RGL4,ENSG00000159496.14,20,0,0,0.12908681721403056,0.058154772244067926,0.11612794404347836,FALSE,TRUE
RGN,ENSG00000130988.13,20,0,0,-0.3202985638882043,0.05693154245096155,-0.3132544870266061,FALSE,TRUE
RGPD3,ENSG00000153165.19,20,0,0,-0.01000542007039232,0.05563500618449686,0.00528512459880381,FALSE,FALSE
RGS1,ENSG00000090104.12,20,0,0,0.029929251064460018,0.054248132435029336,0.03058997863994476,FALSE,TRUE
RGS10,ENSG00000148908.15,20,0,0,0.12450264045365521,0.07650886629212669,0.1239343870437184,FALSE,TRUE
RGS13,ENSG00000127074.15,20,0,0,-0.03192153669207186,0.05185961492415083,-0.0280931579962981,FALSE,TRUE
RGS14,ENSG00000169220.18,20,0,0,-0.21960493089312505,0.04103309505081201,-0.208710056078003,FALSE,TRUE
RGS18,ENSG00000150681.10,20,0,0,-0.16243213797616848,0.04365508881608379,-0.17075122811317742,FALSE,TRUE
RGS19,ENSG00000171700.14,20,0,0,0.18393174858375366,0.04588599720213188,0.1749421164251201,FALSE,TRUE
RGS5,ENSG00000143248.13,20,0,0,-0.24974677274282803,0.07146056143160093,-0.22837157968730784,FALSE,TRUE
RGS6,ENSG00000182732.18,20,0,0,0.0022002288059150554,0.06458019165906155,0.00223464199607098,FALSE,TRUE
RGS9BP,ENSG00000186326.4,20,0,0,-0.13575202878152087,0.07463156899021527,-0.11296028205499184,FALSE,TRUE
RHBDF2,ENSG00000129667.13,20,0,0,0.1892409196633155,0.08366069695664355,0.1903774974341732,FALSE,TRUE
RHBG,ENSG00000132677.13,20,0,0,0.16742358535004587,0.05256902741080782,0.16808059235265163,FALSE,TRUE
RHCG,ENSG00000140519.14,20,0,0,0.18455551401267617,0.049697123577914004,0.17153205819135986,FALSE,TRUE
RHEBL1,ENSG00000167550.11,20,0,0,0.2603840223177141,0.0541421326934034,0.27258209926780774,FALSE,TRUE
RHOBTB3,ENSG00000164292.13,20,0,0,0.2107305781053167,0.06305857424303862,0.21546821876809605,FALSE,TRUE
RHOG,ENSG00000177105.10,20,0,0,0.09771030122020119,0.04551888817152083,0.1088346696489776,FALSE,TRUE
RHOH,ENSG00000168421.13,20,0,0,-0.09871770891749557,0.035762648991079934,-0.10152812552684722,FALSE,TRUE
RHOXF1,ENSG00000101883.5,20,0,0,0.23597950007156193,0.07703851390236027,0.23292818253620293,FALSE,TRUE
RIC3,ENSG00000166405.15,20,0,0,0.17553617905070845,0.03654006800008608,0.15678441806108154,FALSE,TRUE
RIMBP2,ENSG00000060709.15,20,0,0,0.1462943902650746,0.04465499488697608,0.13431255509473317,FALSE,TRUE
RIMBP3,ENSG00000275793.1,20,0,0,-0.08044618283302811,0.03916796639999594,-0.07285196276202699,FALSE,TRUE
RIMKLA,ENSG00000177181.15,20,0,0,-0.32844989862763085,0.05901825039701181,-0.3231822936658089,FALSE,TRUE
RIN3,ENSG00000100599.16,20,0,0,0.011308372892299814,0.05791209110668725,0.01226913893469531,FALSE,TRUE
RIPPLY1,ENSG00000147223.6,20,0,0,0.05692916334850512,0.03542260243898113,0.06364570016746654,FALSE,TRUE
RLN1,ENSG00000107018.8,20,0,0,-0.11844428474412863,0.0416315058791107,-0.1013634029760363,FALSE,TRUE
RNASE2,ENSG00000169385.3,20,0,0,0.21880005434633293,0.09490271823658825,0.19595360888172997,FALSE,TRUE
RNASE3,ENSG00000169397.3,20,0,0,0.06720136516369754,0.0709179189882648,0.06316681316948232,FALSE,TRUE
RNASE4,ENSG00000258818.4,20,0,0,-0.20776900484683758,0.04348801366719515,-0.17582769307157875,FALSE,TRUE
RNASE6,ENSG00000169413.3,20,0,0,-0.13815605451855134,0.06283578159233678,-0.13295054383921975,FALSE,TRUE
RNASEH2A,ENSG00000104889.7,20,0,0,0.21614874505587156,0.056768858744839085,0.21164344547495736,FALSE,TRUE
RNASET2,ENSG00000026297.16,20,0,0,0.20693117793854912,0.06541848143379511,0.20506568216204416,FALSE,TRUE
RNF149,ENSG00000163162.9,20,0,0,0.10209186102141332,0.07529853417505583,0.11070148856464264,FALSE,TRUE
RNF150,ENSG00000170153.11,20,0,0,-0.04363265981177958,0.04573651376737457,-0.04814468386306497,FALSE,TRUE
RNF182,ENSG00000180537.13,20,0,0,0.081757279313219,0.05491294458812376,0.05805319603530456,FALSE,TRUE
RNF43,ENSG00000108375.13,20,0,0,0.02428819799433083,0.080839844184623,0.01993052574994797,FALSE,TRUE
ROBO2,ENSG00000185008.17,20,0,0,-0.16057479591379042,0.036659848849942306,-0.16744043375620277,FALSE,TRUE
ROPN1B,ENSG00000114547.10,20,0,0,0.15023417191404873,0.05807656284630361,0.14599481170471212,FALSE,TRUE
ROPN1L,ENSG00000145491.12,20,0,0,-0.07505154355263471,0.07434842913148045,-0.07597982143210097,FALSE,TRUE
RORB,ENSG00000198963.11,20,0,0,0.13338383868581027,0.07552908399786845,0.13599614205886734,FALSE,TRUE
ROS1,ENSG00000047936.11,20,0,0,0.18552158517410308,0.03992452197398383,0.18835197187653613,FALSE,TRUE
RPA4,ENSG00000204086.4,20,0,0,0.23592328817474395,0.05517303871750531,0.22925904500413613,FALSE,TRUE
RPGRIP1,ENSG00000092200.12,20,0,0,0.11488334485713791,0.0745761687387278,0.10248376068847093,FALSE,TRUE
RPL13,ENSG00000167526.14,20,0,0,0.13122915079070033,0.04610592644161274,0.14070405454731594,FALSE,TRUE
RPL18,ENSG00000063177.13,20,0,0,0.1251868437151598,0.04091144323060891,0.1346735021809308,FALSE,TRUE
RPL18A,ENSG00000105640.13,20,0,0,0.024045032457450453,0.05552556606239928,0.03132921044992073,FALSE,TRUE
RPL22L1,ENSG00000163584.18,20,0,0,0.274202591108316,0.05394158464743409,0.2724898165635177,FALSE,TRUE
RPL35,ENSG00000136942.15,20,0,0,0.18857443357737905,0.055728126078498114,0.18982326015805576,FALSE,TRUE
RPL36,ENSG00000130255.13,20,0,0,0.11027900050011548,0.04778707290729564,0.11905223780363904,FALSE,TRUE
RPL38,ENSG00000172809.13,20,0,0,0.18336896982855783,0.05050427293312776,0.18913933094396604,FALSE,TRUE
RPLP0,ENSG00000089157.16,20,0,0,0.12268090395920131,0.059962535884908685,0.13638730989100567,FALSE,TRUE
RPRM,ENSG00000177519.4,20,0,0,0.12248043452705049,0.03976092750931012,0.11909105617712352,FALSE,TRUE
RPS14,ENSG00000164587.13,20,0,0,-0.0673811804049452,0.035464186458476016,-0.07056045815233848,FALSE,TRUE
RPS15A,ENSG00000134419.15,20,0,0,0.08374395800742905,0.0686362328992075,0.0945234514954195,FALSE,TRUE
RPS19,ENSG00000105372.8,20,0,0,0.11889898483347319,0.04329069710084647,0.12381473386428632,FALSE,TRUE
RPS2,ENSG00000140988.16,20,0,0,0.18840645588085797,0.04308667706495292,0.1823948952102276,FALSE,TRUE
RPS6KA6,ENSG00000072133.11,20,0,0,-0.08426661059700175,0.06642563974696551,-0.07548354599611459,FALSE,TRUE
RPS8,ENSG00000142937.12,20,0,0,0.08717801313752394,0.05063914628425202,0.0947490881122391,FALSE,TRUE
RRAD,ENSG00000166592.12,20,0,0,0.022976427748872357,0.04817216996344526,-0.01485056574754178,FALSE,FALSE
RRM2,ENSG00000171848.16,20,0,0,0.2279879611952948,0.09280507413765662,0.231307509076244,FALSE,TRUE
RS1,ENSG00000102104.9,20,0,0,-0.003612645066364952,0.027259046993621486,0.00397544076525595,FALSE,FALSE
RSPH9,ENSG00000172426.16,20,0,0,-0.06477124947093715,0.054912140475571705,-0.06784408740652985,FALSE,TRUE
RTBDN,ENSG00000132026.14,20,0,0,0.24685330882916184,0.026392099086514825,0.22898779979282144,FALSE,TRUE
RTEL1,ENSG00000258366.9,20,0,0,0.17503504115210167,0.05409156829907821,0.16361706421728933,FALSE,TRUE
RTP4,ENSG00000136514.3,20,0,0,-0.11754751358428094,0.05352568279461786,-0.11409247638855008,FALSE,TRUE
RUNX3,ENSG00000020633.19,20,0,0,-0.032150488309450304,0.03546013663042355,-0.02150791750531707,FALSE,TRUE
RYR2,ENSG00000198626.17,20,0,0,0.08230160382958904,0.07741136949862071,0.07958615083416296,FALSE,TRUE
S100A12,ENSG00000163221.9,20,0,0,0.017846013221815213,0.03892775230704274,0.01742316697083572,FALSE,TRUE
S100A14,ENSG00000189334.9,20,0,0,0.14157718005952494,0.0645173790525048,0.12952543470925104,FALSE,TRUE
S100A2,ENSG00000196754.13,20,0,0,0.2076076522962867,0.060897024270484684,0.18353445817776068,FALSE,TRUE
S100A3,ENSG00000188015.10,20,0,0,0.09376339757362595,0.05397531265519867,0.08636001850873025,FALSE,TRUE
S100A7,ENSG00000143556.9,20,0,0,0.1986631646857748,0.03578899999086721,0.1964782291000707,FALSE,TRUE
S100A8,ENSG00000143546.10,20,0,0,0.10314843546539157,0.06621247787508779,0.09733049399910884,FALSE,TRUE
S100A9,ENSG00000163220.11,20,0,0,0.0697023721522742,0.06636587027549282,0.06053360017812344,FALSE,TRUE
S100Z,ENSG00000171643.14,20,0,0,0.05087433311360286,0.06028832337041355,0.05487823462323767,FALSE,TRUE
S1PR5,ENSG00000180739.14,20,0,0,0.03497155527838817,0.05828928933298561,0.04881087906168555,FALSE,TRUE
SAA1,ENSG00000173432.12,20,0,0,0.25707786923567283,0.0744679198417251,0.23250948914535305,FALSE,TRUE
SACS,ENSG00000151835.16,20,0,0,0.14987650151931622,0.07965763166017399,0.14156177593482688,FALSE,TRUE
SAGE1,ENSG00000181433.9,20,0,0,0.15669823822862067,0.03412318611968573,0.1542795843372275,FALSE,TRUE
SALL3,ENSG00000256463.8,20,0,0,0.14676244955364937,0.04654408320670986,0.1452640475851112,FALSE,TRUE
SAMD13,ENSG00000203943.9,20,0,0,-0.035022134857770705,0.04083842641341792,-0.04072580673859052,FALSE,TRUE
SAMD14,ENSG00000167100.15,20,0,0,0.09885790916528027,0.06071991515894018,0.1074554643405448,FALSE,TRUE
SAMD3,ENSG00000164483.17,20,0,0,-0.03830882368276679,0.04543610690267801,-0.04258221044867484,FALSE,TRUE
SAMHD1,ENSG00000101347.10,20,0,0,-0.03973040322780485,0.06706315297074575,-0.03990984487941176,FALSE,TRUE
SAP30,ENSG00000164105.4,20,0,0,-0.06418957971928219,0.07059379552256517,-0.04081487640441177,FALSE,TRUE
SARDH,ENSG00000123453.18,20,0,0,0.12091389400210442,0.07954263150717963,0.1137512030277694,FALSE,TRUE
SASH3,ENSG00000122122.10,20,0,0,-0.10165293281233179,0.03627123422190315,-0.09287354766029192,FALSE,TRUE
SAT2,ENSG00000141504.12,20,0,0,0.1639490613640376,0.019853405076540376,0.18164315780152057,FALSE,TRUE
SBK1,ENSG00000188322.8,20,0,0,0.21020854842788161,0.05536284436676492,0.19144929200995156,FALSE,TRUE
SCARA5,ENSG00000168079.17,20,0,0,0.018509107826580665,0.04394358703403497,0.03418006031862208,FALSE,TRUE
SCARB1,ENSG00000073060.16,20,0,0,-0.09542313269354445,0.060267957632772096,-0.08803000974383718,FALSE,TRUE
SCARF1,ENSG00000074660.16,20,0,0,-0.09423775531956122,0.0786769139606609,-0.06738736874285582,FALSE,TRUE
SCARNA17,ENSG00000267322.2,20,0,0,0.2760535405762048,0.08775991434984898,0.2756768427135787,FALSE,TRUE
SCCPDH,ENSG00000143653.10,20,0,0,-0.10421923035664456,0.045681397035006885,-0.10385284612535028,FALSE,TRUE
SCD,ENSG00000099194.6,20,0,0,0.0025316613396157133,0.053991556276382274,0.00693289510982952,FALSE,TRUE
SCD5,ENSG00000145284.12,20,0,0,-0.3280398151699286,0.05426106805873926,-0.3281957771562012,FALSE,TRUE
SCG2,ENSG00000171951.5,20,0,0,0.10854012208116542,0.05911499781732185,0.1010609667509542,FALSE,TRUE
SCG5,ENSG00000166922.8,20,0,0,0.27565121206982157,0.0415645373179257,0.25859686009490424,FALSE,TRUE
SCGB2A1,ENSG00000124939.6,20,0,0,0.15410423865879397,0.047412454572302754,0.14508453771557844,FALSE,TRUE
SCGB3A1,ENSG00000161055.4,20,0,0,-0.07496676880870773,0.07163831469858598,-0.0638231390010051,FALSE,TRUE
SCIN,ENSG00000006747.15,20,0,0,-0.015769663932724266,0.04393375976133305,-0.00518349384271162,FALSE,TRUE
SCML4,ENSG00000146285.14,20,0,0,-0.0052049643145154235,0.048346594932863904,0.00214692676851855,FALSE,FALSE
SCN1B,ENSG00000105711.13,20,0,0,0.03868717070090913,0.08060313726354841,0.03977612070310898,FALSE,TRUE
SCN2A,ENSG00000136531.18,20,0,0,0.21711163154715363,0.06475909969316049,0.2033760559162422,FALSE,TRUE
SCN2B,ENSG00000149575.9,20,0,0,-0.020259995222827294,0.04196477058676828,-0.01595443887604369,FALSE,TRUE
SCN3A,ENSG00000153253.19,20,0,0,0.27591116125916815,0.04927636964238241,0.2598325893525375,FALSE,TRUE
SCN4A,ENSG00000007314.12,20,0,0,-0.25881633329970655,0.0553101765082164,-0.23287318465174728,FALSE,TRUE
SCN4B,ENSG00000177098.9,20,0,0,-0.2579250302845544,0.053137302222848376,-0.24050637810839232,FALSE,TRUE
SCN7A,ENSG00000136546.16,20,0,0,0.0733551928554313,0.03477862533090218,0.07512440983383499,FALSE,TRUE
SCNN1A,ENSG00000111319.13,20,0,0,0.01629213139343048,0.06234141645047951,0.00200392935700636,FALSE,TRUE
SCNN1B,ENSG00000168447.11,20,0,0,0.1352625201785784,0.04492844879698056,0.12420226187023144,FALSE,TRUE
SCNN1G,ENSG00000166828.3,20,0,0,0.17179417717719975,0.060400215695439935,0.14967545139949648,FALSE,TRUE
SCO2,ENSG00000284194.3,20,0,0,0.2731256467073423,0.03296506711481739,0.278948389017626,FALSE,TRUE
SCOC,ENSG00000153130.17,20,0,0,-0.2475152835907815,0.048023602706003476,-0.2666985221961011,FALSE,TRUE
SCPEP1,ENSG00000121064.13,20,0,0,-0.09214979335300363,0.05552549509467314,-0.08072352295656841,FALSE,TRUE
SCRN1,ENSG00000136193.17,20,0,0,0.03633812724995696,0.052957191095889,0.0363349817441392,FALSE,TRUE
SCTR,ENSG00000080293.10,20,0,0,-0.23713166724490287,0.05561186214432923,-0.2224160292421088,FALSE,TRUE
SCUBE1,ENSG00000159307.19,20,0,0,0.10025974235101395,0.07911700617787344,0.10386837288009952,FALSE,TRUE
SCUBE3,ENSG00000146197.9,20,0,0,-0.03451829658675676,0.06257839335400968,-0.03006847566760197,FALSE,TRUE
SDR42E1,ENSG00000184860.10,20,0,0,0.07123089452346106,0.03819429030921831,0.05454467763952701,FALSE,TRUE
SDS,ENSG00000135094.11,20,0,0,-0.005844372611736972,0.07634611486773898,-0.01316110899380643,FALSE,TRUE
SEC61G,ENSG00000132432.14,20,0,0,0.07516783993935763,0.0901121874023283,0.06756179411300751,FALSE,TRUE
SEL1L3,ENSG00000091490.11,20,0,0,-0.2979771028474598,0.03092891754916194,-0.29821032825840527,FALSE,TRUE
SELE,ENSG00000007908.16,20,0,0,-0.19415400081168546,0.07558659097613543,-0.18495486767024943,FALSE,TRUE
SELENBP1,ENSG00000143416.21,20,0,0,0.15422772262592027,0.049332867756525844,0.16219265673224717,FALSE,TRUE
SELPLG,ENSG00000110876.10,20,0,0,-0.06221451709157172,0.06097311181094322,-0.05783162192896674,FALSE,TRUE
SEMA3B,ENSG00000012171.20,20,0,0,0.04522100801055122,0.065714997879843,0.06342275063356692,FALSE,TRUE
SEMA3F,ENSG00000001617.12,20,0,0,-0.20479857231849252,0.0611553216106791,-0.17229679106316767,FALSE,TRUE
SEMA4A,ENSG00000196189.13,20,0,0,0.07611688465796237,0.05988192964289324,0.06854510496457956,FALSE,TRUE
SEMA5A,ENSG00000112902.12,20,0,0,-0.3140101383305727,0.06044828612211223,-0.30968196138776866,FALSE,TRUE
SEMA5B,ENSG00000082684.16,20,0,0,-0.2532151734111076,0.05528819287274836,-0.25042878814802505,FALSE,TRUE
SEMA6B,ENSG00000167680.17,20,0,0,0.025572574087669487,0.05830061819672132,0.02400374996002512,FALSE,TRUE
SEMA6D,ENSG00000137872.17,20,0,0,-0.12460584194403035,0.08203357097495444,-0.1249583438666259,FALSE,TRUE
SEMG1,ENSG00000124233.12,20,0,0,0.026811053242153434,0.047523591162263915,0.00717541269525235,FALSE,TRUE
SEMG2,ENSG00000124157.7,20,0,0,0.019959294463697548,0.13025154056388868,0.02391146142901255,FALSE,TRUE
SERPINA1,ENSG00000197249.14,20,0,0,-0.12508562524564815,0.047557941127152156,-0.113157391730513,FALSE,TRUE
SERPINA2,ENSG00000258597.3,20,0,0,0.056879982256497964,0.059250920354699914,0.05070791746148568,FALSE,TRUE
SERPINA4,ENSG00000100665.12,20,0,0,0.10876959947700189,0.05976600396401563,0.0939395386171807,FALSE,TRUE
SERPINA5,ENSG00000188488.14,20,0,0,0.2850636676810435,0.034195236460974665,0.26505781208060464,FALSE,TRUE
SERPINB7,ENSG00000166396.13,20,0,0,0.01674473335205992,0.05335912684665587,0.01386761945708688,FALSE,TRUE
SERPINB9,ENSG00000170542.6,20,0,0,0.13270631263839988,0.053301748937791715,0.12266159643506584,FALSE,TRUE
SERPINC1,ENSG00000117601.14,20,0,0,0.12152431460858254,0.10244682701639954,0.133535081305655,FALSE,TRUE
SERPINE1,ENSG00000106366.9,20,0,0,0.1626505010668673,0.03516399280702023,0.16701464656846723,FALSE,TRUE
SERPINE2,ENSG00000135919.14,20,0,0,0.05416061620180602,0.06083348694881628,0.04911407998810776,FALSE,TRUE
SERPINF1,ENSG00000132386.11,20,0,0,0.2127491537330843,0.0436611122596999,0.22028467596468632,FALSE,TRUE
SERPINH1,ENSG00000149257.16,20,0,0,0.252559312469998,0.04843599726495834,0.25748445450694796,FALSE,TRUE
SEZ6L2,ENSG00000174938.14,20,0,0,-0.14594236649247044,0.044899436600918996,-0.13592763817782336,FALSE,TRUE
SFRP1,ENSG00000104332.12,20,0,0,-0.04224770512006919,0.06443762138229688,-0.0323047676527288,FALSE,TRUE
SFRP2,ENSG00000145423.5,20,0,0,0.17442859808830793,0.08572895614853895,0.1772540030535384,FALSE,TRUE
SFTA1P,ENSG00000225383.8,20,0,0,0.14186312387131284,0.05042443301625052,0.1334220938799015,FALSE,TRUE
SFTA2,ENSG00000196260.5,20,0,0,0.04153996387471272,0.037242567351132176,0.02852543889714799,FALSE,TRUE
SFTPA1,ENSG00000122852.15,20,0,0,0.19408998546080045,0.04078393942201852,0.17504434228325863,FALSE,TRUE
SFXN2,ENSG00000156398.13,20,0,0,-0.2458084051996176,0.05150326119951398,-0.2515650025464578,FALSE,TRUE
SFXN3,ENSG00000107819.13,20,0,0,0.07710105558246749,0.08060012890097426,0.10327254201458048,FALSE,TRUE
SFXN5,ENSG00000144040.13,20,0,0,0.20195037414767147,0.06003852522530356,0.20280485174100968,FALSE,TRUE
SGK2,ENSG00000101049.17,20,0,0,0.07216927436332184,0.08270086071528328,0.05936630750957392,FALSE,TRUE
SGPP1,ENSG00000126821.8,20,0,0,-0.13136632113513624,0.07291406285889387,-0.13625397377889062,FALSE,TRUE
SH2B3,ENSG00000111252.11,20,0,0,-0.09555941268250415,0.08386562083365232,-0.07630364846119465,FALSE,TRUE
SH2D1A,ENSG00000183918.17,20,0,0,-0.07333007121153207,0.04537642388684966,-0.06703285291492961,FALSE,TRUE
SH2D1B,ENSG00000198574.6,20,0,0,-0.2155698637135045,0.06884044679612164,-0.2161050804904513,FALSE,TRUE
SH2D2A,ENSG00000027869.12,20,0,0,0.14130294493290668,0.0664001719746302,0.1370919749481924,FALSE,TRUE
SH2D3C,ENSG00000095370.20,20,0,0,-0.13978572186229368,0.04848607648426222,-0.1177240318958504,FALSE,TRUE
SH2D4A,ENSG00000104611.12,20,0,0,-0.11028927481939736,0.06494433560570774,-0.13363656246616218,FALSE,TRUE
SH3BGR,ENSG00000185437.13,20,0,0,-0.09169514614112109,0.05406503081124599,-0.09113560990365877,FALSE,TRUE
SH3BGRL3,ENSG00000142669.15,20,0,0,0.19743377190394698,0.06272730849807717,0.20736962870898687,FALSE,TRUE
SH3BP1,ENSG00000100092.24,20,0,0,0.20911038341007077,0.05911401693960219,0.21356281308140543,FALSE,TRUE
SH3BP2,ENSG00000087266.17,20,0,0,0.0090368293345688,0.05371794065697222,0.01365199202176708,FALSE,TRUE
SH3GL1,ENSG00000141985.9,20,0,0,0.1554588552276624,0.042080583739052935,0.15996080937150095,FALSE,TRUE
SH3GL2,ENSG00000107295.10,20,0,0,-0.07333876649141965,0.06302917679961731,-0.09247411957829892,FALSE,TRUE
SH3GL3,ENSG00000140600.17,20,0,0,0.3021960305439452,0.03952528623322471,0.2884391080248077,FALSE,TRUE
SH3PXD2B,ENSG00000174705.13,20,0,0,-0.04218125367622933,0.08498864555622099,-0.04762764653206688,FALSE,TRUE
SH3RF2,ENSG00000156463.18,20,0,0,0.0036902282764372735,0.054970987942571686,-0.02149522262966746,FALSE,FALSE
SH3RF3,ENSG00000172985.11,20,0,0,-0.01203676222447821,0.06172708114598195,-0.00308161534777219,FALSE,TRUE
SHANK3,ENSG00000251322.9,20,0,0,-0.08756812971558378,0.06332044815239596,-0.06359928394160091,FALSE,TRUE
SHBG,ENSG00000129214.15,20,0,0,0.17060890223471473,0.044712946958987226,0.1670668262152669,FALSE,TRUE
SHC1,ENSG00000160691.19,20,0,0,0.1948667353833885,0.06956031291659384,0.2056714722649048,FALSE,TRUE
SHC2,ENSG00000129946.10,20,0,0,0.12688538852919562,0.05481213751900868,0.14911550423251996,FALSE,TRUE
SHC3,ENSG00000148082.10,20,0,0,0.20413043493015565,0.046241426735449065,0.21281400129145103,FALSE,TRUE
SHISA2,ENSG00000180730.5,20,0,0,0.06642419868645477,0.03783381735088365,0.04137805582009597,FALSE,TRUE
SHISA3,ENSG00000178343.5,20,0,0,-0.06280809542234127,0.08316709726009144,-0.07757979987266397,FALSE,TRUE
SHMT2,ENSG00000182199.11,20,0,0,-0.08172272213782647,0.04818855326984863,-0.04654318232461191,FALSE,TRUE
SHOX2,ENSG00000168779.20,20,0,0,0.32400086739362877,0.03265233672798484,0.32664829622224384,FALSE,TRUE
SHROOM1,ENSG00000164403.15,20,0,0,0.07957601060978595,0.06031549880761141,0.08937137423934005,FALSE,TRUE
SHROOM3,ENSG00000138771.16,20,0,0,-0.24158552091705787,0.03799091829480425,-0.24622971108434444,FALSE,TRUE
SIAH3,ENSG00000215475.5,20,0,0,0.17273597186809847,0.05573098291028716,0.16551438637689983,FALSE,TRUE
SIGLEC1,ENSG00000088827.12,20,0,0,0.20620958220516114,0.06873374061802595,0.2062169615698271,FALSE,TRUE
SIGLEC10,ENSG00000142512.15,20,0,0,0.026902967190258947,0.06413406771199799,0.01115603228117382,FALSE,TRUE
SIGLEC16,ENSG00000161643.13,20,0,0,0.1911385798508651,0.054131742235917935,0.1927818468917881,FALSE,TRUE
SIGLEC7,ENSG00000168995.13,20,0,0,-0.0879859335924365,0.05782486876041118,-0.0914886973060121,FALSE,TRUE
SIGLEC8,ENSG00000105366.15,20,0,0,-0.19324331571827957,0.06289695371951723,-0.18957150080290208,FALSE,TRUE
SIGLEC9,ENSG00000129450.8,20,0,0,0.05247342792469489,0.07251315505921745,0.03942647375038014,FALSE,TRUE
SIM1,ENSG00000112246.10,20,0,0,-0.047047384696827656,0.05586757756617992,-0.05085274736906042,FALSE,TRUE
SIPA1,ENSG00000213445.10,20,0,0,0.22087290586349956,0.04798760663301732,0.2410329972424984,FALSE,TRUE
SIPA1L2,ENSG00000116991.11,20,0,0,-0.12638145437427079,0.08217510746004732,-0.12268285761876144,FALSE,TRUE
SIRPA,ENSG00000198053.12,20,0,0,-0.0368717418044668,0.05552153460987763,-0.04565623467738744,FALSE,TRUE
SIRPB1,ENSG00000101307.16,20,0,0,-0.010183971537517366,0.062104565934614095,-0.00366884096616481,FALSE,TRUE
SIRPB2,ENSG00000196209.13,20,0,0,0.1531703078925863,0.0713183109812616,0.13784577333263232,FALSE,TRUE
SIRPD,ENSG00000125900.13,20,0,0,-0.06144009301355913,0.04928003991272863,-0.06140089645726452,FALSE,TRUE
SIRPG,ENSG00000089012.14,20,0,0,-0.042789381063959804,0.057153321679584236,-0.03398313654179785,FALSE,TRUE
SIX1,ENSG00000126778.12,20,0,0,0.2567273996232943,0.06047412484369516,0.2647129089641991,FALSE,TRUE
SIX3,ENSG00000138083.5,20,0,0,0.1055210808085291,0.03712816605652883,0.1045176292755438,FALSE,TRUE
SIX4,ENSG00000100625.9,20,0,0,0.31213334551775945,0.043408131021526186,0.28780931381873553,FALSE,TRUE
SKA1,ENSG00000154839.10,20,0,0,0.33009153500173516,0.06931419429360941,0.31420166969998264,FALSE,TRUE
SLA,ENSG00000155926.14,20,0,0,-0.09405872913540843,0.060710159576745346,-0.09280504739294168,FALSE,TRUE
SLA2,ENSG00000101082.14,20,0,0,-0.03868085827151534,0.05451365410940806,-0.03875156173965876,FALSE,TRUE
SLAMF1,ENSG00000117090.15,20,0,0,-0.027673197613429998,0.06937512661228426,-0.02273910510339568,FALSE,TRUE
SLAMF6,ENSG00000162739.14,20,0,0,-0.08700270652954367,0.05744029297745852,-0.07418052319240971,FALSE,TRUE
SLAMF7,ENSG00000026751.17,20,0,0,-0.07076717436169654,0.04430482143552895,-0.06999984007469362,FALSE,TRUE
SLAMF8,ENSG00000158714.11,20,0,0,-0.09154082091391014,0.0506787814987986,-0.08388009255831055,FALSE,TRUE
SLC11A1,ENSG00000018280.17,20,0,0,0.2594866569614468,0.053517453000811455,0.2668872173515497,FALSE,TRUE
SLC12A1,ENSG00000074803.20,20,0,0,-0.052095402724526174,0.05568685361786695,-0.04976217623669771,FALSE,TRUE
SLC12A3,ENSG00000070915.10,20,0,0,0.02178652852744322,0.059033692482473255,0.01200394886498651,FALSE,TRUE
SLC13A2,ENSG00000007216.15,20,0,0,-0.0933209263850282,0.061197002075504346,-0.09348770588914028,FALSE,TRUE
SLC13A3,ENSG00000158296.14,20,0,0,0.0253992143235221,0.044470699397357885,0.01192892017804548,FALSE,TRUE
SLC13A5,ENSG00000141485.17,20,0,0,0.11155146032740874,0.06247063884899742,0.11449915646336233,FALSE,TRUE
SLC14A1,ENSG00000141469.18,20,0,0,-0.1912814779537677,0.06497305187413771,-0.1826245706355912,FALSE,TRUE
SLC15A2,ENSG00000163406.11,20,0,0,0.07992533937503128,0.070273991781963,0.07266157003692698,FALSE,TRUE
SLC15A3,ENSG00000110446.11,20,0,0,-0.07094256760307899,0.04476372723381892,-0.0679278990884027,FALSE,TRUE
SLC15A4,ENSG00000139370.12,20,0,0,-0.1720499047550126,0.09770670862870576,-0.14308461428515298,FALSE,TRUE
SLC16A1,ENSG00000155380.12,20,0,0,0.04085918005434547,0.05722482929045629,0.02570266269407451,FALSE,TRUE
SLC16A10,ENSG00000112394.17,20,0,0,-0.014642756114816146,0.05125226544031861,-0.04017268543813432,FALSE,TRUE
SLC16A5,ENSG00000170190.16,20,0,0,0.23554885405231996,0.05746857146397166,0.2164328963554033,FALSE,TRUE
SLC16A6,ENSG00000108932.12,20,0,0,0.09335790037196066,0.06033272161464437,0.06828206982910832,FALSE,TRUE
SLC16A7,ENSG00000118596.12,20,0,0,0.0828272741649938,0.07977842150091811,0.06435822928011953,FALSE,TRUE
SLC17A1,ENSG00000124568.12,20,0,0,-0.25575556856495085,0.04614248397794246,-0.262771774696512,FALSE,TRUE
SLC17A4,ENSG00000146039.11,20,0,0,-0.22722457640380178,0.044065443913946456,-0.21415741574762848,FALSE,TRUE
SLC17A9,ENSG00000101194.18,20,0,0,0.2997930775359038,0.05747479787211829,0.3018800423265676,FALSE,TRUE
SLC18A3,ENSG00000187714.7,20,0,0,0.20413430582982073,0.042862278814850635,0.1970485861532422,FALSE,TRUE
SLC1A3,ENSG00000079215.14,20,0,0,-0.14679275688230514,0.05593046832396048,-0.15464438515122308,FALSE,TRUE
SLC1A4,ENSG00000115902.11,20,0,0,-0.18332696446406127,0.10587362570425375,-0.16559899905128397,FALSE,TRUE
SLC20A2,ENSG00000168575.10,20,0,0,-0.08866710909069339,0.05177307182640514,-0.0887559222487493,FALSE,TRUE
SLC22A1,ENSG00000175003.15,20,0,0,0.17319632247057729,0.05227778247075027,0.17395644559671694,FALSE,TRUE
SLC22A12,ENSG00000197891.12,20,0,0,-0.3005124121823634,0.058840722028765724,-0.3098097084390316,FALSE,TRUE
SLC22A13,ENSG00000172940.13,20,0,0,-0.2523479729943653,0.07111094122327738,-0.2355578319053548,FALSE,TRUE
SLC22A15,ENSG00000163393.13,20,0,0,0.21494662956303967,0.06350533080208806,0.20195513041817892,FALSE,TRUE
SLC22A16,ENSG00000004809.14,20,0,0,0.07065971791698884,0.04797605282214999,0.08045875563282699,FALSE,TRUE
SLC22A7,ENSG00000137204.15,20,0,0,-0.22777036457573777,0.059240966489467306,-0.22586025289060815,FALSE,TRUE
SLC23A1,ENSG00000170482.17,20,0,0,-0.1440440109195515,0.042166973479553754,-0.1544608708242302,FALSE,TRUE
SLC24A4,ENSG00000140090.18,20,0,0,-0.14059235240029974,0.0435930034068788,-0.13411475651271115,FALSE,TRUE
SLC25A25,ENSG00000148339.12,20,0,0,-0.06897328477356753,0.09833731793509445,-0.06416452002827318,FALSE,TRUE
SLC25A30,ENSG00000174032.17,20,0,0,-0.29258697588165017,0.06752834400988433,-0.2891856274751353,FALSE,TRUE
SLC25A4,ENSG00000151729.11,20,0,0,-0.28678341715473554,0.06875824833140476,-0.29784039023545394,FALSE,TRUE
SLC25A5,ENSG00000005022.6,20,0,0,-0.037149012719893904,0.058097670798871404,-0.05255630986603818,FALSE,TRUE
SLC26A4,ENSG00000091137.14,20,0,0,-0.09303788113835357,0.07864303966625945,-0.1111283192853167,FALSE,TRUE
SLC26A7,ENSG00000147606.9,20,0,0,0.04021439143634905,0.08213540808576339,0.02570226719508847,FALSE,TRUE
SLC27A3,ENSG00000143554.14,20,0,0,0.1581181175642869,0.0472476194111556,0.16794175330276478,FALSE,TRUE
SLC27A4,ENSG00000167114.13,20,0,0,0.10403456262353131,0.06551554224144907,0.10579177556846923,FALSE,TRUE
SLC28A2,ENSG00000137860.12,20,0,0,0.18244777225724973,0.08428669180297427,0.17623026874332642,FALSE,TRUE
SLC29A2,ENSG00000174669.12,20,0,0,0.18014574737366112,0.04943201859221488,0.1573885545594469,FALSE,TRUE
SLC29A4,ENSG00000164638.10,20,0,0,0.019521549192996715,0.06472761071408738,0.03448376028536483,FALSE,TRUE
SLC2A1,ENSG00000117394.24,20,0,0,0.09358858519161121,0.0692515269647477,0.09669540967624889,FALSE,TRUE
SLC2A12,ENSG00000146411.6,20,0,0,-0.05111943559492457,0.050874333278109765,-0.05598206831381751,FALSE,TRUE
SLC2A14,ENSG00000173262.12,20,0,0,0.017332178194870804,0.053270155119390844,0.01315665940763443,FALSE,TRUE
SLC2A3,ENSG00000059804.16,20,0,0,0.18954162473304803,0.041757729567127644,0.18783435251074151,FALSE,TRUE
SLC2A5,ENSG00000142583.18,20,0,0,-0.20782045910390734,0.04211684474945998,-0.19036403070845292,FALSE,TRUE
SLC30A2,ENSG00000158014.15,20,0,0,-0.019507156360622113,0.04063736384880417,-0.03978129092370815,FALSE,TRUE
SLC30A8,ENSG00000164756.12,20,0,0,0.12467425380539857,0.05826517362934723,0.1299135720972347,FALSE,TRUE
SLC34A1,ENSG00000131183.11,20,0,0,-0.23505820263265048,0.07798860788485051,-0.23755565859220487,FALSE,TRUE
SLC34A3,ENSG00000198569.10,20,0,0,0.011144414287564994,0.049939512191752716,0.01628884379478924,FALSE,TRUE
SLC37A2,ENSG00000134955.12,20,0,0,-0.10136406890007542,0.057178549686025135,-0.1033377108526621,FALSE,TRUE
SLC38A3,ENSG00000188338.15,20,0,0,0.2450062049619639,0.035109164036267265,0.24085321800863152,FALSE,TRUE
SLC38A4,ENSG00000139209.16,20,0,0,0.05875431457382686,0.050488011627650084,0.0505793383570853,FALSE,TRUE
SLC38A5,ENSG00000017483.15,20,0,0,0.21623884899757434,0.05990464507519133,0.221918288575896,FALSE,TRUE
SLC39A14,ENSG00000104635.15,20,0,0,-0.13885601047559598,0.03954444396036347,-0.1365071199917988,FALSE,TRUE
SLC39A4,ENSG00000147804.10,20,0,0,-0.025642384196684645,0.06140168328570529,-0.02416475004790416,FALSE,TRUE
SLC41A2,ENSG00000136052.9,20,0,0,-0.3111120000412351,0.07999576971885625,-0.30484354993375923,FALSE,TRUE
SLC43A1,ENSG00000149150.9,20,0,0,0.24935231999165108,0.06307295802298518,0.26971736018626025,FALSE,TRUE
SLC43A2,ENSG00000167703.15,20,0,0,-0.19570897421496275,0.052138813447474314,-0.1840711946030197,FALSE,TRUE
SLC44A4,ENSG00000204385.13,20,0,0,-0.23342265728121098,0.047500086514751017,-0.24705296550332664,FALSE,TRUE
SLC46A2,ENSG00000119457.8,20,0,0,-0.03996328019913753,0.06418227092107044,-0.04697025677778335,FALSE,TRUE
SLC47A2,ENSG00000180638.19,20,0,0,-0.1007590039936212,0.08307633014129295,-0.13033858517825744,FALSE,TRUE
SLC48A1,ENSG00000211584.14,20,0,0,-0.09767654228337111,0.04901981762249205,-0.09933078732447216,FALSE,TRUE
SLC4A1,ENSG00000004939.15,20,0,0,0.03764155835336685,0.06494859752216621,0.02781582917738446,FALSE,TRUE
SLC4A11,ENSG00000088836.14,20,0,0,0.32490634710077243,0.038015910204556025,0.3049465992672418,FALSE,TRUE
SLC4A5,ENSG00000188687.17,20,0,0,0.23876907381528972,0.030483980891561013,0.23265570588955137,FALSE,TRUE
SLC4A8,ENSG00000050438.17,20,0,0,0.23445391277050726,0.04089900435887023,0.2298290823072424,FALSE,TRUE
SLC4A9,ENSG00000113073.15,20,0,0,0.06638859331733654,0.06452407878362798,0.05390571445025381,FALSE,TRUE
SLC5A11,ENSG00000158865.12,20,0,0,-0.06367711183452146,0.0470595810922192,-0.06299930254943292,FALSE,TRUE
SLC5A2,ENSG00000140675.13,20,0,0,-0.07157281097633697,0.04076010872969919,-0.06687347625887359,FALSE,TRUE
SLC5A3,ENSG00000198743.7,20,0,0,-0.022385185366696564,0.08762691252395083,-0.03202375164656695,FALSE,TRUE
SLC5A4,ENSG00000100191.6,20,0,0,0.026060554207879054,0.05733908474437576,0.02448534411361851,FALSE,TRUE
SLC5A7,ENSG00000115665.9,20,0,0,0.10057538765547211,0.040614102747947106,0.07530706102648924,FALSE,TRUE
SLC6A1,ENSG00000157103.12,20,0,0,0.1664606587161029,0.047920115305905675,0.18047669526869353,FALSE,TRUE
SLC6A12,ENSG00000111181.12,20,0,0,-0.13536712280347257,0.07535821012492408,-0.1348247245211472,FALSE,TRUE
SLC6A17,ENSG00000197106.7,20,0,0,0.10785823633084693,0.036557600701088794,0.09753382274688904,FALSE,TRUE
SLC6A3,ENSG00000142319.18,20,0,0,-0.23722750009064686,0.06841582935173862,-0.22338379765790412,FALSE,TRUE
SLC6A4,ENSG00000108576.10,20,0,0,0.10887703205261592,0.044247046734561424,0.10466049112557592,FALSE,TRUE
SLC6A8,ENSG00000130821.17,20,0,0,-0.09319541034413006,0.06405137184592435,-0.08310453243801033,FALSE,TRUE
SLC7A10,ENSG00000130876.11,20,0,0,0.23218182232146034,0.04864997707348517,0.22565100394166204,FALSE,TRUE
SLC7A11,ENSG00000151012.13,20,0,0,0.2649628074448647,0.08152343601480211,0.25513378252834695,FALSE,TRUE
SLC7A13,ENSG00000164893.9,20,0,0,-0.022338943939581156,0.07589534362803048,-0.02799086266650847,FALSE,TRUE
SLC7A14,ENSG00000013293.6,20,0,0,0.16768336026200845,0.045249241462681555,0.16531255085196658,FALSE,TRUE
SLC7A3,ENSG00000165349.12,20,0,0,0.019772019685542215,0.0459260556828642,0.02524381808551266,FALSE,TRUE
SLC7A4,ENSG00000099960.13,20,0,0,0.03641782323004113,0.06868171943005535,0.04283694994682074,FALSE,TRUE
SLC7A7,ENSG00000155465.20,20,0,0,-0.05040485494969074,0.055415453067858333,-0.05962369560413294,FALSE,TRUE
SLC7A8,ENSG00000092068.20,20,0,0,0.023707732398725645,0.034728157792003916,0.02297366987323859,FALSE,TRUE
SLC8A1,ENSG00000183023.18,20,0,0,-0.24251242448434185,0.049445789190059375,-0.2500754299947141,FALSE,TRUE
SLC9A2,ENSG00000115616.3,20,0,0,0.02436181782083687,0.05843358150357966,-0.00283982644853256,FALSE,FALSE
SLC9A3,ENSG00000066230.12,20,0,0,0.0600559423107862,0.0465843960778093,0.06588588925307803,FALSE,TRUE
SLC9A9,ENSG00000181804.15,20,0,0,-0.03335370406466097,0.06248941736044615,-0.04422605648152745,FALSE,TRUE
SLCO1A2,ENSG00000084453.16,20,0,0,-0.058237686445664696,0.031162743967561496,-0.05601513068674455,FALSE,TRUE
SLCO1C1,ENSG00000139155.9,20,0,0,-0.008378323358626143,0.05989235330667406,0.0052798910922655,FALSE,FALSE
SLCO2B1,ENSG00000137491.15,20,0,0,-0.10316597276151394,0.05135698966935652,-0.10627539145989012,FALSE,TRUE
SLCO5A1,ENSG00000137571.11,20,0,0,0.13418135076948934,0.04507675835881113,0.11614807189695436,FALSE,TRUE
SLFN11,ENSG00000172716.16,20,0,0,0.11583686800327089,0.05464774805245903,0.11269647736985626,FALSE,TRUE
SLFN13,ENSG00000154760.14,20,0,0,-0.14552219400547206,0.05956070456087634,-0.12648486599847458,FALSE,TRUE
SLFNL1,ENSG00000171790.15,20,0,0,0.08037945847508096,0.07212923367711305,0.09197815088444164,FALSE,TRUE
SLIT2,ENSG00000145147.20,20,0,0,0.08360254664668973,0.05382929739770441,0.08047635601770833,FALSE,TRUE
SLITRK2,ENSG00000185985.11,20,0,0,0.1946707747042517,0.05168907842278134,0.1800092913452703,FALSE,TRUE
SLITRK3,ENSG00000121871.4,20,0,0,0.03173361886830139,0.05126268584907122,0.03007518488960665,FALSE,TRUE
SLITRK5,ENSG00000165300.7,20,0,0,-0.143152598292807,0.050985586318098325,-0.1330953776218994,FALSE,TRUE
SLPI,ENSG00000124107.5,20,0,0,0.30019334837589917,0.05606629884352293,0.2811023290233946,FALSE,TRUE
SMOX,ENSG00000088826.18,20,0,0,0.1584442364147315,0.07633261513116243,0.15385063585969197,FALSE,TRUE
SMPDL3A,ENSG00000172594.13,20,0,0,-0.29918525125319195,0.030507438555569977,-0.2803311804472105,FALSE,TRUE
SMTNL2,ENSG00000188176.12,20,0,0,-0.21766213318540953,0.04348241217201643,-0.21474008823245988,FALSE,TRUE
SNAI3,ENSG00000185669.6,20,0,0,-0.0209982633257441,0.06502932237351992,-0.00892218423656379,FALSE,TRUE
SNAP25,ENSG00000132639.13,20,0,0,-0.0856930432734725,0.05022920249303221,-0.07233152199143511,FALSE,TRUE
SNHG12,ENSG00000197989.14,20,0,0,0.2745433497863776,0.07750639731195003,0.28203151600022114,FALSE,TRUE
SNHG5,ENSG00000203875.13,20,0,0,-0.06829059030169922,0.07314979729104443,-0.06906635413108951,FALSE,TRUE
SNTG1,ENSG00000147481.17,20,0,0,0.20400692459322123,0.04054753615610501,0.20960727773470456,FALSE,TRUE
SNX10,ENSG00000086300.16,20,0,0,-0.04973051589995155,0.04900102375032403,-0.0528904308828724,FALSE,TRUE
SNX20,ENSG00000167208.15,20,0,0,-0.018519280112754267,0.04744750082708367,-0.01680424570220415,FALSE,TRUE
SNX33,ENSG00000173548.9,20,0,0,-0.2730326206900155,0.05623214144526206,-0.2686881542726874,FALSE,TRUE
SOD3,ENSG00000109610.6,20,0,0,-0.13021144599264645,0.02886976127201779,-0.10811531341028029,FALSE,TRUE
SORCS1,ENSG00000108018.15,20,0,0,-0.22824328488657813,0.06934423812391974,-0.224906638582914,FALSE,TRUE
SORCS2,ENSG00000184985.16,20,0,0,0.16520679114272296,0.0661000158520153,0.14268008255176923,FALSE,TRUE
SORCS3,ENSG00000156395.13,20,0,0,0.05029063833601474,0.05697261050479982,0.03803759537564906,FALSE,TRUE
SORD,ENSG00000140263.15,20,0,0,-0.09507963809748077,0.058707718419068425,-0.08261273597364448,FALSE,TRUE
SORT1,ENSG00000134243.12,20,0,0,-0.10993252904993492,0.0755815805641904,-0.11887956863939028,FALSE,TRUE
SOST,ENSG00000167941.3,20,0,0,-0.05640532002148971,0.05167529950620292,-0.07933845220821288,FALSE,TRUE
SOSTDC1,ENSG00000171243.8,20,0,0,-0.1225605339173885,0.05555712592901142,-0.12237002879809213,FALSE,TRUE
SOX10,ENSG00000100146.18,20,0,0,0.10699589162314563,0.04218294393487576,0.10755469964247263,FALSE,TRUE
SOX11,ENSG00000176887.7,20,0,0,0.03283442757574752,0.06884988655814288,0.04472991513568638,FALSE,TRUE
SPACA3,ENSG00000141316.13,20,0,0,0.18350730124001363,0.03184520251846834,0.18007269791275554,FALSE,TRUE
SPAG4,ENSG00000061656.10,20,0,0,-0.04969427161213766,0.05858137573667481,-0.04912585653931522,FALSE,TRUE
SPARC,ENSG00000113140.11,20,0,0,-0.11526354382903305,0.07375451618803586,-0.10068940951966364,FALSE,TRUE
SPARCL1,ENSG00000152583.12,20,0,0,-0.22686250197377444,0.06842993512259016,-0.22651732691193632,FALSE,TRUE
SPATA16,ENSG00000144962.7,20,0,0,0.1397972334076087,0.057660849446523,0.13643025272307338,FALSE,TRUE
SPATA17,ENSG00000162814.11,20,0,0,-0.09893382154993308,0.05272671878266341,-0.08976584311402344,FALSE,TRUE
SPC24,ENSG00000161888.11,20,0,0,0.28225296132759436,0.07467656485951463,0.2770687359426162,FALSE,TRUE
SPC25,ENSG00000152253.9,20,0,0,0.2385750868714625,0.08665594551008626,0.22574967959123035,FALSE,TRUE
SPHK1,ENSG00000176170.14,20,0,0,0.29246744253215107,0.0670132787524339,0.27861648557706453,FALSE,TRUE
SPHK2,ENSG00000063176.16,20,0,0,0.2000421878518942,0.08282803285156717,0.21587148932380676,FALSE,TRUE
SPHKAP,ENSG00000153820.13,20,0,0,0.11521995444054021,0.05278283059655535,0.10070572064006464,FALSE,TRUE
SPI1,ENSG00000066336.12,20,0,0,0.08984923294960931,0.06057836539206518,0.08141104614248514,FALSE,TRUE
SPIB,ENSG00000269404.7,20,0,0,0.0724660584828079,0.041589582863235816,0.0626296753508892,FALSE,TRUE
SPIC,ENSG00000166211.8,20,0,0,-0.1822386164666832,0.036232967903466334,-0.19595385148348937,FALSE,TRUE
SPINK4,ENSG00000122711.9,20,0,0,0.046108153117741565,0.03969951419315254,0.04327960991670752,FALSE,TRUE
SPINK5,ENSG00000133710.16,20,0,0,-0.16865065314409244,0.048496874167535176,-0.16356893526719735,FALSE,TRUE
SPOCK2,ENSG00000107742.13,20,0,0,-0.2867350888885215,0.06787671893330863,-0.26880602783130386,FALSE,TRUE
SPRY1,ENSG00000164056.11,20,0,0,-0.2520155473181932,0.07497430627778495,-0.22967061601762032,FALSE,TRUE
SPRY4,ENSG00000187678.10,20,0,0,-0.22506935956107196,0.06660223082545966,-0.18417958992825292,FALSE,TRUE
SPSB1,ENSG00000171621.14,20,0,0,0.08288706610756308,0.05302107687442527,0.0819384349682374,FALSE,TRUE
SPTA1,ENSG00000163554.15,20,0,0,0.041967530424654786,0.0473671194706243,0.04066186928197767,FALSE,TRUE
SPTB,ENSG00000070182.21,20,0,0,0.06740739586612836,0.0459154087152631,0.05154046533912022,FALSE,TRUE
SPTBN2,ENSG00000173898.14,20,0,0,0.2745269006053862,0.04333818402246514,0.25890194293438434,FALSE,TRUE
SPTBN5,ENSG00000137877.10,20,0,0,0.3181924675050997,0.05811421939151101,0.32376665180283853,FALSE,TRUE
SRD5A2,ENSG00000277893.2,20,0,0,0.05885732676229877,0.02435061472199826,0.04789422490733231,FALSE,TRUE
SREBF2,ENSG00000198911.12,20,0,0,0.008563723365489136,0.04078038608351721,0.03485621693583992,FALSE,TRUE
SRGAP3,ENSG00000196220.16,20,0,0,0.09881408257180713,0.055712226354792005,0.08019917905293204,FALSE,TRUE
SSPN,ENSG00000123096.12,20,0,0,-0.09506376414748546,0.04806136147682151,-0.0997314376165134,FALSE,TRUE
SSTR5,ENSG00000162009.8,20,0,0,0.0684427717029322,0.05527390322901033,0.07384483730976567,FALSE,TRUE
ST14,ENSG00000149418.11,20,0,0,0.007327809843834238,0.06424062384644966,-0.02382319532080679,FALSE,FALSE
ST3GAL4,ENSG00000110080.20,20,0,0,0.1319466870775365,0.03266943667828803,0.13823700056886715,FALSE,TRUE
ST3GAL5,ENSG00000115525.18,20,0,0,0.20109768933707473,0.06553958972953747,0.1867122719686337,FALSE,TRUE
ST6GAL1,ENSG00000073849.16,20,0,0,-0.00951850097940472,0.06856595374033901,-0.02638440776405401,FALSE,TRUE
ST6GALNAC2,ENSG00000070731.11,20,0,0,-0.1538506947616029,0.04510829727772914,-0.13834907348485856,FALSE,TRUE
ST8SIA4,ENSG00000113532.13,20,0,0,-0.21364086202323815,0.05263915907918976,-0.20470165646462823,FALSE,TRUE
STAB1,ENSG00000010327.10,20,0,0,0.2203464964633139,0.06613620680490101,0.20780838973484425,FALSE,TRUE
STAC3,ENSG00000185482.8,20,0,0,0.2881902446189567,0.062057085289211,0.28834049605034584,FALSE,TRUE
STAMBPL1,ENSG00000138134.12,20,0,0,-0.0478799619944676,0.04939480925224992,-0.03900731075390016,FALSE,TRUE
STARD5,ENSG00000172345.14,20,0,0,0.0699260427605878,0.05762787626509305,0.0704302566014136,FALSE,TRUE
STARD9,ENSG00000159433.12,20,0,0,0.18688018639128012,0.05193740584610562,0.19040327315974975,FALSE,TRUE
STAT4,ENSG00000138378.19,20,0,0,0.029092312060410325,0.04959124746815423,0.02700930420711713,FALSE,TRUE
STC2,ENSG00000113739.10,20,0,0,-0.05235511279564084,0.04962802004826789,-0.03790504656247504,FALSE,TRUE
STEAP3,ENSG00000115107.20,20,0,0,0.26279235945495294,0.09345846708321345,0.25215073768766105,FALSE,TRUE
STEAP4,ENSG00000127954.13,20,0,0,-0.022770563461751527,0.05201892346361568,-0.01559108188417282,FALSE,TRUE
STK10,ENSG00000072786.13,20,0,0,-0.11775058829326526,0.06340626342119735,-0.10572626375459336,FALSE,TRUE
STK32A,ENSG00000169302.16,20,0,0,0.07055438258933645,0.07198791686126817,0.06434109512805175,FALSE,TRUE
STK33,ENSG00000130413.15,20,0,0,0.19632636531153425,0.060655915942539745,0.17399488152879455,FALSE,TRUE
STMN2,ENSG00000104435.14,20,0,0,0.15421472052061316,0.040121194410218025,0.15574354092439982,FALSE,TRUE
STMN3,ENSG00000197457.10,20,0,0,0.027923233350955267,0.04057614692797518,0.03088244307216319,FALSE,TRUE
STOX1,ENSG00000165730.16,20,0,0,-0.15287043260204547,0.032328623267547596,-0.16425943843187885,FALSE,TRUE
STRA6,ENSG00000137868.19,20,0,0,0.2389144175954223,0.02133841737682937,0.22881452601989744,FALSE,TRUE
STX19,ENSG00000178750.3,20,0,0,0.07207784861208341,0.04843517009339486,0.0731495775903582,FALSE,TRUE
STX4,ENSG00000103496.15,20,0,0,0.20361049173544896,0.043857688190589716,0.20387693682020483,FALSE,TRUE
SUCLG1,ENSG00000163541.12,20,0,0,-0.10534547654567802,0.09722616977771137,-0.10513486399903392,FALSE,TRUE
SUCLG2,ENSG00000172340.15,20,0,0,-0.28165614101815295,0.06336151809609064,-0.2816232148395937,FALSE,TRUE
SUCNR1,ENSG00000198829.6,20,0,0,-0.14840639024484914,0.0591057555970029,-0.13535365345867084,FALSE,TRUE
SULF1,ENSG00000137573.14,20,0,0,-0.06538861697047643,0.05874212158065552,-0.04987517535249974,FALSE,TRUE
SULT1C4,ENSG00000198075.10,20,0,0,-0.2921613185810765,0.029826767737136717,-0.28651588619487406,FALSE,TRUE
SULT2B1,ENSG00000088002.12,20,0,0,0.2068017241851025,0.03845872436589334,0.18275010148895468,FALSE,TRUE
SULT4A1,ENSG00000130540.14,20,0,0,0.16886541175702685,0.05484320877986787,0.15351196840720088,FALSE,TRUE
SUMO4,ENSG00000177688.7,20,0,0,0.2902675167806238,0.05113204330363191,0.263282974651991,FALSE,TRUE
SUOX,ENSG00000139531.13,20,0,0,-0.10253647331398824,0.0619970274890439,-0.11704484108722372,FALSE,TRUE
SUSD1,ENSG00000106868.17,20,0,0,0.03535014873534528,0.05956944137633506,0.02927578494486702,FALSE,TRUE
SUSD2,ENSG00000099994.11,20,0,0,-0.14411430880402865,0.050203484878830404,-0.13143941765474226,FALSE,TRUE
SUSD4,ENSG00000143502.15,20,0,0,0.29167730016108206,0.04577925671907135,0.2707953218168843,FALSE,TRUE
SVEP1,ENSG00000165124.18,20,0,0,6.228162756792017e-4,0.04992024030541432,0.00808821781640752,FALSE,TRUE
SVOPL,ENSG00000157703.16,20,0,0,0.11706276727070045,0.05036716097452894,0.11352356073322308,FALSE,TRUE
SYCE1L,ENSG00000205078.6,20,0,0,0.2711693091284793,0.04906155508055837,0.2608425717182541,FALSE,TRUE
SYN2,ENSG00000157152.17,20,0,0,0.068637466237262093,0.05532323892308609,0.04549615345713664,FALSE,TRUE
SYNE1,ENSG00000131018.24,20,0,0,-0.29522655104109674,0.04793635650677969,-0.314627084642944,FALSE,TRUE
SYNE2,ENSG00000054654.19,20,0,0,-0.13869155405923775,0.05111601283500487,-0.162468017966349,FALSE,TRUE
SYNGR1,ENSG00000100321.15,20,0,0,0.03684181710207007,0.051240385366782215,0.035225398329053,FALSE,TRUE
SYNGR4,ENSG00000105467.9,20,0,0,0.04461881535929745,0.039374051843684296,0.04611166447194588,FALSE,TRUE
SYNJ2BP,ENSG00000213463.5,20,0,0,-0.2169605355419655,0.08571967003300845,-0.2442677865014179,FALSE,TRUE
SYNM,ENSG00000182253.15,20,0,0,-0.2229614182228382,0.05229147046868818,-0.21093386444869935,FALSE,TRUE
SYNPO,ENSG00000171992.13,20,0,0,-0.11809323984314021,0.06922956929747347,-0.08898250766430199,FALSE,TRUE
SYP,ENSG00000102003.11,20,0,0,0.07510617040769282,0.055916070763596275,0.08450237072972153,FALSE,TRUE
SYPL2,ENSG00000143028.9,20,0,0,-0.11770387914508265,0.06227874406093736,-0.10758577426269166,FALSE,TRUE
SYT1,ENSG00000067715.14,20,0,0,0.2604542266068695,0.06712155688747304,0.2540782480386013,FALSE,TRUE
SYT12,ENSG00000173227.14,20,0,0,0.10289830048735744,0.05874896304134246,0.09073588151727882,FALSE,TRUE
SYT3,ENSG00000213023.11,20,0,0,0.23221050787790992,0.04661146145942263,0.2244109918494221,FALSE,TRUE
SYT7,ENSG00000011347.10,20,0,0,0.2896328001446209,0.050925192536783515,0.28660267724681426,FALSE,TRUE
SYTL1,ENSG00000142765.18,20,0,0,0.25734328516675187,0.04980697660747671,0.24916623469206675,FALSE,TRUE
SYTL3,ENSG00000164674.16,20,0,0,-0.146653449394364,0.03672287585282297,-0.15254889238828978,FALSE,TRUE
SYTL4,ENSG00000102362.15,20,0,0,-0.05411472972042951,0.06848462412963445,-0.04748061774166626,FALSE,TRUE
SYTL5,ENSG00000147041.12,20,0,0,0.1402514781584432,0.0785629115890081,0.12117076705942448,FALSE,TRUE
TAC1,ENSG00000006128.12,20,0,0,0.035613741852248526,0.0824306758564277,0.00848959235383356,FALSE,TRUE
TACR1,ENSG00000115353.11,20,0,0,-0.08341627886120039,0.06398711361541234,-0.10804467062540228,FALSE,TRUE
TACSTD2,ENSG00000184292.7,20,0,0,0.06924818114951249,0.04365697254710167,0.0700294578092185,FALSE,TRUE
TAF1D,ENSG00000166012.17,20,0,0,0.13304486765177725,0.052253100716710826,0.1434806861887535,FALSE,TRUE
TAGAP,ENSG00000164691.18,20,0,0,-0.11071177939971422,0.04267234543793469,-0.11482989274113056,FALSE,TRUE
TAGLN3,ENSG00000144834.14,20,0,0,0.19575606214657468,0.06506732981531255,0.192506988254883,FALSE,TRUE
TAP1,ENSG00000168394.11,20,0,0,-0.16787300126012694,0.031428111355102206,-0.15980381004295052,FALSE,TRUE
TAP2,ENSG00000204267.16,20,0,0,0.006297686148419247,0.03862937129570221,0.0102612396058524,FALSE,TRUE
TAPBP,ENSG00000231925.12,20,0,0,-0.03415592741053415,0.05985449198796953,-0.04154487797262404,FALSE,TRUE
TBC1D10C,ENSG00000175463.12,20,0,0,0.1428517216483759,0.06678887545414448,0.13976744962008397,FALSE,TRUE
TBC1D24,ENSG00000162065.14,20,0,0,0.2188448249386475,0.04497304310024941,0.2096377441672679,FALSE,TRUE
TBC1D4,ENSG00000136111.14,20,0,0,-0.24258602053379963,0.0661231465207408,-0.2541481967029412,FALSE,TRUE
TBC1D9,ENSG00000109436.8,20,0,0,-0.14730659246556627,0.0541667893594005,-0.1464983005428822,FALSE,TRUE
TBL1Y,ENSG00000092377.15,20,0,0,-0.043176251598001494,0.07862344878550523,-0.04169338607978813,FALSE,TRUE
TBX15,ENSG00000092607.15,20,0,0,0.23683128154352387,0.08050498280789747,0.23182154910819464,FALSE,TRUE
TBX19,ENSG00000143178.13,20,0,0,0.1617891193940001,0.08663937596385912,0.1685570459720299,FALSE,TRUE
TBX21,ENSG00000073861.3,20,0,0,-0.03809577408625185,0.05241545669948436,-0.02417701493976997,FALSE,TRUE
TBX3,ENSG00000135111.16,20,0,0,-0.0198437900416399,0.08327643576812074,0.00383216625128305,FALSE,FALSE
TBXAS1,ENSG00000059377.18,20,0,0,-0.13074613128318946,0.06962150155070823,-0.12797877824927792,FALSE,TRUE
TCEAL2,ENSG00000184905.9,20,0,0,-0.07449485463059091,0.05199842426913496,-0.0795510792480069,FALSE,TRUE
TCF19,ENSG00000137310.12,20,0,0,-0.018939698132420506,0.04997610006132989,0.00427283061146742,FALSE,FALSE
TCF21,ENSG00000118526.7,20,0,0,-0.11221686955197865,0.04326144800410882,-0.0988493719899775,FALSE,TRUE
TCF4,ENSG00000196628.20,20,0,0,-0.2051615994069238,0.07274716434044087,-0.18798250218409365,FALSE,TRUE
TCHH,ENSG00000159450.12,20,0,0,0.13679668530873215,0.048826634898634064,0.1330145889430211,FALSE,TRUE
TCN1,ENSG00000134827.8,20,0,0,0.1667708315014485,0.055179431900903325,0.15506131349871405,FALSE,TRUE
TCP11,ENSG00000124678.20,20,0,0,0.07480350616770295,0.044660401296225075,0.07165378175578899,FALSE,TRUE
TDRD10,ENSG00000163239.12,20,0,0,0.28488664334648206,0.03904445764845593,0.28188730617213276,FALSE,TRUE
TDRD5,ENSG00000162782.16,20,0,0,-0.14684694354656586,0.05675504321778524,-0.1587993279087731,FALSE,TRUE
TDRD9,ENSG00000156414.19,20,0,0,0.021948125203077602,0.080758182926151,0.0297248111512723,FALSE,TRUE
TET3,ENSG00000187605.15,20,0,0,0.2472718456477847,0.0520242580985974,0.23705840558289015,FALSE,TRUE
TEX11,ENSG00000120498.14,20,0,0,-0.25960308793394826,0.04284993557132721,-0.24685586900955475,FALSE,TRUE
TEX12,ENSG00000150783.10,20,0,0,0.15382938238591953,0.061291714772455486,0.15701399159635077,FALSE,TRUE
TEX15,ENSG00000133863.9,20,0,0,-0.2070601865192906,0.08218354331209071,-0.199927689429224,FALSE,TRUE
TF,ENSG00000091513.16,20,0,0,0.2550536341160444,0.03380890168911116,0.23797686657596617,FALSE,TRUE
TFAP2A,ENSG00000137203.15,20,0,0,0.30976138915296303,0.04429096108619357,0.29948294204080467,FALSE,TRUE
TFAP2B,ENSG00000008196.13,20,0,0,0.08856154783277581,0.0632344845380517,0.07584550983373291,FALSE,TRUE
TFAP2C,ENSG00000087510.7,20,0,0,0.232632731281873,0.04232244095272461,0.2222680332785906,FALSE,TRUE
TFCP2L1,ENSG00000115112.8,20,0,0,0.03248827066776146,0.05829383265608141,0.02806595761312894,FALSE,TRUE
TFF2,ENSG00000160181.9,20,0,0,0.10674749372347073,0.0612553255560425,0.09468838375919644,FALSE,TRUE
TFPI,ENSG00000003436.16,20,0,0,-0.1651790000751418,0.03631750843518228,-0.14761864487395787,FALSE,TRUE
TFR2,ENSG00000106327.13,20,0,0,0.2898929148179824,0.03349279314326298,0.2691975418962594,FALSE,TRUE
TGFA,ENSG00000163235.16,20,0,0,-0.2922149675843544,0.06490103822821691,-0.2889692114472098,FALSE,TRUE
TGFB1,ENSG00000105329.11,20,0,0,0.1671064862154738,0.05469548981555719,0.18334404780014657,FALSE,TRUE
TGFBI,ENSG00000120708.17,20,0,0,0.1549515977935154,0.05183771955280157,0.13676605581753443,FALSE,TRUE
TGM2,ENSG00000198959.12,20,0,0,0.10274930950155202,0.0765830381753897,0.0914995506864979,FALSE,TRUE
THBS2,ENSG00000186340.16,20,0,0,0.006713063517090001,0.041159365952074624,0.02256129994553446,FALSE,TRUE
THBS4,ENSG00000113296.14,20,0,0,0.07557104800293638,0.03778946412999387,0.07219114141785184,FALSE,TRUE
THOC6,ENSG00000131652.14,20,0,0,0.23916499126332308,0.048819765798070514,0.2518630630282345,FALSE,TRUE
THRB,ENSG00000151090.20,20,0,0,-0.21906881061387085,0.07134625800664174,-0.21585962900529795,FALSE,TRUE
THSD4,ENSG00000187720.14,20,0,0,-0.020893144041948905,0.04517899496355919,-0.02375753081472346,FALSE,TRUE
THSD7A,ENSG00000005108.16,20,0,0,-0.23113844547595086,0.07134455902835257,-0.2375305224488382,FALSE,TRUE
TICAM2,ENSG00000243414.6,20,0,0,0.12071088338529008,0.029700455391136388,0.1112555804429346,FALSE,TRUE
TIGIT,ENSG00000181847.12,20,0,0,0.04842351454528734,0.049632865281786356,0.04974034924493153,FALSE,TRUE
TIMD4,ENSG00000145850.9,20,0,0,-0.08904269722582721,0.05728928814965577,-0.09581972855091832,FALSE,TRUE
TIMP1,ENSG00000102265.12,20,0,0,0.25515882100679876,0.07076721986425949,0.28198312699439027,FALSE,TRUE
TJP3,ENSG00000105289.15,20,0,0,0.12484686674696953,0.06927776768504458,0.09506475449965264,FALSE,TRUE
TLCD1,ENSG00000160606.11,20,0,0,0.25348302702474634,0.0356922041657009,0.2448291309377921,FALSE,TRUE
TLR10,ENSG00000174123.11,20,0,0,-0.05402369472346933,0.037391328805752355,-0.06505381246149088,FALSE,TRUE
TLR2,ENSG00000137462.9,20,0,0,0.032199967151444894,0.06741367004346122,0.0178981846709153,FALSE,TRUE
TLR6,ENSG00000174130.12,20,0,0,0.11758514063360431,0.07260281808798377,0.11619554177222974,FALSE,TRUE
TLR7,ENSG00000196664.5,20,0,0,-0.18495783990060544,0.04912170409078542,-0.1871509093191897,FALSE,TRUE
TLR8,ENSG00000101916.12,20,0,0,-0.17175351714323203,0.0507608617001617,-0.1802072531346295,FALSE,TRUE
TM6SF1,ENSG00000136404.16,20,0,0,-0.20077639887551985,0.037397617709144404,-0.19501009016456175,FALSE,TRUE
TMC1,ENSG00000165091.18,20,0,0,-0.11105531311952815,0.04635337746631171,-0.08910439991073522,FALSE,TRUE
TMC4,ENSG00000167608.12,20,0,0,0.17638278120406303,0.046071531785229936,0.151405805747106,FALSE,TRUE
TMC8,ENSG00000167895.15,20,0,0,0.18874752390360278,0.07108511378968085,0.19131691966187328,FALSE,TRUE
TMCC1,ENSG00000172765.17,20,0,0,-0.2618878164816695,0.06704475292741971,-0.2670572790274608,FALSE,TRUE
TMCC2,ENSG00000133069.17,20,0,0,0.1517033105512585,0.04936894432533659,0.14955569558147397,FALSE,TRUE
TMEM100,ENSG00000166292.12,20,0,0,-0.024291449100704555,0.04775876232055322,-0.02607134781436028,FALSE,TRUE
TMEM116,ENSG00000198270.13,20,0,0,0.15236220430919345,0.0437008803134146,0.14265558909110432,FALSE,TRUE
TMEM130,ENSG00000166448.15,20,0,0,0.018362001279321055,0.0802220820221515,0.01722714918827315,FALSE,TRUE
TMEM132A,ENSG00000006118.15,20,0,0,0.24709306566436812,0.07433812655627212,0.24219120412738104,FALSE,TRUE
TMEM132D,ENSG00000151952.16,20,0,0,-0.21600850553772272,0.06752409821590033,-0.20669749304419455,FALSE,TRUE
TMEM145,ENSG00000167619.13,20,0,0,0.20049066575970875,0.03616657287647679,0.19347672813750796,FALSE,TRUE
TMEM156,ENSG00000121895.8,20,0,0,0.002459277539689598,0.05717217449155,0.01117240462794034,FALSE,TRUE
TMEM176A,ENSG00000002933.9,20,0,0,-0.2700060681390452,0.03468023379048285,-0.2608123596873819,FALSE,TRUE
TMEM200A,ENSG00000164484.12,20,0,0,-0.28572306476615955,0.037782648252626005,-0.2907477760957143,FALSE,TRUE
TMEM200B,ENSG00000253304.2,20,0,0,-0.1378765361126696,0.043293398877023076,-0.1385344047500651,FALSE,TRUE
TMEM207,ENSG00000198398.2,20,0,0,-0.07740707748317491,0.05928350955290389,-0.07806801807316431,FALSE,TRUE
TMEM213,ENSG00000214128.11,20,0,0,-0.06004440658350698,0.08268944785168952,-0.0522155915571122,FALSE,TRUE
TMEM25,ENSG00000149582.16,20,0,0,-0.18125955274068098,0.05475280194279833,-0.1742333838617445,FALSE,TRUE
TMEM45A,ENSG00000181458.10,20,0,0,0.0629200123977888,0.075845274716001,0.05761672074691212,FALSE,TRUE
TMEM45B,ENSG00000151715.8,20,0,0,-0.09062306094357936,0.048119939238037035,-0.11997861411838166,FALSE,TRUE
TMEM61,ENSG00000143001.5,20,0,0,-0.009049856460746988,0.06057830379503185,-0.01759838925382178,FALSE,TRUE
TMEM72,ENSG00000187783.12,20,0,0,-0.2583369524110143,0.048189484483322886,-0.2548502510759258,FALSE,TRUE
TMEM86A,ENSG00000151117.9,20,0,0,0.0013208675437676436,0.057389781198772805,-0.01443409056623142,FALSE,FALSE
TMEM91,ENSG00000142046.15,20,0,0,0.14783398648991108,0.06296943745224204,0.16408162404301666,FALSE,TRUE
TMEM92,ENSG00000167105.8,20,0,0,0.0520519997958462,0.10105291388656884,0.06281308441809495,FALSE,TRUE
TMPRSS2,ENSG00000184012.13,20,0,0,0.08696004111555135,0.05160570741439033,0.065442210302935,FALSE,TRUE
TMPRSS4,ENSG00000137648.19,20,0,0,0.08199877990093285,0.05215385825111855,0.0759313287077548,FALSE,TRUE
TMSB10,ENSG00000034510.6,20,0,0,0.07006748577656122,0.09148889450672831,0.06720154988654255,FALSE,TRUE
TMSB4Y,ENSG00000154620.6,20,0,0,-0.24121537487928807,0.1446112401799701,-0.22529131432958388,FALSE,TRUE
TNFAIP3,ENSG00000118503.15,20,0,0,-0.1452474893430265,0.0695809307409644,-0.13741110439800655,FALSE,TRUE
TNFAIP6,ENSG00000123610.5,20,0,0,-0.21282078068734106,0.06183196918491049,-0.20348484740374864,FALSE,TRUE
TNFAIP8L2,ENSG00000163154.6,20,0,0,0.06599903110413877,0.053871750322828794,0.05655856973728981,FALSE,TRUE
TNFRSF10B,ENSG00000120889.13,20,0,0,0.21205893219826089,0.049562835995210025,0.22381360590408103,FALSE,TRUE
TNFRSF11B,ENSG00000164761.9,20,0,0,-0.24287157664167225,0.03225013802600299,-0.23506792879051747,FALSE,TRUE
TNFRSF14,ENSG00000157873.17,20,0,0,0.046453178518906506,0.06418709509157351,0.05668907118626683,FALSE,TRUE
TNFRSF17,ENSG00000048462.11,20,0,0,0.035203328705305126,0.06566061636195997,0.02876415315827791,FALSE,TRUE
TNFRSF18,ENSG00000186891.14,20,0,0,0.24790171094885677,0.049963974982297155,0.23338658068263743,FALSE,TRUE
TNFRSF1B,ENSG00000028137.19,20,0,0,0.0067219546984797094,0.07064007253936312,2.13940296415782e-4,FALSE,TRUE
TNFRSF25,ENSG00000215788.11,20,0,0,0.29580792483653917,0.06377577572985305,0.31588839012026076,FALSE,TRUE
TNFRSF4,ENSG00000186827.11,20,0,0,0.12851435142542966,0.046333552279125695,0.14439521027663574,FALSE,TRUE
TNFRSF9,ENSG00000049249.9,20,0,0,-0.013816270761374202,0.05015411163247643,-0.01935511780873634,FALSE,TRUE
TNFSF11,ENSG00000120659.15,20,0,0,0.050218845607526305,0.04115146315472041,0.07128198136797284,FALSE,TRUE
TNFSF13B,ENSG00000102524.11,20,0,0,0.11276074925420138,0.061912792333925465,0.10112797215219024,FALSE,TRUE
TNFSF14,ENSG00000125735.11,20,0,0,0.2627774467973423,0.044035276207062685,0.25426506257455733,FALSE,TRUE
TNFSF15,ENSG00000181634.8,20,0,0,-0.015140733164679074,0.05776994578161087,-0.02195025569574027,FALSE,TRUE
TNFSF8,ENSG00000106952.7,20,0,0,-0.21502304273067718,0.054643118145228264,-0.2151516954616921,FALSE,TRUE
TNFSF9,ENSG00000125657.5,20,0,0,-0.04757439674898349,0.07458281535568168,-0.02421030594097914,FALSE,TRUE
TNIP3,ENSG00000050730.16,20,0,0,0.13970447082837845,0.034934136251212555,0.13631197719226612,FALSE,TRUE
TNNC1,ENSG00000114854.8,20,0,0,0.05409015154934031,0.050440607589328494,0.06085775342164797,FALSE,TRUE
TNNI1,ENSG00000159173.19,20,0,0,0.01572590372709589,0.03494963000574424,0.00441269723800065,FALSE,TRUE
TNNI2,ENSG00000130598.16,20,0,0,0.1226454943635813,0.047878481265952455,0.1086463754225311,FALSE,TRUE
TNNT1,ENSG00000105048.17,20,0,0,0.2940494357619393,0.042920333740186,0.2871081666808957,FALSE,TRUE
TNNT2,ENSG00000118194.20,20,0,0,0.18224440305428097,0.04443125073912188,0.1828237322824981,FALSE,TRUE
TNS4,ENSG00000131746.13,20,0,0,0.1597159689714568,0.0523085982491011,0.143867710365614,FALSE,TRUE
TOM1L2,ENSG00000175662.18,20,0,0,-0.08513430749387012,0.06773997430304052,-0.06873701073654434,FALSE,TRUE
TOP2A,ENSG00000131747.15,20,0,0,0.19554303765101966,0.06958381051680773,0.187942513600711,FALSE,TRUE
TOP3B,ENSG00000100038.20,20,0,0,0.13759088588306229,0.04496012131016597,0.13228593280887024,FALSE,TRUE
TOX,ENSG00000198846.6,20,0,0,-0.0820175414678103,0.044066358079489165,-0.08072002797397484,FALSE,TRUE
TOX2,ENSG00000124191.18,20,0,0,-0.20463014015142336,0.05280636596963498,-0.19102310087590008,FALSE,TRUE
TOX3,ENSG00000103460.17,20,0,0,-0.10188675020924184,0.07970617324513984,-0.09705956193034046,FALSE,TRUE
TP53I11,ENSG00000175274.19,20,0,0,-0.07818371946674477,0.07804136177290924,-0.05020441428374257,FALSE,TRUE
TPD52L1,ENSG00000111907.21,20,0,0,0.14509409422963843,0.08265997291661718,0.11255861033417464,FALSE,TRUE
TPPP2,ENSG00000179636.15,20,0,0,0.16216316397180308,0.04614071093633776,0.16492610235174218,FALSE,TRUE
TPRG1,ENSG00000188001.10,20,0,0,0.1796499939093681,0.0466444372018644,0.1686000993857332,FALSE,TRUE
TPSAB1,ENSG00000172236.18,20,0,0,-0.11652937450004205,0.06557654190991997,-0.0972167624151452,FALSE,TRUE
TPSB2,ENSG00000197253.13,20,0,0,-0.1542413816189867,0.07868235545073798,-0.14510353111612598,FALSE,TRUE
TPSG1,ENSG00000116176.6,20,0,0,0.16052667136828672,0.028024101506075427,0.13868579542659584,FALSE,TRUE
TRADD,ENSG00000102871.16,20,0,0,-0.17039276729762418,0.05182878836042512,-0.1532425796726708,FALSE,TRUE
TRAF2,ENSG00000127191.18,20,0,0,0.19749907391554516,0.061159317134008934,0.18881433871010156,FALSE,TRUE
TRAF3IP2,ENSG00000056972.20,20,0,0,-0.12225954853695148,0.05590104394035175,-0.14151954806419664,FALSE,TRUE
TRAF3IP3,ENSG00000009790.15,20,0,0,0.032955975317660924,0.056727333307804766,0.04194653385223351,FALSE,TRUE
TRAM1L1,ENSG00000174599.5,20,0,0,-0.26640130411719065,0.0458590945261351,-0.23314555454226812,FALSE,TRUE
TRAT1,ENSG00000163519.14,20,0,0,-0.10850324367601688,0.04455707442856044,-0.10667372841556136,FALSE,TRUE
TRDN,ENSG00000186439.14,20,0,0,0.03915185516837495,0.0475132720537037,0.03780087633542745,FALSE,TRUE
TREH,ENSG00000118094.12,20,0,0,-0.2237118779978065,0.09022673597443612,-0.22517394343426844,FALSE,TRUE
TREM1,ENSG00000124731.13,20,0,0,0.17024944164874334,0.06514253441748119,0.17502553531253226,FALSE,TRUE
TREM2,ENSG00000095970.17,20,0,0,-0.033670180427978424,0.05352106123832874,-0.03463686216959905,FALSE,TRUE
TRIB1,ENSG00000173334.4,20,0,0,0.18817240569684712,0.04741638923867106,0.18391979057913213,FALSE,TRUE
TRIM14,ENSG00000106785.15,20,0,0,-0.1200796556422092,0.035278585260219486,-0.11538174918633456,FALSE,TRUE
TRIM2,ENSG00000109654.16,20,0,0,-0.21163880482059166,0.07162356436431491,-0.23202591231625996,FALSE,TRUE
TRIM22,ENSG00000132274.16,20,0,0,-0.1191786369791051,0.034008572623373284,-0.12354113442157907,FALSE,TRUE
TRIM34,ENSG00000258659.7,20,0,0,0.22803811734752732,0.05642558212459722,0.21462029265385668,FALSE,TRUE
TRIM36,ENSG00000152503.10,20,0,0,0.1405143091939815,0.08774128353817363,0.11069069629012757,FALSE,TRUE
TRIM52,ENSG00000183718.5,20,0,0,0.11305346610304051,0.0676497306968239,0.12122684153814683,FALSE,TRUE
TRIM55,ENSG00000147573.17,20,0,0,-0.309634132182377,0.045411347582621,-0.2998415294942381,FALSE,TRUE
TRIM59,ENSG00000213186.8,20,0,0,0.1612638778508443,0.058948694745843994,0.1617751569507747,FALSE,TRUE
TRIM6,ENSG00000121236.21,20,0,0,-0.2990356688323445,0.04605463352259309,-0.27732413277909457,FALSE,TRUE
TRIM7,ENSG00000146054.18,20,0,0,-0.1043986945312129,0.06562314920556478,-0.10032437151399608,FALSE,TRUE
TRIM9,ENSG00000100505.13,20,0,0,-0.09176067621650175,0.0669582039252345,-0.09614973607285808,FALSE,TRUE
TRIP13,ENSG00000071539.14,20,0,0,0.31049143150829306,0.0883677621050224,0.30138106409696436,FALSE,TRUE
TRNP1,ENSG00000253368.4,20,0,0,0.34290716587736214,0.062328066360514134,0.31395654748653135,FALSE,TRUE
TRPA1,ENSG00000104321.11,20,0,0,-0.1700401919383219,0.06491544630644916,-0.1620441778626835,FALSE,TRUE
TRPC7,ENSG00000069018.19,20,0,0,-0.07214018748596097,0.0580910931992783,-0.06817573748553954,FALSE,TRUE
TRPM2,ENSG00000142185.16,20,0,0,0.19870223975678916,0.07058516573554524,0.18979835186971383,FALSE,TRUE
TRPM3,ENSG00000083067.23,20,0,0,-0.26421729322486254,0.061255049505397174,-0.26577599128247137,FALSE,TRUE
TRPM5,ENSG00000070985.13,20,0,0,0.13664553531192664,0.08154146629321585,0.12900143344352566,FALSE,TRUE
TRPM6,ENSG00000119121.22,20,0,0,0.1301365517568464,0.06594927776896788,0.12926198629907007,FALSE,TRUE
TRPM8,ENSG00000144481.17,20,0,0,0.14562887717839235,0.05504892864914805,0.13118048543055513,FALSE,TRUE
TRPV2,ENSG00000187688.15,20,0,0,0.068074770616465,0.05425481537566983,0.08557611887475544,FALSE,TRUE
TRPV5,ENSG00000127412.7,20,0,0,1.2624854939031777e-4,0.06224123686736317,-2.7039413391299693e-4,FALSE,FALSE
TRPV6,ENSG00000165125.22,20,0,0,0.09111436045367524,0.07305261002141425,0.08401755706305503,FALSE,TRUE
TSC22D3,ENSG00000157514.16,20,0,0,-0.14594718153798253,0.06863512353628246,-0.14749127369107026,FALSE,TRUE
TSGA10,ENSG00000135951.16,20,0,0,-0.03168789169334546,0.04613721971297392,-0.04861283304634308,FALSE,TRUE
TSHR,ENSG00000165409.18,20,0,0,0.03165632297161587,0.0816089158095728,0.0158324586568788,FALSE,TRUE
TSPAN18,ENSG00000157570.12,20,0,0,-0.29011367937142424,0.052120168692497304,-0.28064256024521717,FALSE,TRUE
TSPAN32,ENSG00000064201.16,20,0,0,0.2052480388402274,0.07870696996569565,0.20415734253180473,FALSE,TRUE
TSPAN33,ENSG00000158457.6,20,0,0,-0.07821549037251879,0.028876274739069882,-0.0791224226423017,FALSE,TRUE
TSPAN4,ENSG00000214063.11,20,0,0,-0.10209487586167112,0.054103197034280376,-0.09817748414776672,FALSE,TRUE
TSPAN6,ENSG00000000003.15,20,0,0,-0.2180241832687808,0.048993595359097586,-0.2181688909803424,FALSE,TRUE
TSPAN8,ENSG00000127324.9,20,0,0,0.15561871200179106,0.045004344382459344,0.1492352093627459,FALSE,TRUE
TSPYL2,ENSG00000184205.14,20,0,0,0.14547066724541075,0.0333592466857707,0.16688930129456245,FALSE,TRUE
TSPYL4,ENSG00000187189.11,20,0,0,-0.09952443181284645,0.0816719263510799,-0.08547985597123982,FALSE,TRUE
TSPYL5,ENSG00000180543.5,20,0,0,-0.03661173184455739,0.04182297493184911,-0.04470783851842542,FALSE,TRUE
TST,ENSG00000128311.14,20,0,0,-0.15207622435880533,0.05537208751494194,-0.1486702182860433,FALSE,TRUE
TTC36,ENSG00000172425.12,20,0,0,0.09218997361922365,0.06937266374702207,0.08722435858193396,FALSE,TRUE
TTC39A,ENSG00000085831.15,20,0,0,-0.1459619622686978,0.04171798348524364,-0.15451556779842007,FALSE,TRUE
TTK,ENSG00000112742.10,20,0,0,0.29189037213534275,0.05223462997654871,0.2860882915411704,FALSE,TRUE
TTN,ENSG00000155657.28,20,0,0,0.24364398291285982,0.05452744121668457,0.20938789127877352,FALSE,TRUE
TTPA,ENSG00000137561.5,20,0,0,-0.06566615207481855,0.10550476812250248,-0.05382645938006143,FALSE,TRUE
TTYH2,ENSG00000141540.11,20,0,0,0.06660796249789819,0.05699606388419782,0.06958869735642938,FALSE,TRUE
TTYH3,ENSG00000136295.15,20,0,0,-0.08166641555975925,0.05595891187563655,-0.06577013237357036,FALSE,TRUE
TUBA1A,ENSG00000167552.14,20,0,0,0.1279698847643546,0.06213172579633336,0.1478200671753462,FALSE,TRUE
TUBA1B,ENSG00000123416.15,20,0,0,-0.07574997939522755,0.05514387091385591,-0.07076988593265654,FALSE,TRUE
TUBA3C,ENSG00000198033.12,20,0,0,-0.009229465063593557,0.05176217385433084,-0.01413975065252843,FALSE,TRUE
TUBA8,ENSG00000183785.15,20,0,0,0.07293530035906279,0.08298293478163837,0.05910231030511195,FALSE,TRUE
TUBAL3,ENSG00000178462.12,20,0,0,0.05912065813201549,0.059947196465717195,0.05022999021562403,FALSE,TRUE
TUBB6,ENSG00000176014.13,20,0,0,0.3325693577130415,0.0607632990766121,0.33175908409878463,FALSE,TRUE
TUFT1,ENSG00000143367.16,20,0,0,-0.03193767774553903,0.0613890514287327,-0.03230835396817649,FALSE,TRUE
TWIST1,ENSG00000122691.13,20,0,0,0.2500848799138214,0.03926931116352611,0.2541647851293568,FALSE,TRUE
TWSG1,ENSG00000128791.12,20,0,0,0.012938843627686991,0.051713500017895396,0.01343752360984194,FALSE,TRUE
TXLNB,ENSG00000164440.15,20,0,0,0.05763330202554509,0.07731517234439908,0.04852776078886158,FALSE,TRUE
TYMP,ENSG00000025708.14,20,0,0,0.09405973715268653,0.06490339274448408,0.10131439340035948,FALSE,TRUE
TYMS,ENSG00000176890.16,20,0,0,-0.14494373442186465,0.054585707741154815,-0.14033509813135803,FALSE,TRUE
TYRO3,ENSG00000092445.12,20,0,0,0.169687291529244,0.057724406570170195,0.1608526074738311,FALSE,TRUE
TYROBP,ENSG00000011600.12,20,0,0,-0.014417996602278969,0.06065402076029912,-0.01335248157978635,FALSE,TRUE
TYRP1,ENSG00000107165.13,20,0,0,0.18822716708913792,0.05448386025496177,0.19022832114858457,FALSE,TRUE
UBASH3A,ENSG00000160185.15,20,0,0,-0.029789756997206623,0.05006508863713235,-0.01770646079573834,FALSE,TRUE
UBE2L6,ENSG00000156587.16,20,0,0,-0.09681988784527099,0.058577526619047374,-0.08829899792346972,FALSE,TRUE
UBE2U,ENSG00000177414.13,20,0,0,0.10955035594779874,0.04154403013837184,0.1130390654287826,FALSE,TRUE
UCA1,ENSG00000214049.8,20,0,0,0.17549767312341613,0.04813371466252245,0.1718457913397054,FALSE,TRUE
UCHL1,ENSG00000154277.13,20,0,0,0.26240429107510843,0.059329030289441975,0.2514646961383173,FALSE,TRUE
UGT1A6,ENSG00000167165.19,20,0,0,-0.3058159503864045,0.044411909848413755,-0.3173184180919364,FALSE,TRUE
UGT2A1,ENSG00000173610.12,20,0,0,0.1545692992144282,0.06709706827749855,0.14302127891437447,FALSE,TRUE
UGT3A1,ENSG00000145626.12,20,0,0,-0.22308333881715023,0.04870158117531384,-0.20972548480646633,FALSE,TRUE
UGT8,ENSG00000174607.11,20,0,0,-0.2686988525609847,0.06106805628585732,-0.27442112386958767,FALSE,TRUE
UHRF1,ENSG00000276043.5,20,0,0,0.23264229120099664,0.077485562671326,0.24156270729671103,FALSE,TRUE
ULBP2,ENSG00000131015.5,20,0,0,0.23348528595901605,0.056228417128778185,0.2452744737227775,FALSE,TRUE
UMOD,ENSG00000169344.15,20,0,0,-0.045717015255166304,0.06054083970853172,-0.04856424640674053,FALSE,TRUE
UMODL1,ENSG00000177398.18,20,0,0,0.13469078684748081,0.03258126501825459,0.12377550788854172,FALSE,TRUE
UNC13C,ENSG00000137766.17,20,0,0,0.00899906028764967,0.034298136538852164,-0.01071471604251985,FALSE,FALSE
UNC13D,ENSG00000092929.12,20,0,0,0.30298596066886174,0.04948731520327809,0.29697702048378444,FALSE,TRUE
UNC5A,ENSG00000113763.12,20,0,0,0.057540403495205,0.06359657935215898,0.04693412874055081,FALSE,TRUE
UNC5B,ENSG00000107731.12,20,0,0,-0.11755291503517327,0.06226562974708956,-0.08931282105297876,FALSE,TRUE
UNC93A,ENSG00000112494.10,20,0,0,0.037835962089350916,0.03825651844186202,0.02587055873700233,FALSE,TRUE
UPK1A,ENSG00000105668.7,20,0,0,0.06830508505279018,0.031938372549579125,0.08023776644048192,FALSE,TRUE
UPP2,ENSG00000007001.13,20,0,0,-0.20282137051996874,0.06858919256749957,-0.17502234110422307,FALSE,TRUE
UQCRC1,ENSG00000010256.11,20,0,0,-0.021539983889818592,0.05532014728290253,-0.02082873570829462,FALSE,TRUE
UQCRFS1,ENSG00000169021.6,20,0,0,-0.1889652050695578,0.02548306288046545,-0.20937610001875112,FALSE,TRUE
USP44,ENSG00000136014.12,20,0,0,0.041561518354428104,0.07197669199160271,0.03287028927832122,FALSE,TRUE
USP46,ENSG00000109189.13,20,0,0,-0.0339760916324721,0.03824929186865811,-0.0415076163377478,FALSE,TRUE
USP53,ENSG00000145390.11,20,0,0,-0.2557088598552736,0.04991697849012272,-0.26798886748170947,FALSE,TRUE
UST,ENSG00000111962.8,20,0,0,0.09398488104063123,0.0530098406550753,0.08558653811180138,FALSE,TRUE
UTS2,ENSG00000049247.14,20,0,0,0.015114737678249116,0.04633984178691067,0.02795665693889468,FALSE,TRUE
UXS1,ENSG00000115652.15,20,0,0,-0.18437411005108134,0.05731602854535142,-0.1667940028480865,FALSE,TRUE
VAMP5,ENSG00000168899.5,20,0,0,-0.12023349310588444,0.056760943405609374,-0.09849811915162936,FALSE,TRUE
VASH1,ENSG00000071246.11,20,0,0,-0.07118283859294444,0.07132199087304306,-0.06601572290087127,FALSE,TRUE
VAT1L,ENSG00000171724.3,20,0,0,0.2023402313781772,0.055901906251906414,0.1909458532635529,FALSE,TRUE
VAV1,ENSG00000141968.8,20,0,0,-0.0026947157301446334,0.05376495669014489,-0.01253744618498936,FALSE,TRUE
VAV3,ENSG00000134215.16,20,0,0,-0.2077927781360498,0.04730080488021551,-0.20219587899436156,FALSE,TRUE
VCAM1,ENSG00000162692.12,20,0,0,-0.2611160668599345,0.05911069821471929,-0.2701853420125316,FALSE,TRUE
VCAN,ENSG00000038427.16,20,0,0,-0.04058541765463667,0.056623032928536376,-0.04505001854978725,FALSE,TRUE
VDR,ENSG00000111424.12,20,0,0,-0.13035403754031172,0.07228444154135963,-0.14243210357024055,FALSE,TRUE
VEGFA,ENSG00000112715.25,20,0,0,0.04875734305118232,0.07430980382541591,0.08167915091733464,FALSE,TRUE
VEGFC,ENSG00000150630.4,20,0,0,0.08683571132525611,0.06173065931796928,0.07185730011639536,FALSE,TRUE
VENTX,ENSG00000151650.8,20,0,0,0.28501583379068307,0.0532409986087391,0.29767581619796674,FALSE,TRUE
VEPH1,ENSG00000197415.12,20,0,0,-0.15752476053879289,0.03833540262983612,-0.14956658735246744,FALSE,TRUE
VGLL1,ENSG00000102243.13,20,0,0,-0.00670808852093384,0.03473174634031929,-0.00459740788996173,FALSE,TRUE
VIM,ENSG00000026025.16,20,0,0,0.06358631023710155,0.05386362574158508,0.08780836763342088,FALSE,TRUE
VIP,ENSG00000146469.13,20,0,0,0.22537652395514488,0.06824985483396229,0.23439430518639412,FALSE,TRUE
VIT,ENSG00000205221.12,20,0,0,0.04405652361241079,0.037526280256220255,0.06117585820812511,FALSE,TRUE
VKORC1,ENSG00000167397.15,20,0,0,0.050242973826920834,0.04954598115184369,0.04694521233171526,FALSE,TRUE
VNN2,ENSG00000112303.14,20,0,0,0.007798662728023894,0.06448150910354936,0.00818628371786412,FALSE,TRUE
VPS13D,ENSG00000048707.15,20,0,0,-0.27753337521361376,0.0825672479422413,-0.301006865724619,FALSE,TRUE
VSIG1,ENSG00000101842.14,20,0,0,0.10741938172812077,0.07404505393423574,0.10917277583501302,FALSE,TRUE
VSIG4,ENSG00000155659.15,20,0,0,0.08296516330696097,0.06233892903856338,0.08687429062538221,FALSE,TRUE
VSNL1,ENSG00000163032.12,20,0,0,0.20466957547228382,0.03985959070577161,0.20376613769047644,FALSE,TRUE
VSTM1,ENSG00000189068.11,20,0,0,0.14254467793922604,0.040266723586032005,0.1347108353396205,FALSE,TRUE
VTCN1,ENSG00000134258.17,20,0,0,0.07178912702374404,0.035425211672756,0.06307519987269043,FALSE,TRUE
VWA1,ENSG00000179403.12,20,0,0,-0.17133206623601238,0.05266076384084223,-0.1687333918566812,FALSE,TRUE
VWA3B,ENSG00000168658.19,20,0,0,0.18508666069996338,0.033520461049178885,0.18033702942755409,FALSE,TRUE
VWA5A,ENSG00000110002.16,20,0,0,-0.05542043567219273,0.050517871393215036,-0.07587667731252763,FALSE,TRUE
VWCE,ENSG00000167992.13,20,0,0,-0.24022433393016726,0.06460413881060018,-0.24367787023742843,FALSE,TRUE
WAS,ENSG00000015285.11,20,0,0,0.066632091241424,0.0581123053207735,0.08159131864681159,FALSE,TRUE
WASF3,ENSG00000132970.14,20,0,0,0.13969729720377033,0.06094371386779354,0.13311774613324626,FALSE,TRUE
WDFY4,ENSG00000128815.19,20,0,0,-0.1368104201936079,0.06317979043634495,-0.15716155505907117,FALSE,TRUE
WDR49,ENSG00000174776.11,20,0,0,0.17573531397983305,0.029329984679428683,0.15608355574276217,FALSE,TRUE
WDR54,ENSG00000005448.17,20,0,0,-0.10850388682212644,0.058074837702996984,-0.0995020613929093,FALSE,TRUE
WDR90,ENSG00000161996.19,20,0,0,0.2488299651337351,0.11346927199748685,0.249642534329242,FALSE,TRUE
WFDC2,ENSG00000101443.18,20,0,0,0.14168130360275782,0.05360712555913617,0.11796772566871248,FALSE,TRUE
WFIKKN2,ENSG00000173714.8,20,0,0,0.22907862832005452,0.0534057600367433,0.2408007247070794,FALSE,TRUE
WIF1,ENSG00000156076.10,20,0,0,0.08194436319188761,0.03386885949604958,0.09911568719315238,FALSE,TRUE
WIPF1,ENSG00000115935.18,20,0,0,-0.054286998016207524,0.06848993465360509,-0.06022663518847348,FALSE,TRUE
WNK1,ENSG00000060237.18,20,0,0,0.021186359930094198,0.08145637716968258,0.01032729485332817,FALSE,TRUE
WNK3,ENSG00000196632.10,20,0,0,0.18414467702969034,0.06126812808203122,0.16004138502468435,FALSE,TRUE
WNK4,ENSG00000126562.17,20,0,0,0.04388406167832527,0.04193405068290975,0.05654982491598129,FALSE,TRUE
WNT10A,ENSG00000135925.9,20,0,0,0.11648330633028625,0.058944879237001715,0.103307654862566,FALSE,TRUE
WNT2B,ENSG00000134245.18,20,0,0,-0.04461492813531884,0.05754038490022085,-0.0455803406742551,FALSE,TRUE
WNT5A,ENSG00000114251.15,20,0,0,0.14603253027071833,0.08579238171422865,0.14714254528964207,FALSE,TRUE
WNT7A,ENSG00000154764.6,20,0,0,0.11950334194996856,0.04224176944879665,0.1095599420073811,FALSE,TRUE
WNT7B,ENSG00000188064.10,20,0,0,0.2607567430636963,0.058554948600777895,0.26334326499689814,FALSE,TRUE
WNT8B,ENSG00000075290.8,20,0,0,0.10826884861763528,0.06461696021529131,0.09589713756082736,FALSE,TRUE
WSCD2,ENSG00000075035.10,20,0,0,-0.15986735825944143,0.04970225005840645,-0.16290068333254612,FALSE,TRUE
WT1,ENSG00000184937.16,20,0,0,0.08323998736229885,0.06480830815401886,0.08397345867065999,FALSE,TRUE
XAF1,ENSG00000132530.17,20,0,0,0.2992195816754601,0.057422741531011845,0.29019727912537646,FALSE,TRUE
XCL1,ENSG00000143184.5,20,0,0,0.02288826641593604,0.038247313336209315,0.03279989126870856,FALSE,TRUE
XCR1,ENSG00000173578.8,20,0,0,-0.21462633663698868,0.04291893267897107,-0.20571497901586944,FALSE,TRUE
XDH,ENSG00000158125.10,20,0,0,0.10082439607823679,0.04786555314739739,0.07747267385425213,FALSE,TRUE
XIRP1,ENSG00000168334.9,20,0,0,0.002210958330832671,0.07810396804854866,-0.02816742678021009,FALSE,FALSE
XK,ENSG00000047597.7,20,0,0,0.15497355860599976,0.09159459931664064,0.14965199485226252,FALSE,TRUE
XKR4,ENSG00000206579.9,20,0,0,0.18498619797662774,0.024904572035483963,0.1698345840888402,FALSE,TRUE
XPNPEP2,ENSG00000122121.11,20,0,0,-0.024222216026126224,0.06681504124301951,-0.00663891710385405,FALSE,TRUE
XYLB,ENSG00000093217.11,20,0,0,-0.33116469142059324,0.03696831262312478,-0.3155761583178161,FALSE,TRUE
YEATS2,ENSG00000163872.16,20,0,0,0.12259960401768162,0.08552013403553857,0.12469478884091896,FALSE,TRUE
YPEL4,ENSG00000166793.13,20,0,0,0.2540565978638123,0.04254768171453077,0.2759546798070116,FALSE,TRUE
ZAP70,ENSG00000115085.14,20,0,0,0.1889480557100573,0.05773835114205719,0.1843218922515732,FALSE,TRUE
ZBP1,ENSG00000124256.15,20,0,0,0.1843342129828284,0.057576181800548354,0.17356914359431774,FALSE,TRUE
ZBTB32,ENSG00000011590.14,20,0,0,0.20679362760279277,0.06844713008227646,0.1882357036677626,FALSE,TRUE
ZC3H12D,ENSG00000178199.14,20,0,0,0.034687874921446496,0.06834793488031758,0.04120491347927674,FALSE,TRUE
ZC3HAV1L,ENSG00000146858.8,20,0,0,-0.09887106934677597,0.04113152910484803,-0.08712462192178883,FALSE,TRUE
ZDHHC15,ENSG00000102383.14,20,0,0,-0.19440851284074653,0.07605666752717943,-0.19457074505743563,FALSE,TRUE
ZDHHC2,ENSG00000104219.13,20,0,0,-0.013368229945614093,0.043276604238083924,-0.02525409605413449,FALSE,TRUE
ZFHX2,ENSG00000136367.14,20,0,0,0.1555098699114393,0.05185264539995438,0.13025209376792465,FALSE,TRUE
ZFP42,ENSG00000179059.10,20,0,0,0.027625123638687417,0.033656823042105335,0.02481130912237046,FALSE,TRUE
ZHX3,ENSG00000174306.21,20,0,0,-0.28397475612675216,0.04613576772921124,-0.2733649776924571,FALSE,TRUE
ZIC2,ENSG00000043355.12,20,0,0,0.2850822148327027,0.050393702479327396,0.27727982195619716,FALSE,TRUE
ZMAT4,ENSG00000165061.15,20,0,0,-0.07067075189536451,0.06994703829896541,-0.06586320528238344,FALSE,TRUE
ZMYND12,ENSG00000066185.13,20,0,0,-0.1796377280895174,0.07763218102093106,-0.20142373001949165,FALSE,TRUE
ZMYND15,ENSG00000141497.14,20,0,0,0.07264728888462178,0.048913009549983295,0.0810294395281235,FALSE,TRUE
ZNF132,ENSG00000131849.12,20,0,0,-0.06968986165126691,0.076594775442031,-0.07619778708310622,FALSE,TRUE
ZNF165,ENSG00000197279.4,20,0,0,-0.05823772357284298,0.10500621084616718,-0.08097268999237128,FALSE,TRUE
ZNF296,ENSG00000170684.9,20,0,0,0.19897230849846526,0.04854622987890808,0.19415309760263352,FALSE,TRUE
ZNF320,ENSG00000182986.14,20,0,0,-0.23888601075944804,0.08333787246356766,-0.22526242126555016,FALSE,TRUE
ZNF331,ENSG00000130844.19,20,0,0,0.0018706650965416528,0.058456507031291655,-6.926396663667004e-4,FALSE,FALSE
ZNF354B,ENSG00000178338.11,20,0,0,0.15264912637946182,0.06971626191086396,0.16489585663163325,FALSE,TRUE
ZNF385D,ENSG00000151789.12,20,0,0,0.11291770936911347,0.039841747043089085,0.08394180289994349,FALSE,TRUE
ZNF395,ENSG00000186918.14,20,0,0,-0.2606316167148403,0.07586830744362871,-0.23027637816861812,FALSE,TRUE
ZNF425,ENSG00000204947.9,20,0,0,-0.17228556392225952,0.039985067901970095,-0.15080255734338302,FALSE,TRUE
ZNF44,ENSG00000197857.14,20,0,0,0.14735787888113505,0.05182447191151844,0.13807671356529194,FALSE,TRUE
ZNF469,ENSG00000225614.4,20,0,0,0.15576492763219071,0.02539166809928564,0.16059583182043757,FALSE,TRUE
ZNF474,ENSG00000164185.6,20,0,0,0.09446127668115242,0.03521900800050834,0.09455345128029632,FALSE,TRUE
ZNF488,ENSG00000265763.4,20,0,0,0.17806093269955386,0.02955619388482761,0.18145041231495243,FALSE,TRUE
ZNF503,ENSG00000165655.17,20,0,0,0.08337551734556861,0.04002026988727563,0.08735871390485232,FALSE,TRUE
ZNF556,ENSG00000172000.7,20,0,0,0.08637422653092318,0.029991957467180724,0.0676567603912765,FALSE,TRUE
ZNF578,ENSG00000258405.11,20,0,0,-0.0019121685900956957,0.04179736361917073,0.00539409102505779,FALSE,FALSE
ZNF581,ENSG00000171425.10,20,0,0,0.0296685372612017,0.06606131236196486,0.05850240803742995,FALSE,TRUE
ZNF683,ENSG00000176083.18,20,0,0,0.06626206746095828,0.063262820014201665,0.07504624976075804,FALSE,TRUE
ZNF750,ENSG00000141579.7,20,0,0,-0.013682966400338201,0.07734665936929812,-0.01844817494541706,FALSE,TRUE
ZNF804A,ENSG00000170396.9,20,0,0,0.04602014883048476,0.07239728289963843,0.04716801209754922,FALSE,TRUE
ZNF804B,ENSG00000182348.7,20,0,0,-0.1880768162619981,0.05978611776767251,-0.18565179936225668,FALSE,TRUE
ZNF83,ENSG00000167766.18,20,0,0,0.2638978351503649,0.07886898881948884,0.2654175676167522,FALSE,TRUE
ZNF831,ENSG00000124203.6,20,0,0,-0.14759558244094909,0.0461106527847,-0.14967813123600826,FALSE,TRUE
ZNF99,ENSG00000213973.9,20,0,0,0.0643527163325007,0.062346388177332096,0.04174761111425787,FALSE,TRUE
ZNRF3,ENSG00000183579.16,20,0,0,-0.23476816010886392,0.04744343374746335,-0.2341228243390807,FALSE,TRUE
ZP1,ENSG00000149506.11,20,0,0,0.1858205966320951,0.0768506334138451,0.17368027248706608,FALSE,TRUE
ZP2,ENSG00000103310.11,20,0,0,0.10181480244341734,0.06313712491480988,0.10952410745020878,FALSE,TRUE
ZPBP,ENSG00000042813.8,20,0,0,-0.14023311566246746,0.035293786010635764,-0.14108825230718847,FALSE,TRUE
ZSCAN4,ENSG00000180532.10,20,0,0,0.016864427722369724,0.06064303989811651,0.02620288763497041,FALSE,TRUE
ZYG11A,ENSG00000203995.10,20,0,0,-0.11496176114951492,0.045559944105501,-0.1179224140625464,FALSE,TRUE
