ID,Description,term_size,overlap,gene_ratio,background_ratio,pvalue,p.adjust,genes
GO:0007094,mitotic spindle assembly checkpoint signaling,29,13,0.010833333333333334,0.0012417041318775422,5.124274982087328e-10,9.97183911514194e-7,10403;1063;147841;332;5347;57405;699;701;7272;83540;9319;9735;991
GO:0051301,cell division,400,51,0.0425,0.017126953543138514,2.1790283291304333e-9,2.1201945642439114e-6,1018;10309;10403;10460;1058;1062;1063;10636;10783;11004;11065;11200;117583;146909;147841;220134;22974;23397;257364;259266;332;3833;50624;51203;5347;54443;54821;55143;55165;55743;57405;595;64151;699;701;80346;83461;83540;83872;890;899;90293;9055;9133;9134;9212;9232;9735;991;9928;995
GO:0006954,inflammatory response,396,48,0.04,0.01695568400770713,3.2509532080728627e-8,2.10878498096993e-5,101;10318;1051;10551;122618;1241;1393;1435;1524;177;22861;27040;2829;2867;2919;2920;3373;3588;4069;5004;50507;53832;54959;5587;56477;5731;5733;6356;6367;6374;6556;6614;7098;7130;719;720;727;729230;7412;837;84695;84807;84868;8809;90139;9447;948;960
GO:0007052,mitotic spindle organization,58,15,0.0125,0.0024834082637550845,1.55586898246821e-7,7.569302599707843e-5,10403;10460;1062;10783;24137;284403;332;3611;5347;57405;6905;7272;83540;9212;9787
GO:0000902,cell morphogenesis,54,14,0.011666666666666667,0.0023121387283236996,3.8945299351163886e-7,1.5157510507472983e-4,1003;1004;1008;101;1012;10129;1016;26999;3611;50507;57619;60437;64403;999
GO:0045766,positive regulation of angiogenesis,137,23,0.019166666666666665,0.005865981588524941,4.997506716866468e-7,1.6208580118370243e-4,10016;1003;146850;187;2113;2321;27329;3162;3373;3728;3791;4914;51129;5587;6356;7010;7098;719;7291;8038;8829;8877;9037
GO:0000070,mitotic sister chromatid segregation,36,11,0.009166666666666667,0.0015414258188824663,1.1521730554188086e-6,2.526374819379706e-4,10403;11004;146909;220134;2491;3833;51203;5347;55143;81930;9735
GO:0006869,lipid transport,187,27,0.0225,0.008006850781417255,1.184129253316294e-6,2.526374819379706e-4,1071;10877;11001;114880;154664;2171;23250;24;26154;2760;29015;5104;5243;54762;55187;55937;57048;57476;57655;5825;653509;80830;81575;83985;9376;948;9619
GO:0042592,homeostatic process,13,7,0.005833333333333334,5.566259901520017e-4,1.2132044583720662e-6,2.526374819379706e-4,10891;2494;283;51458;523;5314;7477
GO:0007059,chromosome segregation,104,19,0.015833333333333335,0.004453007921216013,1.2982398866288315e-6,2.526374819379706e-4,10403;1062;1063;10636;10783;11004;147841;220134;2491;332;55355;57405;699;7272;79019;83540;9232;9787;9985
GO:0002503,peptide antigen assembly with MHC class II protein complex,14,7,0.005833333333333334,5.99443374009848e-4,2.3183945436951785e-6,3.798518464423193e-4,3111;3113;3115;3117;3120;3122;567
GO:0019886,antigen processing and presentation of exogenous peptide antigen via MHC class II,25,9,0.0075,0.001070434596446157,2.3423546543205713e-6,3.798518464423193e-4,10437;1510;3111;3113;3115;3117;3120;3122;567
GO:0009410,response to xenobiotic stimulus,184,26,0.021666666666666667,0.007878398629843717,2.796336897821225e-6,4.025800144169579e-4,10451;1063;116085;1277;18;1906;2026;210;268;3033;3158;3485;3934;4192;4914;51083;5243;5825;595;6531;6569;79897;8321;8412;847;999
GO:0060326,cell chemotaxis,81,16,0.013333333333333334,0.003468208092485549,3.045272400162385e-6,4.025800144169579e-4,10551;1235;1524;2826;2829;2919;2920;3219;5330;56477;6356;6367;727;729230;7412;9037
GO:0098609,cell-cell adhesion,208,28,0.023333333333333334,0.008906015842432027,3.103134746276654e-6,4.025800144169579e-4,1003;1004;1008;1012;1014;1016;1956;2196;22918;23767;26999;3728;3956;4345;5175;5314;57722;60437;634;64403;655;6614;7412;83660;9124;9543;960;999
GO:0006631,fatty acid metabolic process,199,27,0.0225,0.008520659387711411,3.981054328764854e-6,4.841957327360254e-4,11001;1573;1576;1579;27329;30;3033;3248;34;36;38;3995;5095;51084;51179;5264;5465;54677;54898;55301;5743;6296;79966;84129;8864;948;9663
GO:0006094,gluconeogenesis,36,10,0.008333333333333333,0.0015414258188824663,9.216615248463276e-6,9.439754354478703e-4,10891;2026;2203;229;2805;5091;5105;5106;5207;8864
GO:0050778,positive regulation of immune response,36,10,0.008333333333333333,0.0015414258188824663,9.216615248463276e-6,9.439754354478703e-4,3111;3113;3115;3117;3120;3122;567;717;720;727
GO:0050870,positive regulation of T cell activation,36,10,0.008333333333333333,0.0015414258188824663,9.216615248463276e-6,9.439754354478703e-4,2494;283234;3111;3113;3115;3117;3120;3122;567;729230
GO:0016339,calcium-dependent cell-cell adhesion,44,11,0.009166666666666667,0.0018839648897452366,1.0070445452934855e-5,9.798543425705614e-4,1003;1004;1008;1012;1016;22871;5098;51294;60437;64403;999
GO:0007043,cell-cell junction assembly,38,10,0.008333333333333333,0.0016270605865981588,1.5605347533976946e-5,0.001320348100048658,1003;1004;1008;1012;1016;2701;60437;64403;83660;999
GO:0019882,antigen processing and presentation,38,10,0.008333333333333333,0.0016270605865981588,1.5605347533976946e-5,0.001320348100048658,1512;3111;3113;3115;3117;3120;3122;3133;5865;9363
GO:0044331,cell-cell adhesion mediated by cadherin,38,10,0.008333333333333333,0.0016270605865981588,1.5605347533976946e-5,0.001320348100048658,1003;1004;1008;1012;1016;1951;2196;60437;64403;999
GO:0016477,cell migration,252,30,0.025,0.010789980732177264,1.6926538861579605e-5,0.0013724601926930796,1003;1004;1008;1012;1016;10451;1289;136242;161198;2321;23616;283;3728;3791;3897;4192;5175;5420;55616;5753;59277;60437;634;64403;7049;727;752;79585;960;999
GO:0007051,spindle organization,18,7,0.005833333333333334,7.707129094412332e-4,1.7924224236847647e-5,0.0013952216145962208,10403;1062;10636;1107;259266;7272;9212
GO:0000278,mitotic cell cycle,124,19,0.015833333333333335,0.00530935559837294,1.867224964302234e-5,0.001397546069435441,10309;10403;1062;1063;146909;220134;22974;257364;332;347733;4602;4603;5347;55143;55743;56992;81930;84617;9212
GO:0006935,chemotaxis,147,21,0.0175,0.006294155427103404,2.0801156969273526e-5,0.0014992241282298624,10928;1235;123920;1524;2321;2826;2829;2919;2920;3897;51192;5168;5328;5329;56477;6356;6367;6374;719;727;729230
GO:0002504,antigen processing and presentation of peptide or polysaccharide antigen via MHC class II,13,6,0.005,5.566259901520017e-4,2.2819022692553087e-5,0.0015859220771324396,3111;3113;3115;3117;3120;3122
GO:0000281,mitotic cytokinesis,66,13,0.010833333333333334,0.002825947334617855,2.618202289713112e-5,0.0017569040192350744,10112;1058;24137;257364;288;332;51203;5347;54443;55143;55165;79784;9212
GO:0007599,hemostasis,50,11,0.009166666666666667,0.002140869192892314,3.694846837345587e-5,0.002396723981824837,2155;2157;2313;5028;5328;5340;5627;64805;7450;8858;9002
GO:0001822,kidney development,78,14,0.011666666666666667,0.0033397559409120104,3.879785835403387e-5,0.002435504269579029,1063;1579;1592;27031;3158;3248;4311;5176;5629;64220;6495;6569;7020;847
GO:0008652,amino acid biosynthetic process,27,8,0.006666666666666667,0.0011560693641618498,4.384868851205003e-5,0.0026665483701390426,102724560;2805;29968;440;54363;5831;586;875
GO:0034332,adherens junction organization,28,8,0.006666666666666667,0.001198886748019696,5.863390878335103e-5,0.0034576238331030635,1003;1004;1008;1012;1016;60437;64403;999
GO:0051384,response to glucocorticoid,44,10,0.008333333333333333,0.0018839648897452366,6.184064469354576e-5,0.003538289279116844,178;210;2805;3158;3485;3931;4192;595;7349;7477
GO:0007584,response to nutrient,53,11,0.009166666666666667,0.0022693213444658533,6.545653342662198e-5,0.003538289279116844,1277;178;210;2642;3158;340024;3485;5465;56477;6569;7412
GO:0009611,response to wounding,53,11,0.009166666666666667,0.0022693213444658533,6.545653342662198e-5,0.003538289279116844,10481;1524;177;2155;4192;5080;54959;729230;7450;8829;9002
GO:0046777,protein autophosphorylation,93,15,0.0125,0.003982016698779705,7.562839578903813e-5,0.003977644816364006,10783;11200;1196;120892;2321;3643;3791;4293;4914;53904;5587;5753;7786;84206;9833
GO:0009636,response to toxic substance,64,12,0.01,0.0027403125669021623,8.806619285336814e-5,0.0045099160866488,10249;2053;210;22977;23657;3934;5444;5446;670;847;9376;999
GO:0001525,angiogenesis,238,27,0.0225,0.010190537358167415,1.0055708018506461e-4,0.004890449939555444,10016;101;10451;10481;11082;1295;146850;187;221981;22918;2321;27329;283;3162;3791;51129;5587;56917;57125;58504;6278;634;7010;7127;81575;83478;8829
GO:0006814,sodium ion transport,140,19,0.015833333333333335,0.00599443374009848,1.025350642181187e-4,0.004890449939555444,10050;10246;10991;159963;476;481;53827;57835;6326;6328;6329;6330;6523;6546;6561;6568;6569;83959;9498
GO:0050830,defense response to Gram-positive bacterium,85,14,0.011666666666666667,0.003639477627916934,1.0303620119310031e-4,0.004890449939555444,1113;115361;219972;254773;283;3133;4069;567;57817;6038;7432;837;84868;8809
GO:0032355,response to estradiol,75,13,0.010833333333333334,0.0032113037893384713,1.0558514626195041e-4,0.004892111776803702,10095;1277;2026;2146;2155;3248;3485;595;655;6569;7349;847;890
GO:0006826,iron ion transport,23,7,0.005833333333333334,9.847998287304646e-4,1.1010042059051746e-4,0.004982684150445278,3934;51312;55240;6556;7018;7036;84102
GO:0051256,mitotic spindle midzone assembly,11,5,0.004166666666666667,4.7099122243630915e-4,1.2647479584367187e-4,0.005554264995401241,24137;332;55143;9055;9212
GO:0030199,collagen fibril organization,57,11,0.009166666666666667,0.0024405908798972383,1.312614617721384e-4,0.005554264995401241,1277;1286;1287;1289;1301;140766;50509;649;7092;84695;871
GO:0030335,positive regulation of cell migration,268,29,0.024166666666666666,0.011475058873902804,1.3129300605778886e-4,0.005554264995401241,1003;1012;11170;1277;1435;1512;177;1906;1956;2146;2155;2321;27329;3643;3791;4192;5175;5328;5420;54437;56920;57580;6356;6367;7130;7291;80310;8877;9037
GO:0010039,response to iron ion,17,6,0.005,7.278955255833868e-4,1.3776537046630591e-4,0.005642913828069077,18;210;57817;595;6531;7036
GO:0001501,skeletal system development,98,15,0.0125,0.004196103618068936,1.391880080921458e-4,0.005642913828069077,1277;1298;145864;1750;2121;3207;4982;5307;6474;649;655;7020;7092;9241;9573
GO:0031667,response to nutrient levels,68,12,0.01,0.0029115821023335473,1.6160483389630794e-4,0.006418020546167659,102724560;1277;1582;173;210;2155;2203;3934;4914;5629;6344;875
GO:0007166,cell surface receptor signaling pathway,340,34,0.028333333333333332,0.014557910511667736,1.709063809026526e-4,0.006524979549743625,1003;10379;11025;11027;120892;1524;177;1840;1906;1951;1956;23547;2642;29121;3455;5028;51267;51466;5175;55558;573;57556;6344;7010;7018;7039;727;729230;8321;84689;8718;8740;8795;948
GO:0007596,blood coagulation,89,14,0.011666666666666667,0.0038107471633483194,1.710040889192831e-4,0.006524979549743625,2155;2157;5028;5051;51129;5328;5329;5340;5627;64805;7450;8858;9002;948
GO:0007417,central nervous system development,135,18,0.015,0.005780346820809248,1.9367113607407778e-4,0.00724776982307991,127343;145864;1592;2016;29114;5080;53358;55553;5629;56923;57453;6457;686;7368;7546;7915;79228;8506
GO:0015747,urate transport,12,5,0.004166666666666667,5.138086062941554e-4,2.0763743102881615e-4,0.0076238196373976655,10050;10246;116085;6568;9390
GO:0006865,amino acid transport,70,12,0.01,0.00299721687004924,2.1481228812970877e-4,0.007741198383340987,10991;11136;118980;23657;340024;55356;56301;57709;6531;8501;92745;94097
GO:0120162,positive regulation of cold-induced thermogenesis,102,15,0.0125,0.004367373153500321,2.1941229242815926e-4,0.007763205837549053,1051;10891;153;2104;2171;2628;2887;3033;3566;3934;43;729230;8864;94097;948
GO:0090307,mitotic spindle assembly,42,9,0.0075,0.001798330122029544,2.3217278189056732e-4,0.008037419682743845,11200;22974;29128;332;3833;55143;56992;9212;9639
GO:0007018,microtubule-based movement,81,13,0.010833333333333334,0.003468208092485549,2.354228786826306e-4,0.008037419682743845,10112;1062;11004;146909;147700;23303;24137;3798;3831;3833;56992;81930;9928
GO:0110076,negative regulation of ferroptosis,19,6,0.005,8.135302932990794e-4,2.7640802079954976e-4,0.009247630068176717,112399;23657;29968;3162;47;815
GO:0006635,fatty acid beta-oxidation,43,9,0.0075,0.0018411475058873904,2.803752178943609e-4,0.009247630068176717,11001;30;3033;34;38;54677;549;5825;84129
GO:0007200,phospholipase C-activating G protein-coupled receptor signaling pathway,116,16,0.013333333333333334,0.004966816527510169,2.916299959322576e-4,0.009303474952199563,1241;146;1524;1606;1607;2867;5028;5330;553;5587;56923;5731;5733;64805;719;9002
GO:0051056,regulation of small GTPase mediated signal transduction,116,16,0.013333333333333334,0.004966816527510169,2.916299959322576e-4,0.009303474952199563,10451;10928;1124;1795;23092;23616;393;50650;57580;58504;6494;81704;83478;89839;9138;9639
GO:0000086,G2/M transition of mitotic cell cycle,45,9,0.0075,0.0019267822736030828,4.017430176139034e-4,0.01260954697220413,1018;11200;2305;332;5243;5347;890;9833;995
GO:0035725,sodium ion transmembrane transport,144,18,0.015,0.006165703275529865,4.3311073241837677e-4,0.013378309290256527,10050;10246;159963;340024;476;481;57835;6326;6328;6329;6330;6531;6546;6561;6568;83959;92745;9498
GO:0006805,xenobiotic metabolic process,109,15,0.0125,0.004667094840505245,4.5705930161528326e-4,0.013897459389739707,100;10249;10864;1573;1576;1592;1645;2329;27233;316;5243;54578;670;8856;9153
GO:0042742,defense response to bacterium,133,17,0.014166666666666666,0.005694712053093556,4.7635692103208837e-4,0.013910284692640527,1051;10616;1113;219972;22861;254773;3934;4069;5553;55876;57817;6038;6556;6590;7098;837;9636
GO:0071526,semaphorin-plexin signaling pathway,46,9,0.0075,0.0019695996574609293,4.769577679131256e-4,0.013910284692640527,1906;23616;3791;54437;55558;56920;57556;8829;9037
GO:0035589,G protein-coupled purinergic nucleotide receptor signaling pathway,14,5,0.004166666666666667,5.99443374009848e-4,4.814569598138605e-4,0.013910284692640527,2857;286530;5028;53829;64805
GO:0006955,immune response,491,43,0.035833333333333335,0.021023335474202525,4.860736686020328e-4,0.013910284692640527,1051;10561;1235;1241;146850;1512;1524;2113;27040;2826;2829;2919;2920;3111;3113;3115;3117;3120;3122;3133;3566;3588;432;5008;5168;5175;5553;563;56477;567;57817;6356;6367;6374;6590;7049;715;729230;8740;8809;944;9447;962
GO:1901224,positive regulation of non-canonical NF-kappaB signal transduction,56,10,0.008333333333333333,0.002397773496039392,5.071300251496685e-4,0.014302536651322535,10616;177;1906;4306;64922;84675;84868;8740;8809;8877
GO:0035924,cellular response to vascular endothelial growth factor stimulus,29,7,0.005833333333333334,0.0012417041318775422,5.348305422695968e-4,0.014658876552910356,2321;3791;5587;57556;7412;8829;8877
GO:0070830,bicellular tight junction assembly,29,7,0.005833333333333334,0.0012417041318775422,5.348305422695968e-4,0.014658876552910356,1003;100506658;143098;5175;79778;79977;91862
GO:0007156,homophilic cell-cell adhesion,172,20,0.016666666666666666,0.0073645900235495615,5.551148110518066e-4,0.015003519754261327,1003;1004;1008;1012;1014;1016;1951;199731;2196;27253;3897;5098;51294;5175;57453;60437;634;64403;83872;999
GO:0000082,G1/S transition of mitotic cell cycle,68,11,0.009166666666666667,0.0029115821023335473,6.510863978046516e-4,0.017258056985827264,1018;10309;1033;1978;586;595;815;890;899;9133;9134
GO:0030041,actin filament polymerization,30,7,0.005833333333333334,0.0012845215157353885,6.66945554213873e-4,0.017258056985827264,11170;1730;23242;283;57580;79585;79778
GO:0001503,ossification,79,12,0.01,0.0033825733247698567,6.764716271979663e-4,0.017258056985827264,10312;1277;1956;22904;285313;525;649;655;6569;7291;91851;9260
GO:0005978,glycogen biosynthetic process,15,5,0.004166666666666667,6.422607578676942e-4,6.917412358142481e-4,0.017258056985827264,178;34;7957;8864;8908
GO:0051310,metaphase chromosome alignment,15,5,0.004166666666666667,6.422607578676942e-4,6.917412358142481e-4,0.017258056985827264,10403;1062;1063;11004;220134
GO:0051315,attachment of mitotic spindle microtubules to kinetochore,15,5,0.004166666666666667,6.422607578676942e-4,6.917412358142481e-4,0.017258056985827264,10403;1062;11004;220134;83540
GO:0007080,mitotic metaphase chromosome alignment,49,9,0.0075,0.002098051809034468,7.746549795452894e-4,0.01908200747082447,1058;1062;11004;220134;29082;3833;55143;81930;9928
GO:0001568,blood vessel development,23,6,0.005,9.847998287304646e-4,8.618379001122663e-4,0.020964206920230877,1277;187;5080;5175;634;64220
GO:0007204,positive regulation of cytosolic calcium ion concentration,128,16,0.013333333333333334,0.005480625133804325,8.816800412872181e-4,0.02118209086845588,10874;114897;1235;146;1524;1906;2826;2829;5028;553;5731;5733;6288;719;729230;948
GO:0007611,learning or memory,50,9,0.0075,0.002140869192892314,9.022362141339775e-4,0.02141160576469171,1393;177;1956;2628;4311;4914;567;6356;7349
GO:0046686,response to cadmium ion,16,5,0.004166666666666667,6.850781417255406e-4,9.638109537406643e-4,0.02206560136446274,1357;210;2805;6569;847
GO:0060586,multicellular organismal-level iron ion homeostasis,16,5,0.004166666666666667,6.850781417255406e-4,9.638109537406643e-4,0.02206560136446274,3162;57817;6556;7018;7036
GO:0090336,positive regulation of brown fat cell differentiation,16,5,0.004166666666666667,6.850781417255406e-4,9.638109537406643e-4,0.02206560136446274,222236;252995;5743;6495;655
GO:0032722,positive regulation of chemokine production,41,8,0.006666666666666667,0.0017555127381716977,9.953414315973226e-4,0.022518378831073757,177;2867;3162;3566;64170;7098;727;84868
GO:0099560,synaptic membrane adhesion,32,7,0.005833333333333334,0.0013701562834510812,0.001008008757994385,0.022518378831073757,1004;1008;22854;23767;27253;8404;84628
GO:0001938,positive regulation of endothelial cell proliferation,61,10,0.008333333333333333,0.0026118604153286236,0.0010183028453928523,0.022518378831073757,10016;1012;283;3791;5587;5629;6356;7010;8829;9037
GO:0006107,oxaloacetate metabolic process,10,4,0.0033333333333333335,4.2817383857846286e-4,0.0011345793785689758,0.024807769333654237,2805;47;5105;5106
GO:0010628,positive regulation of gene expression,364,33,0.0275,0.015585527724256048,0.0011843222301788842,0.025607678443645653,1003;100506658;1051;10551;10891;114897;132430;1435;1512;158800;2053;2113;2642;268;288;3934;4613;5080;5324;54566;54959;5587;655;6556;7020;7049;7098;7273;7291;7349;8728;9241;948
GO:0009725,response to hormone,52,9,0.0075,0.0022265039606080067,0.0012085543742524556,0.02584447046478328,178;210;2155;27329;283;3033;38;4192;7076
GO:0060048,cardiac muscle contraction,33,7,0.005833333333333334,0.0014129736673089274,0.0012233139550971313,0.025875749528467582,4607;4634;481;6330;6546;7139;7273
GO:0007076,mitotic chromosome condensation,17,5,0.004166666666666667,7.278955255833868e-4,0.0013079966134383124,0.026514181351572456,23397;51203;5347;64151;7273
GO:0009083,branched-chain amino acid catabolic process,17,5,0.004166666666666667,7.278955255833868e-4,0.0013079966134383124,0.026514181351572456,11112;1629;26275;4329;549
GO:0055091,phospholipid homeostasis,17,5,0.004166666666666667,7.278955255833868e-4,0.0013079966134383124,0.026514181351572456,1071;116238;27329;57333;9619
GO:0070542,response to fatty acid,17,5,0.004166666666666667,7.278955255833868e-4,0.0013079966134383124,0.026514181351572456,210;286676;3158;847;948
GO:0071456,cellular response to hypoxia,121,15,0.0125,0.0051809034467994,0.0013718385046379432,0.02728150660950702,101;102724560;10397;112399;1906;360;3934;5743;595;6326;655;664;7291;875;890
GO:0001654,eye development,43,8,0.006666666666666667,0.0018411475058873904,0.0013793757388463395,0.02728150660950702,341640;5080;56917;655;7306;91851;9573;9997
GO:0050729,positive regulation of inflammatory response,109,14,0.011666666666666667,0.004667094840505245,0.0013879080957560097,0.02728150660950702,101;10318;1051;2113;222236;22861;3956;4192;5008;7098;729230;81030;837;9447
GO:0007154,cell communication,75,11,0.009166666666666667,0.0032113037893384713,0.0015002328053889485,0.02919453039286894,10077;158326;2701;2705;283;341640;54212;6546;80144;8740;944
GO:0007267,cell-cell signaling,201,21,0.0175,0.008606294155427104,0.0016360394724387747,0.03152210706302828,10077;146;1524;1906;2256;268;2701;2705;2796;56923;6367;6374;7010;7022;7130;8321;83888;8829;9037;944;9982
GO:0050667,homocysteine metabolic process,11,4,0.0033333333333333335,4.7099122243630915e-4,0.001710639140126291,0.031724993965132786,102724560;50507;670;875
GO:0070365,hepatocyte differentiation,11,4,0.0033333333333333335,4.7099122243630915e-4,0.001710639140126291,0.031724993965132786,144455;5105;5106;5629
GO:0090050,positive regulation of cell migration involved in sprouting angiogenesis,26,6,0.005,0.0011132519803040033,0.0017225103606202151,0.031724993965132786,3162;3791;5743;7049;8829;9982
GO:0007130,synaptonemal complex assembly,18,5,0.004166666666666667,7.707129094412332e-4,0.0017350391787680373,0.031724993965132786,100130958;56154;56159;84072;9319
GO:0055010,ventricular cardiac muscle tissue morphogenesis,18,5,0.004166666666666667,7.707129094412332e-4,0.0017350391787680373,0.031724993965132786,4607;4634;5629;7049;7139
GO:0006096,glycolytic process,35,7,0.005833333333333334,0.00149860843502462,0.001760688257057729,0.031724993965132786,2026;229;3101;3939;5207;5214;55753
GO:0030324,lung development,35,7,0.005833333333333334,0.00149860843502462,0.001760688257057729,0.031724993965132786,27031;3158;4311;5629;64220;7477;84695
GO:0007411,axon guidance,150,17,0.014166666666666666,0.006422607578676943,0.0018477676247275632,0.032988585300182005,1906;2044;23767;26999;3798;3897;4914;51466;54437;55558;56920;57453;57556;5794;59277;8829;9037
GO:0043627,response to estrogen,45,8,0.006666666666666667,0.0019267822736030828,0.0018725952235491951,0.0331279118638794,10095;1594;2155;3207;3485;4311;51083;595
GO:0050804,modulation of chemical synaptic transmission,113,14,0.011666666666666667,0.00483836437593663,0.001964355516967391,0.03443816068485173,10636;10718;10815;120892;1524;22854;22871;23237;2893;347733;54413;84628;9228;9498
GO:0051216,cartilage development,56,9,0.0075,0.002397773496039392,0.0020715871518504647,0.03599382676340182,2121;2494;3373;55553;649;655;7076;9241;960
GO:0045214,sarcomere organization,36,7,0.005833333333333334,0.0015414258188824663,0.002090131498443462,0.03599465394664582,4607;51804;58529;7138;7139;7273;88
GO:0008203,cholesterol metabolic process,90,12,0.01,0.0038535645472061657,0.0021589456876892313,0.036853581651256524,1071;1576;1595;2222;2230;27329;3156;3158;3422;3931;6820;9619
GO:0008608,attachment of spindle microtubules to kinetochore,19,5,0.004166666666666667,8.135302932990794e-4,0.002255978878042493,0.037988637834297574,10403;1062;147841;57405;83540
GO:0005975,carbohydrate metabolic process,166,18,0.015,0.007107685720402483,0.002264482008622055,0.037988637834297574,11181;130589;178;2203;2524;2583;26301;2710;2819;3101;3373;4121;4166;5239;57134;6518;9365;9942
GO:0009887,animal organ morphogenesis,79,11,0.009166666666666667,0.0033825733247698567,0.0022974616351083533,0.03821248155487911,11181;2273;2313;3983;5080;51466;51513;56917;57556;59277;8829
GO:0010669,epithelial structure maintenance,12,4,0.0033333333333333335,5.138086062941554e-4,0.0024621399946750245,0.04031389542282303,158326;286676;341640;80144
GO:0006958,"complement activation, classical pathway",37,7,0.005833333333333334,0.0015842432027403125,0.0024652382093093223,0.04031389542282303,55061;715;716;717;720;722;727
GO:0051592,response to calcium ion,47,8,0.006666666666666667,0.0020124170413187755,0.002495246190691011,0.040464575725705894,10016;360;3706;5026;595;6857;7139;7273
GO:0009953,dorsal/ventral pattern formation,20,5,0.004166666666666667,8.563476771569257e-4,0.002882045589707105,0.04535499036095259,3207;57453;649;7092;9241
GO:0048675,axon extension,20,5,0.004166666666666667,8.563476771569257e-4,0.002882045589707105,0.04535499036095259,1906;54413;54437;55558;9037
GO:0090267,positive regulation of mitotic cell cycle spindle assembly checkpoint,20,5,0.004166666666666667,8.563476771569257e-4,0.002882045589707105,0.04535499036095259,10403;140735;332;55143;9212
GO:0050919,negative chemotaxis,38,7,0.005833333333333334,0.0016270605865981588,0.002890040495764708,0.04535499036095259,10718;23767;54437;55558;56920;57556;9037
GO:0031640,killing of cells of another organism,70,10,0.008333333333333333,0.00299721687004924,0.0029547644925071613,0.04589695617630756,1113;2919;2920;4069;55876;56477;57817;6356;6367;727
GO:0006694,steroid biosynthetic process,59,9,0.0075,0.0025262256476129307,0.0029953306445997226,0.04589695617630756,1576;1582;1595;2222;2230;3156;3158;3422;50700
GO:0010595,positive regulation of endothelial cell migration,59,9,0.0075,0.0025262256476129307,0.0029953306445997226,0.04589695617630756,10016;1906;2113;3791;3934;5587;5629;7010;8829
GO:0003009,skeletal muscle contraction,29,6,0.005,0.0012417041318775422,0.003115831185998395,0.04628555334315173,124093;246329;7138;7273;79784;92241
GO:0006956,complement activation,29,6,0.005,0.0012417041318775422,0.003115831185998395,0.04628555334315173,10877;715;716;717;720;727
GO:0010604,positive regulation of macromolecule metabolic process,29,6,0.005,0.0012417041318775422,0.003115831185998395,0.04628555334315173,10318;10616;144455;4008;64170;79092
GO:0048678,response to axon injury,29,6,0.005,0.0012417041318775422,0.003115831185998395,0.04628555334315173,1809;23767;3745;4914;64805;664
GO:0008206,bile acid metabolic process,13,4,0.0033333333333333335,5.566259901520017e-4,0.0034128026873132757,0.0499346919512153,11001;1645;2494;30
GO:0045842,positive regulation of mitotic metaphase/anaphase transition,13,4,0.0033333333333333335,5.566259901520017e-4,0.0034128026873132757,0.0499346919512153,11065;5347;9787;991
GO:0007339,binding of sperm to zona pellucida,21,5,0.004166666666666667,8.99165061014772e-4,0.0036245523925919516,0.05224725152580695,136242;203102;22917;284359;54742
GO:0034375,high-density lipoprotein particle remodeling,21,5,0.004166666666666667,8.99165061014772e-4,0.0036245523925919516,0.05224725152580695,1071;119548;3931;55937;9619
GO:0043410,positive regulation of MAPK cascade,174,18,0.015,0.007450224791265254,0.003770008628815711,0.053944388174083625,101;120892;146;153;1906;1956;2321;27040;3589;3643;3791;5008;5175;553;57161;7010;7039;8412
GO:0007160,cell-matrix adhesion,97,12,0.01,0.00415328623421109,0.00405086009628741,0.057539954360403656,158326;255743;27329;341640;3611;3897;5329;6614;7059;7412;80144;960
GO:0007605,sensory perception of sound,110,13,0.010833333333333334,0.004709912224363092,0.004231602488829705,0.05967172784972903,1277;1301;1428;2138;332;4646;525;53405;53904;54532;7020;7349;79784
GO:0002040,sprouting angiogenesis,31,6,0.005,0.001327338899593235,0.0044251109594367925,0.06074214056046188,1012;11082;144455;2321;7010;8829
GO:0015701,bicarbonate transport,31,6,0.005,0.001327338899593235,0.0044251109594367925,0.06074214056046188,266675;57835;7439;762;83959;9498
GO:0042594,response to starvation,31,6,0.005,0.001327338899593235,0.0044251109594367925,0.06074214056046188,10891;2642;3158;38;5105;5106
GO:0006909,phagocytosis,74,10,0.008333333333333333,0.003168486405480625,0.004450569605537303,0.06074214056046188,122618;177;22918;23616;26762;4689;5175;6556;9066;9844
GO:0150104,transport across blood-brain barrier,86,11,0.009166666666666667,0.0036822950117747807,0.0044936855591179055,0.06074214056046188,10991;114134;177;3643;5243;553;6523;9153;92745;9376;9498
GO:0015804,neutral amino acid transport,22,5,0.004166666666666667,9.419824448726183e-4,0.004494793546097898,0.06074214056046188,11136;340024;56301;8501;92745
GO:0051058,negative regulation of small GTPase mediated signal transduction,14,4,0.0033333333333333335,5.99443374009848e-4,0.004585340978313035,0.061116942080802504,1454;23616;58504;84952
GO:1900006,positive regulation of dendrite development,14,4,0.0033333333333333335,5.99443374009848e-4,0.004585340978313035,0.061116942080802504,158866;2146;23242;655
GO:0001889,liver development,52,8,0.006666666666666667,0.0022265039606080067,0.004764434113803938,0.06296017056399131,1051;23242;3158;38;54578;5629;595;7049
GO:0051897,positive regulation of phosphatidylinositol 3-kinase/protein kinase B signal transduction,178,18,0.015,0.007621494326696639,0.004788337740735207,0.06296017056399131,101;10451;1524;1956;2321;2912;3643;3791;4914;5008;50507;5175;5587;5627;64805;7010;80310;9037
GO:0035556,intracellular signal transduction,477,38,0.03166666666666667,0.02042389210019268,0.005141217020922644,0.06714636458198299,10451;10718;108;120892;121268;127495;1606;1607;177;1906;27040;2887;2919;3162;3718;4192;50507;50650;5330;5334;53358;5502;55635;5587;56924;57580;6101;637;6494;660;699;7039;7049;7098;7786;81617;828;8877
GO:0043524,negative regulation of neuron apoptotic process,100,12,0.01,0.004281738385784628,0.005189824413049556,0.06719077926839159,101;10891;3791;4192;4914;51804;6495;7349;7832;80315;8829;9928
GO:0031638,zymogen activation,32,6,0.005,0.0013701562834510812,0.0052136730059235,0.06719077926839159,1512;2155;2157;3816;715;716
GO:0010718,positive regulation of epithelial to mesenchymal transition,53,8,0.006666666666666667,0.0022693213444658533,0.005364254313749359,0.06867657167471218,101;1277;2146;2305;4192;655;7291;8313
GO:0032753,positive regulation of interleukin-4 production,23,5,0.004166666666666667,9.847998287304646e-4,0.00550394789220501,0.06954988700149967,1051;3133;53832;53833;84868
GO:0050768,negative regulation of neurogenesis,23,5,0.004166666666666667,9.847998287304646e-4,0.00550394789220501,0.06954988700149967,5080;567;57722;6356;9355
GO:0019731,antibacterial humoral response,65,9,0.0075,0.0027831299507600086,0.005795893579199532,0.07149400074938432,1610;283;3133;5266;567;6038;6590;7018;7432
GO:0007218,neuropeptide signaling pathway,89,11,0.009166666666666667,0.0038107471633483194,0.005838032976335161,0.07149400074938432,10874;10886;11249;114815;1241;27344;51083;53831;56923;6447;7349
GO:0045184,establishment of protein localization,43,7,0.005833333333333334,0.0018411475058873904,0.005907622273904137,0.07149400074938432,22871;23303;255743;288;5347;55165;9928
GO:0000302,response to reactive oxygen species,15,4,0.0033333333333333335,6.422607578676942e-4,0.006001195430130787,0.07149400074938432,3373;5798;6278;847
GO:0010038,response to metal ion,15,4,0.0033333333333333335,6.422607578676942e-4,0.006001195430130787,0.07149400074938432,10397;210;3158;567
GO:0045987,positive regulation of smooth muscle contraction,15,4,0.0033333333333333335,6.422607578676942e-4,0.006001195430130787,0.07149400074938432,10874;1906;255743;8877
GO:0097028,dendritic cell differentiation,15,4,0.0033333333333333335,6.422607578676942e-4,0.006001195430130787,0.07149400074938432,2323;53832;53833;55509
GO:0099509,regulation of presynaptic cytosolic calcium ion concentration,15,4,0.0033333333333333335,6.422607578676942e-4,0.006001195430130787,0.07149400074938432,3756;492;5028;785
GO:2001224,positive regulation of neuron migration,15,4,0.0033333333333333335,6.422607578676942e-4,0.006001195430130787,0.07149400074938432,284403;4192;57465;57556
GO:0008284,positive regulation of cell population proliferation,435,35,0.029166666666666667,0.018625561978163133,0.006061927093344509,0.07149400074938432,10312;11082;1435;146;1725;177;1906;1956;2146;2305;2321;2323;332;3588;3589;3643;3791;4839;5008;5314;5629;56917;57111;595;605;6374;7039;7076;7272;7432;80310;8412;9055;991;9928
GO:0043066,negative regulation of apoptotic process,435,35,0.029166666666666667,0.018625561978163133,0.006061927093344509,0.07149400074938432,102724560;1956;23162;23530;2796;283;307;3316;332;3791;440;4914;51129;51804;5314;5329;5347;573;5743;64780;6495;664;7010;7020;7076;7349;79092;847;8740;875;8784;8877;89885;960;9928
GO:0006695,cholesterol biosynthetic process,33,6,0.005,0.0014129736673089274,0.006100419461662695,0.07151455585780485,1595;2222;3156;3158;3422;47
GO:0031175,neuron projection development,128,14,0.011666666666666667,0.005480625133804325,0.006139152971044317,0.07153767474043259,10129;177;1906;22871;23767;26999;3897;4914;57465;7349;7477;7832;79778;999
GO:0001666,response to hypoxia,142,15,0.0125,0.006080068507814173,0.0064240815384887535,0.07441227782082807,100;18;1906;210;2155;283;4602;481;51129;5465;664;7049;7412;847;9124
GO:0086002,cardiac muscle cell action potential involved in contraction,24,5,0.004166666666666667,0.0010276172125883109,0.006662988433938483,0.07664355830710894,476;6326;6328;6329;6330
GO:0001934,positive regulation of protein phosphorylation,55,8,0.006666666666666667,0.002354956112181546,0.006734865606637013,0.07664355830710894,10928;150696;1956;3791;5329;54959;57161;79092
GO:0032868,response to insulin,55,8,0.006666666666666667,0.002354956112181546,0.006734865606637013,0.07664355830710894,1277;2887;3033;3158;5105;51083;5465;847
GO:0030071,regulation of mitotic metaphase/anaphase transition,34,6,0.005,0.0014557910511667736,0.00709200855579774,0.08023865493943257,1062;10783;11065;5347;57520;605
GO:0032869,cellular response to insulin stimulus,92,11,0.009166666666666667,0.0039391993149218586,0.007480142891593562,0.0839657848542297,116085;2203;2805;3158;3643;5105;5106;57761;634;9663;9882
GO:0030168,platelet activation,56,8,0.006666666666666667,0.002397773496039392,0.007512078682434758,0.0839657848542297,10451;1606;1607;5028;6288;64805;7450;9002
GO:0007169,cell surface receptor protein tyrosine kinase signaling pathway,118,13,0.010833333333333334,0.0050524512952258615,0.0076336178388413676,0.0839657848542297,10256;1435;1956;2044;2321;2444;3643;3791;4914;53358;5753;6098;7010
GO:0019722,calcium-mediated signaling,105,12,0.01,0.00449582530507386,0.007640738057404725,0.0839657848542297,120892;1235;1524;1906;27040;2826;2829;64805;719;729230;8877;90139
GO:0006081,aldehyde metabolic process,16,4,0.0033333333333333335,6.850781417255406e-4,0.007680323588927485,0.0839657848542297,10840;160428;222;22977
GO:0032367,intracellular cholesterol transport,16,4,0.0033333333333333335,6.850781417255406e-4,0.007680323588927485,0.0839657848542297,54762;57476;57655;9619
GO:0007565,female pregnancy,68,9,0.0075,0.0029115821023335473,0.0077959311476131525,0.08475353080030835,10991;1393;2796;3248;3485;3620;53405;5858;7349
GO:0003091,renal water homeostasis,25,5,0.004166666666666667,0.001070434596446157,0.007982598640023717,0.08582396106898428,108;1579;360;361;4645
GO:0050769,positive regulation of neurogenesis,25,5,0.004166666666666667,0.001070434596446157,0.007982598640023717,0.08582396106898428,10636;1524;4311;5176;9001
GO:0006953,acute-phase response,35,6,0.005,0.00149860843502462,0.008195040341743953,0.08762389288480073,1051;2157;3588;3934;5004;6288
GO:0050829,defense response to Gram-negative bacterium,70,9,0.0075,0.00299721687004924,0.009395594798728998,0.09771595325716936,1113;219972;4069;5587;55876;567;57817;6556;7432
GO:0001954,positive regulation of cell-matrix adhesion,26,5,0.004166666666666667,0.0011132519803040033,0.009473095849405512,0.09771595325716936,1012;1435;3728;56477;948
GO:0050877,nervous system process,26,5,0.004166666666666667,0.0011132519803040033,0.009473095849405512,0.09771595325716936,18;2334;29082;3899;5080
GO:0006833,water transport,17,4,0.0033333333333333335,7.278955255833868e-4,0.009641039581385673,0.09771595325716936,343;360;361;83959
GO:0007548,sex differentiation,17,4,0.0033333333333333335,7.278955255833868e-4,0.009641039581385673,0.09771595325716936,2491;268;58524;8999
GO:0007631,feeding behavior,17,4,0.0033333333333333335,7.278955255833868e-4,0.009641039581385673,0.09771595325716936,51083;56923;64220;7349
GO:0030517,negative regulation of axon extension,17,4,0.0033333333333333335,7.278955255833868e-4,0.009641039581385673,0.09771595325716936,393;56920;80128;999
GO:0042327,positive regulation of phosphorylation,17,4,0.0033333333333333335,7.278955255833868e-4,0.009641039581385673,0.09771595325716936,1956;283;2887;8829
GO:0043691,reverse cholesterol transport,17,4,0.0033333333333333335,7.278955255833868e-4,0.009641039581385673,0.09771595325716936,1071;3931;55937;9619
GO:2001222,regulation of neuron migration,17,4,0.0033333333333333335,7.278955255833868e-4,0.009641039581385673,0.09771595325716936,22854;285313;815;84628
GO:0007131,reciprocal meiotic recombination,37,6,0.005,0.0015842432027403125,0.010761335123519155,0.10794617603282616,124817;25788;4438;56159;9319;9985
GO:0035094,response to nicotine,37,6,0.005,0.0015842432027403125,0.010761335123519155,0.10794617603282616,18;1906;3162;4914;6531;7412
GO:0048666,neuron development,48,7,0.005833333333333334,0.0020552344251766217,0.010818292389281017,0.10796101020277364,158800;1809;2044;4232;4914;8829;91464
GO:0042632,cholesterol homeostasis,97,11,0.009166666666666667,0.00415328623421109,0.010991486575970929,0.10912975957571137,1071;119548;1645;2053;27329;3931;55937;57476;6296;7851;9619
GO:0043547,positive regulation of GTPase activity,60,8,0.006666666666666667,0.002569043031470777,0.011309256751185414,0.11143939377889665,10928;2146;23616;4914;54959;55616;81704;8412
GO:0042472,inner ear morphogenesis,18,4,0.0033333333333333335,7.707129094412332e-4,0.011899896839276442,0.11143939377889665,4646;525;6495;7020
GO:0051382,kinetochore assembly,18,4,0.0033333333333333335,7.707129094412332e-4,0.011899896839276442,0.11143939377889665,1058;1062;1063;9787
GO:0071549,cellular response to dexamethasone stimulus,18,4,0.0033333333333333335,7.707129094412332e-4,0.011899896839276442,0.11143939377889665,5105;5106;5176;8313
GO:0043434,response to peptide hormone,49,7,0.005833333333333334,0.002098051809034468,0.012076486955707325,0.11143939377889665,1277;2796;3158;655;6569;7076;7832
GO:0030330,"DNA damage response, signal transduction by p53 class mediator",38,6,0.005,0.0016270605865981588,0.012237202866223134,0.11143939377889665,10397;11200;144455;2305;4646;51512
GO:0043123,positive regulation of canonical NF-kappaB signal transduction,225,20,0.016666666666666666,0.009633911368015413,0.012350725359807309,0.11143939377889665,10616;10783;1524;3162;3611;3643;3956;5587;57161;60401;64081;64170;64922;7098;7105;79092;815;8740;8795;948
GO:0002675,positive regulation of acute inflammatory response,10,3,0.0025,4.2817383857846286e-4,0.012369429114204356,0.11143939377889665,101;5008;84699
GO:0006000,fructose metabolic process,10,3,0.0025,4.2817383857846286e-4,0.012369429114204356,0.11143939377889665,2203;229;5207
GO:0010666,positive regulation of cardiac muscle cell apoptotic process,10,3,0.0025,4.2817383857846286e-4,0.012369429114204356,0.11143939377889665,153;664;815
GO:0030299,intestinal cholesterol absorption,10,3,0.0025,4.2817383857846286e-4,0.012369429114204356,0.11143939377889665,1056;1645;948
GO:0035999,tetrahydrofolate interconversion,10,3,0.0025,4.2817383857846286e-4,0.012369429114204356,0.11143939377889665,10797;10840;6470
GO:0048011,neurotrophin TRK receptor signaling pathway,10,3,0.0025,4.2817383857846286e-4,0.012369429114204356,0.11143939377889665,1795;4914;9001
GO:0048701,embryonic cranial skeleton morphogenesis,10,3,0.0025,4.2817383857846286e-4,0.012369429114204356,0.11143939377889665,6495;7020;7291
GO:0051983,regulation of chromosome segregation,10,3,0.0025,4.2817383857846286e-4,0.012369429114204356,0.11143939377889665,11004;699;9212
GO:0072089,stem cell proliferation,10,3,0.0025,4.2817383857846286e-4,0.012369429114204356,0.11143939377889665,5243;7477;84133
GO:0086013,membrane repolarization during cardiac muscle cell action potential,10,3,0.0025,4.2817383857846286e-4,0.012369429114204356,0.11143939377889665,476;481;81033
GO:0086100,endothelin receptor signaling pathway,10,3,0.0025,4.2817383857846286e-4,0.012369429114204356,0.11143939377889665,1906;6495;8412
GO:0097237,cellular response to toxic substance,10,3,0.0025,4.2817383857846286e-4,0.012369429114204356,0.11143939377889665,1012;1906;5783
GO:1901652,response to peptide,10,3,0.0025,4.2817383857846286e-4,0.012369429114204356,0.11143939377889665,51083;5176;6569
GO:0021987,cerebral cortex development,61,8,0.006666666666666667,0.0026118604153286236,0.01244680901869894,0.11161977119994532,10460;284403;347733;4192;5080;664;89839;9928
GO:0016126,sterol biosynthetic process,28,5,0.004166666666666667,0.001198886748019696,0.013005781769811275,0.11556735764407644,1595;2222;3156;3158;3422
GO:0045931,positive regulation of mitotic cell cycle,28,5,0.004166666666666667,0.001198886748019696,0.013005781769811275,0.11556735764407644,1978;332;440;8877;9099
GO:0007601,visual perception,170,16,0.013333333333333334,0.007278955255833868,0.014428309225685285,0.12685472857319038,1277;1301;1427;145226;2140;24;3983;50700;5080;53405;53904;6101;7439;7546;768206;83872
GO:0048008,platelet-derived growth factor receptor signaling pathway,19,4,0.0033333333333333335,8.135302932990794e-4,0.01447160829560548,0.12685472857319038,10636;5157;80310;8829
GO:0051896,regulation of phosphatidylinositol 3-kinase/protein kinase B signal transduction,19,4,0.0033333333333333335,8.135302932990794e-4,0.01447160829560548,0.12685472857319038,55165;57333;5783;634
GO:0032729,positive regulation of type II interferon production,76,9,0.0075,0.0032541211731963175,0.01569043689774761,0.13669167828251128,10865;3113;3115;6556;7098;729230;84868;8809;9636
GO:0006002,fructose 6-phosphate metabolic process,11,3,0.0025,4.7099122243630915e-4,0.01636647535448362,0.13669167828251128,2203;3101;5214
GO:0034080,CENP-A containing chromatin assembly,11,3,0.0025,4.7099122243630915e-4,0.01636647535448362,0.13669167828251128,1058;2491;55355
GO:0034329,cell junction assembly,11,3,0.0025,4.7099122243630915e-4,0.01636647535448362,0.13669167828251128,23616;79977;999
GO:0034392,negative regulation of smooth muscle cell apoptotic process,11,3,0.0025,4.7099122243630915e-4,0.01636647535448362,0.13669167828251128,1906;27076;2893
GO:0034695,response to prostaglandin E,11,3,0.0025,4.7099122243630915e-4,0.01636647535448362,0.13669167828251128,2796;5731;7049
GO:0045956,positive regulation of calcium ion-dependent exocytosis,11,3,0.0025,4.7099122243630915e-4,0.01636647535448362,0.13669167828251128,3745;6857;9066
GO:0048589,developmental growth,11,3,0.0025,4.7099122243630915e-4,0.01636647535448362,0.13669167828251128,127343;3207;64220
GO:0050927,positive regulation of positive chemotaxis,11,3,0.0025,4.7099122243630915e-4,0.01636647535448362,0.13669167828251128,1012;2155;3791
GO:0051495,positive regulation of cytoskeleton organization,11,3,0.0025,4.7099122243630915e-4,0.01636647535448362,0.13669167828251128,51466;55558;89848
GO:0070493,thrombin-activated receptor signaling pathway,11,3,0.0025,4.7099122243630915e-4,0.01636647535448362,0.13669167828251128,10788;3248;9002
GO:0006665,sphingolipid metabolic process,52,7,0.005833333333333334,0.0022265039606080067,0.016480787943920053,0.13705817666183087,2525;2528;2583;2760;3995;7368;9514
GO:0070374,positive regulation of ERK1 and ERK2 cascade,173,16,0.013333333333333334,0.007407407407407408,0.01679030637372352,0.1385248852445405,177;1956;255743;3791;4914;5028;50507;6278;64170;7010;7786;80310;84868;8829;948;960
GO:0006898,receptor-mediated endocytosis,77,9,0.0075,0.003296938557054164,0.016983492084830878,0.1385248852445405,10928;3643;376267;432;54413;55716;7036;9260;948
GO:0045742,positive regulation of epidermal growth factor receptor signaling pathway,30,5,0.004166666666666667,0.0012845215157353885,0.017333815250937846,0.1385248852445405,10551;5328;5329;5753;9001
GO:0050850,positive regulation of calcium-mediated signaling,30,5,0.004166666666666667,0.0012845215157353885,0.017333815250937846,0.1385248852445405,1012;1906;5026;56923;9001
GO:0001890,placenta development,20,4,0.0033333333333333335,8.563476771569257e-4,0.017368998972080104,0.1385248852445405,144455;283;4311;8728
GO:0006730,one-carbon metabolic process,20,4,0.0033333333333333335,8.563476771569257e-4,0.017368998972080104,0.1385248852445405,10797;10840;160428;6470
GO:0019752,carboxylic acid metabolic process,20,4,0.0033333333333333335,8.563476771569257e-4,0.017368998972080104,0.1385248852445405,1644;2572;3939;7915
GO:0033280,response to vitamin D,20,4,0.0033333333333333335,8.563476771569257e-4,0.017368998972080104,0.1385248852445405,1594;360;655;9365
GO:0036376,sodium ion export across plasma membrane,20,4,0.0033333333333333335,8.563476771569257e-4,0.017368998972080104,0.1385248852445405,476;481;53827;6546
GO:0042157,lipoprotein metabolic process,20,4,0.0033333333333333335,8.563476771569257e-4,0.017368998972080104,0.1385248852445405,3931;5465;80830;81575
GO:0051289,protein homotetramerization,65,8,0.006666666666666667,0.0027831299507600086,0.0178451827231969,0.14174173705853538,361;3783;51466;567;57582;6470;6999;80036
GO:0045669,positive regulation of osteoblast differentiation,53,7,0.005833333333333334,0.0022693213444658533,0.018172434365902494,0.1437542978701067,23051;255743;3611;5587;655;7477;8321
GO:0023052,signaling,42,6,0.005,0.001798330122029544,0.019563537426461587,0.15080605132799865,10077;283;8740;9228;944;9787
GO:0050714,positive regulation of protein secretion,42,6,0.005,0.001798330122029544,0.019563537426461587,0.15080605132799865,101;10307;23086;283;43;9619
GO:0071466,cellular response to xenobiotic stimulus,42,6,0.005,0.001798330122029544,0.019563537426461587,0.15080605132799865,1012;1393;1906;2203;7345;9447
GO:0048477,oogenesis,31,5,0.004166666666666667,0.001327338899593235,0.019816258383918824,0.15080605132799865,1730;4192;54852;84072;9319
GO:0016042,lipid catabolic process,106,11,0.009166666666666667,0.004538642688931707,0.020319952920535914,0.15080605132799865,1056;119548;149998;222236;345557;3988;5051;5095;51365;5168;5330
GO:0007498,mesoderm development,21,4,0.0033333333333333335,8.99165061014772e-4,0.020602986402547895,0.15080605132799865,4232;660;84667;9241
GO:0019228,neuronal action potential,21,4,0.0033333333333333335,8.99165061014772e-4,0.020602986402547895,0.15080605132799865,288;6326;6330;79784
GO:0019915,lipid storage,21,4,0.0033333333333333335,8.99165061014772e-4,0.020602986402547895,0.15080605132799865,123;27329;2867;948
GO:0036120,cellular response to platelet-derived growth factor stimulus,21,4,0.0033333333333333335,8.99165061014772e-4,0.020602986402547895,0.15080605132799865,3373;5157;80310;890
GO:0043032,positive regulation of macrophage activation,21,4,0.0033333333333333335,8.99165061014772e-4,0.020602986402547895,0.15080605132799865,124912;3566;4345;84868
GO:0061001,regulation of dendritic spine morphogenesis,21,4,0.0033333333333333335,8.99165061014772e-4,0.020602986402547895,0.15080605132799865,120892;158866;23237;51225
GO:0072593,reactive oxygen species metabolic process,21,4,0.0033333333333333335,8.99165061014772e-4,0.020602986402547895,0.15080605132799865,23530;50507;57580;664
GO:0002684,positive regulation of immune system process,12,3,0.0025,5.138086062941554e-4,0.021001253807753154,0.15080605132799865,360;7098;719
GO:0003272,endocardial cushion formation,12,3,0.0025,5.138086062941554e-4,0.021001253807753154,0.15080605132799865,187;655;9241
GO:0003382,epithelial cell morphogenesis,12,3,0.0025,5.138086062941554e-4,0.021001253807753154,0.15080605132799865,5314;57111;79977
GO:0006309,apoptotic DNA fragmentation,12,3,0.0025,5.138086062941554e-4,0.021001253807753154,0.15080605132799865,1776;27443;58511
GO:0008299,isoprenoid biosynthetic process,12,3,0.0025,5.138086062941554e-4,0.021001253807753154,0.15080605132799865,3156;3158;3422
GO:0015732,prostaglandin transport,12,3,0.0025,5.138086062941554e-4,0.021001253807753154,0.15080605132799865,10864;9356;9376
GO:0032732,positive regulation of interleukin-1 production,12,3,0.0025,5.138086062941554e-4,0.021001253807753154,0.15080605132799865,5004;6288;84868
GO:0050920,regulation of chemotaxis,12,3,0.0025,5.138086062941554e-4,0.021001253807753154,0.15080605132799865,55558;64805;727
GO:0055062,phosphate ion homeostasis,12,3,0.0025,5.138086062941554e-4,0.021001253807753154,0.15080605132799865,134288;5169;6569
GO:0061036,positive regulation of cartilage development,12,3,0.0025,5.138086062941554e-4,0.021001253807753154,0.15080605132799865,4192;55553;649
GO:0071493,cellular response to UV-B,12,3,0.0025,5.138086062941554e-4,0.021001253807753154,0.15080605132799865,22861;3373;4311
GO:0086064,cell communication by electrical coupling involved in cardiac conduction,12,3,0.0025,5.138086062941554e-4,0.021001253807753154,0.15080605132799865,476;481;6546
GO:0160257,"complement activation, GZMK pathway",12,3,0.0025,5.138086062941554e-4,0.021001253807753154,0.15080605132799865,717;720;727
GO:0071277,cellular response to calcium ion,67,8,0.006666666666666667,0.002868764718475701,0.02109580689113979,0.15092808900793392,1393;1906;22871;3706;3745;3756;6857;9362
GO:0006979,response to oxidative stress,149,14,0.011666666666666667,0.006379790194819096,0.021451478399344453,0.15291053833378868,10636;120892;135112;210;2878;3162;3934;4482;4521;54363;5743;7349;847;9124
GO:0032496,response to lipopolysaccharide,107,11,0.009166666666666667,0.004581460072789553,0.021634960336332252,0.15321763020991028,1051;1594;1906;210;2796;3248;3934;6278;6556;6590;7412
GO:0034220,monoatomic ion transmembrane transport,379,29,0.024166666666666666,0.016227788482123744,0.021652028935110652,0.15321763020991028,114780;117144;1184;1187;118980;126755;219527;23416;2564;266675;2893;3745;3756;3772;3773;3783;492;5026;53405;54207;57582;6326;6328;6329;7439;785;80036;81033;94097
GO:0042127,regulation of cell population proliferation,135,13,0.010833333333333334,0.005780346820809248,0.021763867476376708,0.15345103662691692,199731;2305;2321;2525;3728;3756;388610;53832;53833;553;7020;7022;83879
GO:0033209,tumor necrosis factor-mediated signaling pathway,55,7,0.005833333333333334,0.002354956112181546,0.021914299526241115,0.1539538876464448,3611;60401;79092;83483;8718;8784;9447
GO:0015711,organic anion transport,32,5,0.004166666666666667,0.0013701562834510812,0.022520440861325337,0.15584010244726645,10864;116085;159963;9356;9376
GO:0030316,osteoclast differentiation,32,5,0.004166666666666667,0.0013701562834510812,0.022520440861325337,0.15584010244726645,1435;22904;53832;53833;7018
GO:0045429,positive regulation of nitric oxide biosynthetic process,32,5,0.004166666666666667,0.0013701562834510812,0.022520440861325337,0.15584010244726645,1906;3643;5743;64902;948
GO:0070269,pyroptotic inflammatory response,32,5,0.004166666666666667,0.0013701562834510812,0.022520440861325337,0.15584010244726645,22861;55876;81030;837;9447
GO:0071222,cellular response to lipopolysaccharide,150,14,0.011666666666666667,0.006422607578676943,0.022583200868514463,0.15584010244726645,10318;1051;10865;1524;22904;3158;3934;4345;56477;567;57048;6374;84868;8809
GO:0034446,substrate adhesion-dependent cell spreading,44,6,0.005,0.0018839648897452366,0.024155515566497407,0.1643255119928449,126147;3611;59277;7010;79778;9928
GO:0000079,regulation of cyclin-dependent protein serine/threonine kinase activity,22,4,0.0033333333333333335,9.419824448726183e-4,0.024182584815092334,0.1643255119928449,1033;641;9134;995
GO:0006911,"phagocytosis, engulfment",22,4,0.0033333333333333335,9.419824448726183e-4,0.024182584815092334,0.1643255119928449,23616;26762;948;9844
GO:0045744,negative regulation of G protein-coupled receptor signaling pathway,22,4,0.0033333333333333335,9.419824448726183e-4,0.024182584815092334,0.1643255119928449,10636;26575;8490;8601
GO:0006813,potassium ion transport,137,13,0.010833333333333334,0.005865981588524941,0.02423505752412461,0.1643255119928449,23416;3745;3756;3772;3773;3783;476;481;53827;54207;57582;7881;81033
GO:0007416,synapse assembly,69,8,0.006666666666666667,0.002954399486191394,0.02474474799948386,0.1649567021741952,10718;22871;23767;43;54413;55558;9806;999
GO:0033574,response to testosterone,33,5,0.004166666666666667,0.0014129736673089274,0.02545258753983651,0.1649567021741952,10481;1906;2796;3158;3207
GO:0070059,intrinsic apoptotic signaling pathway in response to endoplasmic reticulum stress,33,5,0.004166666666666667,0.0014129736673089274,0.02545258753983651,0.1649567021741952,1051;57761;79094;837;8795
GO:0009653,anatomical structure morphogenesis,138,13,0.010833333333333334,0.005908798972382788,0.025545667632951147,0.1649567021741952,10643;10644;120892;2138;2140;3171;3207;3215;3611;5080;51804;5307;960
GO:0061844,antimicrobial humoral immune response mediated by antimicrobial peptide,110,11,0.009166666666666667,0.004709912224363092,0.02595418195050956,0.1649567021741952,283;2919;2920;56477;567;57817;6278;6356;6367;6374;7432
GO:0045785,positive regulation of cell adhesion,57,7,0.005833333333333334,0.0024405908798972383,0.026158122968631712,0.1649567021741952,101;3373;4192;54566;6288;7010;8784
GO:0001867,"complement activation, lectin pathway",13,3,0.0025,5.566259901520017e-4,0.026277789143885157,0.1649567021741952,717;720;727
GO:0002281,macrophage activation involved in immune response,13,3,0.0025,5.566259901520017e-4,0.026277789143885157,0.1649567021741952,22904;8291;84868
GO:0010745,negative regulation of macrophage derived foam cell differentiation,13,3,0.0025,5.566259901520017e-4,0.026277789143885157,0.1649567021741952,1071;5465;9619
GO:0010765,positive regulation of sodium ion transport,13,3,0.0025,5.566259901520017e-4,0.026277789143885157,0.1649567021741952,288;5652;6330
GO:0030325,adrenal gland development,13,3,0.0025,5.566259901520017e-4,0.026277789143885157,0.1649567021741952,3643;4192;64220
GO:0032964,collagen biosynthetic process,13,3,0.0025,5.566259901520017e-4,0.026277789143885157,0.1649567021741952,1277;1289;57333
GO:0033189,response to vitamin A,13,3,0.0025,5.566259901520017e-4,0.026277789143885157,0.1649567021741952,1592;6569;847
GO:0033700,phospholipid efflux,13,3,0.0025,5.566259901520017e-4,0.026277789143885157,0.1649567021741952,26154;83985;9619
GO:0034116,positive regulation of heterotypic cell-cell adhesion,13,3,0.0025,5.566259901520017e-4,0.026277789143885157,0.1649567021741952,177;655;960
GO:0045321,leukocyte activation,13,3,0.0025,5.566259901520017e-4,0.026277789143885157,0.1649567021741952,1906;57580;962
GO:0055119,relaxation of cardiac muscle,13,3,0.0025,5.566259901520017e-4,0.026277789143885157,0.1649567021741952,476;481;6546
GO:0060416,response to growth hormone,13,3,0.0025,5.566259901520017e-4,0.026277789143885157,0.1649567021741952,2155;3158;6569
GO:0071880,adenylate cyclase-activating adrenergic receptor signaling pathway,13,3,0.0025,5.566259901520017e-4,0.026277789143885157,0.1649567021741952,1113;146;153
GO:0099054,presynapse assembly,13,3,0.0025,5.566259901520017e-4,0.026277789143885157,0.1649567021741952,22871;54413;8321
GO:1903589,positive regulation of blood vessel endothelial cell proliferation involved in sprouting angiogenesis,13,3,0.0025,5.566259901520017e-4,0.026277789143885157,0.1649567021741952,187;3162;9982
GO:1990961,xenobiotic detoxification by transmembrane export across the plasma membrane,13,3,0.0025,5.566259901520017e-4,0.026277789143885157,0.1649567021741952,10928;5243;9619
GO:2001028,positive regulation of endothelial cell chemotaxis,13,3,0.0025,5.566259901520017e-4,0.026277789143885157,0.1649567021741952,3791;5587;9037
GO:0030036,actin cytoskeleton organization,213,18,0.015,0.009120102761721259,0.026716134948682312,0.16716912736378065,1730;221981;23092;2919;342527;51225;51332;6712;752;79778;83660;83872;88;9124;9260;9639;9744;9844
GO:0007264,small GTPase-mediated signal transduction,125,12,0.01,0.005352172982230786,0.02736307512417823,0.17012314438227102,10451;10633;10928;121268;148252;1795;25780;51195;54769;5900;81704;8412
GO:0008202,steroid metabolic process,125,12,0.01,0.005352172982230786,0.02736307512417823,0.17012314438227102,1071;1576;1595;1645;2222;2230;3156;3158;3422;3931;6820;8856
GO:0006796,phosphate-containing compound metabolic process,23,4,0.0033333333333333335,9.847998287304646e-4,0.028114929430437044,0.17044128558140337,10050;10246;5169;7957
GO:0016125,sterol metabolic process,23,4,0.0033333333333333335,9.847998287304646e-4,0.028114929430437044,0.17044128558140337,1582;1595;3988;54578
GO:0045840,positive regulation of mitotic nuclear division,23,4,0.0033333333333333335,9.847998287304646e-4,0.028114929430437044,0.17044128558140337,1906;3643;51203;7039
GO:0051049,regulation of transport,23,4,0.0033333333333333335,9.847998287304646e-4,0.028114929430437044,0.17044128558140337,1012;3783;8877;999
GO:0060612,adipose tissue development,23,4,0.0033333333333333335,9.847998287304646e-4,0.028114929430437044,0.17044128558140337,10891;2981;3158;38
GO:0061952,midbody abscission,23,4,0.0033333333333333335,9.847998287304646e-4,0.028114929430437044,0.17044128558140337,10112;29082;55165;9212
GO:0089718,amino acid import across plasma membrane,23,4,0.0033333333333333335,9.847998287304646e-4,0.028114929430437044,0.17044128558140337,23657;340024;56301;92745
GO:0090200,positive regulation of release of cytochrome c from mitochondria,23,4,0.0033333333333333335,9.847998287304646e-4,0.028114929430437044,0.17044128558140337,5329;637;638;664
GO:0006633,fatty acid biosynthetic process,84,9,0.0075,0.003596660244059088,0.02829195122324715,0.17098179217527626,119548;3995;47;54898;55301;5743;5825;6296;79966
GO:0001755,neural crest cell migration,34,5,0.004166666666666667,0.0014557910511667736,0.0286182046060501,0.17241803765750308,54437;56920;57556;8829;9037
GO:0071346,cellular response to type II interferon,46,6,0.005,0.0019695996574609293,0.029416827561617703,0.17668255072502484,115361;1906;3113;361;4345;815
GO:0034599,cellular response to oxidative stress,99,10,0.008333333333333333,0.004238921001926782,0.030854077144049957,0.17813770651827027,10891;120892;2878;387082;4482;5587;57465;5831;83959;948
GO:0045471,response to ethanol,113,11,0.009166666666666667,0.00483836437593663,0.03086502816084032,0.17813770651827027,18;210;222236;3158;3248;5465;595;6531;6999;7412;847
GO:0012501,programmed cell death,35,5,0.004166666666666667,0.00149860843502462,0.03202206531676776,0.17813770651827027,1776;22861;55876;81030;837
GO:0002026,regulation of the force of heart contraction,14,3,0.0025,5.99443374009848e-4,0.03219391137085935,0.17813770651827027,1113;4634;6546
GO:0002476,antigen processing and presentation of endogenous peptide antigen via MHC class Ib,14,3,0.0025,5.99443374009848e-4,0.03219391137085935,0.17813770651827027,3133;563;80328
GO:0002486,"antigen processing and presentation of endogenous peptide antigen via MHC class I via ER pathway, TAP-independent",14,3,0.0025,5.99443374009848e-4,0.03219391137085935,0.17813770651827027,3133;563;80328
GO:0006636,unsaturated fatty acid biosynthetic process,14,3,0.0025,5.99443374009848e-4,0.03219391137085935,0.17813770651827027,3995;54898;79966
GO:0007019,microtubule depolymerization,14,3,0.0025,5.99443374009848e-4,0.03219391137085935,0.17813770651827027,11004;146909;81930
GO:0007250,activation of NF-kappaB-inducing kinase activity,14,3,0.0025,5.99443374009848e-4,0.03219391137085935,0.17813770651827027,7098;79092;8795
GO:0009247,glycolipid biosynthetic process,14,3,0.0025,5.99443374009848e-4,0.03219391137085935,0.17813770651827027,26301;7368;9514
GO:0019725,cellular homeostasis,14,3,0.0025,5.99443374009848e-4,0.03219391137085935,0.17813770651827027,116085;26154;729230
GO:0030162,regulation of proteolysis,14,3,0.0025,5.99443374009848e-4,0.03219391137085935,0.17813770651827027,120892;22836;5329
GO:0032725,positive regulation of granulocyte macrophage colony-stimulating factor production,14,3,0.0025,5.99443374009848e-4,0.03219391137085935,0.17813770651827027,11027;5047;64170
GO:0033540,fatty acid beta-oxidation using acyl-CoA oxidase,14,3,0.0025,5.99443374009848e-4,0.03219391137085935,0.17813770651827027,11001;30;54677
GO:0034383,low-density lipoprotein particle clearance,14,3,0.0025,5.99443374009848e-4,0.03219391137085935,0.17813770651827027,3162;3988;948
GO:0043068,positive regulation of programmed cell death,14,3,0.0025,5.99443374009848e-4,0.03219391137085935,0.17813770651827027,120892;4914;664
GO:0045820,negative regulation of glycolytic process,14,3,0.0025,5.99443374009848e-4,0.03219391137085935,0.17813770651827027,2203;5207;5465
GO:0046655,folic acid metabolic process,14,3,0.0025,5.99443374009848e-4,0.03219391137085935,0.17813770651827027,10797;160428;6470
GO:0048844,artery morphogenesis,14,3,0.0025,5.99443374009848e-4,0.03219391137085935,0.17813770651827027,27329;64220;8829
GO:0050873,brown fat cell differentiation,14,3,0.0025,5.99443374009848e-4,0.03219391137085935,0.17813770651827027,1051;10891;5743
GO:0055013,cardiac muscle cell development,14,3,0.0025,5.99443374009848e-4,0.03219391137085935,0.17813770651827027,6546;7273;88
GO:0055093,response to hyperoxia,14,3,0.0025,5.99443374009848e-4,0.03219391137085935,0.17813770651827027,1277;664;847
GO:0141163,positive regulation of cAMP/PKA signal transduction,14,3,0.0025,5.99443374009848e-4,0.03219391137085935,0.17813770651827027,7273;7349;7432
GO:0160049,negative regulation of cGAS/STING signaling pathway,14,3,0.0025,5.99443374009848e-4,0.03219391137085935,0.17813770651827027,10924;5169;9212
GO:0006790,sulfur compound metabolic process,24,4,0.0033333333333333335,0.0010276172125883109,0.03240531762973673,0.17813770651827027,27233;4166;6820;83539
GO:0007035,vacuolar acidification,24,4,0.0033333333333333335,0.0010276172125883109,0.03240531762973673,0.17813770651827027,10312;523;525;6556
GO:0015908,fatty acid transport,24,4,0.0033333333333333335,0.0010276172125883109,0.03240531762973673,0.17813770651827027,2171;29015;5948;948
GO:0031100,animal organ regeneration,24,4,0.0033333333333333335,0.0010276172125883109,0.03240531762973673,0.17813770651827027,2155;595;7049;890
GO:0046835,carbohydrate phosphorylation,24,4,0.0033333333333333335,0.0010276172125883109,0.03240531762973673,0.17813770651827027,3101;5207;7957;9942
GO:0051968,"positive regulation of synaptic transmission, glutamatergic",24,4,0.0033333333333333335,0.0010276172125883109,0.03240531762973673,0.17813770651827027,22871;4914;54413;729230
GO:0042981,regulation of apoptotic process,218,18,0.015,0.00933418968101049,0.032607034047638955,0.17874165706114198,166824;2113;22861;3718;3956;57048;637;638;64170;79092;81669;837;84707;8718;8795;88;89885;960
GO:0071260,cellular response to mechanical stimulus,73,8,0.006666666666666667,0.003125669021622779,0.03332073472537311,0.18214087015611258,1277;2805;5175;664;7010;7098;8740;8795
GO:0006520,amino acid metabolic process,36,5,0.004166666666666667,0.0015414258188824663,0.03566820131779422,0.19388357476097082,1644;2805;5184;670;95
GO:2000300,regulation of synaptic vesicle exocytosis,36,5,0.004166666666666667,0.0015414258188824663,0.03566820131779422,0.19388357476097082,120892;5028;6857;785;9498
GO:0006874,intracellular calcium ion homeostasis,88,9,0.0075,0.003767929779490473,0.03671298122052886,0.19900685642102828,1003;1906;481;5314;6356;6546;729230;9104;9914
GO:0001678,intracellular glucose homeostasis,25,4,0.0033333333333333335,0.001070434596446157,0.03705726410396779,0.19976021037762137,10891;2646;3101;3171
GO:0032740,positive regulation of interleukin-17 production,25,4,0.0033333333333333335,0.001070434596446157,0.03705726410396779,0.19976021037762137,10865;5008;64170;8877
GO:0007010,cytoskeleton organization,146,13,0.010833333333333334,0.006251338043245558,0.037967465541163176,0.20212361349291358,27443;288;393;3983;4192;56924;57556;6356;64780;6494;7368;752;8506
GO:0002931,response to ischemia,49,6,0.005,0.002098051809034468,0.03862980326441887,0.20212361349291358,1435;1524;4602;80315;815;8864
GO:0001944,vasculature development,15,3,0.0025,6.422607578676942e-4,0.0387420903560415,0.20212361349291358,187;201294;3791
GO:0003281,ventricular septum development,15,3,0.0025,6.422607578676942e-4,0.0387420903560415,0.20212361349291358,199699;64220;9782
GO:0019395,fatty acid oxidation,15,3,0.0025,6.422607578676942e-4,0.0387420903560415,0.20212361349291358,10891;51179;54363
GO:0023051,regulation of signaling,15,3,0.0025,6.422607578676942e-4,0.0387420903560415,0.20212361349291358,2796;4008;5008
GO:0030595,leukocyte chemotaxis,15,3,0.0025,6.422607578676942e-4,0.0387420903560415,0.20212361349291358,1524;51192;727
GO:0036197,zymosterol biosynthetic process,15,3,0.0025,6.422607578676942e-4,0.0387420903560415,0.20212361349291358,2222;3156;3422
GO:0043114,regulation of vascular permeability,15,3,0.0025,6.422607578676942e-4,0.0387420903560415,0.20212361349291358,1003;7010;83483
GO:0046486,glycerolipid metabolic process,15,3,0.0025,6.422607578676942e-4,0.0387420903560415,0.20212361349291358,1606;1607;9514
GO:0050982,detection of mechanical stimulus,15,3,0.0025,6.422607578676942e-4,0.0387420903560415,0.20212361349291358,114780;3728;5175
GO:1900029,positive regulation of ruffle assembly,15,3,0.0025,6.422607578676942e-4,0.0387420903560415,0.20212361349291358,22871;23242;64805
GO:0030183,B cell differentiation,62,7,0.005833333333333334,0.00265467779918647,0.03912823551084372,0.20359236979706383,2146;2323;23397;343;3589;3718;7412
GO:0001523,retinoid metabolic process,37,5,0.004166666666666667,0.0015842432027403125,0.03955989916064966,0.20420043439422877,145226;1645;24;55937;5948
GO:0032526,response to retinoic acid,37,5,0.004166666666666667,0.0015842432027403125,0.03955989916064966,0.20420043439422877,1512;1592;3485;360;4232
GO:0051017,actin filament bundle assembly,37,5,0.004166666666666667,0.0015842432027403125,0.03955989916064966,0.20420043439422877,11170;1809;3611;64780;83543
GO:0050727,regulation of inflammatory response,90,9,0.0075,0.0038535645472061657,0.04150609448363011,0.2136795234527624,177;204801;22861;22904;5743;64922;729230;81030;837
GO:0006699,bile acid biosynthetic process,26,4,0.0033333333333333335,0.0011132519803040033,0.04207256742297914,0.2143277911128728,11001;114880;1582;5825
GO:0042908,xenobiotic transport,26,4,0.0033333333333333335,0.0011132519803040033,0.04207256742297914,0.2143277911128728,29015;8856;9356;9376
GO:0048010,vascular endothelial growth factor receptor signaling pathway,26,4,0.0033333333333333335,0.0011132519803040033,0.04207256742297914,0.2143277911128728,2321;3791;5587;8829
GO:0048545,response to steroid hormone,26,4,0.0033333333333333335,0.0011132519803040033,0.04207256742297914,0.2143277911128728,1277;3485;595;8313
GO:0007519,skeletal muscle tissue development,38,5,0.004166666666666667,0.0016270605865981588,0.0436997016295022,0.22030989474355256,4634;51804;58529;6495;79784
GO:0014823,response to activity,38,5,0.004166666666666667,0.0016270605865981588,0.0436997016295022,0.22030989474355256,1906;210;3033;847;9365
GO:0032465,regulation of cytokinesis,38,5,0.004166666666666667,0.0016270605865981588,0.0436997016295022,0.22030989474355256,10112;5347;90293;9055;9212
GO:0060291,long-term synaptic potentiation,38,5,0.004166666666666667,0.0016270605865981588,0.0436997016295022,0.22030989474355256,10636;23237;4355;815;9241
GO:0006887,exocytosis,120,11,0.009166666666666667,0.005138086062941554,0.044824546643632945,0.22539681593930158,10815;201294;3745;376267;57111;5865;7127;84958;9001;9066;93664
GO:0030155,regulation of cell adhesion,51,6,0.005,0.0021836865767501604,0.04568675499531591,0.2261803303239628,177;4008;5314;5328;5329;9928
GO:0001574,ganglioside biosynthetic process,16,3,0.0025,6.850781417255406e-4,0.045910190379221644,0.2261803303239628,256435;2583;7903
GO:0010288,response to lead ion,16,3,0.0025,6.850781417255406e-4,0.045910190379221644,0.2261803303239628,210;6569;847
GO:0032482,Rab protein signal transduction,16,3,0.0025,6.850781417255406e-4,0.045910190379221644,0.2261803303239628,376267;79778;9363
GO:0042832,defense response to protozoan,16,3,0.0025,6.850781417255406e-4,0.045910190379221644,0.2261803303239628,115361;283234;6556
GO:0043029,T cell homeostasis,16,3,0.0025,6.850781417255406e-4,0.045910190379221644,0.2261803303239628,3718;8740;9447
GO:0060037,pharyngeal system development,16,3,0.0025,6.850781417255406e-4,0.045910190379221644,0.2261803303239628,51804;6495;655
GO:0060627,regulation of vesicle-mediated transport,16,3,0.0025,6.850781417255406e-4,0.045910190379221644,0.2261803303239628,120892;57111;8829
GO:0006302,double-strand break repair,78,8,0.006666666666666667,0.0033397559409120104,0.04662012095626488,0.22852079441030596,10721;11200;146956;2138;2140;5347;9319;9985
GO:0031146,SCF-dependent proteasomal ubiquitin-dependent protein catabolic process,78,8,0.006666666666666667,0.0033397559409120104,0.04662012095626488,0.22852079441030596,146330;150726;23014;26233;286151;4008;899;9928
GO:0003333,amino acid transmembrane transport,27,4,0.0033333333333333335,0.0011560693641618498,0.04745138575759837,0.23142956562477804,10991;11136;23657;57709
GO:0051491,positive regulation of filopodium assembly,27,4,0.0033333333333333335,0.0011560693641618498,0.04745138575759837,0.23142956562477804,1809;22871;53904;8829
GO:0021766,hippocampus development,39,5,0.004166666666666667,0.0016698779704560052,0.04808941348856777,0.23337156770262563,2044;2146;4192;55558;9928
GO:0030501,positive regulation of bone mineralization,39,5,0.004166666666666667,0.0016698779704560052,0.04808941348856777,0.23337156770262563,6546;655;7020;9365;9636
GO:0001558,regulation of cell growth,65,7,0.005833333333333334,0.0027831299507600086,0.04862995498715666,0.2354076925497683,10071;10718;11170;2053;6098;634;9928
GO:0002682,regulation of immune system process,52,6,0.005,0.0022265039606080067,0.04949622895854146,0.2390066043506741,27033;5004;5325;634;727;9636
GO:0006821,chloride transport,79,8,0.006666666666666667,0.0033825733247698567,0.04964208416687535,0.23911756383351346,1184;1187;2564;266675;5026;53405;56923;7439
GO:0032760,positive regulation of tumor necrosis factor production,108,10,0.008333333333333333,0.004624277456647399,0.05112759209961309,0.2456649240144372,10865;11027;120892;177;3133;5004;7098;7291;729230;84868
GO:0010212,response to ionizing radiation,40,5,0.004166666666666667,0.0017126953543138515,0.05273011126243389,0.24932092210182044,1196;210;2138;2140;7412
GO:0006883,intracellular sodium ion homeostasis,28,4,0.0033333333333333335,0.001198886748019696,0.053192319755562815,0.24932092210182044,476;481;53827;6546
GO:0008610,lipid biosynthetic process,28,4,0.0033333333333333335,0.001198886748019696,0.053192319755562815,0.24932092210182044,1594;2222;47;55301
GO:0016239,positive regulation of macroautophagy,28,4,0.0033333333333333335,0.001198886748019696,0.053192319755562815,0.24932092210182044,3791;60592;664;7957
GO:0006066,alcohol metabolic process,17,3,0.0025,7.278955255833868e-4,0.05368215126447213,0.24932092210182044,1594;1645;222
GO:0006103,2-oxoglutarate metabolic process,17,3,0.0025,7.278955255833868e-4,0.05368215126447213,0.24932092210182044,2805;5264;55753
GO:0006820,monoatomic anion transport,17,3,0.0025,7.278955255833868e-4,0.05368215126447213,0.24932092210182044,57835;83959;9498
GO:0007215,glutamate receptor signaling pathway,17,3,0.0025,7.278955255833868e-4,0.05368215126447213,0.24932092210182044,2893;2912;3745
GO:0010248,establishment or maintenance of transmembrane electrochemical gradient,17,3,0.0025,7.278955255833868e-4,0.05368215126447213,0.24932092210182044,476;481;53827
GO:0015909,long-chain fatty acid transport,17,3,0.0025,7.278955255833868e-4,0.05368215126447213,0.24932092210182044,11001;2171;948
GO:0017158,regulation of calcium ion-dependent exocytosis,17,3,0.0025,7.278955255833868e-4,0.05368215126447213,0.24932092210182044,6857;84258;9066
GO:0036465,synaptic vesicle recycling,17,3,0.0025,7.278955255833868e-4,0.05368215126447213,0.24932092210182044,6857;9066;9829
GO:0045717,negative regulation of fatty acid biosynthetic process,17,3,0.0025,7.278955255833868e-4,0.05368215126447213,0.24932092210182044,51129;57761;634
GO:0090190,positive regulation of branching involved in ureteric bud morphogenesis,17,3,0.0025,7.278955255833868e-4,0.05368215126447213,0.24932092210182044,51804;6495;9241
GO:0000165,MAPK cascade,109,10,0.008333333333333333,0.004667094840505245,0.05382223768759185,0.24937636795250895,120892;1852;1906;1956;23162;25780;389840;4293;7098;83483
GO:0007015,actin filament organization,139,12,0.01,0.005951616356240634,0.05455037202287669,0.2515521894704219,23616;29109;29114;4645;4646;51466;57471;57619;6356;79585;84952;9844
GO:0071805,potassium ion transmembrane transport,139,12,0.01,0.005951616356240634,0.05455037202287669,0.2515521894704219,126755;219527;23416;3745;3756;3773;3783;476;54207;57582;7881;81033
GO:0006879,intracellular iron ion homeostasis,67,7,0.005833333333333334,0.002868764718475701,0.05571190147792366,0.25509496535538695,3162;523;567;57817;6556;7018;7036
GO:0042110,T cell activation,67,7,0.005833333333333334,0.002868764718475701,0.05571190147792366,0.25509496535538695,100;23303;27040;5175;84941;8740;960
GO:0070098,chemokine-mediated signaling pathway,67,7,0.005833333333333334,0.002868764718475701,0.05571190147792366,0.25509496535538695,1235;1524;2826;2829;6356;6367;729230
GO:0048513,animal organ development,81,8,0.006666666666666667,0.003468208092485549,0.056059105070051206,0.25608220297258133,10718;120892;1277;3643;7477;80144;84695;9573
GO:0007162,negative regulation of cell adhesion,41,5,0.004166666666666667,0.0017555127381716977,0.057622156667534105,0.2622739287086961,1012;4192;5420;6494;9037
GO:0042102,positive regulation of T cell proliferation,54,6,0.005,0.0023121387283236996,0.05768409120622915,0.2622739287086961,2494;283234;3113;3115;7412;84868
GO:0001657,ureteric bud development,29,4,0.0033333333333333335,0.0012417041318775422,0.05929250081382264,0.2670907559807844,255743;6495;655;847
GO:0045740,positive regulation of DNA replication,29,4,0.0033333333333333335,0.0012417041318775422,0.05929250081382264,0.2670907559807844,1956;5753;7349;79915
GO:0051966,"regulation of synaptic transmission, glutamatergic",29,4,0.0033333333333333335,0.0012417041318775422,0.05929250081382264,0.2670907559807844,120892;2912;6857;7349
GO:0071385,cellular response to glucocorticoid stimulus,29,4,0.0033333333333333335,0.0012417041318775422,0.05929250081382264,0.2670907559807844,11170;1906;3158;54578
GO:0001659,temperature homeostasis,18,3,0.0025,7.707129094412332e-4,0.062038602149511346,0.2738700041896582,10874;10891;222236
GO:0007342,fusion of sperm to egg plasma membrane involved in single fertilization,18,3,0.0025,7.707129094412332e-4,0.062038602149511346,0.2738700041896582,124912;284359;5104
GO:0010996,response to auditory stimulus,18,3,0.0025,7.707129094412332e-4,0.062038602149511346,0.2738700041896582,4192;54532;7349
GO:0022407,regulation of cell-cell adhesion,18,3,0.0025,7.707129094412332e-4,0.062038602149511346,0.2738700041896582,101;5314;5420
GO:0038084,vascular endothelial growth factor signaling pathway,18,3,0.0025,7.707129094412332e-4,0.062038602149511346,0.2738700041896582,2321;3791;8829
GO:0042730,fibrinolysis,18,3,0.0025,7.707129094412332e-4,0.062038602149511346,0.2738700041896582,5328;5340;5627
GO:0061621,canonical glycolysis,18,3,0.0025,7.707129094412332e-4,0.062038602149511346,0.2738700041896582,2026;3101;5214
GO:2000179,positive regulation of neural precursor cell proliferation,18,3,0.0025,7.707129094412332e-4,0.062038602149511346,0.2738700041896582,4192;5629;9355
GO:0071333,cellular response to glucose stimulus,55,6,0.005,0.002354956112181546,0.06206406569765635,0.2738700041896582,1277;177;3745;5105;5106;5176
GO:0006091,generation of precursor metabolites and energy,42,5,0.004166666666666667,0.001798330122029544,0.06276521332173308,0.2757135555848591,2235;2642;291;54677;9942
GO:1904646,cellular response to amyloid-beta,42,5,0.004166666666666667,0.001798330122029544,0.06276521332173308,0.2757135555848591,177;3934;7412;837;948
GO:0001819,positive regulation of cytokine production,69,7,0.005833333333333334,0.002954399486191394,0.06340255092869755,0.2778859551964987,11148;177;283234;6288;64170;6556;84868
GO:0008285,negative regulation of cell population proliferation,336,24,0.02,0.014386640976236351,0.06547266021460844,0.2830641405375825,1012;1033;10397;10669;149428;1594;2113;26038;2919;3664;4345;4914;5008;50507;51083;5629;563;655;6820;7020;7832;785;8313;9982
GO:0030198,extracellular matrix organization,113,10,0.008333333333333333,0.00483836437593663,0.06552989535063793,0.2830641405375825,1287;1295;1298;131873;140766;255743;4146;54507;91522;9806
GO:0001916,positive regulation of T cell mediated cytotoxicity,30,4,0.0033333333333333335,0.0012845215157353885,0.06574768320811268,0.2830641405375825,3122;3133;563;80328
GO:0030001,metal ion transport,30,4,0.0033333333333333335,0.0012845215157353885,0.06574768320811268,0.2830641405375825,3772;481;6556;84102
GO:0051402,neuron apoptotic process,30,4,0.0033333333333333335,0.0012845215157353885,0.06574768320811268,0.2830641405375825,22861;6326;637;664
GO:0060412,ventricular septum morphogenesis,30,4,0.0033333333333333335,0.0012845215157353885,0.06574768320811268,0.2830641405375825,187;5629;7049;9241
GO:0070371,ERK1 and ERK2 cascade,30,4,0.0033333333333333335,0.0012845215157353885,0.06574768320811268,0.2830641405375825,1512;1852;1906;6356
GO:2000352,negative regulation of endothelial cell apoptotic process,30,4,0.0033333333333333335,0.0012845215157353885,0.06574768320811268,0.2830641405375825,1003;3791;7010;9037
GO:0007266,Rho protein signal transduction,56,6,0.005,0.002397773496039392,0.06663514242376094,0.28562111708510746,1012;120892;393;4646;50650;9138
GO:0070301,cellular response to hydrogen peroxide,56,6,0.005,0.002397773496039392,0.06663514242376094,0.28562111708510746,1906;3934;4602;55139;664;80310
GO:1902600,proton transmembrane transport,175,14,0.011666666666666667,0.0074930421751231,0.06741644656824039,0.2873343638731212,10312;23530;23657;245973;291;4719;476;481;523;525;53827;6556;6572;83959
GO:0022008,neurogenesis,70,7,0.005833333333333334,0.00299721687004924,0.06747780282118007,0.2873343638731212,126147;2256;2494;284403;6495;79094;9001
GO:0032436,positive regulation of proteasomal ubiquitin-dependent protein catabolic process,70,7,0.005833333333333334,0.00299721687004924,0.06747780282118007,0.2873343638731212,120892;1454;5347;57761;57817;7018;8313
GO:1902533,positive regulation of intracellular signal transduction,43,5,0.004166666666666667,0.0018411475058873904,0.0681582663701317,0.2895982234853194,1003;22871;5175;7010;7450
GO:0050728,negative regulation of inflammatory response,114,10,0.008333333333333333,0.0048811817597944765,0.06869239647289938,0.291231815983142,1003;2494;3588;5169;5465;6288;7010;7130;8740;8809
GO:0009311,oligosaccharide metabolic process,19,3,0.0025,8.135302932990794e-4,0.07095741349711865,0.29504941595169426,2525;256435;7903
GO:0019432,triglyceride biosynthetic process,19,3,0.0025,8.135302932990794e-4,0.07095741349711865,0.29504941595169426,150763;2710;9663
GO:0030073,insulin secretion,19,3,0.0025,8.135302932990794e-4,0.07095741349711865,0.29504941595169426,10815;51083;5798
GO:0031589,cell-substrate adhesion,19,3,0.0025,8.135302932990794e-4,0.07095741349711865,0.29504941595169426,2196;7010;7450
GO:0033490,cholesterol biosynthetic process via lathosterol,19,3,0.0025,8.135302932990794e-4,0.07095741349711865,0.29504941595169426,2222;3156;3422
GO:0035902,response to immobilization stress,19,3,0.0025,8.135302932990794e-4,0.07095741349711865,0.29504941595169426,2805;51083;7368
GO:0042554,superoxide anion generation,19,3,0.0025,8.135302932990794e-4,0.07095741349711865,0.29504941595169426,1906;4689;50507
GO:0043651,linoleic acid metabolic process,19,3,0.0025,8.135302932990794e-4,0.07095741349711865,0.29504941595169426,1573;1579;54898
GO:0046470,phosphatidylcholine metabolic process,19,3,0.0025,8.135302932990794e-4,0.07095741349711865,0.29504941595169426,1071;3931;5444
GO:0001817,regulation of cytokine production,57,6,0.005,0.0024405908798972383,0.07139714471259971,0.2957755569611096,10643;10644;11148;27033;5325;64922
GO:0019221,cytokine-mediated signaling pathway,130,11,0.009166666666666667,0.005566259901520017,0.07143602865967189,0.2957755569611096,11025;1524;23547;3566;3588;3718;53832;53833;60401;729230;960
GO:0006099,tricarboxylic acid cycle,31,4,0.0033333333333333335,0.001327338899593235,0.07255233873762289,0.2972354761756087,23530;55753;8801;8803
GO:0006688,glycosphingolipid biosynthetic process,31,4,0.0033333333333333335,0.001327338899593235,0.07255233873762289,0.2972354761756087,2524;2528;7368;9514
GO:0030833,regulation of actin filament polymerization,31,4,0.0033333333333333335,0.001327338899593235,0.07255233873762289,0.2972354761756087,26999;57580;64857;89848
GO:0042531,positive regulation of tyrosine phosphorylation of STAT protein,31,4,0.0033333333333333335,0.001327338899593235,0.07255233873762289,0.2972354761756087,3566;3588;5008;8784
GO:0046034,ATP metabolic process,31,4,0.0033333333333333335,0.001327338899593235,0.07255233873762289,0.2972354761756087,481;5169;523;525
GO:0051781,positive regulation of cell division,44,5,0.004166666666666667,0.0018839648897452366,0.07379964467828999,0.30171031206712673,4192;5008;7039;80310;847
GO:0030512,negative regulation of transforming growth factor beta receptor signaling pathway,86,8,0.006666666666666667,0.0036822950117747807,0.07431833604667638,0.302559585662829,10252;124857;135228;199699;5465;64081;7049;8483
GO:0032755,positive regulation of interleukin-6 production,86,8,0.006666666666666667,0.0036822950117747807,0.07431833604667638,0.302559585662829,10865;11027;177;400709;64170;7098;7291;7349
GO:0060070,canonical Wnt signaling pathway,72,7,0.005833333333333334,0.0030828516377649326,0.0760893635964489,0.3091229677634438,120892;1454;1906;3728;7477;8313;8321
GO:0007420,brain development,163,13,0.010833333333333334,0.0069792335688289445,0.07738106155486668,0.31371572038702195,127343;1524;2016;2334;5080;55553;5629;56917;57453;7546;79977;9001;9447
GO:0007254,JNK cascade,45,5,0.004166666666666667,0.0019267822736030828,0.07968704525868331,0.3148612045578003,120892;1852;389840;7098;7786
GO:0071345,cellular response to cytokine stimulus,45,5,0.004166666666666667,0.0019267822736030828,0.07968704525868331,0.3148612045578003,1524;1809;4311;729230;9447
GO:0006654,phosphatidic acid biosynthetic process,32,4,0.0033333333333333335,0.0013701562834510812,0.07969975271995101,0.3148612045578003,149998;150763;1606;1607
GO:0071392,cellular response to estradiol stimulus,32,4,0.0033333333333333335,0.0013701562834510812,0.07969975271995101,0.3148612045578003,1393;1956;81930;890
GO:0099171,presynaptic modulation of chemical synaptic transmission,32,4,0.0033333333333333335,0.0013701562834510812,0.07969975271995101,0.3148612045578003,136;2912;321;9241
GO:0007062,sister chromatid cohesion,20,3,0.0025,8.563476771569257e-4,0.080414192530949,0.3148612045578003,1663;5347;9985
GO:0009395,phospholipid catabolic process,20,3,0.0025,8.563476771569257e-4,0.080414192530949,0.3148612045578003,222236;27329;5168
GO:0010759,positive regulation of macrophage chemotaxis,20,3,0.0025,8.563476771569257e-4,0.080414192530949,0.3148612045578003,1435;4192;719
GO:0032736,positive regulation of interleukin-13 production,20,3,0.0025,8.563476771569257e-4,0.080414192530949,0.3148612045578003,3133;53832;53833
GO:0033044,regulation of chromosome organization,20,3,0.0025,8.563476771569257e-4,0.080414192530949,0.3148612045578003,10783;125476;83444
GO:0033138,positive regulation of peptidyl-serine phosphorylation,20,3,0.0025,8.563476771569257e-4,0.080414192530949,0.3148612045578003,1956;3589;5008
GO:0033489,cholesterol biosynthetic process via desmosterol,20,3,0.0025,8.563476771569257e-4,0.080414192530949,0.3148612045578003,2222;3156;3422
GO:0045216,cell-cell junction organization,20,3,0.0025,8.563476771569257e-4,0.080414192530949,0.3148612045578003,100506658;5314;91862
GO:0045664,regulation of neuron differentiation,20,3,0.0025,8.563476771569257e-4,0.080414192530949,0.3148612045578003,22871;284403;6495
GO:0048704,embryonic skeletal system morphogenesis,20,3,0.0025,8.563476771569257e-4,0.080414192530949,0.3148612045578003,3219;57453;6495
GO:0051445,regulation of meiotic cell cycle,20,3,0.0025,8.563476771569257e-4,0.080414192530949,0.3148612045578003,124817;259266;991
GO:1902004,positive regulation of amyloid-beta formation,20,3,0.0025,8.563476771569257e-4,0.080414192530949,0.3148612045578003,114134;1454;9619
GO:0048731,system development,73,7,0.005833333333333334,0.003125669021622779,0.08062543029489644,0.31505439227684434,1277;3643;6493;7477;80144;91851;960
GO:0042552,myelination,46,5,0.004166666666666667,0.0019695996574609293,0.085817559611984,0.3203730173397779,6326;7851;8506;8537;9514
GO:0032731,positive regulation of interleukin-1 beta production,60,6,0.005,0.002569043031470777,0.08682131039800152,0.3203730173397779,11027;177;22861;5004;9447;948
GO:0015721,bile acid and bile salt transport,33,4,0.0033333333333333335,0.0014129736673089274,0.08718212033100128,0.3203730173397779,1645;5825;634;80736
GO:0051240,positive regulation of multicellular organismal process,33,4,0.0033333333333333335,0.0014129736673089274,0.08718212033100128,0.3203730173397779,51129;655;7010;9636
GO:1990090,cellular response to nerve growth factor stimulus,33,4,0.0033333333333333335,0.0014129736673089274,0.08718212033100128,0.3203730173397779,1454;286151;3934;4914
GO:0002544,chronic inflammatory response,10,2,0.0016666666666666668,4.2817383857846286e-4,0.0902584478782441,0.3203730173397779,6356;7412
GO:0003183,mitral valve morphogenesis,10,2,0.0016666666666666668,4.2817383857846286e-4,0.0902584478782441,0.3203730173397779,7291;8313
GO:0006784,heme A biosynthetic process,10,2,0.0016666666666666668,4.2817383857846286e-4,0.0902584478782441,0.3203730173397779,210;2235
GO:0006817,phosphate ion transport,10,2,0.0016666666666666668,4.2817383857846286e-4,0.0902584478782441,0.3203730173397779,6568;6569
GO:0007096,regulation of exit from mitosis,10,2,0.0016666666666666668,4.2817383857846286e-4,0.0902584478782441,0.3203730173397779,54443;9735
GO:0007194,negative regulation of adenylate cyclase activity,10,2,0.0016666666666666668,4.2817383857846286e-4,0.0902584478782441,0.3203730173397779,2912;729230
GO:0010887,negative regulation of cholesterol storage,10,2,0.0016666666666666668,4.2817383857846286e-4,0.0902584478782441,0.3203730173397779,5465;9619
GO:0015937,coenzyme A biosynthetic process,10,2,0.0016666666666666668,4.2817383857846286e-4,0.0902584478782441,0.3203730173397779,38;53354
GO:0019372,lipoxygenase pathway,10,2,0.0016666666666666668,4.2817383857846286e-4,0.0902584478782441,0.3203730173397779,3248;5743
GO:0021542,dentate gyrus development,10,2,0.0016666666666666668,4.2817383857846286e-4,0.0902584478782441,0.3203730173397779,4192;5629
GO:0030878,thyroid gland development,10,2,0.0016666666666666668,4.2817383857846286e-4,0.0902584478782441,0.3203730173397779,1906;6495
GO:0032000,positive regulation of fatty acid beta-oxidation,10,2,0.0016666666666666668,4.2817383857846286e-4,0.0902584478782441,0.3203730173397779,5465;7291
GO:0032026,response to magnesium ion,10,2,0.0016666666666666668,4.2817383857846286e-4,0.0902584478782441,0.3203730173397779,595;6569
GO:0032099,negative regulation of appetite,10,2,0.0016666666666666668,4.2817383857846286e-4,0.0902584478782441,0.3203730173397779,5465;7349
GO:0032819,positive regulation of natural killer cell proliferation,10,2,0.0016666666666666668,4.2817383857846286e-4,0.0902584478782441,0.3203730173397779,2323;3133
GO:0034355,NAD+ biosynthetic process via the salvage pathway,10,2,0.0016666666666666668,4.2817383857846286e-4,0.0902584478782441,0.3203730173397779,55191;9390
GO:0035425,autocrine signaling,10,2,0.0016666666666666668,4.2817383857846286e-4,0.0902584478782441,0.3203730173397779,1524;8321
GO:0035456,response to interferon-beta,10,2,0.0016666666666666668,4.2817383857846286e-4,0.0902584478782441,0.3203730173397779,3455;54739
GO:0035694,mitochondrial protein catabolic process,10,2,0.0016666666666666668,4.2817383857846286e-4,0.0902584478782441,0.3203730173397779,132671;664
GO:0036109,alpha-linolenic acid metabolic process,10,2,0.0016666666666666668,4.2817383857846286e-4,0.0902584478782441,0.3203730173397779,30;54898
GO:0042117,monocyte activation,10,2,0.0016666666666666668,4.2817383857846286e-4,0.0902584478782441,0.3203730173397779,124912;1435
GO:0042403,thyroid hormone metabolic process,10,2,0.0016666666666666668,4.2817383857846286e-4,0.0902584478782441,0.3203730173397779,1428;389434
GO:0044539,long-chain fatty acid import into cell,10,2,0.0016666666666666668,4.2817383857846286e-4,0.0902584478782441,0.3203730173397779,11001;948
GO:0044598,doxorubicin metabolic process,10,2,0.0016666666666666668,4.2817383857846286e-4,0.0902584478782441,0.3203730173397779,1645;27233
GO:0046653,tetrahydrofolate metabolic process,10,2,0.0016666666666666668,4.2817383857846286e-4,0.0902584478782441,0.3203730173397779,10797;6470
GO:0046685,response to arsenic-containing substance,10,2,0.0016666666666666668,4.2817383857846286e-4,0.0902584478782441,0.3203730173397779,210;5176
GO:0048149,behavioral response to ethanol,10,2,0.0016666666666666668,4.2817383857846286e-4,0.0902584478782441,0.3203730173397779,1393;51083
GO:0050863,regulation of T cell activation,10,2,0.0016666666666666668,4.2817383857846286e-4,0.0902584478782441,0.3203730173397779,11148;27040
GO:0051923,sulfation,10,2,0.0016666666666666668,4.2817383857846286e-4,0.0902584478782441,0.3203730173397779,27233;6820
GO:0070723,response to cholesterol,10,2,0.0016666666666666668,4.2817383857846286e-4,0.0902584478782441,0.3203730173397779,1582;2155
GO:0090331,negative regulation of platelet aggregation,10,2,0.0016666666666666668,4.2817383857846286e-4,0.0902584478782441,0.3203730173397779,114897;634
GO:0097186,amelogenesis,10,2,0.0016666666666666668,4.2817383857846286e-4,0.0902584478782441,0.3203730173397779,10117;84957
GO:0140507,granzyme-mediated programmed cell death signaling pathway,10,2,0.0016666666666666668,4.2817383857846286e-4,0.0902584478782441,0.3203730173397779,55876;664
GO:1900451,positive regulation of glutamate receptor signaling pathway,10,2,0.0016666666666666668,4.2817383857846286e-4,0.0902584478782441,0.3203730173397779,54413;729230
GO:1903278,positive regulation of sodium ion export across plasma membrane,10,2,0.0016666666666666668,4.2817383857846286e-4,0.0902584478782441,0.3203730173397779,481;53827
GO:1905039,carboxylic acid transmembrane transport,10,2,0.0016666666666666668,4.2817383857846286e-4,0.0902584478782441,0.3203730173397779,220963;5243
GO:1990542,mitochondrial transmembrane transport,10,2,0.0016666666666666668,4.2817383857846286e-4,0.0902584478782441,0.3203730173397779,118980;94097
GO:2000318,positive regulation of T-helper 17 type immune response,10,2,0.0016666666666666668,4.2817383857846286e-4,0.0902584478782441,0.3203730173397779,10865;64170
GO:0048168,regulation of neuronal synaptic plasticity,21,3,0.0025,8.99165061014772e-4,0.09038272688568247,0.3203730173397779,23237;815;9241
GO:0048705,skeletal system morphogenesis,21,3,0.0025,8.99165061014772e-4,0.09038272688568247,0.3203730173397779,1289;1301;50509
GO:0071398,cellular response to fatty acid,21,3,0.0025,8.99165061014772e-4,0.09038272688568247,0.3203730173397779,1906;2867;3158
GO:0090026,positive regulation of monocyte chemotaxis,21,3,0.0025,8.99165061014772e-4,0.09038272688568247,0.3203730173397779,1524;6278;729230
GO:0090141,positive regulation of mitochondrial fission,21,3,0.0025,8.99165061014772e-4,0.09038272688568247,0.3203730173397779,10928;3791;664
GO:0097435,supramolecular fiber organization,21,3,0.0025,8.99165061014772e-4,0.09038272688568247,0.3203730173397779,1289;637;88
GO:1901135,carbohydrate derivative metabolic process,21,3,0.0025,8.99165061014772e-4,0.09038272688568247,0.3203730173397779,2583;2646;3101
GO:2000147,positive regulation of cell motility,21,3,0.0025,8.99165061014772e-4,0.09038272688568247,0.3203730173397779,405753;7291;9806
GO:0048661,positive regulation of smooth muscle cell proliferation,47,5,0.004166666666666667,0.0020124170413187755,0.09218770168137581,0.32558487744456865,1012;1906;3162;4602;80310
GO:1990573,potassium ion import across plasma membrane,47,5,0.004166666666666667,0.0020124170413187755,0.09218770168137581,0.32558487744456865,3772;3773;476;481;53827
GO:0048146,positive regulation of fibroblast proliferation,34,4,0.0033333333333333335,0.0014557910511667736,0.0949906424276615,0.333667491271172,1956;80310;8877;890
GO:0070328,triglyceride homeostasis,34,4,0.0033333333333333335,0.0014557910511667736,0.0949906424276615,0.333667491271172,1071;2646;27329;51129
GO:2000134,negative regulation of G1/S transition of mitotic cell cycle,34,4,0.0033333333333333335,0.0014557910511667736,0.0949906424276615,0.333667491271172,11170;144455;2273;785
GO:0042391,regulation of membrane potential,62,6,0.005,0.00265467779918647,0.09803882654313652,0.3431357232694293,120892;23416;3756;6330;88;9498
GO:0048812,neuron projection morphogenesis,62,6,0.005,0.00265467779918647,0.09803882654313652,0.3431357232694293,120892;22871;655;7368;7477;8506
GO:0072659,protein localization to plasma membrane,138,11,0.009166666666666667,0.005908798972382788,0.09876230785164815,0.3431357232694293,1804;256764;26154;288;3728;3745;405753;481;5028;88;999
GO:0030514,negative regulation of BMP signaling pathway,48,5,0.004166666666666667,0.0020552344251766217,0.09879343713529874,0.3431357232694293,199699;7130;91851;9241;9573
GO:0097009,energy homeostasis,48,5,0.004166666666666667,0.0020552344251766217,0.09879343713529874,0.3431357232694293,10874;10891;2981;7291;948
GO:0001658,branching involved in ureteric bud morphogenesis,22,3,0.0025,9.419824448726183e-4,0.10083538089682834,0.3431357232694293,255743;3207;6495
GO:0002767,immune response-inhibiting cell surface receptor signaling pathway,22,3,0.0025,9.419824448726183e-4,0.10083538089682834,0.3431357232694293,11025;11027;23547
GO:0030007,intracellular potassium ion homeostasis,22,3,0.0025,9.419824448726183e-4,0.10083538089682834,0.3431357232694293,476;481;53827
GO:0030301,cholesterol transport,22,3,0.0025,9.419824448726183e-4,0.10083538089682834,0.3431357232694293,1071;3931;948
GO:0042104,positive regulation of activated T cell proliferation,22,3,0.0025,9.419824448726183e-4,0.10083538089682834,0.3431357232694293,11148;177;3485
GO:0043406,positive regulation of MAP kinase activity,22,3,0.0025,9.419824448726183e-4,0.10083538089682834,0.3431357232694293,146850;2146;2321
GO:0045776,negative regulation of blood pressure,22,3,0.0025,9.419824448726183e-4,0.10083538089682834,0.3431357232694293,18;5465;7349
GO:0048706,embryonic skeletal system development,22,3,0.0025,9.419824448726183e-4,0.10083538089682834,0.3431357232694293,1277;1750;9241
GO:0050832,defense response to fungus,22,3,0.0025,9.419824448726183e-4,0.10083538089682834,0.3431357232694293,1113;57817;81030
GO:1903861,positive regulation of dendrite extension,22,3,0.0025,9.419824448726183e-4,0.10083538089682834,0.3431357232694293,6857;84258;9362
GO:0034504,protein localization to nucleus,35,4,0.0033333333333333335,0.00149860843502462,0.10311562011938973,0.3431357232694293,1277;2646;51804;6495
GO:0001878,response to yeast,11,2,0.0016666666666666668,4.7099122243630915e-4,0.10667888621685752,0.3431357232694293,283;7432
GO:0006071,glycerol metabolic process,11,2,0.0016666666666666668,4.7099122243630915e-4,0.10667888621685752,0.3431357232694293,2710;27329
GO:0007597,"blood coagulation, intrinsic pathway",11,2,0.0016666666666666668,4.7099122243630915e-4,0.10667888621685752,0.3431357232694293,2155;2157
GO:0010165,response to X-ray,11,2,0.0016666666666666668,4.7099122243630915e-4,0.10667888621685752,0.3431357232694293,595;641
GO:0010955,negative regulation of protein processing,11,2,0.0016666666666666668,4.7099122243630915e-4,0.10667888621685752,0.3431357232694293,120892;79094
GO:0016051,carbohydrate biosynthetic process,11,2,0.0016666666666666668,4.7099122243630915e-4,0.10667888621685752,0.3431357232694293,166012;83539
GO:0019732,antifungal humoral response,11,2,0.0016666666666666668,4.7099122243630915e-4,0.10667888621685752,0.3431357232694293,283;7432
GO:0022011,myelination in peripheral nervous system,11,2,0.0016666666666666668,4.7099122243630915e-4,0.10667888621685752,0.3431357232694293,8506;9639
GO:0030948,negative regulation of vascular endothelial growth factor receptor signaling pathway,11,2,0.0016666666666666668,4.7099122243630915e-4,0.10667888621685752,0.3431357232694293,10016;199731
GO:0031639,plasminogen activation,11,2,0.0016666666666666668,4.7099122243630915e-4,0.10667888621685752,0.3431357232694293,5328;5329
GO:0032230,"positive regulation of synaptic transmission, GABAergic",11,2,0.0016666666666666668,4.7099122243630915e-4,0.10667888621685752,0.3431357232694293,22871;9001
GO:0032489,regulation of Cdc42 protein signal transduction,11,2,0.0016666666666666668,4.7099122243630915e-4,0.10667888621685752,0.3431357232694293,10928;8829
GO:0032649,regulation of type II interferon production,11,2,0.0016666666666666668,4.7099122243630915e-4,0.10667888621685752,0.3431357232694293,8740;9636
GO:0033539,fatty acid beta-oxidation using acyl-CoA dehydrogenase,11,2,0.0016666666666666668,4.7099122243630915e-4,0.10667888621685752,0.3431357232694293,34;84129
GO:0033572,transferrin transport,11,2,0.0016666666666666668,4.7099122243630915e-4,0.10667888621685752,0.3431357232694293,567;7036
GO:0034501,protein localization to kinetochore,11,2,0.0016666666666666668,4.7099122243630915e-4,0.10667888621685752,0.3431357232694293,7272;9212
GO:0038092,nodal signaling pathway,11,2,0.0016666666666666668,4.7099122243630915e-4,0.10667888621685752,0.3431357232694293,199699;9241
GO:0042058,regulation of epidermal growth factor receptor signaling pathway,11,2,0.0016666666666666668,4.7099122243630915e-4,0.10667888621685752,0.3431357232694293,1012;634
GO:0042098,T cell proliferation,11,2,0.0016666666666666668,4.7099122243630915e-4,0.10667888621685752,0.3431357232694293,55716;8740
GO:0042276,error-prone translesion synthesis,11,2,0.0016666666666666668,4.7099122243630915e-4,0.10667888621685752,0.3431357232694293,10721;5427
GO:0042446,hormone biosynthetic process,11,2,0.0016666666666666668,4.7099122243630915e-4,0.10667888621685752,0.3431357232694293,2230;83539
GO:0045616,regulation of keratinocyte differentiation,11,2,0.0016666666666666668,4.7099122243630915e-4,0.10667888621685752,0.3431357232694293,26154;360
GO:0050905,neuromuscular process,11,2,0.0016666666666666668,4.7099122243630915e-4,0.10667888621685752,0.3431357232694293,64220;8506
GO:0051984,positive regulation of chromosome segregation,11,2,0.0016666666666666668,4.7099122243630915e-4,0.10667888621685752,0.3431357232694293,23397;64151
GO:0055078,sodium ion homeostasis,11,2,0.0016666666666666668,4.7099122243630915e-4,0.10667888621685752,0.3431357232694293,1579;476
GO:0060322,head development,11,2,0.0016666666666666668,4.7099122243630915e-4,0.10667888621685752,0.3431357232694293,23767;64220
GO:0061351,neural precursor cell proliferation,11,2,0.0016666666666666668,4.7099122243630915e-4,0.10667888621685752,0.3431357232694293,388610;9833
GO:0070293,renal absorption,11,2,0.0016666666666666668,4.7099122243630915e-4,0.10667888621685752,0.3431357232694293,1187;26249
GO:0070934,CRD-mediated mRNA stabilization,11,2,0.0016666666666666668,4.7099122243630915e-4,0.10667888621685752,0.3431357232694293,10643;10644
GO:0071492,cellular response to UV-A,11,2,0.0016666666666666668,4.7099122243630915e-4,0.10667888621685752,0.3431357232694293,4311;7076
GO:0072488,ammonium transmembrane transport,11,2,0.0016666666666666668,4.7099122243630915e-4,0.10667888621685752,0.3431357232694293,343;51458
GO:0140105,interleukin-10-mediated signaling pathway,11,2,0.0016666666666666668,4.7099122243630915e-4,0.10667888621685752,0.3431357232694293,11027;3588
GO:1904888,cranial skeletal system development,11,2,0.0016666666666666668,4.7099122243630915e-4,0.10667888621685752,0.3431357232694293,55165;9241
GO:1904996,positive regulation of leukocyte adhesion to vascular endothelial cell,11,2,0.0016666666666666668,4.7099122243630915e-4,0.10667888621685752,0.3431357232694293,2113;4192
GO:2000009,negative regulation of protein localization to cell surface,11,2,0.0016666666666666668,4.7099122243630915e-4,0.10667888621685752,0.3431357232694293,257364;88
GO:0002218,activation of innate immune response,36,4,0.0033333333333333335,0.0015414258188824663,0.1115465474695891,0.3537331357193261,22861;81030;9447;9782
GO:0030100,regulation of endocytosis,36,4,0.0033333333333333335,0.0015414258188824663,0.1115465474695891,0.3537331357193261,1012;6857;8877;9066
GO:0006672,ceramide metabolic process,23,3,0.0025,9.847998287304646e-4,0.11174344861678703,0.3537331357193261,2525;2528;26154
GO:0007586,digestion,23,3,0.0025,9.847998287304646e-4,0.11174344861678703,0.3537331357193261,10891;1610;1645
GO:0017157,regulation of exocytosis,23,3,0.0025,9.847998287304646e-4,0.11174344861678703,0.3537331357193261,10815;6857;9001
GO:0042573,retinoic acid metabolic process,23,3,0.0025,9.847998287304646e-4,0.11174344861678703,0.3537331357193261,130;1576;1592
GO:0045671,negative regulation of osteoclast differentiation,23,3,0.0025,9.847998287304646e-4,0.11174344861678703,0.3537331357193261,11025;7098;7130
GO:0046676,negative regulation of insulin secretion,23,3,0.0025,9.847998287304646e-4,0.11174344861678703,0.3537331357193261,1113;3033;3745
GO:0051247,positive regulation of protein metabolic process,23,3,0.0025,9.847998287304646e-4,0.11174344861678703,0.3537331357193261,120892;1435;29128
GO:0006281,DNA repair,427,28,0.023333333333333334,0.018283022907300363,0.11179130445394941,0.3537331357193261,10635;10721;11200;125476;1454;146956;1663;177;2138;2140;2175;2189;2305;25788;29128;29935;4521;5427;54821;55247;56154;6241;641;7832;80119;83444;9232;9557
GO:0036297,interstrand cross-link repair,37,4,0.0033333333333333335,0.0015842432027403125,0.12027220181006665,0.3689783263577766,10635;2175;2189;55247
GO:0043542,endothelial cell migration,37,4,0.0033333333333333335,0.0015842432027403125,0.12027220181006665,0.3689783263577766,1012;11156;6278;8829
GO:0045600,positive regulation of fat cell differentiation,37,4,0.0033333333333333335,0.0015842432027403125,0.12027220181006665,0.3689783263577766,1040;1051;8313;9573
GO:0007517,muscle organ development,96,8,0.006666666666666667,0.0041104688503532435,0.12039218505380868,0.3689783263577766,1063;1293;140578;2121;2273;55553;7291;9099
GO:0016485,protein processing,96,8,0.006666666666666667,0.0041104688503532435,0.12039218505380868,0.3689783263577766,2155;4311;5046;5652;64063;649;7092;8728
GO:0007265,Ras protein signal transduction,66,6,0.005,0.002825947334617855,0.12263730297877243,0.3689783263577766,25780;27040;5900;6016;79930;890
GO:0001580,detection of chemical stimulus involved in sensory perception of bitter taste,24,3,0.0025,0.0010276172125883109,0.12307746732922273,0.3689783263577766,1469;5330;563
GO:0002042,cell migration involved in sprouting angiogenesis,24,3,0.0025,0.0010276172125883109,0.12307746732922273,0.3689783263577766,1003;161198;8829
GO:0007528,neuromuscular junction development,24,3,0.0025,0.0010276172125883109,0.12307746732922273,0.3689783263577766,120892;23024;288
GO:0009312,oligosaccharide biosynthetic process,24,3,0.0025,0.0010276172125883109,0.12307746732922273,0.3689783263577766,2524;2525;2528
GO:0010043,response to zinc ion,24,3,0.0025,0.0010276172125883109,0.12307746732922273,0.3689783263577766,210;5026;7412
GO:0048240,sperm capacitation,24,3,0.0025,0.0010276172125883109,0.12307746732922273,0.3689783263577766,117144;26256;84217
GO:0090023,positive regulation of neutrophil chemotaxis,24,3,0.0025,0.0010276172125883109,0.12307746732922273,0.3689783263577766,1906;4192;719
GO:0002357,defense response to tumor cell,12,2,0.0016666666666666668,5.138086062941554e-4,0.12381441269867838,0.3689783263577766,51225;8795
GO:0002523,leukocyte migration involved in inflammatory response,12,2,0.0016666666666666668,5.138086062941554e-4,0.12381441269867838,0.3689783263577766,101;1235
GO:0002690,positive regulation of leukocyte chemotaxis,12,2,0.0016666666666666668,5.138086062941554e-4,0.12381441269867838,0.3689783263577766,2155;4192
GO:0010820,positive regulation of T cell chemotaxis,12,2,0.0016666666666666668,5.138086062941554e-4,0.12381441269867838,0.3689783263577766,6278;729230
GO:0010882,regulation of cardiac muscle contraction by calcium ion signaling,12,2,0.0016666666666666668,5.138086062941554e-4,0.12381441269867838,0.3689783263577766,481;6546
GO:0014033,neural crest cell differentiation,12,2,0.0016666666666666668,5.138086062941554e-4,0.12381441269867838,0.3689783263577766,1906;6495
GO:0022408,negative regulation of cell-cell adhesion,12,2,0.0016666666666666668,5.138086062941554e-4,0.12381441269867838,0.3689783263577766,5420;999
GO:0032147,activation of protein kinase activity,12,2,0.0016666666666666668,5.138086062941554e-4,0.12381441269867838,0.3689783263577766,22974;9928
GO:0032781,positive regulation of ATP-dependent activity,12,2,0.0016666666666666668,5.138086062941554e-4,0.12381441269867838,0.3689783263577766,7139;9104
GO:0033619,membrane protein proteolysis,12,2,0.0016666666666666668,5.138086062941554e-4,0.12381441269867838,0.3689783263577766,1512;9476
GO:0035994,response to muscle stretch,12,2,0.0016666666666666668,5.138086062941554e-4,0.12381441269867838,0.3689783263577766,1906;6546
GO:0042756,drinking behavior,12,2,0.0016666666666666668,5.138086062941554e-4,0.12381441269867838,0.3689783263577766,51083;7349
GO:0044849,estrous cycle,12,2,0.0016666666666666668,5.138086062941554e-4,0.12381441269867838,0.3689783263577766,2796;4192
GO:0046902,regulation of mitochondrial membrane permeability,12,2,0.0016666666666666668,5.138086062941554e-4,0.12381441269867838,0.3689783263577766,291;664
GO:0050795,regulation of behavior,12,2,0.0016666666666666668,5.138086062941554e-4,0.12381441269867838,0.3689783263577766,4192;9447
GO:0051918,negative regulation of fibrinolysis,12,2,0.0016666666666666668,5.138086062941554e-4,0.12381441269867838,0.3689783263577766,5328;5340
GO:0061045,negative regulation of wound healing,12,2,0.0016666666666666668,5.138086062941554e-4,0.12381441269867838,0.3689783263577766,135228;55966
GO:0061760,antifungal innate immune response,12,2,0.0016666666666666668,5.138086062941554e-4,0.12381441269867838,0.3689783263577766,1524;64170
GO:0070327,thyroid hormone transport,12,2,0.0016666666666666668,5.138086062941554e-4,0.12381441269867838,0.3689783263577766,10050;1428
GO:0086012,membrane depolarization during cardiac muscle cell action potential,12,2,0.0016666666666666668,5.138086062941554e-4,0.12381441269867838,0.3689783263577766,6330;6546
GO:0098885,modification of postsynaptic actin cytoskeleton,12,2,0.0016666666666666668,5.138086062941554e-4,0.12381441269867838,0.3689783263577766,3706;51225
GO:0099173,postsynapse organization,12,2,0.0016666666666666668,5.138086062941554e-4,0.12381441269867838,0.3689783263577766,6712;8829
GO:1900272,negative regulation of long-term synaptic potentiation,12,2,0.0016666666666666668,5.138086062941554e-4,0.12381441269867838,0.3689783263577766,11170;177
GO:1900747,negative regulation of vascular endothelial growth factor signaling pathway,12,2,0.0016666666666666668,5.138086062941554e-4,0.12381441269867838,0.3689783263577766,199731;57556
GO:2000573,positive regulation of DNA biosynthetic process,12,2,0.0016666666666666668,5.138086062941554e-4,0.12381441269867838,0.3689783263577766,50507;890
GO:0050776,regulation of immune response,38,4,0.0033333333333333335,0.0016270605865981588,0.12928073124307432,0.3835065594497296,4345;64170;722;79092
GO:1900026,positive regulation of substrate adhesion-dependent cell spreading,38,4,0.0033333333333333335,0.0016270605865981588,0.12928073124307432,0.3835065594497296,201294;3611;4192;8829
GO:1901796,regulation of signal transduction by p53 class mediator,38,4,0.0033333333333333335,0.0016270605865981588,0.12928073124307432,0.3835065594497296,11200;4839;9099;9212
GO:0006952,defense response,114,9,0.0075,0.0048811817597944765,0.13226394176222186,0.3896083138875101,10318;11025;11027;2919;2920;3783;50507;6374;962
GO:0006260,DNA replication,130,10,0.008333333333333333,0.005566259901520017,0.13228360176831486,0.3896083138875101,10535;10721;11232;1663;177;29935;5427;63922;641;6470
GO:0071356,cellular response to tumor necrosis factor,83,7,0.005833333333333334,0.0035538428602012416,0.13420826197742616,0.3896083138875101,1277;1393;1906;255743;3373;3934;7412
GO:0001541,ovarian follicle development,25,3,0.0025,0.001070434596446157,0.1348074950417576,0.3896083138875101,1051;268;283
GO:0030032,lamellipodium assembly,25,3,0.0025,0.001070434596446157,0.1348074950417576,0.3896083138875101,1012;3983;64805
GO:0035458,cellular response to interferon-beta,25,3,0.0025,0.001070434596446157,0.1348074950417576,0.3896083138875101,3455;815;9447
GO:0045921,positive regulation of exocytosis,25,3,0.0025,0.001070434596446157,0.1348074950417576,0.3896083138875101,201294;23086;93664
GO:0051894,positive regulation of focal adhesion assembly,25,3,0.0025,0.001070434596446157,0.1348074950417576,0.3896083138875101,3791;7010;8829
GO:0060392,negative regulation of SMAD protein signal transduction,25,3,0.0025,0.001070434596446157,0.1348074950417576,0.3896083138875101,7049;8483;9241
GO:0008217,regulation of blood pressure,68,6,0.005,0.0029115821023335473,0.1359691020515317,0.3896083138875101,1113;1906;2642;553;5743;6296
GO:0042752,regulation of circadian rhythm,68,6,0.005,0.0029115821023335473,0.1359691020515317,0.3896083138875101,10891;1454;2146;5465;5629;8864
GO:0008543,fibroblast growth factor receptor signaling pathway,39,4,0.0033333333333333335,0.0016698779704560052,0.13855973898644638,0.3896083138875101,23767;23769;9241;9365
GO:0009888,tissue development,39,4,0.0033333333333333335,0.0016698779704560052,0.13855973898644638,0.3896083138875101,2494;59277;7477;84695
GO:0045814,"negative regulation of gene expression, epigenetic",39,4,0.0033333333333333335,0.0016698779704560052,0.13855973898644638,0.3896083138875101,2146;29947;7022;9355
GO:0050767,regulation of neurogenesis,39,4,0.0033333333333333335,0.0016698779704560052,0.13855973898644638,0.3896083138875101,1524;4232;84667;8864
GO:1900087,positive regulation of G1/S transition of mitotic cell cycle,39,4,0.0033333333333333335,0.0016698779704560052,0.13855973898644638,0.3896083138875101,1956;595;6241;9134
GO:0007409,axonogenesis,84,7,0.005833333333333334,0.003596660244059088,0.14035160026742877,0.3896083138875101,1951;22854;288;57453;80128;84628;8506
GO:0001569,branching involved in blood vessel morphogenesis,13,2,0.0016666666666666668,5.566259901520017e-4,0.1415483442540954,0.3896083138875101,3791;8829
GO:0002003,angiotensin maturation,13,2,0.0016666666666666668,5.566259901520017e-4,0.1415483442540954,0.3896083138875101,1359;4311
GO:0002052,positive regulation of neuroblast proliferation,13,2,0.0016666666666666668,5.566259901520017e-4,0.1415483442540954,0.3896083138875101,1524;284403
GO:0006068,ethanol catabolic process,13,2,0.0016666666666666668,5.566259901520017e-4,0.1415483442540954,0.3896083138875101,222;27233
GO:0006111,regulation of gluconeogenesis,13,2,0.0016666666666666668,5.566259901520017e-4,0.1415483442540954,0.3896083138875101,2203;34
GO:0006536,glutamate metabolic process,13,2,0.0016666666666666668,5.566259901520017e-4,0.1415483442540954,0.3896083138875101,2805;7915
GO:0016024,CDP-diacylglycerol biosynthetic process,13,2,0.0016666666666666668,5.566259901520017e-4,0.1415483442540954,0.3896083138875101,1040;150763
GO:0035019,somatic stem cell population maintenance,13,2,0.0016666666666666668,5.566259901520017e-4,0.1415483442540954,0.3896083138875101,2494;9241
GO:0035162,embryonic hemopoiesis,13,2,0.0016666666666666668,5.566259901520017e-4,0.1415483442540954,0.3896083138875101,2323;3791
GO:0035313,"wound healing, spreading of epidermal cells",13,2,0.0016666666666666668,5.566259901520017e-4,0.1415483442540954,0.3896083138875101,1289;83478
GO:0038166,angiotensin-activated signaling pathway,13,2,0.0016666666666666668,5.566259901520017e-4,0.1415483442540954,0.3896083138875101,760;815
GO:0042755,eating behavior,13,2,0.0016666666666666668,5.566259901520017e-4,0.1415483442540954,0.3896083138875101,10874;5028
GO:0042987,amyloid precursor protein catabolic process,13,2,0.0016666666666666668,5.566259901520017e-4,0.1415483442540954,0.3896083138875101,8728;9619
GO:0043388,positive regulation of DNA binding,13,2,0.0016666666666666668,5.566259901520017e-4,0.1415483442540954,0.3896083138875101,387082;5329
GO:0045806,negative regulation of endocytosis,13,2,0.0016666666666666668,5.566259901520017e-4,0.1415483442540954,0.3896083138875101,257364;5587
GO:0046339,diacylglycerol metabolic process,13,2,0.0016666666666666668,5.566259901520017e-4,0.1415483442540954,0.3896083138875101,1606;1607
GO:0046425,regulation of receptor signaling pathway via JAK-STAT,13,2,0.0016666666666666668,5.566259901520017e-4,0.1415483442540954,0.3896083138875101,3455;3718
GO:0048699,generation of neurons,13,2,0.0016666666666666668,5.566259901520017e-4,0.1415483442540954,0.3896083138875101,51804;6495
GO:0050427,3'-phosphoadenosine 5'-phosphosulfate metabolic process,13,2,0.0016666666666666668,5.566259901520017e-4,0.1415483442540954,0.3896083138875101,27233;6820
GO:0051492,regulation of stress fiber assembly,13,2,0.0016666666666666668,5.566259901520017e-4,0.1415483442540954,0.3896083138875101,29109;55616
GO:0051639,actin filament network formation,13,2,0.0016666666666666668,5.566259901520017e-4,0.1415483442540954,0.3896083138875101,23242;3611
GO:0051642,centrosome localization,13,2,0.0016666666666666668,5.566259901520017e-4,0.1415483442540954,0.3896083138875101,23345;9787
GO:0060074,synapse maturation,13,2,0.0016666666666666668,5.566259901520017e-4,0.1415483442540954,0.3896083138875101,1524;91851
GO:0070294,renal sodium ion absorption,13,2,0.0016666666666666668,5.566259901520017e-4,0.1415483442540954,0.3896083138875101,1906;26249
GO:0070633,transepithelial transport,13,2,0.0016666666666666668,5.566259901520017e-4,0.1415483442540954,0.3896083138875101,5243;5587
GO:0071353,cellular response to interleukin-4,13,2,0.0016666666666666668,5.566259901520017e-4,0.1415483442540954,0.3896083138875101,53832;53833
GO:0090091,positive regulation of extracellular matrix disassembly,13,2,0.0016666666666666668,5.566259901520017e-4,0.1415483442540954,0.3896083138875101,5328;5329
GO:0090181,regulation of cholesterol metabolic process,13,2,0.0016666666666666668,5.566259901520017e-4,0.1415483442540954,0.3896083138875101,2053;9619
GO:0090399,replicative senescence,13,2,0.0016666666666666668,5.566259901520017e-4,0.1415483442540954,0.3896083138875101,11200;4311
GO:0099502,calcium-dependent activation of synaptic vesicle fusion,13,2,0.0016666666666666668,5.566259901520017e-4,0.1415483442540954,0.3896083138875101,6857;9066
GO:1903377,negative regulation of oxidative stress-induced neuron intrinsic apoptotic signaling pathway,13,2,0.0016666666666666668,5.566259901520017e-4,0.1415483442540954,0.3896083138875101,5831;8321
GO:1903428,positive regulation of reactive oxygen species biosynthetic process,13,2,0.0016666666666666668,5.566259901520017e-4,0.1415483442540954,0.3896083138875101,3934;948
GO:2000774,positive regulation of cellular senescence,13,2,0.0016666666666666668,5.566259901520017e-4,0.1415483442540954,0.3896083138875101,51225;567
GO:2001214,positive regulation of vasculogenesis,13,2,0.0016666666666666668,5.566259901520017e-4,0.1415483442540954,0.3896083138875101,3791;634
GO:0051726,regulation of cell cycle,232,16,0.013333333333333334,0.009933633055020338,0.14296589818995942,0.3921823023196417,1018;1033;10669;125476;2305;388610;5325;5347;55771;81669;83444;84707;8814;8864;899;8999
GO:0009612,response to mechanical stimulus,54,5,0.004166666666666667,0.0023121387283236996,0.14308809591312724,0.3921823023196417,1277;200539;3485;5028;7832
GO:0042572,retinol metabolic process,54,5,0.004166666666666667,0.0023121387283236996,0.14308809591312724,0.3921823023196417,1056;130;145226;1576;50700
GO:0010875,positive regulation of cholesterol efflux,26,3,0.0025,0.0011132519803040033,0.14690335516594613,0.4009452021780241,26154;5444;9619
GO:0031214,biomineral tissue development,26,3,0.0025,0.0011132519803040033,0.14690335516594613,0.4009452021780241,10117;256764;54959
GO:0042542,response to hydrogen peroxide,26,3,0.0025,0.0011132519803040033,0.14690335516594613,0.4009452021780241,1277;3162;847
GO:0030334,regulation of cell migration,101,8,0.006666666666666667,0.004324555769642475,0.14802051892377624,0.4019463387818924,2525;51225;5168;5175;55558;634;7010;9928
GO:0032870,cellular response to hormone stimulus,40,4,0.0033333333333333335,0.0017126953543138515,0.14809636428911452,0.4019463387818924,10886;3158;3485;553
GO:0045071,negative regulation of viral genome replication,40,4,0.0033333333333333335,0.0017126953543138515,0.14809636428911452,0.4019463387818924,10318;5629;6590;9636
GO:0060391,positive regulation of SMAD protein signal transduction,40,4,0.0033333333333333335,0.0017126953543138515,0.14809636428911452,0.4019463387818924,268;655;7049;7272
GO:0008544,epidermis development,70,6,0.005,0.00299721687004924,0.14994917709633931,0.4064082153613876,10481;2171;5948;60401;6278;79977
GO:0048167,regulation of synaptic plasticity,55,5,0.004166666666666667,0.002354956112181546,0.1511904989346744,0.4086343207317728,1524;177;6344;7439;91851
GO:1902895,positive regulation of miRNA transcription,55,5,0.004166666666666667,0.002354956112181546,0.1511904989346744,0.4086343207317728,1956;2113;4602;4613;5080
GO:0007005,mitochondrion organization,86,7,0.005833333333333334,0.0036822950117747807,0.15303555044701167,0.4109660817698774,10891;120892;1906;2189;55187;79784;8506
GO:0042593,glucose homeostasis,86,7,0.005833333333333334,0.0036822950117747807,0.15303555044701167,0.4109660817698774,2642;2867;2981;3643;3745;5080;5105
GO:0007612,learning,41,4,0.0033333333333333335,0.0017555127381716977,0.15787735970766384,0.4109660817698774,10636;3643;54413;64220
GO:0003007,heart morphogenesis,27,3,0.0025,0.0011560693641618498,0.15933485134198958,0.4109660817698774,3643;4607;7049
GO:0006693,prostaglandin metabolic process,27,3,0.0025,0.0011560693641618498,0.15933485134198958,0.4109660817698774,1645;3248;5743
GO:0045332,phospholipid translocation,27,3,0.0025,0.0011560693641618498,0.15933485134198958,0.4109660817698774,23250;24;5243
GO:0048468,cell development,27,3,0.0025,0.0011560693641618498,0.15933485134198958,0.4109660817698774,2146;23397;8313
GO:0048662,negative regulation of smooth muscle cell proliferation,27,3,0.0025,0.0011560693641618498,0.15933485134198958,0.4109660817698774,10891;283;3162
GO:0098719,sodium ion import across plasma membrane,27,3,0.0025,0.0011560693641618498,0.15933485134198958,0.4109660817698774,6523;6546;6569
GO:0006937,regulation of muscle contraction,14,2,0.0016666666666666668,5.99443374009848e-4,0.15977408306796798,0.4109660817698774,7138;7139
GO:0007413,axonal fasciculation,14,2,0.0016666666666666668,5.99443374009848e-4,0.15977408306796798,0.4109660817698774,2044;9037
GO:0008045,motor neuron axon guidance,14,2,0.0016666666666666668,5.99443374009848e-4,0.15977408306796798,0.4109660817698774,55558;8829
GO:0010633,negative regulation of epithelial cell migration,14,2,0.0016666666666666668,5.99443374009848e-4,0.15977408306796798,0.4109660817698774,51466;91862
GO:0014059,regulation of dopamine secretion,14,2,0.0016666666666666668,5.99443374009848e-4,0.15977408306796798,0.4109660817698774,2912;6857
GO:0017156,calcium-ion regulated exocytosis,14,2,0.0016666666666666668,5.99443374009848e-4,0.15977408306796798,0.4109660817698774,90139;9066
GO:0030049,muscle filament sliding,14,2,0.0016666666666666668,5.99443374009848e-4,0.15977408306796798,0.4109660817698774,7139;7273
GO:0030149,sphingolipid catabolic process,14,2,0.0016666666666666668,5.99443374009848e-4,0.15977408306796798,0.4109660817698774,222;5168
GO:0030239,myofibril assembly,14,2,0.0016666666666666668,5.99443374009848e-4,0.15977408306796798,0.4109660817698774,5239;58529
GO:0030850,prostate gland development,14,2,0.0016666666666666668,5.99443374009848e-4,0.15977408306796798,0.4109660817698774,10481;3207
GO:0030953,astral microtubule organization,14,2,0.0016666666666666668,5.99443374009848e-4,0.15977408306796798,0.4109660817698774,10460;5347
GO:0034138,toll-like receptor 3 signaling pathway,14,2,0.0016666666666666668,5.99443374009848e-4,0.15977408306796798,0.4109660817698774,7098;84868
GO:0034374,low-density lipoprotein particle remodeling,14,2,0.0016666666666666668,5.99443374009848e-4,0.15977408306796798,0.4109660817698774,1071;9619
GO:0042359,vitamin D metabolic process,14,2,0.0016666666666666668,5.99443374009848e-4,0.15977408306796798,0.4109660817698774,1576;1594
GO:0043518,"negative regulation of DNA damage response, signal transduction by p53 class mediator",14,2,0.0016666666666666668,5.99443374009848e-4,0.15977408306796798,0.4109660817698774,7291;960
GO:0044319,"wound healing, spreading of cells",14,2,0.0016666666666666668,5.99443374009848e-4,0.15977408306796798,0.4109660817698774,634;960
GO:0046039,GTP metabolic process,14,2,0.0016666666666666668,5.99443374009848e-4,0.15977408306796798,0.4109660817698774,120892;168537
GO:0048246,macrophage chemotaxis,14,2,0.0016666666666666668,5.99443374009848e-4,0.15977408306796798,0.4109660817698774,51192;6288
GO:0048598,embryonic morphogenesis,14,2,0.0016666666666666668,5.99443374009848e-4,0.15977408306796798,0.4109660817698774,2321;23767
GO:0060252,positive regulation of glial cell proliferation,14,2,0.0016666666666666668,5.99443374009848e-4,0.15977408306796798,0.4109660817698774,4602;5324
GO:0060259,regulation of feeding behavior,14,2,0.0016666666666666668,5.99443374009848e-4,0.15977408306796798,0.4109660817698774,10874;27344
GO:0061061,muscle structure development,14,2,0.0016666666666666668,5.99443374009848e-4,0.15977408306796798,0.4109660817698774,9124;9260
GO:0086009,membrane repolarization,14,2,0.0016666666666666668,5.99443374009848e-4,0.15977408306796798,0.4109660817698774,476;481
GO:0097320,plasma membrane tubulation,14,2,0.0016666666666666668,5.99443374009848e-4,0.15977408306796798,0.4109660817698774,257364;29082
GO:1901381,positive regulation of potassium ion transmembrane transport,14,2,0.0016666666666666668,5.99443374009848e-4,0.15977408306796798,0.4109660817698774,2273;3783
GO:1902166,negative regulation of intrinsic apoptotic signaling pathway in response to DNA damage by p53 class mediator,14,2,0.0016666666666666668,5.99443374009848e-4,0.15977408306796798,0.4109660817698774,79915;960
GO:1902475,L-alpha-amino acid transmembrane transport,14,2,0.0016666666666666668,5.99443374009848e-4,0.15977408306796798,0.4109660817698774,11136;56301
GO:0090263,positive regulation of canonical Wnt signaling pathway,103,8,0.006666666666666667,0.004410190537358167,0.1598670729187036,0.4109660817698774,120892;1277;130574;1454;1956;3611;3728;9037
GO:0051321,meiotic cell cycle,136,10,0.008333333333333333,0.0058231642046670945,0.16222874507158086,0.4164869893262485,100130958;10635;124817;286151;4438;56154;56159;84072;9319;9985
GO:0007259,cell surface receptor signaling pathway via JAK-STAT,72,6,0.005,0.0030828516377649326,0.1645426642161737,0.4218709151049723,3455;3566;3588;3718;53832;729230
GO:1902476,chloride transmembrane transport,104,8,0.006666666666666667,0.004453007921216013,0.16595215004822703,0.42492484736032865,1184;1187;2564;266675;53405;56923;7439;9498
GO:0006259,DNA metabolic process,42,4,0.0033333333333333335,0.001798330122029544,0.16788916459039352,0.42834894993477257,122618;1776;5427;58511
GO:1902531,regulation of intracellular signal transduction,42,4,0.0033333333333333335,0.001798330122029544,0.16788916459039352,0.42834894993477257,120892;6098;637;7010
GO:0007338,single fertilization,57,5,0.004166666666666667,0.0024405908798972383,0.16794976813989285,0.42834894993477257,136242;22917;27443;284359;5104
GO:0007616,long-term memory,28,3,0.0025,0.001198886748019696,0.1720719551323607,0.433402599547515,10636;23237;3934
GO:0030513,positive regulation of BMP signaling pathway,28,3,0.0025,0.001198886748019696,0.1720719551323607,0.433402599547515,1003;3611;3791
GO:0055074,calcium ion homeostasis,28,3,0.0025,0.001198886748019696,0.1720719551323607,0.433402599547515,1594;525;6546
GO:0060041,retina development in camera-type eye,28,3,0.0025,0.001198886748019696,0.1720719551323607,0.433402599547515,5080;5176;6101
GO:0007229,integrin-mediated signaling pathway,89,7,0.005833333333333334,0.0038107471633483194,0.17300860429505108,0.433402599547515,27040;27329;3611;5587;634;8829;9636
GO:0006468,protein phosphorylation,223,15,0.0125,0.009548276600299721,0.17475607805477988,0.433402599547515,10783;11200;1196;120892;1454;4293;4914;5347;5753;6098;6356;660;7786;84206;8814
GO:0090090,negative regulation of canonical Wnt signaling pathway,122,9,0.0075,0.005223720830657247,0.17596651817175835,0.433402599547515,27031;3485;4192;4232;5204;55716;8313;84133;9241
GO:0006836,neurotransmitter transport,58,5,0.004166666666666667,0.0024834082637550845,0.17659130120376185,0.433402599547515,10815;340024;6531;6572;9153
GO:0030509,BMP signaling pathway,58,5,0.004166666666666667,0.0024834082637550845,0.17659130120376185,0.433402599547515,655;7049;91851;9241;9573
GO:0001508,action potential,43,4,0.0033333333333333335,0.0018411475058873904,0.17811797466426643,0.433402599547515,3745;6326;6328;6329
GO:0007017,microtubule-based process,43,4,0.0033333333333333335,0.0018411475058873904,0.17811797466426643,0.433402599547515,140735;347733;51512;84617
GO:0008277,regulation of G protein-coupled receptor signaling pathway,43,4,0.0033333333333333335,0.0018411475058873904,0.17811797466426643,0.433402599547515,10636;2788;8490;8601
GO:0043536,positive regulation of blood vessel endothelial cell migration,43,4,0.0033333333333333335,0.0018411475058873904,0.17811797466426643,0.433402599547515,2113;3791;5340;5587
GO:0002028,regulation of sodium ion transport,15,2,0.0016666666666666668,6.422607578676942e-4,0.17839438963903365,0.433402599547515,286183;476
GO:0002474,antigen processing and presentation of peptide antigen via MHC class I,15,2,0.0016666666666666668,6.422607578676942e-4,0.17839438963903365,0.433402599547515,3133;567
GO:0002687,positive regulation of leukocyte migration,15,2,0.0016666666666666668,6.422607578676942e-4,0.17839438963903365,0.433402599547515,1435;8784
GO:0006801,superoxide metabolic process,15,2,0.0016666666666666668,6.422607578676942e-4,0.17839438963903365,0.433402599547515,50507;57580
GO:0007009,plasma membrane organization,15,2,0.0016666666666666668,6.422607578676942e-4,0.17839438963903365,0.433402599547515,116238;288
GO:0015718,monocarboxylic acid transport,15,2,0.0016666666666666668,6.422607578676942e-4,0.17839438963903365,0.433402599547515,159963;9121
GO:0016486,peptide hormone processing,15,2,0.0016666666666666668,6.422607578676942e-4,0.17839438963903365,0.433402599547515,5046;6447
GO:0021772,olfactory bulb development,15,2,0.0016666666666666668,6.422607578676942e-4,0.17839438963903365,0.433402599547515,120892;9928
GO:0030194,positive regulation of blood coagulation,15,2,0.0016666666666666668,6.422607578676942e-4,0.17839438963903365,0.433402599547515,2155;948
GO:0033993,response to lipid,15,2,0.0016666666666666668,6.422607578676942e-4,0.17839438963903365,0.433402599547515,948;9619
GO:0035435,phosphate ion transmembrane transport,15,2,0.0016666666666666668,6.422607578676942e-4,0.17839438963903365,0.433402599547515,6568;6569
GO:0042310,vasoconstriction,15,2,0.0016666666666666668,6.422607578676942e-4,0.17839438963903365,0.433402599547515,1906;3363
GO:0043252,sodium-independent organic anion transport,15,2,0.0016666666666666668,6.422607578676942e-4,0.17839438963903365,0.433402599547515,10864;9356
GO:0045730,respiratory burst,15,2,0.0016666666666666668,6.422607578676942e-4,0.17839438963903365,0.433402599547515,4689;6556
GO:0048646,anatomical structure formation involved in morphogenesis,15,2,0.0016666666666666668,6.422607578676942e-4,0.17839438963903365,0.433402599547515,5629;88
GO:0048714,positive regulation of oligodendrocyte differentiation,15,2,0.0016666666666666668,6.422607578676942e-4,0.17839438963903365,0.433402599547515,118738;4192
GO:0050731,positive regulation of peptidyl-tyrosine phosphorylation,15,2,0.0016666666666666668,6.422607578676942e-4,0.17839438963903365,0.433402599547515,3589;5008
GO:0050773,regulation of dendrite development,15,2,0.0016666666666666668,6.422607578676942e-4,0.17839438963903365,0.433402599547515,57580;991
GO:0050908,detection of light stimulus involved in visual perception,15,2,0.0016666666666666668,6.422607578676942e-4,0.17839438963903365,0.433402599547515,768206;92840
GO:0051044,positive regulation of membrane protein ectodomain proteolysis,15,2,0.0016666666666666668,6.422607578676942e-4,0.17839438963903365,0.433402599547515,101;257364
GO:0071625,vocalization behavior,15,2,0.0016666666666666668,6.422607578676942e-4,0.17839438963903365,0.433402599547515,54413;79784
GO:0140694,membraneless organelle assembly,15,2,0.0016666666666666668,6.422607578676942e-4,0.17839438963903365,0.433402599547515,1062;6857
GO:0141196,transposable element silencing by piRNA-mediated DNA methylation,15,2,0.0016666666666666668,6.422607578676942e-4,0.17839438963903365,0.433402599547515,29947;90853
GO:1901526,positive regulation of mitophagy,15,2,0.0016666666666666668,6.422607578676942e-4,0.17839438963903365,0.433402599547515,291;55187
GO:2000378,negative regulation of reactive oxygen species metabolic process,15,2,0.0016666666666666668,6.422607578676942e-4,0.17839438963903365,0.433402599547515,4613;7020
GO:0009101,glycoprotein biosynthetic process,90,7,0.005833333333333334,0.0038535645472061657,0.17990555860182686,0.43652894892662725,10318;2524;2525;2528;256435;374907;7903
GO:0000132,establishment of mitotic spindle orientation,29,3,0.0025,0.0012417041318775422,0.1850849690921919,0.44521056842200923,10403;1058;5314
GO:0007029,endoplasmic reticulum organization,29,3,0.0025,0.0012417041318775422,0.1850849690921919,0.44521056842200923,120892;23023;92840
GO:0030518,nuclear receptor-mediated steroid hormone signaling pathway,29,3,0.0025,0.0012417041318775422,0.1850849690921919,0.44521056842200923,2104;4306;5465
GO:0030900,forebrain development,29,3,0.0025,0.0012417041318775422,0.1850849690921919,0.44521056842200923,5080;56920;9241
GO:0035633,maintenance of blood-brain barrier,29,3,0.0025,0.0012417041318775422,0.1850849690921919,0.44521056842200923,1003;100506658;5175
GO:0044344,cellular response to fibroblast growth factor stimulus,29,3,0.0025,0.0012417041318775422,0.1850849690921919,0.44521056842200923,1277;3373;960
GO:0051239,regulation of multicellular organismal process,29,3,0.0025,0.0012417041318775422,0.1850849690921919,0.44521056842200923,120892;3643;8877
GO:0006487,protein N-linked glycosylation,59,5,0.004166666666666667,0.0025262256476129307,0.1853968535790505,0.4454102185985584,200185;2525;2528;57134;9514
GO:0051260,protein homooligomerization,124,9,0.0075,0.00530935559837294,0.18781631221103268,0.4506665148738219,10721;210;22861;23237;3745;4355;641;64170;9356
GO:0030593,neutrophil chemotaxis,44,4,0.0033333333333333335,0.0018839648897452366,0.18854980766286386,0.4518693666403117,51192;56477;6288;6374
GO:0001935,endothelial cell proliferation,16,2,0.0016666666666666668,6.850781417255406e-4,0.19732070381900685,0.4600461537559356,3162;7010
GO:0002407,dendritic cell chemotaxis,16,2,0.0016666666666666668,6.850781417255406e-4,0.19732070381900685,0.4600461537559356,1235;729230
GO:0006885,regulation of pH,16,2,0.0016666666666666668,6.850781417255406e-4,0.19732070381900685,0.4600461537559356,51458;525
GO:0006940,regulation of smooth muscle contraction,16,2,0.0016666666666666668,6.850781417255406e-4,0.19732070381900685,0.4600461537559356,10874;56923
GO:0007097,nuclear migration,16,2,0.0016666666666666668,6.850781417255406e-4,0.19732070381900685,0.4600461537559356,10460;23345
GO:0009416,response to light stimulus,16,2,0.0016666666666666668,6.850781417255406e-4,0.19732070381900685,0.4600461537559356,2235;6101
GO:0030214,hyaluronan catabolic process,16,2,0.0016666666666666668,6.850781417255406e-4,0.19732070381900685,0.4600461537559356,3373;960
GO:0030277,maintenance of gastrointestinal epithelium,16,2,0.0016666666666666668,6.850781417255406e-4,0.19732070381900685,0.4600461537559356,4588;64081
GO:0030510,regulation of BMP signaling pathway,16,2,0.0016666666666666668,6.850781417255406e-4,0.19732070381900685,0.4600461537559356,23105;5046
GO:0032332,positive regulation of chondrocyte differentiation,16,2,0.0016666666666666668,6.850781417255406e-4,0.19732070381900685,0.4600461537559356,3207;55553
GO:0033631,cell-cell adhesion mediated by integrin,16,2,0.0016666666666666668,6.850781417255406e-4,0.19732070381900685,0.4600461537559356,255743;7412
GO:0042116,macrophage activation,16,2,0.0016666666666666668,6.850781417255406e-4,0.19732070381900685,0.4600461537559356,22918;6556
GO:0045618,positive regulation of keratinocyte differentiation,16,2,0.0016666666666666668,6.850781417255406e-4,0.19732070381900685,0.4600461537559356,1594;2118
GO:0046889,positive regulation of lipid biosynthetic process,16,2,0.0016666666666666668,6.850781417255406e-4,0.19732070381900685,0.4600461537559356,5105;5465
GO:0046928,regulation of neurotransmitter secretion,16,2,0.0016666666666666668,6.850781417255406e-4,0.19732070381900685,0.4600461537559356,815;8291
GO:0050806,positive regulation of synaptic transmission,16,2,0.0016666666666666668,6.850781417255406e-4,0.19732070381900685,0.4600461537559356,10874;6857
GO:0060382,regulation of DNA strand elongation,16,2,0.0016666666666666668,6.850781417255406e-4,0.19732070381900685,0.4600461537559356,125476;83444
GO:0071354,cellular response to interleukin-6,16,2,0.0016666666666666668,6.850781417255406e-4,0.19732070381900685,0.4600461537559356,22904;3934
GO:0098974,postsynaptic actin cytoskeleton organization,16,2,0.0016666666666666668,6.850781417255406e-4,0.19732070381900685,0.4600461537559356,88;9362
GO:0099151,regulation of postsynaptic density assembly,16,2,0.0016666666666666668,6.850781417255406e-4,0.19732070381900685,0.4600461537559356,51225;57622
GO:1903028,positive regulation of opsonization,16,2,0.0016666666666666668,6.850781417255406e-4,0.19732070381900685,0.4600461537559356,717;720
GO:0001578,microtubule bundle formation,30,3,0.0025,0.0012845215157353885,0.1983446675237564,0.4600461537559356,10112;5347;80128
GO:0010575,positive regulation of vascular endothelial growth factor production,30,3,0.0025,0.0012845215157353885,0.1983446675237564,0.4600461537559356,5743;719;727
GO:0034113,heterotypic cell-cell adhesion,30,3,0.0025,0.0012845215157353885,0.1983446675237564,0.4600461537559356,284359;4345;7412
GO:0035025,positive regulation of Rho protein signal transduction,30,3,0.0025,0.0012845215157353885,0.1983446675237564,0.4600461537559356,50650;7010;9639
GO:0051453,regulation of intracellular pH,30,3,0.0025,0.0012845215157353885,0.1983446675237564,0.4600461537559356,57835;760;9498
GO:0070372,regulation of ERK1 and ERK2 cascade,30,3,0.0025,0.0012845215157353885,0.1983446675237564,0.4600461537559356,5314;6098;634
GO:0031297,replication fork processing,45,4,0.0033333333333333335,0.0019267822736030828,0.19917056497058888,0.46031581880376005,10721;146956;1663;641
GO:0031334,positive regulation of protein-containing complex assembly,45,4,0.0033333333333333335,0.0019267822736030828,0.19917056497058888,0.46031581880376005,1003;143098;637;638
GO:0045739,positive regulation of DNA repair,45,4,0.0033333333333333335,0.0019267822736030828,0.19917056497058888,0.46031581880376005,125476;1956;2138;2140
GO:0017148,negative regulation of translation,93,7,0.005833333333333334,0.003982016698779705,0.201263655099347,0.4646015098734629,10643;10644;197135;1978;283;6470;7832
GO:0032922,circadian regulation of gene expression,61,5,0.004166666666666667,0.0026118604153286236,0.20346723668398994,0.46913180401308585,10891;1454;5465;8864;9099
GO:0046330,positive regulation of JNK cascade,94,7,0.005833333333333334,0.004024834082637551,0.20859265268627214,0.4803802392041249,177;1906;23162;60401;64170;7098;7477
GO:0006906,vesicle fusion,31,3,0.0025,0.001327338899593235,0.21182241703655627,0.4843788760906445,6843;6857;9066
GO:0032007,negative regulation of TOR signaling,31,3,0.0025,0.001327338899593235,0.21182241703655627,0.4843788760906445,10016;57580;7957
GO:0045746,negative regulation of Notch signaling pathway,31,3,0.0025,0.001327338899593235,0.21182241703655627,0.4843788760906445,1018;65989;79094
GO:0051591,response to cAMP,31,3,0.0025,0.001327338899593235,0.21182241703655627,0.4843788760906445,1277;3158;6531
GO:0098656,monoatomic anion transmembrane transport,31,3,0.0025,0.001327338899593235,0.21182241703655627,0.4843788760906445,5026;57835;6561
GO:2000463,positive regulation of excitatory postsynaptic potential,31,3,0.0025,0.001327338899593235,0.21182241703655627,0.4843788760906445,22871;54413;57465
GO:0006691,leukotriene metabolic process,17,2,0.0016666666666666668,7.278955255833868e-4,0.21647251082627822,0.4853174033040753,1357;1579
GO:0007274,neuromuscular synaptic transmission,17,2,0.0016666666666666668,7.278955255833868e-4,0.21647251082627822,0.4853174033040753,246329;89848
GO:0007520,myoblast fusion,17,2,0.0016666666666666668,7.278955255833868e-4,0.21647251082627822,0.4853174033040753,3756;8038
GO:0010811,positive regulation of cell-substrate adhesion,17,2,0.0016666666666666668,7.278955255833868e-4,0.21647251082627822,0.4853174033040753,10551;255743
GO:0019373,epoxygenase P450 pathway,17,2,0.0016666666666666668,7.278955255833868e-4,0.21647251082627822,0.4853174033040753,1573;1579
GO:0034314,Arp2/3 complex-mediated actin nucleation,17,2,0.0016666666666666668,7.278955255833868e-4,0.21647251082627822,0.4853174033040753,10095;10788
GO:0042574,retinal metabolic process,17,2,0.0016666666666666668,7.278955255833868e-4,0.21647251082627822,0.4853174033040753,1645;24
GO:0048384,retinoic acid receptor signaling pathway,17,2,0.0016666666666666668,7.278955255833868e-4,0.21647251082627822,0.4853174033040753,2104;7068
GO:0050709,negative regulation of protein secretion,17,2,0.0016666666666666668,7.278955255833868e-4,0.21647251082627822,0.4853174033040753,1595;3156
GO:0050770,regulation of axonogenesis,17,2,0.0016666666666666668,7.278955255833868e-4,0.21647251082627822,0.4853174033040753,23303;55558
GO:0060340,positive regulation of type I interferon-mediated signaling pathway,17,2,0.0016666666666666668,7.278955255833868e-4,0.21647251082627822,0.4853174033040753,54502;81030
GO:0097242,amyloid-beta clearance,17,2,0.0016666666666666668,7.278955255833868e-4,0.21647251082627822,0.4853174033040753,3643;4311
GO:0098708,D-glucose import across plasma membrane,17,2,0.0016666666666666668,7.278955255833868e-4,0.21647251082627822,0.4853174033040753,6518;6523
GO:1900242,regulation of synaptic vesicle endocytosis,17,2,0.0016666666666666668,7.278955255833868e-4,0.21647251082627822,0.4853174033040753,120892;9066
GO:1903830,magnesium ion transmembrane transport,17,2,0.0016666666666666668,7.278955255833868e-4,0.21647251082627822,0.4853174033040753,54805;84102
GO:1990138,neuron projection extension,17,2,0.0016666666666666668,7.278955255833868e-4,0.21647251082627822,0.4853174033040753,23767;23769
GO:2000377,regulation of reactive oxygen species metabolic process,17,2,0.0016666666666666668,7.278955255833868e-4,0.21647251082627822,0.4853174033040753,120892;2305
GO:0001837,epithelial to mesenchymal transition,47,4,0.0033333333333333335,0.0020124170413187755,0.22092221837037057,0.49415475511349555,655;7049;84695;9241
GO:2000781,positive regulation of double-strand break repair,47,4,0.0033333333333333335,0.0020124170413187755,0.22092221837037057,0.49415475511349555,1663;177;2305;605
GO:0008584,male gonad development,63,5,0.004166666666666667,0.002697495183044316,0.22209407307922557,0.4956365438212993,203102;3643;51804;638;7022
GO:0071300,cellular response to retinoic acid,63,5,0.004166666666666667,0.002697495183044316,0.22209407307922557,0.4956365438212993,1277;4602;5176;5753;7477
GO:0051607,defense response to virus,199,13,0.010833333333333334,0.008520659387711411,0.22472852758380849,0.5009412539267942,10379;22861;3455;3588;53840;5465;64081;664;7098;81030;84871;9447;9636
GO:0006605,protein targeting,32,3,0.0025,0.0013701562834510812,0.22549027886241205,0.5020641678103591,22871;23303;9001
GO:0006816,calcium ion transport,148,10,0.008333333333333333,0.00633697281096125,0.23073713644107147,0.5120776276267421,117144;1594;3783;492;54836;6546;785;80036;815;9914
GO:0070373,negative regulation of ERK1 and ERK2 cascade,64,5,0.004166666666666667,0.0027403125669021623,0.23159484990567447,0.5120776276267421,10252;10318;10636;1852;57556
GO:0009617,response to bacterium,48,4,0.0033333333333333335,0.0020552344251766217,0.23202483484628603,0.5120776276267421,3158;3934;6556;717
GO:0000038,very long-chain fatty acid metabolic process,18,2,0.0016666666666666668,7.707129094412332e-4,0.23577674941087406,0.5120776276267421,30;5825
GO:0006308,DNA catabolic process,18,2,0.0016666666666666668,7.707129094412332e-4,0.23577674941087406,0.5120776276267421,1773;1776
GO:0006855,xenobiotic transmembrane transport,18,2,0.0016666666666666668,7.707129094412332e-4,0.23577674941087406,0.5120776276267421,6857;9153
GO:0007141,male meiosis I,18,2,0.0016666666666666668,7.707129094412332e-4,0.23577674941087406,0.5120776276267421,29947;4603
GO:0007158,neuron cell-cell adhesion,18,2,0.0016666666666666668,7.707129094412332e-4,0.23577674941087406,0.5120776276267421,22871;54413
GO:0010569,regulation of double-strand break repair via homologous recombination,18,2,0.0016666666666666668,7.707129094412332e-4,0.23577674941087406,0.5120776276267421,10635;56154
GO:0019229,regulation of vasoconstriction,18,2,0.0016666666666666668,7.707129094412332e-4,0.23577674941087406,0.5120776276267421,1906;8864
GO:0030500,regulation of bone mineralization,18,2,0.0016666666666666668,7.707129094412332e-4,0.23577674941087406,0.5120776276267421,1594;7291
GO:0031573,mitotic intra-S DNA damage checkpoint signaling,18,2,0.0016666666666666668,7.707129094412332e-4,0.23577674941087406,0.5120776276267421,11200;146956
GO:0031929,TOR signaling,18,2,0.0016666666666666668,7.707129094412332e-4,0.23577674941087406,0.5120776276267421,121268;1978
GO:0032693,negative regulation of interleukin-10 production,18,2,0.0016666666666666668,7.707129094412332e-4,0.23577674941087406,0.5120776276267421,177;3718
GO:0032787,monocarboxylic acid metabolic process,18,2,0.0016666666666666668,7.707129094412332e-4,0.23577674941087406,0.5120776276267421,10249;1645
GO:0035335,peptidyl-tyrosine dephosphorylation,18,2,0.0016666666666666668,7.707129094412332e-4,0.23577674941087406,0.5120776276267421,5783;7957
GO:0043200,response to amino acid,18,2,0.0016666666666666668,7.707129094412332e-4,0.23577674941087406,0.5120776276267421,1906;210
GO:0046677,response to antibiotic,18,2,0.0016666666666666668,7.707129094412332e-4,0.23577674941087406,0.5120776276267421,2113;3373
GO:0060307,regulation of ventricular cardiac muscle cell membrane repolarization,18,2,0.0016666666666666668,7.707129094412332e-4,0.23577674941087406,0.5120776276267421,6330;81033
GO:0071318,cellular response to ATP,18,2,0.0016666666666666668,7.707129094412332e-4,0.23577674941087406,0.5120776276267421,5028;64805
GO:0071391,cellular response to estrogen stimulus,18,2,0.0016666666666666668,7.707129094412332e-4,0.23577674941087406,0.5120776276267421,10865;1393
GO:0097401,synaptic vesicle lumen acidification,18,2,0.0016666666666666668,7.707129094412332e-4,0.23577674941087406,0.5120776276267421,523;525
GO:0050852,T cell receptor signaling pathway,98,7,0.005833333333333334,0.004196103618068936,0.23884919108696223,0.5163180158719142,10616;11148;27040;29121;3115;84807;9976
GO:0001570,vasculogenesis,33,3,0.0025,0.0014129736673089274,0.23932109471555324,0.5163180158719142,187;3791;8829
GO:0010634,positive regulation of epithelial cell migration,33,3,0.0025,0.0014129736673089274,0.23932109471555324,0.5163180158719142,1512;5168;57111
GO:0042311,vasodilation,33,3,0.0025,0.0014129736673089274,0.23932109471555324,0.5163180158719142,136;5175;7349
GO:0051276,chromosome organization,33,3,0.0025,0.0014129736673089274,0.23932109471555324,0.5163180158719142,10403;55143;9232
GO:2000379,positive regulation of reactive oxygen species metabolic process,33,3,0.0025,0.0014129736673089274,0.23932109471555324,0.5163180158719142,1645;3934;948
GO:0007346,regulation of mitotic cell cycle,65,5,0.004166666666666667,0.0027831299507600086,0.24120905463744666,0.5198148619318618,10783;2305;5347;9787;991
GO:0006968,cellular defense response,49,4,0.0033333333333333335,0.002098051809034468,0.24325991228048618,0.5228751340270908,10312;1235;1524;729230
GO:0007188,adenylate cyclase-modulating G protein-coupled receptor signaling pathway,49,4,0.0033333333333333335,0.002098051809034468,0.24325991228048618,0.5228751340270908,108;146;2642;6344
GO:0007268,chemical synaptic transmission,185,12,0.01,0.007921216013701562,0.2436426994140998,0.5228751340270908,10815;2572;2912;321;3363;3798;54413;6572;6857;785;84258;9001
GO:0010468,regulation of gene expression,238,15,0.0125,0.010190537358167415,0.2437038779869329,0.5228751340270908,120892;187;200424;2334;29947;3643;3899;481;53840;5629;652995;6546;84807;8877;999
GO:0007159,leukocyte cell-cell adhesion,34,3,0.0025,0.0014557910511667736,0.2532885578401878,0.5322138124574033,10318;5175;7412
GO:0031669,cellular response to nutrient levels,34,3,0.0025,0.0014557910511667736,0.2532885578401878,0.5322138124574033,11170;3745;3934
GO:0032480,negative regulation of type I interferon production,34,3,0.0025,0.0014557910511667736,0.2532885578401878,0.5322138124574033,54739;6614;84868
GO:0032735,positive regulation of interleukin-12 production,34,3,0.0025,0.0014557910511667736,0.2532885578401878,0.5322138124574033,177;4192;7098
GO:0042177,negative regulation of protein catabolic process,34,3,0.0025,0.0014557910511667736,0.2532885578401878,0.5322138124574033,1595;1956;3156
GO:0045089,positive regulation of innate immune response,34,3,0.0025,0.0014557910511667736,0.2532885578401878,0.5322138124574033,101;117157;84868
GO:0045494,photoreceptor cell maintenance,34,3,0.0025,0.0014557910511667736,0.2532885578401878,0.5322138124574033,145226;27031;6101
GO:0006310,DNA recombination,100,7,0.005833333333333334,0.004281738385784628,0.25448281703130415,0.5322138124574033,10635;125476;146956;29935;641;80119;83444
GO:0009615,response to virus,100,7,0.005833333333333334,0.004281738385784628,0.25448281703130415,0.5322138124574033,10561;3373;3455;55509;6356;6367;9636
GO:0051496,positive regulation of stress fiber assembly,50,4,0.0033333333333333335,0.002140869192892314,0.25461355748981634,0.5322138124574033,29109;51466;8829;9639
GO:0001656,metanephros development,19,2,0.0016666666666666668,8.135302932990794e-4,0.2551672595183747,0.5322138124574033,1512;655
GO:0002221,pattern recognition receptor signaling pathway,19,2,0.0016666666666666668,8.135302932990794e-4,0.2551672595183747,0.5322138124574033,22861;9447
GO:0006346,DNA methylation-dependent constitutive heterochromatin formation,19,2,0.0016666666666666668,8.135302932990794e-4,0.2551672595183747,0.5322138124574033,29947;56154
GO:0007167,enzyme-linked receptor protein signaling pathway,19,2,0.0016666666666666668,8.135302932990794e-4,0.2551672595183747,0.5322138124574033,10256;3718
GO:0016338,calcium-independent cell-cell adhesion,19,2,0.0016666666666666668,8.135302932990794e-4,0.2551672595183747,0.5322138124574033,5010;9071
GO:0021915,neural tube development,19,2,0.0016666666666666668,8.135302932990794e-4,0.2551672595183747,0.5322138124574033,5629;79977
GO:0032091,negative regulation of protein binding,19,2,0.0016666666666666668,8.135302932990794e-4,0.2551672595183747,0.5322138124574033,1663;6590
GO:0042759,long-chain fatty acid biosynthetic process,19,2,0.0016666666666666668,8.135302932990794e-4,0.2551672595183747,0.5322138124574033,1576;5743
GO:0042770,signal transduction in response to DNA damage,19,2,0.0016666666666666668,8.135302932990794e-4,0.2551672595183747,0.5322138124574033,11200;637
GO:0045821,positive regulation of glycolytic process,19,2,0.0016666666666666668,8.135302932990794e-4,0.2551672595183747,0.5322138124574033,3643;7345
GO:0048245,eosinophil chemotaxis,19,2,0.0016666666666666668,8.135302932990794e-4,0.2551672595183747,0.5322138124574033,6356;6367
GO:0050775,positive regulation of dendrite morphogenesis,19,2,0.0016666666666666668,8.135302932990794e-4,0.2551672595183747,0.5322138124574033,56965;57465
GO:0050901,leukocyte tethering or rolling,19,2,0.0016666666666666668,8.135302932990794e-4,0.2551672595183747,0.5322138124574033,1524;7412
GO:0051693,actin filament capping,19,2,0.0016666666666666668,8.135302932990794e-4,0.2551672595183747,0.5322138124574033,51332;6712
GO:0060236,regulation of mitotic spindle organization,19,2,0.0016666666666666668,8.135302932990794e-4,0.2551672595183747,0.5322138124574033,10460;22974
GO:1904659,D-glucose transmembrane transport,19,2,0.0016666666666666668,8.135302932990794e-4,0.2551672595183747,0.5322138124574033,6518;6523
GO:0006261,DNA-templated DNA replication,35,3,0.0025,0.00149860843502462,0.2673672707515127,0.555872552224833,10721;11232;5427
GO:0032689,negative regulation of type II interferon production,35,3,0.0025,0.00149860843502462,0.2673672707515127,0.555872552224833,53832;53833;84868
GO:0045765,regulation of angiogenesis,35,3,0.0025,0.00149860843502462,0.2673672707515127,0.555872552224833,2113;3162;7010
GO:0007219,Notch signaling pathway,68,5,0.004166666666666667,0.0029115821023335473,0.270645912252563,0.561872748167116,113878;1840;54492;6495;79094
GO:0001975,response to amphetamine,20,2,0.0016666666666666668,8.563476771569257e-4,0.274584266961422,0.561872748167116,1906;26575
GO:0002088,lens development in camera-type eye,20,2,0.0016666666666666668,8.563476771569257e-4,0.274584266961422,0.561872748167116,1427;5629
GO:0006491,N-glycan processing,20,2,0.0016666666666666668,8.563476771569257e-4,0.274584266961422,0.561872748167116,57134;7903
GO:0006641,triglyceride metabolic process,20,2,0.0016666666666666668,8.563476771569257e-4,0.274584266961422,0.561872748167116,1071;2710
GO:0010744,positive regulation of macrophage derived foam cell differentiation,20,2,0.0016666666666666668,8.563476771569257e-4,0.274584266961422,0.561872748167116,1435;948
GO:0016079,synaptic vesicle exocytosis,20,2,0.0016666666666666668,8.563476771569257e-4,0.274584266961422,0.561872748167116,10815;93664
GO:0030003,intracellular monoatomic cation homeostasis,20,2,0.0016666666666666668,8.563476771569257e-4,0.274584266961422,0.561872748167116,476;83959
GO:0030166,proteoglycan biosynthetic process,20,2,0.0016666666666666668,8.563476771569257e-4,0.274584266961422,0.561872748167116,166012;83539
GO:0035825,homologous recombination,20,2,0.0016666666666666668,8.563476771569257e-4,0.274584266961422,0.561872748167116,25788;29128
GO:0045807,positive regulation of endocytosis,20,2,0.0016666666666666668,8.563476771569257e-4,0.274584266961422,0.561872748167116,50632;7036
GO:0048260,positive regulation of receptor-mediated endocytosis,20,2,0.0016666666666666668,8.563476771569257e-4,0.274584266961422,0.561872748167116,567;7018
GO:0051602,response to electrical stimulus,20,2,0.0016666666666666668,8.563476771569257e-4,0.274584266961422,0.561872748167116,4914;7832
GO:0071377,cellular response to glucagon stimulus,20,2,0.0016666666666666668,8.563476771569257e-4,0.274584266961422,0.561872748167116,108;2642
GO:1903779,regulation of cardiac conduction,20,2,0.0016666666666666668,8.563476771569257e-4,0.274584266961422,0.561872748167116,492;6546
GO:0042060,wound healing,52,4,0.0033333333333333335,0.0022265039606080067,0.2776218736522921,0.5663020609301471,54566;58529;6556;9241
GO:0045786,negative regulation of cell cycle,52,4,0.0033333333333333335,0.0022265039606080067,0.2776218736522921,0.5663020609301471,2113;3248;6494;655
GO:0071347,cellular response to interleukin-1,52,4,0.0033333333333333335,0.0022265039606080067,0.2776218736522921,0.5663020609301471,1051;1906;3373;3934
GO:0008283,cell population proliferation,86,6,0.005,0.0036822950117747807,0.2803840489364653,0.5712855176048446,1018;5008;79915;9241;9833;995
GO:0018108,peptidyl-tyrosine phosphorylation,36,3,0.0025,0.0015414258188824663,0.28153279104986945,0.5712855176048446,2321;3791;4914
GO:0042130,negative regulation of T cell proliferation,36,3,0.0025,0.0015414258188824663,0.28153279104986945,0.5712855176048446,1051;3133;84868
GO:0042307,positive regulation of protein import into nucleus,36,3,0.0025,0.0015414258188824663,0.28153279104986945,0.5712855176048446,3728;5587;999
GO:1900016,negative regulation of cytokine production involved in inflammatory response,36,3,0.0025,0.0015414258188824663,0.28153279104986945,0.5712855176048446,2146;3162;5465
GO:0010629,negative regulation of gene expression,228,14,0.011666666666666667,0.009762363519588953,0.2845130090311132,0.5767315787234857,100506658;165631;187;1906;2146;3791;4613;5091;5176;5324;7349;8483;84868;948
GO:0007189,adenylate cyclase-activating G protein-coupled receptor signaling pathway,140,9,0.0075,0.00599443374009848,0.29317275864609765,0.5873441630069389,108;136;153;2642;51083;5731;5733;6344;7432
GO:0070588,calcium ion transmembrane transport,140,9,0.0075,0.00599443374009848,0.29317275864609765,0.5873441630069389,114780;117144;1906;492;5026;6546;785;80036;9914
GO:0006997,nucleus organization,21,2,0.0016666666666666668,8.99165061014772e-4,0.2939739027588687,0.5873441630069389,23345;29082
GO:0007088,regulation of mitotic nuclear division,21,2,0.0016666666666666668,8.99165061014772e-4,0.2939739027588687,0.5873441630069389,286151;995
GO:0008542,visual learning,21,2,0.0016666666666666668,8.99165061014772e-4,0.2939739027588687,0.5873441630069389,10636;9241
GO:0010460,positive regulation of heart rate,21,2,0.0016666666666666668,8.99165061014772e-4,0.2939739027588687,0.5873441630069389,10874;1906
GO:0014850,response to muscle activity,21,2,0.0016666666666666668,8.99165061014772e-4,0.2939739027588687,0.5873441630069389,10891;252995
GO:0030261,chromosome condensation,21,2,0.0016666666666666668,8.99165061014772e-4,0.2939739027588687,0.5873441630069389,23397;64151
GO:0042744,hydrogen peroxide catabolic process,21,2,0.0016666666666666668,8.99165061014772e-4,0.2939739027588687,0.5873441630069389,2878;847
GO:0043069,negative regulation of programmed cell death,21,2,0.0016666666666666668,8.99165061014772e-4,0.2939739027588687,0.5873441630069389,5184;664
GO:0048193,Golgi vesicle transport,21,2,0.0016666666666666668,8.99165061014772e-4,0.2939739027588687,0.5873441630069389,288;5587
GO:0050772,positive regulation of axonogenesis,21,2,0.0016666666666666668,8.99165061014772e-4,0.2939739027588687,0.5873441630069389,140578;6474
GO:0051932,"synaptic transmission, GABAergic",21,2,0.0016666666666666668,8.99165061014772e-4,0.2939739027588687,0.5873441630069389,2146;2564
GO:2000406,positive regulation of T cell migration,21,2,0.0016666666666666668,8.99165061014772e-4,0.2939739027588687,0.5873441630069389,101;81704
GO:0010976,positive regulation of neuron projection development,105,7,0.005833333333333334,0.00449582530507386,0.29476173489683805,0.5883141908812788,1809;4192;4914;5176;5587;5753;8321
GO:0035176,social behavior,37,3,0.0025,0.0015842432027403125,0.29576166657102865,0.589101538533492,1524;54413;7349
GO:0050680,negative regulation of epithelial cell proliferation,37,3,0.0025,0.0015842432027403125,0.29576166657102865,0.589101538533492,567;7049;91862
GO:0009968,negative regulation of signal transduction,71,5,0.004166666666666667,0.0030400342539070864,0.3007940559448421,0.5985125080456674,10636;120892;26575;8490;8601
GO:0009755,hormone-mediated signaling pathway,38,3,0.0025,0.0016270605865981588,0.3100314610277104,0.6108797305842785,1393;2494;5465
GO:0043122,regulation of canonical NF-kappaB signal transduction,38,3,0.0025,0.0016270605865981588,0.3100314610277104,0.6108797305842785,387082;64170;79092
GO:0046427,positive regulation of receptor signaling pathway via JAK-STAT,38,3,0.0025,0.0016270605865981588,0.3100314610277104,0.6108797305842785,3588;5753;815
GO:0071230,cellular response to amino acid stimulus,38,3,0.0025,0.0016270605865981588,0.3100314610277104,0.6108797305842785,1956;3158;80315
GO:0016197,endosomal transport,72,5,0.004166666666666667,0.0030828516377649326,0.31096207025295186,0.6108797305842785,23023;257364;259173;4645;50632
GO:0051898,negative regulation of phosphatidylinositol 3-kinase/protein kinase B signal transduction,55,4,0.0033333333333333335,0.002354956112181546,0.31268795833400265,0.6108797305842785,10016;5465;7291;9447
GO:0071560,cellular response to transforming growth factor beta stimulus,55,4,0.0033333333333333335,0.002354956112181546,0.31268795833400265,0.6108797305842785,1277;1906;55553;80310
GO:0006897,endocytosis,215,13,0.010833333333333334,0.009205737529436951,0.31309652368856794,0.6108797305842785,120892;1454;23237;257364;432;4645;4646;50632;55040;55716;6457;6614;960
GO:0006656,phosphatidylcholine biosynthetic process,22,2,0.0016666666666666668,9.419824448726183e-4,0.3132877549450719,0.6108797305842785,3931;80736
GO:0016311,dephosphorylation,22,2,0.0016666666666666668,9.419824448726183e-4,0.3132877549450719,0.6108797305842785,2053;7957
GO:0016601,Rac protein signal transduction,22,2,0.0016666666666666668,9.419824448726183e-4,0.3132877549450719,0.6108797305842785,1012;9844
GO:0031145,anaphase-promoting complex-dependent catabolic process,22,2,0.0016666666666666668,9.419824448726183e-4,0.3132877549450719,0.6108797305842785,11065;991
GO:0032006,regulation of TOR signaling,22,2,0.0016666666666666668,9.419824448726183e-4,0.3132877549450719,0.6108797305842785,5314;6098
GO:0032967,positive regulation of collagen biosynthetic process,22,2,0.0016666666666666668,9.419824448726183e-4,0.3132877549450719,0.6108797305842785,4602;7349
GO:0042733,embryonic digit morphogenesis,22,2,0.0016666666666666668,9.419824448726183e-4,0.3132877549450719,0.6108797305842785,7291;9241
GO:0043254,regulation of protein-containing complex assembly,22,2,0.0016666666666666668,9.419824448726183e-4,0.3132877549450719,0.6108797305842785,55355;948
GO:0046580,negative regulation of Ras protein signal transduction,22,2,0.0016666666666666668,9.419824448726183e-4,0.3132877549450719,0.6108797305842785,10252;2203
GO:0051298,centrosome duplication,22,2,0.0016666666666666668,9.419824448726183e-4,0.3132877549450719,0.6108797305842785,10403;9639
GO:0071985,multivesicular body sorting pathway,22,2,0.0016666666666666668,9.419824448726183e-4,0.3132877549450719,0.6108797305842785,23086;29082
GO:1903077,negative regulation of protein localization to plasma membrane,22,2,0.0016666666666666668,9.419824448726183e-4,0.3132877549450719,0.6108797305842785,4232;51225
GO:0048511,rhythmic process,143,9,0.0075,0.006122885891672019,0.3145020097068068,0.61263354443388,10891;1454;2146;22871;5465;5629;7291;8864;9099
GO:0006986,response to unfolded protein,73,5,0.004166666666666667,0.003125669021622779,0.32117563127241655,0.6250077784561225,3310;3316;79094;84699;871
GO:0030522,intracellular receptor signaling pathway,39,3,0.0025,0.0016698779704560052,0.3243207711978149,0.6264134760577642,2494;5465;8856
GO:0030574,collagen catabolic process,39,3,0.0025,0.0016698779704560052,0.3243207711978149,0.6264134760577642,140766;5184;5340
GO:0030838,positive regulation of actin filament polymerization,39,3,0.0025,0.0016698779704560052,0.3243207711978149,0.6264134760577642,51466;6356;89848
GO:0032715,negative regulation of interleukin-6 production,39,3,0.0025,0.0016698779704560052,0.3243207711978149,0.6264134760577642,4345;5004;84868
GO:0043687,post-translational protein modification,39,3,0.0025,0.0016698779704560052,0.3243207711978149,0.6264134760577642,7786;890;9212
GO:0045165,cell fate commitment,39,3,0.0025,0.0016698779704560052,0.3243207711978149,0.6264134760577642,55553;5629;7477
GO:0006493,protein O-linked glycosylation,56,4,0.0033333333333333335,0.002397773496039392,0.32447316745438143,0.6264134760577642,200424;2525;2528;79623
GO:0006644,phospholipid metabolic process,56,4,0.0033333333333333335,0.002397773496039392,0.32447316745438143,0.6264134760577642,222236;27329;3931;5330
GO:0007623,circadian rhythm,74,5,0.004166666666666667,0.003168486405480625,0.33142665888925776,0.6318465324504748,2155;3363;4914;5629;8864
GO:0007042,lysosomal lumen acidification,23,2,0.0016666666666666668,9.847998287304646e-4,0.33248245078586136,0.6318465324504748,10312;523
GO:0007389,pattern specification process,23,2,0.0016666666666666668,9.847998287304646e-4,0.33248245078586136,0.6318465324504748,57619;6495
GO:0009967,positive regulation of signal transduction,23,2,0.0016666666666666668,9.847998287304646e-4,0.33248245078586136,0.6318465324504748,3611;7010
GO:0010971,positive regulation of G2/M transition of mitotic cell cycle,23,2,0.0016666666666666668,9.847998287304646e-4,0.33248245078586136,0.6318465324504748,595;995
GO:0016358,dendrite development,23,2,0.0016666666666666668,9.847998287304646e-4,0.33248245078586136,0.6318465324504748,23769;655
GO:0030866,cortical actin cytoskeleton organization,23,2,0.0016666666666666668,9.847998287304646e-4,0.33248245078586136,0.6318465324504748,10095;752
GO:0031116,positive regulation of microtubule polymerization,23,2,0.0016666666666666668,9.847998287304646e-4,0.33248245078586136,0.6318465324504748,100506658;220134
GO:0035235,ionotropic glutamate receptor signaling pathway,23,2,0.0016666666666666668,9.847998287304646e-4,0.33248245078586136,0.6318465324504748,2893;80315
GO:0042059,negative regulation of epidermal growth factor receptor signaling pathway,23,2,0.0016666666666666668,9.847998287304646e-4,0.33248245078586136,0.6318465324504748,10252;1956
GO:0043153,entrainment of circadian clock by photoperiod,23,2,0.0016666666666666668,9.847998287304646e-4,0.33248245078586136,0.6318465324504748,8864;9099
GO:0043303,mast cell degranulation,23,2,0.0016666666666666668,9.847998287304646e-4,0.33248245078586136,0.6318465324504748,1113;27040
GO:0045055,regulated exocytosis,23,2,0.0016666666666666668,9.847998287304646e-4,0.33248245078586136,0.6318465324504748,1393;26154
GO:0050650,chondroitin sulfate proteoglycan biosynthetic process,23,2,0.0016666666666666668,9.847998287304646e-4,0.33248245078586136,0.6318465324504748,166012;83539
GO:1900273,positive regulation of long-term synaptic potentiation,23,2,0.0016666666666666668,9.847998287304646e-4,0.33248245078586136,0.6318465324504748,4311;6572
GO:1903829,positive regulation of protein localization,23,2,0.0016666666666666668,9.847998287304646e-4,0.33248245078586136,0.6318465324504748,3728;999
GO:0007173,epidermal growth factor receptor signaling pathway,57,4,0.0033333333333333335,0.0024405908798972383,0.3362862541950977,0.6372084232362806,1956;53358;7039;8412
GO:0016241,regulation of macroautophagy,57,4,0.0033333333333333335,0.0024405908798972383,0.3362862541950977,0.6372084232362806,245973;523;525;7345
GO:0098586,cellular response to virus,57,4,0.0033333333333333335,0.0024405908798972383,0.3362862541950977,0.6372084232362806,220001;3455;3588;7098
GO:0043408,regulation of MAPK cascade,40,3,0.0025,0.0017126953543138515,0.33860923662284437,0.639741334435005,10886;3791;56924
GO:0045668,negative regulation of osteoblast differentiation,40,3,0.0025,0.0017126953543138515,0.33860923662284437,0.639741334435005,7130;7291;9241
GO:0050796,regulation of insulin secretion,40,3,0.0025,0.0017126953543138515,0.33860923662284437,0.639741334435005,3033;8864;9066
GO:0006936,muscle contraction,75,5,0.004166666666666667,0.0032113037893384713,0.3417072129277875,0.6449682214912459,1241;4634;6329;6546;7273
GO:0043525,positive regulation of neuron apoptotic process,58,4,0.0033333333333333335,0.0024834082637550845,0.34811550997223345,0.6558547406370411,3934;4602;7020;837
GO:0001778,plasma membrane repair,24,2,0.0016666666666666668,0.0010276172125883109,0.35151926746373785,0.6558547406370411,29082;9066
GO:0007269,neurotransmitter secretion,24,2,0.0016666666666666668,0.0010276172125883109,0.35151926746373785,0.6558547406370411,6843;6857
GO:0021510,spinal cord development,24,2,0.0016666666666666668,0.0010276172125883109,0.35151926746373785,0.6558547406370411,57125;84695
GO:0033344,cholesterol efflux,24,2,0.0016666666666666668,0.0010276172125883109,0.35151926746373785,0.6558547406370411,55937;9619
GO:0038095,Fc-epsilon receptor signaling pathway,24,2,0.0016666666666666668,0.0010276172125883109,0.35151926746373785,0.6558547406370411,10451;23547
GO:0043523,regulation of neuron apoptotic process,24,2,0.0016666666666666668,0.0010276172125883109,0.35151926746373785,0.6558547406370411,112399;9928
GO:0048015,phosphatidylinositol-mediated signaling,24,2,0.0016666666666666668,0.0010276172125883109,0.35151926746373785,0.6558547406370411,5330;5334
GO:0060021,roof of mouth development,24,2,0.0016666666666666668,0.0010276172125883109,0.35151926746373785,0.6558547406370411,7020;84695
GO:0090314,positive regulation of protein targeting to membrane,24,2,0.0016666666666666668,0.0010276172125883109,0.35151926746373785,0.6558547406370411,288;3745
GO:1900745,positive regulation of p38MAPK cascade,24,2,0.0016666666666666668,0.0010276172125883109,0.35151926746373785,0.6558547406370411,177;8877
GO:1901673,regulation of mitotic spindle assembly,24,2,0.0016666666666666668,0.0010276172125883109,0.35151926746373785,0.6558547406370411,29082;5347
GO:0065003,protein-containing complex assembly,130,8,0.006666666666666667,0.005566259901520017,0.35219135234890214,0.6564792832097353,100506658;10891;11136;2175;4146;637;7049;9735
GO:0048255,mRNA stabilization,41,3,0.0025,0.0017555127381716977,0.3528775426950963,0.6571288976886673,6556;7432;8313
GO:0007507,heart development,150,9,0.0075,0.006422607578676943,0.36536754265639587,0.6790789308929722,187;23767;5465;64220;655;7010;8814;9124;9260
GO:0021762,substantia nigra development,42,3,0.0025,0.001798330122029544,0.3671074179339192,0.6790789308929722,3939;57447;64770
GO:0030177,positive regulation of Wnt signaling pathway,42,3,0.0025,0.001798330122029544,0.3671074179339192,0.6790789308929722,1454;245973;54972
GO:0032502,developmental process,42,3,0.0025,0.001798330122029544,0.3671074179339192,0.6790789308929722,10891;7291;83483
GO:0050679,positive regulation of epithelial cell proliferation,42,3,0.0025,0.001798330122029544,0.3671074179339192,0.6790789308929722,1956;5314;7039
GO:0086091,regulation of heart rate by cardiac conduction,42,3,0.0025,0.001798330122029544,0.3671074179339192,0.6790789308929722,3728;6330;81033
GO:0120009,intermembrane lipid transfer,42,3,0.0025,0.001798330122029544,0.3671074179339192,0.6790789308929722,153768;388323;55187
GO:0002092,positive regulation of receptor internalization,25,2,0.0016666666666666668,0.001070434596446157,0.37036376941347515,0.6801885273314834,3643;57817
GO:0006298,mismatch repair,25,2,0.0016666666666666668,0.001070434596446157,0.37036376941347515,0.6801885273314834,10535;4438
GO:0042026,protein refolding,25,2,0.0016666666666666668,0.001070434596446157,0.37036376941347515,0.6801885273314834,3310;3316
GO:0051928,positive regulation of calcium ion transport,25,2,0.0016666666666666668,0.001070434596446157,0.37036376941347515,0.6801885273314834,11027;815
GO:1901379,regulation of potassium ion transmembrane transport,25,2,0.0016666666666666668,0.001070434596446157,0.37036376941347515,0.6801885273314834,1804;7881
GO:2000042,negative regulation of double-strand break repair via homologous recombination,25,2,0.0016666666666666668,0.001070434596446157,0.37036376941347515,0.6801885273314834,10721;5347
GO:0008360,regulation of cell shape,115,7,0.005833333333333334,0.004923999143652323,0.37856424637299996,0.6801885273314834,3791;5028;57471;57619;6356;752;79784
GO:0003151,outflow tract morphogenesis,43,3,0.0025,0.0018411475058873904,0.3812816261791431,0.6801885273314834,3611;7049;9241
GO:0007224,smoothened signaling pathway,43,3,0.0025,0.0018411475058873904,0.3812816261791431,0.6801885273314834,2121;85455;9241
GO:0045595,regulation of cell differentiation,43,3,0.0025,0.0018411475058873904,0.3812816261791431,0.6801885273314834,1051;7020;9806
GO:0045596,negative regulation of cell differentiation,43,3,0.0025,0.0018411475058873904,0.3812816261791431,0.6801885273314834,605;7291;9241
GO:0006637,acyl-CoA metabolic process,26,2,0.0016666666666666668,0.0011132519803040033,0.38898547060076927,0.6801885273314834,10249;6296
GO:0006783,heme biosynthetic process,26,2,0.0016666666666666668,0.0011132519803040033,0.38898547060076927,0.6801885273314834,210;2235
GO:0007288,sperm axoneme assembly,26,2,0.0016666666666666668,0.0011132519803040033,0.38898547060076927,0.6801885273314834,57639;84217
GO:0019433,triglyceride catabolic process,26,2,0.0016666666666666668,0.0011132519803040033,0.38898547060076927,0.6801885273314834,119548;2171
GO:0030101,natural killer cell activation,26,2,0.0016666666666666668,0.0011132519803040033,0.38898547060076927,0.6801885273314834,80328;962
GO:0034612,response to tumor necrosis factor,26,2,0.0016666666666666668,0.0011132519803040033,0.38898547060076927,0.6801885273314834,3899;8877
GO:0045907,positive regulation of vasoconstriction,26,2,0.0016666666666666668,0.0011132519803040033,0.38898547060076927,0.6801885273314834,146;553
GO:0051881,regulation of mitochondrial membrane potential,26,2,0.0016666666666666668,0.0011132519803040033,0.38898547060076927,0.6801885273314834,5831;83959
GO:0060155,platelet dense granule organization,26,2,0.0016666666666666668,0.0011132519803040033,0.38898547060076927,0.6801885273314834,201294;9002
GO:0061564,axon development,26,2,0.0016666666666666668,0.0011132519803040033,0.38898547060076927,0.6801885273314834,23162;3897
GO:0140467,integrated stress response signaling,26,2,0.0016666666666666668,0.0011132519803040033,0.38898547060076927,0.6801885273314834,1051;55509
GO:0080090,regulation of primary metabolic process,62,4,0.0033333333333333335,0.00265467779918647,0.39537317188287646,0.6801885273314834,10318;10616;4008;53840
GO:0009952,anterior/posterior pattern specification,44,3,0.0025,0.0018839648897452366,0.39538395436326146,0.6801885273314834,3215;3219;84667
GO:0034605,cellular response to heat,44,3,0.0025,0.0018839648897452366,0.39538395436326146,0.6801885273314834,10016;3162;3310
GO:0008104,intracellular protein localization,117,7,0.005833333333333334,0.005009633911368015,0.3955497586363306,0.6801885273314834,117583;120892;405753;4646;8313;9001;9796
GO:0031398,positive regulation of protein ubiquitination,63,4,0.0033333333333333335,0.002697495183044316,0.4071209073949885,0.6801885273314834,11170;120892;57761;8877
GO:0098869,cellular oxidant detoxification,63,4,0.0033333333333333335,0.002697495183044316,0.4071209073949885,0.6801885273314834,23530;2878;55937;5743
GO:0043087,regulation of GTPase activity,27,2,0.0016666666666666668,0.0011560693641618498,0.4073575201414711,0.6801885273314834,10928;150696
GO:0051259,protein complex oligomerization,27,2,0.0016666666666666668,0.0011560693641618498,0.4073575201414711,0.6801885273314834,641;7439
GO:0071168,protein localization to chromatin,27,2,0.0016666666666666668,0.0011560693641618498,0.4073575201414711,0.6801885273314834,29128;5347
GO:1902894,negative regulation of miRNA transcription,27,2,0.0016666666666666668,0.0011560693641618498,0.4073575201414711,0.6801885273314834,5465;7291
GO:1990000,amyloid fibril formation,27,2,0.0016666666666666668,0.0011560693641618498,0.4073575201414711,0.6801885273314834,567;948
GO:2001240,negative regulation of extrinsic apoptotic signaling pathway in absence of ligand,27,2,0.0016666666666666668,0.0011560693641618498,0.4073575201414711,0.6801885273314834,2138;2140
GO:0006006,glucose metabolic process,45,3,0.0025,0.0019267822736030828,0.4093991964627377,0.6801885273314834,130589;3101;5105
GO:0006275,regulation of DNA replication,45,3,0.0025,0.0019267822736030828,0.4093991964627377,0.6801885273314834,125476;83444;890
GO:0009749,response to glucose,45,3,0.0025,0.0019267822736030828,0.4093991964627377,0.6801885273314834,1293;2646;2981
GO:0015914,phospholipid transport,45,3,0.0025,0.0019267822736030828,0.4093991964627377,0.6801885273314834,1071;153768;23250
GO:0030148,sphingolipid biosynthetic process,45,3,0.0025,0.0019267822736030828,0.4093991964627377,0.6801885273314834,54898;5587;8877
GO:0001782,B cell homeostasis,10,1,8.333333333333334e-4,4.2817383857846286e-4,0.4099708190333158,0.6801885273314834,202309
GO:0001946,lymphangiogenesis,10,1,8.333333333333334e-4,4.2817383857846286e-4,0.4099708190333158,0.6801885273314834,5629
GO:0001952,regulation of cell-matrix adhesion,10,1,8.333333333333334e-4,4.2817383857846286e-4,0.4099708190333158,0.6801885273314834,5314
GO:0001963,"synaptic transmission, dopaminergic",10,1,8.333333333333334e-4,4.2817383857846286e-4,0.4099708190333158,0.6801885273314834,1393
GO:0002115,store-operated calcium entry,10,1,8.333333333333334e-4,4.2817383857846286e-4,0.4099708190333158,0.6801885273314834,6345
GO:0003073,regulation of systemic arterial blood pressure,10,1,8.333333333333334e-4,4.2817383857846286e-4,0.4099708190333158,0.6801885273314834,3816
GO:0003140,determination of left/right asymmetry in lateral mesoderm,10,1,8.333333333333334e-4,4.2817383857846286e-4,0.4099708190333158,0.6801885273314834,199699
GO:0003351,epithelial cilium movement involved in extracellular fluid movement,10,1,8.333333333333334e-4,4.2817383857846286e-4,0.4099708190333158,0.6801885273314834,26256
GO:0005979,regulation of glycogen biosynthetic process,10,1,8.333333333333334e-4,4.2817383857846286e-4,0.4099708190333158,0.6801885273314834,3643
GO:0006473,protein acetylation,10,1,8.333333333333334e-4,4.2817383857846286e-4,0.4099708190333158,0.6801885273314834,8877
GO:0006518,peptide metabolic process,10,1,8.333333333333334e-4,4.2817383857846286e-4,0.4099708190333158,0.6801885273314834,4311
GO:0006616,"SRP-dependent cotranslational protein targeting to membrane, translocation",10,1,8.333333333333334e-4,4.2817383857846286e-4,0.4099708190333158,0.6801885273314834,133022
GO:0006620,post-translational protein targeting to endoplasmic reticulum membrane,10,1,8.333333333333334e-4,4.2817383857846286e-4,0.4099708190333158,0.6801885273314834,29082
GO:0006690,icosanoid metabolic process,10,1,8.333333333333334e-4,4.2817383857846286e-4,0.4099708190333158,0.6801885273314834,1573
GO:0007084,mitotic nuclear membrane reassembly,10,1,8.333333333333334e-4,4.2817383857846286e-4,0.4099708190333158,0.6801885273314834,80346
GO:0007175,negative regulation of epidermal growth factor-activated receptor activity,10,1,8.333333333333334e-4,4.2817383857846286e-4,0.4099708190333158,0.6801885273314834,9052
GO:0008406,gonad development,10,1,8.333333333333334e-4,4.2817383857846286e-4,0.4099708190333158,0.6801885273314834,268
GO:0010837,regulation of keratinocyte proliferation,10,1,8.333333333333334e-4,4.2817383857846286e-4,0.4099708190333158,0.6801885273314834,5587
GO:0010954,positive regulation of protein processing,10,1,8.333333333333334e-4,4.2817383857846286e-4,0.4099708190333158,0.6801885273314834,101
GO:0015820,L-leucine transport,10,1,8.333333333333334e-4,4.2817383857846286e-4,0.4099708190333158,0.6801885273314834,8501
GO:0016446,somatic hypermutation of immunoglobulin genes,10,1,8.333333333333334e-4,4.2817383857846286e-4,0.4099708190333158,0.6801885273314834,10721
GO:0017004,cytochrome complex assembly,10,1,8.333333333333334e-4,4.2817383857846286e-4,0.4099708190333158,0.6801885273314834,9997
GO:0019371,cyclooxygenase pathway,10,1,8.333333333333334e-4,4.2817383857846286e-4,0.4099708190333158,0.6801885273314834,5743
GO:0022010,central nervous system myelination,10,1,8.333333333333334e-4,4.2817383857846286e-4,0.4099708190333158,0.6801885273314834,8506
GO:0031509,subtelomeric heterochromatin formation,10,1,8.333333333333334e-4,4.2817383857846286e-4,0.4099708190333158,0.6801885273314834,2146
GO:0032958,inositol phosphate biosynthetic process,10,1,8.333333333333334e-4,4.2817383857846286e-4,0.4099708190333158,0.6801885273314834,3706
GO:0034121,regulation of toll-like receptor signaling pathway,10,1,8.333333333333334e-4,4.2817383857846286e-4,0.4099708190333158,0.6801885273314834,948
GO:0034340,response to type I interferon,10,1,8.333333333333334e-4,4.2817383857846286e-4,0.4099708190333158,0.6801885273314834,9636
GO:0035036,sperm-egg recognition,10,1,8.333333333333334e-4,4.2817383857846286e-4,0.4099708190333158,0.6801885273314834,284359
GO:0035115,embryonic forelimb morphogenesis,10,1,8.333333333333334e-4,4.2817383857846286e-4,0.4099708190333158,0.6801885273314834,7020
GO:0035264,multicellular organism growth,10,1,8.333333333333334e-4,4.2817383857846286e-4,0.4099708190333158,0.6801885273314834,2981
GO:0035360,positive regulation of peroxisome proliferator activated receptor signaling pathway,10,1,8.333333333333334e-4,4.2817383857846286e-4,0.4099708190333158,0.6801885273314834,2171
GO:0035455,response to interferon-alpha,10,1,8.333333333333334e-4,4.2817383857846286e-4,0.4099708190333158,0.6801885273314834,3455
GO:0035723,interleukin-15-mediated signaling pathway,10,1,8.333333333333334e-4,4.2817383857846286e-4,0.4099708190333158,0.6801885273314834,3718
GO:0035767,endothelial cell chemotaxis,10,1,8.333333333333334e-4,4.2817383857846286e-4,0.4099708190333158,0.6801885273314834,8829
GO:0035865,cellular response to potassium ion,10,1,8.333333333333334e-4,4.2817383857846286e-4,0.4099708190333158,0.6801885273314834,1393
GO:0036010,protein localization to endosome,10,1,8.333333333333334e-4,4.2817383857846286e-4,0.4099708190333158,0.6801885273314834,92241
GO:0038083,peptidyl-tyrosine autophosphorylation,10,1,8.333333333333334e-4,4.2817383857846286e-4,0.4099708190333158,0.6801885273314834,4914
GO:0042982,amyloid precursor protein metabolic process,10,1,8.333333333333334e-4,4.2817383857846286e-4,0.4099708190333158,0.6801885273314834,43
GO:0043011,myeloid dendritic cell differentiation,10,1,8.333333333333334e-4,4.2817383857846286e-4,0.4099708190333158,0.6801885273314834,55509
GO:0043086,negative regulation of catalytic activity,10,1,8.333333333333334e-4,4.2817383857846286e-4,0.4099708190333158,0.6801885273314834,7076
GO:0043589,skin morphogenesis,10,1,8.333333333333334e-4,4.2817383857846286e-4,0.4099708190333158,0.6801885273314834,1277
GO:0044320,cellular response to leptin stimulus,10,1,8.333333333333334e-4,4.2817383857846286e-4,0.4099708190333158,0.6801885273314834,890
GO:0045056,transcytosis,10,1,8.333333333333334e-4,4.2817383857846286e-4,0.4099708190333158,0.6801885273314834,177
GO:0045176,apical protein localization,10,1,8.333333333333334e-4,4.2817383857846286e-4,0.4099708190333158,0.6801885273314834,57619
GO:0045475,locomotor rhythm,10,1,8.333333333333334e-4,4.2817383857846286e-4,0.4099708190333158,0.6801885273314834,9099
GO:0045540,regulation of cholesterol biosynthetic process,10,1,8.333333333333334e-4,4.2817383857846286e-4,0.4099708190333158,0.6801885273314834,343
GO:0045580,regulation of T cell differentiation,10,1,8.333333333333334e-4,4.2817383857846286e-4,0.4099708190333158,0.6801885273314834,729230
GO:0045657,positive regulation of monocyte differentiation,10,1,8.333333333333334e-4,4.2817383857846286e-4,0.4099708190333158,0.6801885273314834,1435
GO:0046474,glycerophospholipid biosynthetic process,10,1,8.333333333333334e-4,4.2817383857846286e-4,0.4099708190333158,0.6801885273314834,9362
GO:0050966,detection of mechanical stimulus involved in sensory perception of pain,10,1,8.333333333333334e-4,4.2817383857846286e-4,0.4099708190333158,0.6801885273314834,4914
GO:0051145,smooth muscle cell differentiation,10,1,8.333333333333334e-4,4.2817383857846286e-4,0.4099708190333158,0.6801885273314834,255743
GO:0051156,glucose 6-phosphate metabolic process,10,1,8.333333333333334e-4,4.2817383857846286e-4,0.4099708190333158,0.6801885273314834,3101
GO:0051988,regulation of attachment of spindle microtubules to kinetochore,10,1,8.333333333333334e-4,4.2817383857846286e-4,0.4099708190333158,0.6801885273314834,9735
GO:0060218,hematopoietic stem cell differentiation,10,1,8.333333333333334e-4,4.2817383857846286e-4,0.4099708190333158,0.6801885273314834,55716
GO:0060317,cardiac epithelial to mesenchymal transition,10,1,8.333333333333334e-4,4.2817383857846286e-4,0.4099708190333158,0.6801885273314834,7049
GO:0060397,growth hormone receptor signaling pathway via JAK-STAT,10,1,8.333333333333334e-4,4.2817383857846286e-4,0.4099708190333158,0.6801885273314834,3718
GO:0061053,somite development,10,1,8.333333333333334e-4,4.2817383857846286e-4,0.4099708190333158,0.6801885273314834,84695
GO:0061795,Golgi lumen acidification,10,1,8.333333333333334e-4,4.2817383857846286e-4,0.4099708190333158,0.6801885273314834,523
GO:0071372,cellular response to follicle-stimulating hormone stimulus,10,1,8.333333333333334e-4,4.2817383857846286e-4,0.4099708190333158,0.6801885273314834,1906
GO:0071476,cellular hypotonic response,10,1,8.333333333333334e-4,4.2817383857846286e-4,0.4099708190333158,0.6801885273314834,83959
GO:0071514,genomic imprinting,10,1,8.333333333333334e-4,4.2817383857846286e-4,0.4099708190333158,0.6801885273314834,29947
GO:0072378,"blood coagulation, fibrin clot formation",10,1,8.333333333333334e-4,4.2817383857846286e-4,0.4099708190333158,0.6801885273314834,2155
GO:0090150,establishment of protein localization to membrane,10,1,8.333333333333334e-4,4.2817383857846286e-4,0.4099708190333158,0.6801885273314834,637
GO:0090656,t-circle formation,10,1,8.333333333333334e-4,4.2817383857846286e-4,0.4099708190333158,0.6801885273314834,641
GO:0098883,synapse pruning,10,1,8.333333333333334e-4,4.2817383857846286e-4,0.4099708190333158,0.6801885273314834,1524
GO:0098976,excitatory chemical synaptic transmission,10,1,8.333333333333334e-4,4.2817383857846286e-4,0.4099708190333158,0.6801885273314834,91851
GO:0120186,negative regulation of protein localization to chromatin,10,1,8.333333333333334e-4,4.2817383857846286e-4,0.4099708190333158,0.6801885273314834,9212
GO:0140115,export across plasma membrane,10,1,8.333333333333334e-4,4.2817383857846286e-4,0.4099708190333158,0.6801885273314834,5243
GO:1901799,negative regulation of proteasomal protein catabolic process,10,1,8.333333333333334e-4,4.2817383857846286e-4,0.4099708190333158,0.6801885273314834,210
GO:1901990,regulation of mitotic cell cycle phase transition,10,1,8.333333333333334e-4,4.2817383857846286e-4,0.4099708190333158,0.6801885273314834,5347
GO:1902036,regulation of hematopoietic stem cell differentiation,10,1,8.333333333333334e-4,4.2817383857846286e-4,0.4099708190333158,0.6801885273314834,5008
GO:1902993,positive regulation of amyloid precursor protein catabolic process,10,1,8.333333333333334e-4,4.2817383857846286e-4,0.4099708190333158,0.6801885273314834,177
GO:1904044,response to aldosterone,10,1,8.333333333333334e-4,4.2817383857846286e-4,0.4099708190333158,0.6801885273314834,64170
GO:1905146,lysosomal protein catabolic process,10,1,8.333333333333334e-4,4.2817383857846286e-4,0.4099708190333158,0.6801885273314834,1512
GO:1990314,cellular response to insulin-like growth factor stimulus,10,1,8.333333333333334e-4,4.2817383857846286e-4,0.4099708190333158,0.6801885273314834,890
GO:1990859,cellular response to endothelin,10,1,8.333333333333334e-4,4.2817383857846286e-4,0.4099708190333158,0.6801885273314834,5587
GO:2000369,regulation of clathrin-dependent endocytosis,10,1,8.333333333333334e-4,4.2817383857846286e-4,0.4099708190333158,0.6801885273314834,6457
GO:2000738,positive regulation of stem cell differentiation,10,1,8.333333333333334e-4,4.2817383857846286e-4,0.4099708190333158,0.6801885273314834,2494
GO:2001233,regulation of apoptotic signaling pathway,10,1,8.333333333333334e-4,4.2817383857846286e-4,0.4099708190333158,0.6801885273314834,637
GO:0009306,protein secretion,46,3,0.0025,0.0019695996574609293,0.423313134172432,0.6801885273314834,379;55240;57333
GO:0030307,positive regulation of cell growth,83,5,0.004166666666666667,0.0035538428602012416,0.42411648151878856,0.6801885273314834,1956;3373;7349;80736;8877
GO:0001933,negative regulation of protein phosphorylation,28,2,0.0016666666666666668,0.001198886748019696,0.42545640975755683,0.6801885273314834,199731;5783
GO:0002224,toll-like receptor signaling pathway,28,2,0.0016666666666666668,0.001198886748019696,0.42545640975755683,0.6801885273314834,64922;7098
GO:0008089,anterograde axonal transport,28,2,0.0016666666666666668,0.001198886748019696,0.42545640975755683,0.6801885273314834,24137;9001
GO:0010564,regulation of cell cycle process,28,2,0.0016666666666666668,0.001198886748019696,0.42545640975755683,0.6801885273314834,5347;899
GO:0015012,heparan sulfate proteoglycan biosynthetic process,28,2,0.0016666666666666668,0.001198886748019696,0.42545640975755683,0.6801885273314834,8509;90161
GO:0019233,sensory perception of pain,28,2,0.0016666666666666668,0.001198886748019696,0.42545640975755683,0.6801885273314834,4311;729230
GO:0030511,positive regulation of transforming growth factor beta receptor signaling pathway,28,2,0.0016666666666666668,0.001198886748019696,0.42545640975755683,0.6801885273314834,2805;7049
GO:0035987,endodermal cell differentiation,28,2,0.0016666666666666668,0.001198886748019696,0.42545640975755683,0.6801885273314834,1295;1301
GO:0042178,xenobiotic catabolic process,28,2,0.0016666666666666668,0.001198886748019696,0.42545640975755683,0.6801885273314834,1576;8856
GO:0042476,odontogenesis,28,2,0.0016666666666666668,0.001198886748019696,0.42545640975755683,0.6801885273314834,360;8313
GO:0043588,skin development,28,2,0.0016666666666666668,0.001198886748019696,0.42545640975755683,0.6801885273314834,1289;50509
GO:0045665,negative regulation of neuron differentiation,28,2,0.0016666666666666668,0.001198886748019696,0.42545640975755683,0.6801885273314834,1840;655
GO:0045773,positive regulation of axon extension,28,2,0.0016666666666666668,0.001198886748019696,0.42545640975755683,0.6801885273314834,3728;3897
GO:0046326,positive regulation of D-glucose import across plasma membrane,28,2,0.0016666666666666668,0.001198886748019696,0.42545640975755683,0.6801885273314834,100506658;3643
GO:0051281,positive regulation of release of sequestered calcium ion into cytosol,28,2,0.0016666666666666668,0.001198886748019696,0.42545640975755683,0.6801885273314834,187;9002
GO:0060071,"Wnt signaling pathway, planar cell polarity pathway",28,2,0.0016666666666666668,0.001198886748019696,0.42545640975755683,0.6801885273314834,1951;7477
GO:0099149,regulation of postsynaptic neurotransmitter receptor internalization,28,2,0.0016666666666666668,0.001198886748019696,0.42545640975755683,0.6801885273314834,23237;55061
GO:1902017,regulation of cilium assembly,28,2,0.0016666666666666668,0.001198886748019696,0.42545640975755683,0.6801885273314834,23345;8814
GO:0042149,cellular response to glucose starvation,47,3,0.0025,0.0020124170413187755,0.4371125147953,0.6801885273314834,123;440;80315
GO:0000027,ribosomal large subunit assembly,11,1,8.333333333333334e-4,4.7099122243630915e-4,0.4403000123149613,0.6801885273314834,4839
GO:0000050,urea cycle,11,1,8.333333333333334e-4,4.7099122243630915e-4,0.4403000123149613,0.6801885273314834,79814
GO:0000470,maturation of LSU-rRNA,11,1,8.333333333333334e-4,4.7099122243630915e-4,0.4403000123149613,0.6801885273314834,4839
GO:0000729,DNA double-strand break processing,11,1,8.333333333333334e-4,4.7099122243630915e-4,0.4403000123149613,0.6801885273314834,641
GO:0001504,neurotransmitter uptake,11,1,8.333333333333334e-4,4.7099122243630915e-4,0.4403000123149613,0.6801885273314834,6531
GO:0002446,neutrophil mediated immunity,11,1,8.333333333333334e-4,4.7099122243630915e-4,0.4403000123149613,0.6801885273314834,64170
GO:0003084,positive regulation of systemic arterial blood pressure,11,1,8.333333333333334e-4,4.7099122243630915e-4,0.4403000123149613,0.6801885273314834,10874
GO:0003254,regulation of membrane depolarization,11,1,8.333333333333334e-4,4.7099122243630915e-4,0.4403000123149613,0.6801885273314834,567
GO:0006264,mitochondrial DNA replication,11,1,8.333333333333334e-4,4.7099122243630915e-4,0.4403000123149613,0.6801885273314834,11232
GO:0006703,estrogen biosynthetic process,11,1,8.333333333333334e-4,4.7099122243630915e-4,0.4403000123149613,0.6801885273314834,50700
GO:0006739,NADP+ metabolic process,11,1,8.333333333333334e-4,4.7099122243630915e-4,0.4403000123149613,0.6801885273314834,5091
GO:0006751,glutathione catabolic process,11,1,8.333333333333334e-4,4.7099122243630915e-4,0.4403000123149613,0.6801885273314834,79094
GO:0009303,rRNA transcription,11,1,8.333333333333334e-4,4.7099122243630915e-4,0.4403000123149613,0.6801885273314834,283
GO:0010458,exit from mitosis,11,1,8.333333333333334e-4,4.7099122243630915e-4,0.4403000123149613,0.6801885273314834,11065
GO:0010646,regulation of cell communication,11,1,8.333333333333334e-4,4.7099122243630915e-4,0.4403000123149613,0.6801885273314834,5008
GO:0010888,negative regulation of lipid storage,11,1,8.333333333333334e-4,4.7099122243630915e-4,0.4403000123149613,0.6801885273314834,9619
GO:0010917,negative regulation of mitochondrial membrane potential,11,1,8.333333333333334e-4,4.7099122243630915e-4,0.4403000123149613,0.6801885273314834,664
GO:0015867,ATP transport,11,1,8.333333333333334e-4,4.7099122243630915e-4,0.4403000123149613,0.6801885273314834,63910
GO:0016070,RNA metabolic process,11,1,8.333333333333334e-4,4.7099122243630915e-4,0.4403000123149613,0.6801885273314834,10535
GO:0016242,negative regulation of macroautophagy,11,1,8.333333333333334e-4,4.7099122243630915e-4,0.4403000123149613,0.6801885273314834,120892
GO:0016554,cytidine to uridine editing,11,1,8.333333333333334e-4,4.7099122243630915e-4,0.4403000123149613,0.6801885273314834,54502
GO:0030318,melanocyte differentiation,11,1,8.333333333333334e-4,4.7099122243630915e-4,0.4403000123149613,0.6801885273314834,7306
GO:0032511,late endosome to vacuole transport via multivesicular body sorting pathway,11,1,8.333333333333334e-4,4.7099122243630915e-4,0.4403000123149613,0.6801885273314834,29082
GO:0034165,positive regulation of toll-like receptor 9 signaling pathway,11,1,8.333333333333334e-4,4.7099122243630915e-4,0.4403000123149613,0.6801885273314834,1956
GO:0034454,microtubule anchoring at centrosome,11,1,8.333333333333334e-4,4.7099122243630915e-4,0.4403000123149613,0.6801885273314834,22981
GO:0034755,iron ion transmembrane transport,11,1,8.333333333333334e-4,4.7099122243630915e-4,0.4403000123149613,0.6801885273314834,6556
GO:0035729,cellular response to hepatocyte growth factor stimulus,11,1,8.333333333333334e-4,4.7099122243630915e-4,0.4403000123149613,0.6801885273314834,8829
GO:0035904,aorta development,11,1,8.333333333333334e-4,4.7099122243630915e-4,0.4403000123149613,0.6801885273314834,187
GO:0042438,melanin biosynthetic process,11,1,8.333333333333334e-4,4.7099122243630915e-4,0.4403000123149613,0.6801885273314834,7306
GO:0043117,positive regulation of vascular permeability,11,1,8.333333333333334e-4,4.7099122243630915e-4,0.4403000123149613,0.6801885273314834,7349
GO:0043392,negative regulation of DNA binding,11,1,8.333333333333334e-4,4.7099122243630915e-4,0.4403000123149613,0.6801885273314834,387082
GO:0043405,regulation of MAP kinase activity,11,1,8.333333333333334e-4,4.7099122243630915e-4,0.4403000123149613,0.6801885273314834,57761
GO:0043407,negative regulation of MAP kinase activity,11,1,8.333333333333334e-4,4.7099122243630915e-4,0.4403000123149613,0.6801885273314834,10636
GO:0044029,positive regulation of gene expression via chromosomal CpG island demethylation,11,1,8.333333333333334e-4,4.7099122243630915e-4,0.4403000123149613,0.6801885273314834,200424
GO:0046325,negative regulation of D-glucose import across plasma membrane,11,1,8.333333333333334e-4,4.7099122243630915e-4,0.4403000123149613,0.6801885273314834,2887
GO:0046479,glycosphingolipid catabolic process,11,1,8.333333333333334e-4,4.7099122243630915e-4,0.4403000123149613,0.6801885273314834,2760
GO:0048265,response to pain,11,1,8.333333333333334e-4,4.7099122243630915e-4,0.4403000123149613,0.6801885273314834,7349
GO:0048485,sympathetic nervous system development,11,1,8.333333333333334e-4,4.7099122243630915e-4,0.4403000123149613,0.6801885273314834,4914
GO:0048745,smooth muscle tissue development,11,1,8.333333333333334e-4,4.7099122243630915e-4,0.4403000123149613,0.6801885273314834,64220
GO:0050848,regulation of calcium-mediated signaling,11,1,8.333333333333334e-4,4.7099122243630915e-4,0.4403000123149613,0.6801885273314834,9104
GO:0051469,vesicle fusion with vacuole,11,1,8.333333333333334e-4,4.7099122243630915e-4,0.4403000123149613,0.6801885273314834,29082
GO:0051646,mitochondrion localization,11,1,8.333333333333334e-4,4.7099122243630915e-4,0.4403000123149613,0.6801885273314834,120892
GO:0055001,muscle cell development,11,1,8.333333333333334e-4,4.7099122243630915e-4,0.4403000123149613,0.6801885273314834,88
GO:0055003,cardiac myofibril assembly,11,1,8.333333333333334e-4,4.7099122243630915e-4,0.4403000123149613,0.6801885273314834,7273
GO:0055008,cardiac muscle tissue morphogenesis,11,1,8.333333333333334e-4,4.7099122243630915e-4,0.4403000123149613,0.6801885273314834,7273
GO:0060135,maternal process involved in female pregnancy,11,1,8.333333333333334e-4,4.7099122243630915e-4,0.4403000123149613,0.6801885273314834,84868
GO:0060402,calcium ion transport into cytosol,11,1,8.333333333333334e-4,4.7099122243630915e-4,0.4403000123149613,0.6801885273314834,6546
GO:0061052,negative regulation of cell growth involved in cardiac muscle cell development,11,1,8.333333333333334e-4,4.7099122243630915e-4,0.4403000123149613,0.6801885273314834,5465
GO:0061178,regulation of insulin secretion involved in cellular response to glucose stimulus,11,1,8.333333333333334e-4,4.7099122243630915e-4,0.4403000123149613,0.6801885273314834,26154
GO:0071305,cellular response to vitamin D,11,1,8.333333333333334e-4,4.7099122243630915e-4,0.4403000123149613,0.6801885273314834,1594
GO:0071902,positive regulation of protein serine/threonine kinase activity,11,1,8.333333333333334e-4,4.7099122243630915e-4,0.4403000123149613,0.6801885273314834,2146
GO:0097264,self proteolysis,11,1,8.333333333333334e-4,4.7099122243630915e-4,0.4403000123149613,0.6801885273314834,22861
GO:0097267,omega-hydroxylase P450 pathway,11,1,8.333333333333334e-4,4.7099122243630915e-4,0.4403000123149613,0.6801885273314834,1579
GO:0098911,regulation of ventricular cardiac muscle cell action potential,11,1,8.333333333333334e-4,4.7099122243630915e-4,0.4403000123149613,0.6801885273314834,3728
GO:0140052,cellular response to oxidised low-density lipoprotein particle stimulus,11,1,8.333333333333334e-4,4.7099122243630915e-4,0.4403000123149613,0.6801885273314834,948
GO:0141005,transposable element silencing by heterochromatin formation,11,1,8.333333333333334e-4,4.7099122243630915e-4,0.4403000123149613,0.6801885273314834,29947
GO:1901838,positive regulation of transcription of nucleolar large rRNA by RNA polymerase I,11,1,8.333333333333334e-4,4.7099122243630915e-4,0.4403000123149613,0.6801885273314834,1663
GO:1902902,negative regulation of autophagosome assembly,11,1,8.333333333333334e-4,4.7099122243630915e-4,0.4403000123149613,0.6801885273314834,120892
GO:1904861,excitatory synapse assembly,11,1,8.333333333333334e-4,4.7099122243630915e-4,0.4403000123149613,0.6801885273314834,22871
GO:1990748,cellular detoxification,11,1,8.333333333333334e-4,4.7099122243630915e-4,0.4403000123149613,0.6801885273314834,343
GO:1990776,response to angiotensin,11,1,8.333333333333334e-4,4.7099122243630915e-4,0.4403000123149613,0.6801885273314834,9365
GO:2000048,negative regulation of cell-cell adhesion mediated by cadherin,11,1,8.333333333333334e-4,4.7099122243630915e-4,0.4403000123149613,0.6801885273314834,5340
GO:2000766,negative regulation of cytoplasmic translation,11,1,8.333333333333334e-4,4.7099122243630915e-4,0.4403000123149613,0.6801885273314834,80315
GO:2001256,regulation of store-operated calcium entry,11,1,8.333333333333334e-4,4.7099122243630915e-4,0.4403000123149613,0.6801885273314834,90139
GO:0005977,glycogen metabolic process,29,2,0.0016666666666666668,0.0012417041318775422,0.44326170165869494,0.6801885273314834,5502;7957
GO:0008015,blood circulation,29,2,0.0016666666666666668,0.0012417041318775422,0.44326170165869494,0.6801885273314834,3363;719
GO:0008016,regulation of heart contraction,29,2,0.0016666666666666668,0.0012417041318775422,0.44326170165869494,0.6801885273314834,1573;7139
GO:0008210,estrogen metabolic process,29,2,0.0016666666666666668,0.0012417041318775422,0.44326170165869494,0.6801885273314834,1576;54578
GO:0031032,actomyosin structure organization,29,2,0.0016666666666666668,0.0012417041318775422,0.44326170165869494,0.6801885273314834,54566;79784
GO:0032467,positive regulation of cytokinesis,29,2,0.0016666666666666668,0.0012417041318775422,0.44326170165869494,0.6801885273314834,9212;9928
GO:0035567,non-canonical Wnt signaling pathway,29,2,0.0016666666666666668,0.0012417041318775422,0.44326170165869494,0.6801885273314834,1454;8321
GO:1900017,positive regulation of cytokine production involved in inflammatory response,29,2,0.0016666666666666668,0.0012417041318775422,0.44326170165869494,0.6801885273314834,64170;7098
GO:1900227,positive regulation of NLRP3 inflammasome complex assembly,29,2,0.0016666666666666668,0.0012417041318775422,0.44326170165869494,0.6801885273314834,5587;948
GO:1905606,regulation of presynapse assembly,29,2,0.0016666666666666668,0.0012417041318775422,0.44326170165869494,0.6801885273314834,8321;84628
GO:0030163,protein catabolic process,85,5,0.004166666666666667,0.003639477627916934,0.44451082352951943,0.6801885273314834,11200;1512;26249;4311;7345
GO:0000423,mitophagy,48,3,0.0025,0.0020552344251766217,0.450785026791901,0.6801885273314834,23092;664;987
GO:0043124,negative regulation of canonical NF-kappaB signal transduction,86,5,0.004166666666666667,0.0036822950117747807,0.4546421059118063,0.6801885273314834,10318;307;4345;7049;7105
GO:0046718,symbiont entry into host cell,105,6,0.005,0.00449582530507386,0.4549260462763267,0.6801885273314834,1956;26762;2993;3643;553;8829
GO:0001676,long-chain fatty acid metabolic process,30,2,0.0016666666666666668,0.0012845215157353885,0.4607557755254762,0.6801885273314834,11001;1579
GO:0002027,regulation of heart rate,30,2,0.0016666666666666668,0.0012845215157353885,0.4607557755254762,0.6801885273314834,6474;6546
GO:0007626,locomotory behavior,30,2,0.0016666666666666668,0.0012845215157353885,0.4607557755254762,0.6801885273314834,18;51083
GO:0010557,positive regulation of macromolecule biosynthetic process,30,2,0.0016666666666666668,0.0012845215157353885,0.4607557755254762,0.6801885273314834,200424;3643
GO:0042220,response to cocaine,30,2,0.0016666666666666668,0.0012845215157353885,0.4607557755254762,0.6801885273314834,18;2912
GO:0060828,regulation of canonical Wnt signaling pathway,30,2,0.0016666666666666668,0.0012845215157353885,0.4607557755254762,0.6801885273314834,120892;84133
GO:0071897,DNA biosynthetic process,30,2,0.0016666666666666668,0.0012845215157353885,0.4607557755254762,0.6801885273314834,1063;11232
GO:0097746,blood vessel diameter maintenance,30,2,0.0016666666666666668,0.0012845215157353885,0.4607557755254762,0.6801885273314834,1906;5028
GO:0007157,heterophilic cell-cell adhesion,49,3,0.0025,0.002098051809034468,0.46431927339047163,0.6801885273314834,22871;7412;83872
GO:0001764,neuron migration,68,4,0.0033333333333333335,0.0029115821023335473,0.4649968797327825,0.6801885273314834,347733;51225;80128;8829
GO:0006470,protein dephosphorylation,68,4,0.0033333333333333335,0.0029115821023335473,0.4649968797327825,0.6801885273314834,1852;5783;5794;7957
GO:0001556,oocyte maturation,12,1,8.333333333333334e-4,5.138086062941554e-4,0.4690714304618966,0.6801885273314834,283
GO:0001960,negative regulation of cytokine-mediated signaling pathway,12,1,8.333333333333334e-4,5.138086062941554e-4,0.4690714304618966,0.6801885273314834,3589
GO:0002726,positive regulation of T cell cytokine production,12,1,8.333333333333334e-4,5.138086062941554e-4,0.4690714304618966,0.6801885273314834,567
GO:0002768,immune response-regulating cell surface receptor signaling pathway,12,1,8.333333333333334e-4,5.138086062941554e-4,0.4690714304618966,0.6801885273314834,10451
GO:0002826,negative regulation of T-helper 1 type immune response,12,1,8.333333333333334e-4,5.138086062941554e-4,0.4690714304618966,0.6801885273314834,84868
GO:0003085,negative regulation of systemic arterial blood pressure,12,1,8.333333333333334e-4,5.138086062941554e-4,0.4690714304618966,0.6801885273314834,9365
GO:0006171,cAMP biosynthetic process,12,1,8.333333333333334e-4,5.138086062941554e-4,0.4690714304618966,0.6801885273314834,108
GO:0006541,glutamine metabolic process,12,1,8.333333333333334e-4,5.138086062941554e-4,0.4690714304618966,0.6801885273314834,92292
GO:0010524,positive regulation of calcium ion transport into cytosol,12,1,8.333333333333334e-4,5.138086062941554e-4,0.4690714304618966,0.6801885273314834,5026
GO:0010972,negative regulation of G2/M transition of mitotic cell cycle,12,1,8.333333333333334e-4,5.138086062941554e-4,0.4690714304618966,0.6801885273314834,2273
GO:0021983,pituitary gland development,12,1,8.333333333333334e-4,5.138086062941554e-4,0.4690714304618966,0.6801885273314834,999
GO:0022604,regulation of cell morphogenesis,12,1,8.333333333333334e-4,5.138086062941554e-4,0.4690714304618966,0.6801885273314834,752
GO:0030042,actin filament depolymerization,12,1,8.333333333333334e-4,5.138086062941554e-4,0.4690714304618966,0.6801885273314834,64780
GO:0031103,axon regeneration,12,1,8.333333333333334e-4,5.138086062941554e-4,0.4690714304618966,0.6801885273314834,23162
GO:0031115,negative regulation of microtubule polymerization,12,1,8.333333333333334e-4,5.138086062941554e-4,0.4690714304618966,0.6801885273314834,1003
GO:0031665,negative regulation of lipopolysaccharide-mediated signaling pathway,12,1,8.333333333333334e-4,5.138086062941554e-4,0.4690714304618966,0.6801885273314834,11027
GO:0032228,"regulation of synaptic transmission, GABAergic",12,1,8.333333333333334e-4,5.138086062941554e-4,0.4690714304618966,0.6801885273314834,5334
GO:0032446,protein modification by small protein conjugation,12,1,8.333333333333334e-4,5.138086062941554e-4,0.4690714304618966,0.6801885273314834,11065
GO:0032886,regulation of microtubule-based process,12,1,8.333333333333334e-4,5.138086062941554e-4,0.4690714304618966,0.6801885273314834,9212
GO:0034162,toll-like receptor 9 signaling pathway,12,1,8.333333333333334e-4,5.138086062941554e-4,0.4690714304618966,0.6801885273314834,84868
GO:0034975,protein folding in endoplasmic reticulum,12,1,8.333333333333334e-4,5.138086062941554e-4,0.4690714304618966,0.6801885273314834,10551
GO:0035092,sperm DNA condensation,12,1,8.333333333333334e-4,5.138086062941554e-4,0.4690714304618966,0.6801885273314834,26038
GO:0035295,tube development,12,1,8.333333333333334e-4,5.138086062941554e-4,0.4690714304618966,0.6801885273314834,5629
GO:0035493,SNARE complex assembly,12,1,8.333333333333334e-4,5.138086062941554e-4,0.4690714304618966,0.6801885273314834,6843
GO:0035542,regulation of SNARE complex assembly,12,1,8.333333333333334e-4,5.138086062941554e-4,0.4690714304618966,0.6801885273314834,120892
GO:0038180,nerve growth factor signaling pathway,12,1,8.333333333333334e-4,5.138086062941554e-4,0.4690714304618966,0.6801885273314834,4914
GO:0042129,regulation of T cell proliferation,12,1,8.333333333333334e-4,5.138086062941554e-4,0.4690714304618966,0.6801885273314834,944
GO:0042659,regulation of cell fate specification,12,1,8.333333333333334e-4,5.138086062941554e-4,0.4690714304618966,0.6801885273314834,1107
GO:0042761,very long-chain fatty acid biosynthetic process,12,1,8.333333333333334e-4,5.138086062941554e-4,0.4690714304618966,0.6801885273314834,54898
GO:0043335,protein unfolding,12,1,8.333333333333334e-4,5.138086062941554e-4,0.4690714304618966,0.6801885273314834,51129
GO:0043653,mitochondrial fragmentation involved in apoptotic process,12,1,8.333333333333334e-4,5.138086062941554e-4,0.4690714304618966,0.6801885273314834,664
GO:0044794,host-mediated activation of viral process,12,1,8.333333333333334e-4,5.138086062941554e-4,0.4690714304618966,0.6801885273314834,5091
GO:0045446,endothelial cell differentiation,12,1,8.333333333333334e-4,5.138086062941554e-4,0.4690714304618966,0.6801885273314834,3791
GO:0045933,positive regulation of muscle contraction,12,1,8.333333333333334e-4,5.138086062941554e-4,0.4690714304618966,0.6801885273314834,785
GO:0046209,nitric oxide metabolic process,12,1,8.333333333333334e-4,5.138086062941554e-4,0.4690714304618966,0.6801885273314834,5465
GO:0046598,positive regulation of viral entry into host cell,12,1,8.333333333333334e-4,5.138086062941554e-4,0.4690714304618966,0.6801885273314834,3956
GO:0046688,response to copper ion,12,1,8.333333333333334e-4,5.138086062941554e-4,0.4690714304618966,0.6801885273314834,3931
GO:0046907,intracellular transport,12,1,8.333333333333334e-4,5.138086062941554e-4,0.4690714304618966,0.6801885273314834,9829
GO:0048023,positive regulation of melanin biosynthetic process,12,1,8.333333333333334e-4,5.138086062941554e-4,0.4690714304618966,0.6801885273314834,7306
GO:0048266,behavioral response to pain,12,1,8.333333333333334e-4,5.138086062941554e-4,0.4690714304618966,0.6801885273314834,6328
GO:0048566,embryonic digestive tract development,12,1,8.333333333333334e-4,5.138086062941554e-4,0.4690714304618966,0.6801885273314834,64220
GO:0048738,cardiac muscle tissue development,12,1,8.333333333333334e-4,5.138086062941554e-4,0.4690714304618966,0.6801885273314834,655
GO:0048754,branching morphogenesis of an epithelial tube,12,1,8.333333333333334e-4,5.138086062941554e-4,0.4690714304618966,0.6801885273314834,5314
GO:0050872,white fat cell differentiation,12,1,8.333333333333334e-4,5.138086062941554e-4,0.4690714304618966,0.6801885273314834,8864
GO:0050885,neuromuscular process controlling balance,12,1,8.333333333333334e-4,5.138086062941554e-4,0.4690714304618966,0.6801885273314834,8506
GO:0051549,positive regulation of keratinocyte migration,12,1,8.333333333333334e-4,5.138086062941554e-4,0.4690714304618966,0.6801885273314834,54566
GO:0051930,regulation of sensory perception of pain,12,1,8.333333333333334e-4,5.138086062941554e-4,0.4690714304618966,0.6801885273314834,2171
GO:0061763,multivesicular body-lysosome fusion,12,1,8.333333333333334e-4,5.138086062941554e-4,0.4690714304618966,0.6801885273314834,29082
GO:0070213,protein auto-ADP-ribosylation,12,1,8.333333333333334e-4,5.138086062941554e-4,0.4690714304618966,0.6801885273314834,56965
GO:0070268,cornification,12,1,8.333333333333334e-4,5.138086062941554e-4,0.4690714304618966,0.6801885273314834,5266
GO:0070885,negative regulation of calcineurin-NFAT signaling cascade,12,1,8.333333333333334e-4,5.138086062941554e-4,0.4690714304618966,0.6801885273314834,58529
GO:0071425,hematopoietic stem cell proliferation,12,1,8.333333333333334e-4,5.138086062941554e-4,0.4690714304618966,0.6801885273314834,283
GO:0071639,positive regulation of monocyte chemotactic protein-1 production,12,1,8.333333333333334e-4,5.138086062941554e-4,0.4690714304618966,0.6801885273314834,7291
GO:0071679,commissural neuron axon guidance,12,1,8.333333333333334e-4,5.138086062941554e-4,0.4690714304618966,0.6801885273314834,8829
GO:0086010,membrane depolarization during action potential,12,1,8.333333333333334e-4,5.138086062941554e-4,0.4690714304618966,0.6801885273314834,6328
GO:0097091,synaptic vesicle clustering,12,1,8.333333333333334e-4,5.138086062941554e-4,0.4690714304618966,0.6801885273314834,22871
GO:0097150,neuronal stem cell population maintenance,12,1,8.333333333333334e-4,5.138086062941554e-4,0.4690714304618966,0.6801885273314834,5629
GO:1904507,positive regulation of telomere maintenance in response to DNA damage,12,1,8.333333333333334e-4,5.138086062941554e-4,0.4690714304618966,0.6801885273314834,125476
GO:1905907,negative regulation of amyloid fibril formation,12,1,8.333333333333334e-4,5.138086062941554e-4,0.4690714304618966,0.6801885273314834,5204
GO:1990535,neuron projection maintenance,12,1,8.333333333333334e-4,5.138086062941554e-4,0.4690714304618966,0.6801885273314834,3643
GO:1990845,adaptive thermogenesis,12,1,8.333333333333334e-4,5.138086062941554e-4,0.4690714304618966,0.6801885273314834,291
GO:0030097,hemopoiesis,50,3,0.0025,0.002140869192892314,0.47770474461817325,0.6850541353372687,56917;7010;9833
GO:0043409,negative regulation of MAPK cascade,50,3,0.0025,0.002140869192892314,0.47770474461817325,0.6850541353372687,5037;57761;7345
GO:0071320,cellular response to cAMP,50,3,0.0025,0.002140869192892314,0.47770474461817325,0.6850541353372687,1393;2203;343
GO:0001843,neural tube closure,31,2,0.0016666666666666668,0.001327338899593235,0.47792359335229817,0.6850541353372687,23242;79977
GO:0032691,negative regulation of interleukin-1 beta production,31,2,0.0016666666666666668,0.001327338899593235,0.47792359335229817,0.6850541353372687,1524;388323
GO:0033554,cellular response to stress,31,2,0.0016666666666666668,0.001327338899593235,0.47792359335229817,0.6850541353372687,11200;637
GO:0045648,positive regulation of erythrocyte differentiation,31,2,0.0016666666666666668,0.001327338899593235,0.47792359335229817,0.6850541353372687,2113;9636
GO:0045824,negative regulation of innate immune response,31,2,0.0016666666666666668,0.001327338899593235,0.47792359335229817,0.6850541353372687,84868;9212
GO:0007193,adenylate cyclase-inhibiting G protein-coupled receptor signaling pathway,70,4,0.0033333333333333335,0.00299721687004924,0.48759497714993416,0.6850541353372687,187;5028;64805;719
GO:0030178,negative regulation of Wnt signaling pathway,51,3,0.0025,0.0021836865767501604,0.4909317880772853,0.6850541353372687,2887;8313;84133
GO:0031397,negative regulation of protein ubiquitination,51,3,0.0025,0.0021836865767501604,0.4909317880772853,0.6850541353372687,84707;8864;9636
GO:0050890,cognition,51,3,0.0025,0.0021836865767501604,0.4909317880772853,0.6850541353372687,11170;3122;64220
GO:0030010,establishment of cell polarity,32,2,0.0016666666666666668,0.0013701562834510812,0.49475248098495717,0.6850541353372687,117583;143098
GO:0042267,natural killer cell mediated cytotoxicity,32,2,0.0016666666666666668,0.0013701562834510812,0.49475248098495717,0.6850541353372687,55876;80328
GO:0048870,cell motility,32,2,0.0016666666666666668,0.0013701562834510812,0.49475248098495717,0.6850541353372687,2113;9844
GO:0000012,single strand break repair,13,1,8.333333333333334e-4,5.566259901520017e-4,0.4963650209792131,0.6850541353372687,55247
GO:0001682,tRNA 5'-leader removal,13,1,8.333333333333334e-4,5.566259901520017e-4,0.4963650209792131,0.6850541353372687,79897
GO:0001823,mesonephros development,13,1,8.333333333333334e-4,5.566259901520017e-4,0.4963650209792131,0.6850541353372687,655
GO:0001932,regulation of protein phosphorylation,13,1,8.333333333333334e-4,5.566259901520017e-4,0.4963650209792131,0.6850541353372687,199731
GO:0002752,cell surface pattern recognition receptor signaling pathway,13,1,8.333333333333334e-4,5.566259901520017e-4,0.4963650209792131,0.6850541353372687,2867
GO:0005980,glycogen catabolic process,13,1,8.333333333333334e-4,5.566259901520017e-4,0.4963650209792131,0.6850541353372687,178
GO:0006110,regulation of glycolytic process,13,1,8.333333333333334e-4,5.566259901520017e-4,0.4963650209792131,0.6850541353372687,2646
GO:0007585,respiratory gaseous exchange by respiratory system,13,1,8.333333333333334e-4,5.566259901520017e-4,0.4963650209792131,0.6850541353372687,653509
GO:0009435,NAD+ biosynthetic process,13,1,8.333333333333334e-4,5.566259901520017e-4,0.4963650209792131,0.6850541353372687,55191
GO:0010838,positive regulation of keratinocyte proliferation,13,1,8.333333333333334e-4,5.566259901520017e-4,0.4963650209792131,0.6850541353372687,4192
GO:0010944,negative regulation of transcription by competitive promoter binding,13,1,8.333333333333334e-4,5.566259901520017e-4,0.4963650209792131,0.6850541353372687,7020
GO:0014911,positive regulation of smooth muscle cell migration,13,1,8.333333333333334e-4,5.566259901520017e-4,0.4963650209792131,0.6850541353372687,8829
GO:0015693,magnesium ion transport,13,1,8.333333333333334e-4,5.566259901520017e-4,0.4963650209792131,0.6850541353372687,84102
GO:0019674,NAD+ metabolic process,13,1,8.333333333333334e-4,5.566259901520017e-4,0.4963650209792131,0.6850541353372687,5091
GO:0030497,fatty acid elongation,13,1,8.333333333333334e-4,5.566259901520017e-4,0.4963650209792131,0.6850541353372687,54898
GO:0030949,positive regulation of vascular endothelial growth factor receptor signaling pathway,13,1,8.333333333333334e-4,5.566259901520017e-4,0.4963650209792131,0.6850541353372687,2887
GO:0031641,regulation of myelination,13,1,8.333333333333334e-4,5.566259901520017e-4,0.4963650209792131,0.6850541353372687,9928
GO:0032479,regulation of type I interferon production,13,1,8.333333333333334e-4,5.566259901520017e-4,0.4963650209792131,0.6850541353372687,64081
GO:0032966,negative regulation of collagen biosynthetic process,13,1,8.333333333333334e-4,5.566259901520017e-4,0.4963650209792131,0.6850541353372687,2805
GO:0034638,phosphatidylcholine catabolic process,13,1,8.333333333333334e-4,5.566259901520017e-4,0.4963650209792131,0.6850541353372687,5168
GO:0035050,embryonic heart tube development,13,1,8.333333333333334e-4,5.566259901520017e-4,0.4963650209792131,0.6850541353372687,1906
GO:0040037,negative regulation of fibroblast growth factor receptor signaling pathway,13,1,8.333333333333334e-4,5.566259901520017e-4,0.4963650209792131,0.6850541353372687,10252
GO:0042692,muscle cell differentiation,13,1,8.333333333333334e-4,5.566259901520017e-4,0.4963650209792131,0.6850541353372687,23345
GO:0042953,lipoprotein transport,13,1,8.333333333333334e-4,5.566259901520017e-4,0.4963650209792131,0.6850541353372687,948
GO:0044027,negative regulation of gene expression via chromosomal CpG island methylation,13,1,8.333333333333334e-4,5.566259901520017e-4,0.4963650209792131,0.6850541353372687,29128
GO:0045910,negative regulation of DNA recombination,13,1,8.333333333333334e-4,5.566259901520017e-4,0.4963650209792131,0.6850541353372687,641
GO:0046761,viral budding from plasma membrane,13,1,8.333333333333334e-4,5.566259901520017e-4,0.4963650209792131,0.6850541353372687,29082
GO:0046839,phospholipid dephosphorylation,13,1,8.333333333333334e-4,5.566259901520017e-4,0.4963650209792131,0.6850541353372687,2053
GO:0048388,endosomal lumen acidification,13,1,8.333333333333334e-4,5.566259901520017e-4,0.4963650209792131,0.6850541353372687,523
GO:0050910,detection of mechanical stimulus involved in sensory perception of sound,13,1,8.333333333333334e-4,5.566259901520017e-4,0.4963650209792131,0.6850541353372687,1301
GO:0051014,actin filament severing,13,1,8.333333333333334e-4,5.566259901520017e-4,0.4963650209792131,0.6850541353372687,752
GO:0051094,positive regulation of developmental process,13,1,8.333333333333334e-4,5.566259901520017e-4,0.4963650209792131,0.6850541353372687,2321
GO:0051412,response to corticosterone,13,1,8.333333333333334e-4,5.566259901520017e-4,0.4963650209792131,0.6850541353372687,595
GO:0060213,positive regulation of nuclear-transcribed mRNA poly(A) tail shortening,13,1,8.333333333333334e-4,5.566259901520017e-4,0.4963650209792131,0.6850541353372687,7832
GO:0061635,regulation of protein complex stability,13,1,8.333333333333334e-4,5.566259901520017e-4,0.4963650209792131,0.6850541353372687,60592
GO:0061644,protein localization to CENP-A containing chromatin,13,1,8.333333333333334e-4,5.566259901520017e-4,0.4963650209792131,0.6850541353372687,1058
GO:0062009,secondary palate development,13,1,8.333333333333334e-4,5.566259901520017e-4,0.4963650209792131,0.6850541353372687,7049
GO:0070837,dehydroascorbic acid transport,13,1,8.333333333333334e-4,5.566259901520017e-4,0.4963650209792131,0.6850541353372687,6518
GO:0070848,response to growth factor,13,1,8.333333333333334e-4,5.566259901520017e-4,0.4963650209792131,0.6850541353372687,5028
GO:0071474,cellular hyperosmotic response,13,1,8.333333333333334e-4,5.566259901520017e-4,0.4963650209792131,0.6850541353372687,92241
GO:0071548,response to dexamethasone,13,1,8.333333333333334e-4,5.566259901520017e-4,0.4963650209792131,0.6850541353372687,1906
GO:0071786,endoplasmic reticulum tubular network organization,13,1,8.333333333333334e-4,5.566259901520017e-4,0.4963650209792131,0.6850541353372687,80346
GO:0090103,cochlea morphogenesis,13,1,8.333333333333334e-4,5.566259901520017e-4,0.4963650209792131,0.6850541353372687,53904
GO:0090280,positive regulation of calcium ion import,13,1,8.333333333333334e-4,5.566259901520017e-4,0.4963650209792131,0.6850541353372687,7349
GO:0090385,phagosome-lysosome fusion,13,1,8.333333333333334e-4,5.566259901520017e-4,0.4963650209792131,0.6850541353372687,9066
GO:0110053,regulation of actin filament organization,13,1,8.333333333333334e-4,5.566259901520017e-4,0.4963650209792131,0.6850541353372687,51466
GO:1900748,positive regulation of vascular endothelial growth factor signaling pathway,13,1,8.333333333333334e-4,5.566259901520017e-4,0.4963650209792131,0.6850541353372687,5629
GO:1902808,positive regulation of cell cycle G1/S phase transition,13,1,8.333333333333334e-4,5.566259901520017e-4,0.4963650209792131,0.6850541353372687,2146
GO:1903671,negative regulation of sprouting angiogenesis,13,1,8.333333333333334e-4,5.566259901520017e-4,0.4963650209792131,0.6850541353372687,57556
GO:1904179,positive regulation of adipose tissue development,13,1,8.333333333333334e-4,5.566259901520017e-4,0.4963650209792131,0.6850541353372687,343099
GO:1904322,cellular response to forskolin,13,1,8.333333333333334e-4,5.566259901520017e-4,0.4963650209792131,0.6850541353372687,108
GO:2000785,regulation of autophagosome assembly,13,1,8.333333333333334e-4,5.566259901520017e-4,0.4963650209792131,0.6850541353372687,11200
GO:2001046,positive regulation of integrin-mediated signaling pathway,13,1,8.333333333333334e-4,5.566259901520017e-4,0.4963650209792131,0.6850541353372687,84695
GO:0007283,spermatogenesis,441,23,0.019166666666666665,0.018882466281310212,0.5012376321650553,0.690428943661549,117144;120892;147700;1512;162979;23345;2494;26038;29947;3033;3171;3833;4603;4914;5104;56154;57639;6098;84072;90853;9232;9319;9985
GO:0016525,negative regulation of angiogenesis,91,5,0.004166666666666667,0.003896381931064012,0.5044221592032949,0.690428943661549,5176;57556;7010;729230;948
GO:0036503,ERAD pathway,91,5,0.004166666666666667,0.003896381931064012,0.5044221592032949,0.690428943661549,285533;4121;55139;57134;57333
GO:0051604,protein maturation,111,6,0.005,0.004752729608220938,0.508944810124912,0.690428943661549,136242;1725;405753;716;717;837
GO:0006400,tRNA modification,33,2,0.0016666666666666668,0.0014129736673089274,0.5112319252604027,0.690428943661549,55621;81890
GO:0007095,mitotic G2 DNA damage checkpoint signaling,33,2,0.0016666666666666668,0.0014129736673089274,0.5112319252604027,0.690428943661549,5347;641
GO:0008625,extrinsic apoptotic signaling pathway via death domain receptors,33,2,0.0016666666666666668,0.0014129736673089274,0.5112319252604027,0.690428943661549,637;8795
GO:0018105,peptidyl-serine phosphorylation,33,2,0.0016666666666666668,0.0014129736673089274,0.5112319252604027,0.690428943661549,10783;5105
GO:0021549,cerebellum development,33,2,0.0016666666666666668,0.0014129736673089274,0.5112319252604027,0.690428943661549,18;9001
GO:0043010,camera-type eye development,33,2,0.0016666666666666668,0.0014129736673089274,0.5112319252604027,0.690428943661549,5080;64220
GO:0046488,phosphatidylinositol metabolic process,33,2,0.0016666666666666668,0.0014129736673089274,0.5112319252604027,0.690428943661549,5330;5334
GO:0061024,membrane organization,33,2,0.0016666666666666668,0.0014129736673089274,0.5112319252604027,0.690428943661549,6457;89848
GO:0007613,memory,53,3,0.0025,0.0022693213444658533,0.516876088135495,0.690428943661549,1051;3643;6326
GO:0008654,phospholipid biosynthetic process,53,3,0.0025,0.0022693213444658533,0.516876088135495,0.690428943661549,1040;150763;55224
GO:0000226,microtubule cytoskeleton organization,132,7,0.005833333333333334,0.00565189466923571,0.5208632510353306,0.690428943661549,117583;347733;51203;57530;6905;84617;9055
GO:0001895,retina homeostasis,14,1,8.333333333333334e-4,5.99443374009848e-4,0.5222566315877699,0.690428943661549,9153
GO:0002456,T cell mediated immunity,14,1,8.333333333333334e-4,5.99443374009848e-4,0.5222566315877699,0.690428943661549,722
GO:0006650,glycerophospholipid metabolic process,14,1,8.333333333333334e-4,5.99443374009848e-4,0.5222566315877699,0.690428943661549,150763
GO:0006878,intracellular copper ion homeostasis,14,1,8.333333333333334e-4,5.99443374009848e-4,0.5222566315877699,0.690428943661549,9997
GO:0007190,activation of adenylate cyclase activity,14,1,8.333333333333334e-4,5.99443374009848e-4,0.5222566315877699,0.690428943661549,136
GO:0007216,G protein-coupled glutamate receptor signaling pathway,14,1,8.333333333333334e-4,5.99443374009848e-4,0.5222566315877699,0.690428943661549,2912
GO:0007292,female gamete generation,14,1,8.333333333333334e-4,5.99443374009848e-4,0.5222566315877699,0.690428943661549,1730
GO:0008209,androgen metabolic process,14,1,8.333333333333334e-4,5.99443374009848e-4,0.5222566315877699,0.690428943661549,1576
GO:0008361,regulation of cell size,14,1,8.333333333333334e-4,5.99443374009848e-4,0.5222566315877699,0.690428943661549,10451
GO:0009314,response to radiation,14,1,8.333333333333334e-4,5.99443374009848e-4,0.5222566315877699,0.690428943661549,6356
GO:0010812,negative regulation of cell-substrate adhesion,14,1,8.333333333333334e-4,5.99443374009848e-4,0.5222566315877699,0.690428943661549,5340
GO:0014032,neural crest cell development,14,1,8.333333333333334e-4,5.99443374009848e-4,0.5222566315877699,0.690428943661549,10016
GO:0015837,amine transport,14,1,8.333333333333334e-4,5.99443374009848e-4,0.5222566315877699,0.690428943661549,51458
GO:0021537,telencephalon development,14,1,8.333333333333334e-4,5.99443374009848e-4,0.5222566315877699,0.690428943661549,55558
GO:0022900,electron transport chain,14,1,8.333333333333334e-4,5.99443374009848e-4,0.5222566315877699,0.690428943661549,2230
GO:0030031,cell projection assembly,14,1,8.333333333333334e-4,5.99443374009848e-4,0.5222566315877699,0.690428943661549,26999
GO:0030195,negative regulation of blood coagulation,14,1,8.333333333333334e-4,5.99443374009848e-4,0.5222566315877699,0.690428943661549,1906
GO:0030219,megakaryocyte differentiation,14,1,8.333333333333334e-4,5.99443374009848e-4,0.5222566315877699,0.690428943661549,3589
GO:0030326,embryonic limb morphogenesis,14,1,8.333333333333334e-4,5.99443374009848e-4,0.5222566315877699,0.690428943661549,3207
GO:0030705,cytoskeleton-dependent intracellular transport,14,1,8.333333333333334e-4,5.99443374009848e-4,0.5222566315877699,0.690428943661549,283234
GO:0031571,mitotic G1 DNA damage checkpoint signaling,14,1,8.333333333333334e-4,5.99443374009848e-4,0.5222566315877699,0.690428943661549,595
GO:0032388,positive regulation of intracellular transport,14,1,8.333333333333334e-4,5.99443374009848e-4,0.5222566315877699,0.690428943661549,140735
GO:0032486,Rap protein signal transduction,14,1,8.333333333333334e-4,5.99443374009848e-4,0.5222566315877699,0.690428943661549,51195
GO:0032695,negative regulation of interleukin-12 production,14,1,8.333333333333334e-4,5.99443374009848e-4,0.5222566315877699,0.690428943661549,3718
GO:0033630,positive regulation of cell adhesion mediated by integrin,14,1,8.333333333333334e-4,5.99443374009848e-4,0.5222566315877699,0.690428943661549,64805
GO:0033962,P-body assembly,14,1,8.333333333333334e-4,5.99443374009848e-4,0.5222566315877699,0.690428943661549,197135
GO:0042167,heme catabolic process,14,1,8.333333333333334e-4,5.99443374009848e-4,0.5222566315877699,0.690428943661549,3162
GO:0042308,negative regulation of protein import into nucleus,14,1,8.333333333333334e-4,5.99443374009848e-4,0.5222566315877699,0.690428943661549,948
GO:0042445,hormone metabolic process,14,1,8.333333333333334e-4,5.99443374009848e-4,0.5222566315877699,0.690428943661549,1645
GO:0043116,negative regulation of vascular permeability,14,1,8.333333333333334e-4,5.99443374009848e-4,0.5222566315877699,0.690428943661549,634
GO:0043374,"CD8-positive, alpha-beta T cell differentiation",14,1,8.333333333333334e-4,5.99443374009848e-4,0.5222566315877699,0.690428943661549,944
GO:0045651,positive regulation of macrophage differentiation,14,1,8.333333333333334e-4,5.99443374009848e-4,0.5222566315877699,0.690428943661549,1435
GO:0045653,negative regulation of megakaryocyte differentiation,14,1,8.333333333333334e-4,5.99443374009848e-4,0.5222566315877699,0.690428943661549,4602
GO:0045780,positive regulation of bone resorption,14,1,8.333333333333334e-4,5.99443374009848e-4,0.5222566315877699,0.690428943661549,101
GO:0050765,negative regulation of phagocytosis,14,1,8.333333333333334e-4,5.99443374009848e-4,0.5222566315877699,0.690428943661549,8291
GO:0051764,actin crosslink formation,14,1,8.333333333333334e-4,5.99443374009848e-4,0.5222566315877699,0.690428943661549,1809
GO:0060349,bone morphogenesis,14,1,8.333333333333334e-4,5.99443374009848e-4,0.5222566315877699,0.690428943661549,7020
GO:0071732,cellular response to nitric oxide,14,1,8.333333333333334e-4,5.99443374009848e-4,0.5222566315877699,0.690428943661549,890
GO:0086004,regulation of cardiac muscle cell contraction,14,1,8.333333333333334e-4,5.99443374009848e-4,0.5222566315877699,0.690428943661549,4607
GO:0097623,potassium ion export across plasma membrane,14,1,8.333333333333334e-4,5.99443374009848e-4,0.5222566315877699,0.690428943661549,3745
GO:0099536,synaptic signaling,14,1,8.333333333333334e-4,5.99443374009848e-4,0.5222566315877699,0.690428943661549,54212
GO:1901797,negative regulation of signal transduction by p53 class mediator,14,1,8.333333333333334e-4,5.99443374009848e-4,0.5222566315877699,0.690428943661549,25788
GO:1904385,cellular response to angiotensin,14,1,8.333333333333334e-4,5.99443374009848e-4,0.5222566315877699,0.690428943661549,5587
GO:1904645,response to amyloid-beta,14,1,8.333333333333334e-4,5.99443374009848e-4,0.5222566315877699,0.690428943661549,177
GO:1904948,midbrain dopaminergic neuron differentiation,14,1,8.333333333333334e-4,5.99443374009848e-4,0.5222566315877699,0.690428943661549,8321
GO:2000114,regulation of establishment of cell polarity,14,1,8.333333333333334e-4,5.99443374009848e-4,0.5222566315877699,0.690428943661549,1003
GO:2001171,positive regulation of ATP biosynthetic process,14,1,8.333333333333334e-4,5.99443374009848e-4,0.5222566315877699,0.690428943661549,5465
GO:0060173,limb development,34,2,0.0016666666666666668,0.0014557910511667736,0.5273533857241661,0.6966936107394618,84133;9241
GO:0060079,excitatory postsynaptic potential,54,3,0.0025,0.0023121387283236996,0.5295780528164358,0.6986922237036608,120892;4355;5026
GO:0043065,positive regulation of apoptotic process,272,14,0.011666666666666667,0.011646328409334189,0.5362960424505532,0.6986922237036608,10016;10616;10687;3248;3934;3956;4293;51083;54507;637;664;81030;8795;9833
GO:0007179,transforming growth factor beta receptor signaling pathway,75,4,0.0033333333333333335,0.0032113037893384713,0.5422401242233006,0.6986922237036608,1003;124857;3248;7049
GO:0009267,cellular response to starvation,75,4,0.0033333333333333335,0.0032113037893384713,0.5422401242233006,0.6986922237036608,120892;2642;5465;56924
GO:0007368,determination of left/right symmetry,35,2,0.0016666666666666668,0.00149860843502462,0.5431101199649327,0.6986922237036608,199699;27031
GO:0010975,regulation of neuron projection development,35,2,0.0016666666666666668,0.00149860843502462,0.5431101199649327,0.6986922237036608,22854;84628
GO:0045582,positive regulation of T cell differentiation,35,2,0.0016666666666666668,0.00149860843502462,0.5431101199649327,0.6986922237036608,146850;4192
GO:0045787,positive regulation of cell cycle,35,2,0.0016666666666666668,0.00149860843502462,0.5431101199649327,0.6986922237036608,5629;5753
GO:0046627,negative regulation of insulin receptor signaling pathway,35,2,0.0016666666666666668,0.00149860843502462,0.5431101199649327,0.6986922237036608,2887;57761
GO:1900182,positive regulation of protein localization to nucleus,35,2,0.0016666666666666668,0.00149860843502462,0.5431101199649327,0.6986922237036608,1906;5347
GO:2001238,positive regulation of extrinsic apoptotic signaling pathway,35,2,0.0016666666666666668,0.00149860843502462,0.5431101199649327,0.6986922237036608,637;8740
GO:0000712,resolution of meiotic recombination intermediates,15,1,8.333333333333334e-4,6.422607578676942e-4,0.5468182202983943,0.6986922237036608,146956
GO:0001953,negative regulation of cell-matrix adhesion,15,1,8.333333333333334e-4,6.422607578676942e-4,0.5468182202983943,0.6986922237036608,55966
GO:0005513,detection of calcium ion,15,1,8.333333333333334e-4,6.422607578676942e-4,0.5468182202983943,0.6986922237036608,6857
GO:0006900,vesicle budding from membrane,15,1,8.333333333333334e-4,6.422607578676942e-4,0.5468182202983943,0.6986922237036608,29082
GO:0006957,"complement activation, alternative pathway",15,1,8.333333333333334e-4,6.422607578676942e-4,0.5468182202983943,0.6986922237036608,727
GO:0009062,fatty acid catabolic process,15,1,8.333333333333334e-4,6.422607578676942e-4,0.5468182202983943,0.6986922237036608,9663
GO:0016050,vesicle organization,15,1,8.333333333333334e-4,6.422607578676942e-4,0.5468182202983943,0.6986922237036608,6857
GO:0018230,peptidyl-L-cysteine S-palmitoylation,15,1,8.333333333333334e-4,6.422607578676942e-4,0.5468182202983943,0.6986922237036608,158866
GO:0031016,pancreas development,15,1,8.333333333333334e-4,6.422607578676942e-4,0.5468182202983943,0.6986922237036608,5629
GO:0031110,regulation of microtubule polymerization or depolymerization,15,1,8.333333333333334e-4,6.422607578676942e-4,0.5468182202983943,0.6986922237036608,220134
GO:0033198,response to ATP,15,1,8.333333333333334e-4,6.422607578676942e-4,0.5468182202983943,0.6986922237036608,5026
GO:0034144,negative regulation of toll-like receptor 4 signaling pathway,15,1,8.333333333333334e-4,6.422607578676942e-4,0.5468182202983943,0.6986922237036608,11027
GO:0034145,positive regulation of toll-like receptor 4 signaling pathway,15,1,8.333333333333334e-4,6.422607578676942e-4,0.5468182202983943,0.6986922237036608,948
GO:0034260,negative regulation of GTPase activity,15,1,8.333333333333334e-4,6.422607578676942e-4,0.5468182202983943,0.6986922237036608,120892
GO:0044281,small molecule metabolic process,15,1,8.333333333333334e-4,6.422607578676942e-4,0.5468182202983943,0.6986922237036608,5091
GO:0045047,protein targeting to ER,15,1,8.333333333333334e-4,6.422607578676942e-4,0.5468182202983943,0.6986922237036608,4121
GO:0045104,intermediate filament cytoskeleton organization,15,1,8.333333333333334e-4,6.422607578676942e-4,0.5468182202983943,0.6986922237036608,23336
GO:0045542,positive regulation of cholesterol biosynthetic process,15,1,8.333333333333334e-4,6.422607578676942e-4,0.5468182202983943,0.6986922237036608,9619
GO:0045725,positive regulation of glycogen biosynthetic process,15,1,8.333333333333334e-4,6.422607578676942e-4,0.5468182202983943,0.6986922237036608,3643
GO:0045926,negative regulation of growth,15,1,8.333333333333334e-4,6.422607578676942e-4,0.5468182202983943,0.6986922237036608,5753
GO:0046697,decidualization,15,1,8.333333333333334e-4,6.422607578676942e-4,0.5468182202983943,0.6986922237036608,1594
GO:0048143,astrocyte activation,15,1,8.333333333333334e-4,6.422607578676942e-4,0.5468182202983943,0.6986922237036608,177
GO:0048538,thymus development,15,1,8.333333333333334e-4,6.422607578676942e-4,0.5468182202983943,0.6986922237036608,6495
GO:0050965,detection of temperature stimulus involved in sensory perception of pain,15,1,8.333333333333334e-4,6.422607578676942e-4,0.5468182202983943,0.6986922237036608,4914
GO:0051452,intracellular pH reduction,15,1,8.333333333333334e-4,6.422607578676942e-4,0.5468182202983943,0.6986922237036608,523
GO:0060546,negative regulation of necroptotic process,15,1,8.333333333333334e-4,6.422607578676942e-4,0.5468182202983943,0.6986922237036608,291
GO:0070509,calcium ion import,15,1,8.333333333333334e-4,6.422607578676942e-4,0.5468182202983943,0.6986922237036608,6546
GO:0070593,dendrite self-avoidance,15,1,8.333333333333334e-4,6.422607578676942e-4,0.5468182202983943,0.6986922237036608,57453
GO:0071375,cellular response to peptide hormone stimulus,15,1,8.333333333333334e-4,6.422607578676942e-4,0.5468182202983943,0.6986922237036608,1906
GO:0071383,cellular response to steroid hormone stimulus,15,1,8.333333333333334e-4,6.422607578676942e-4,0.5468182202983943,0.6986922237036608,476
GO:0071711,basement membrane organization,15,1,8.333333333333334e-4,6.422607578676942e-4,0.5468182202983943,0.6986922237036608,83872
GO:0098693,regulation of synaptic vesicle cycle,15,1,8.333333333333334e-4,6.422607578676942e-4,0.5468182202983943,0.6986922237036608,5865
GO:1902358,sulfate transmembrane transport,15,1,8.333333333333334e-4,6.422607578676942e-4,0.5468182202983943,0.6986922237036608,6561
GO:1902532,negative regulation of intracellular signal transduction,15,1,8.333333333333334e-4,6.422607578676942e-4,0.5468182202983943,0.6986922237036608,6546
GO:1905564,positive regulation of vascular endothelial cell proliferation,15,1,8.333333333333334e-4,6.422607578676942e-4,0.5468182202983943,0.6986922237036608,4192
GO:1990869,cellular response to chemokine,15,1,8.333333333333334e-4,6.422607578676942e-4,0.5468182202983943,0.6986922237036608,81704
GO:2000010,positive regulation of protein localization to cell surface,15,1,8.333333333333334e-4,6.422607578676942e-4,0.5468182202983943,0.6986922237036608,257364
GO:2000026,regulation of multicellular organismal development,15,1,8.333333333333334e-4,6.422607578676942e-4,0.5468182202983943,0.6986922237036608,655
GO:2001235,positive regulation of apoptotic signaling pathway,15,1,8.333333333333334e-4,6.422607578676942e-4,0.5468182202983943,0.6986922237036608,1512
GO:0032720,negative regulation of tumor necrosis factor production,56,3,0.0025,0.002397773496039392,0.5544089301711275,0.7074621495823042,23547;5004;84868
GO:1903078,positive regulation of protein localization to plasma membrane,56,3,0.0025,0.002397773496039392,0.5544089301711275,0.7074621495823042,10551;1956;246329
GO:0031295,T cell costimulation,36,2,0.0016666666666666668,0.0015414258188824663,0.5584970216658192,0.7089135683739731,11148;8740
GO:0034614,cellular response to reactive oxygen species,36,2,0.0016666666666666668,0.0015414258188824663,0.5584970216658192,0.7089135683739731,120892;6546
GO:0071479,cellular response to ionizing radiation,36,2,0.0016666666666666668,0.0015414258188824663,0.5584970216658192,0.7089135683739731,10635;641
GO:0097190,apoptotic signaling pathway,57,3,0.0025,0.0024405908798972383,0.5665268566142398,0.7089135683739731,10016;64170;8718
GO:0001516,prostaglandin biosynthetic process,16,1,8.333333333333334e-4,6.850781417255406e-4,0.5701180547303535,0.7089135683739731,5743
GO:0002430,complement receptor mediated signaling pathway,16,1,8.333333333333334e-4,6.850781417255406e-4,0.5701180547303535,0.7089135683739731,719
GO:0002755,MyD88-dependent toll-like receptor signaling pathway,16,1,8.333333333333334e-4,6.850781417255406e-4,0.5701180547303535,0.7089135683739731,10318
GO:0003094,glomerular filtration,16,1,8.333333333333334e-4,6.850781417255406e-4,0.5701180547303535,0.7089135683739731,1906
GO:0003376,sphingosine-1-phosphate receptor signaling pathway,16,1,8.333333333333334e-4,6.850781417255406e-4,0.5701180547303535,0.7089135683739731,8877
GO:0003407,neural retina development,16,1,8.333333333333334e-4,6.850781417255406e-4,0.5701180547303535,0.7089135683739731,8864
GO:0006044,N-acetylglucosamine metabolic process,16,1,8.333333333333334e-4,6.850781417255406e-4,0.5701180547303535,0.7089135683739731,4166
GO:0006892,post-Golgi vesicle-mediated transport,16,1,8.333333333333334e-4,6.850781417255406e-4,0.5701180547303535,0.7089135683739731,114815
GO:0006939,smooth muscle contraction,16,1,8.333333333333334e-4,6.850781417255406e-4,0.5701180547303535,0.7089135683739731,3363
GO:0006998,nuclear envelope organization,16,1,8.333333333333334e-4,6.850781417255406e-4,0.5701180547303535,0.7089135683739731,80346
GO:0015918,sterol transport,16,1,8.333333333333334e-4,6.850781417255406e-4,0.5701180547303535,0.7089135683739731,114880
GO:0018146,keratan sulfate proteoglycan biosynthetic process,16,1,8.333333333333334e-4,6.850781417255406e-4,0.5701180547303535,0.7089135683739731,4166
GO:0022409,positive regulation of cell-cell adhesion,16,1,8.333333333333334e-4,6.850781417255406e-4,0.5701180547303535,0.7089135683739731,2525
GO:0030534,adult behavior,16,1,8.333333333333334e-4,6.850781417255406e-4,0.5701180547303535,0.7089135683739731,54413
GO:0032331,negative regulation of chondrocyte differentiation,16,1,8.333333333333334e-4,6.850781417255406e-4,0.5701180547303535,0.7089135683739731,2494
GO:0034497,protein localization to phagophore assembly site,16,1,8.333333333333334e-4,6.850781417255406e-4,0.5701180547303535,0.7089135683739731,987
GO:0034620,cellular response to unfolded protein,16,1,8.333333333333334e-4,6.850781417255406e-4,0.5701180547303535,0.7089135683739731,26353
GO:0038066,p38MAPK cascade,16,1,8.333333333333334e-4,6.850781417255406e-4,0.5701180547303535,0.7089135683739731,389840
GO:0042119,neutrophil activation,16,1,8.333333333333334e-4,6.850781417255406e-4,0.5701180547303535,0.7089135683739731,57580
GO:0043171,peptide catabolic process,16,1,8.333333333333334e-4,6.850781417255406e-4,0.5701180547303535,0.7089135683739731,51200
GO:0045721,negative regulation of gluconeogenesis,16,1,8.333333333333334e-4,6.850781417255406e-4,0.5701180547303535,0.7089135683739731,1196
GO:0046512,sphingosine biosynthetic process,16,1,8.333333333333334e-4,6.850781417255406e-4,0.5701180547303535,0.7089135683739731,8877
GO:0047496,vesicle transport along microtubule,16,1,8.333333333333334e-4,6.850781417255406e-4,0.5701180547303535,0.7089135683739731,9001
GO:0048286,lung alveolus development,16,1,8.333333333333334e-4,6.850781417255406e-4,0.5701180547303535,0.7089135683739731,64220
GO:0048514,blood vessel morphogenesis,16,1,8.333333333333334e-4,6.850781417255406e-4,0.5701180547303535,0.7089135683739731,2321
GO:0051130,positive regulation of cellular component organization,16,1,8.333333333333334e-4,6.850781417255406e-4,0.5701180547303535,0.7089135683739731,3643
GO:0051241,negative regulation of multicellular organismal process,16,1,8.333333333333334e-4,6.850781417255406e-4,0.5701180547303535,0.7089135683739731,177
GO:0051290,protein heterotetramerization,16,1,8.333333333333334e-4,6.850781417255406e-4,0.5701180547303535,0.7089135683739731,6241
GO:0071404,cellular response to low-density lipoprotein particle stimulus,16,1,8.333333333333334e-4,6.850781417255406e-4,0.5701180547303535,0.7089135683739731,948
GO:0140367,antibacterial innate immune response,16,1,8.333333333333334e-4,6.850781417255406e-4,0.5701180547303535,0.7089135683739731,219972
GO:0141156,cAMP/PKA signal transduction,16,1,8.333333333333334e-4,6.850781417255406e-4,0.5701180547303535,0.7089135683739731,1906
GO:1901798,positive regulation of signal transduction by p53 class mediator,16,1,8.333333333333334e-4,6.850781417255406e-4,0.5701180547303535,0.7089135683739731,26038
GO:1902774,late endosome to lysosome transport,16,1,8.333333333333334e-4,6.850781417255406e-4,0.5701180547303535,0.7089135683739731,29082
GO:1903265,positive regulation of tumor necrosis factor-mediated signaling pathway,16,1,8.333333333333334e-4,6.850781417255406e-4,0.5701180547303535,0.7089135683739731,837
GO:1903427,negative regulation of reactive oxygen species biosynthetic process,16,1,8.333333333333334e-4,6.850781417255406e-4,0.5701180547303535,0.7089135683739731,5465
GO:1990166,protein localization to site of double-strand break,16,1,8.333333333333334e-4,6.850781417255406e-4,0.5701180547303535,0.7089135683739731,25900
GO:0003180,aortic valve morphogenesis,37,2,0.0016666666666666668,0.0015842432027403125,0.5735104705283786,0.7109077990618687,7291;8313
GO:0006284,base-excision repair,37,2,0.0016666666666666668,0.0015842432027403125,0.5735104705283786,0.7109077990618687,10721;55247
GO:0019369,arachidonate metabolic process,37,2,0.0016666666666666668,0.0015842432027403125,0.5735104705283786,0.7109077990618687,1573;1579
GO:0045333,cellular respiration,37,2,0.0016666666666666668,0.0015842432027403125,0.5735104705283786,0.7109077990618687,10891;4719
GO:0043484,regulation of RNA splicing,78,4,0.0033333333333333335,0.0033397559409120104,0.5735484298700586,0.7109077990618687,1196;2334;286676;81669
GO:0050808,synapse organization,58,3,0.0025,0.0024834082637550845,0.5784402027947129,0.7165147260588869,3897;54413;7477
GO:0001649,osteoblast differentiation,99,5,0.004166666666666667,0.004238921001926782,0.5799293728926677,0.7179023916343075,1277;3485;655;847;9241
GO:0010508,positive regulation of autophagy,79,4,0.0033333333333333335,0.0033825733247698567,0.5837125366314436,0.720739133072296,120892;220441;5587;664
GO:0070527,platelet aggregation,38,2,0.0016666666666666668,0.0016270605865981588,0.5881481932784158,0.720739133072296,3611;64805
GO:1904707,positive regulation of vascular associated smooth muscle cell proliferation,38,2,0.0016666666666666668,0.0016270605865981588,0.5881481932784158,0.720739133072296,1906;3248
GO:0006895,Golgi to endosome transport,17,1,8.333333333333334e-4,7.278955255833868e-4,0.5922209012243583,0.720739133072296,79585
GO:0007422,peripheral nervous system development,17,1,8.333333333333334e-4,7.278955255833868e-4,0.5922209012243583,0.720739133072296,7368
GO:0009190,cyclic nucleotide biosynthetic process,17,1,8.333333333333334e-4,7.278955255833868e-4,0.5922209012243583,0.720739133072296,108
GO:0009880,embryonic pattern specification,17,1,8.333333333333334e-4,7.278955255833868e-4,0.5922209012243583,0.720739133072296,56917
GO:0010526,transposable element silencing,17,1,8.333333333333334e-4,7.278955255833868e-4,0.5922209012243583,0.720739133072296,56154
GO:0015871,choline transport,17,1,8.333333333333334e-4,7.278955255833868e-4,0.5922209012243583,0.720739133072296,80736
GO:0030048,actin filament-based movement,17,1,8.333333333333334e-4,7.278955255833868e-4,0.5922209012243583,0.720739133072296,4646
GO:0030111,regulation of Wnt signaling pathway,17,1,8.333333333333334e-4,7.278955255833868e-4,0.5922209012243583,0.720739133072296,1454
GO:0035332,positive regulation of hippo signaling,17,1,8.333333333333334e-4,7.278955255833868e-4,0.5922209012243583,0.720739133072296,79585
GO:0042246,tissue regeneration,17,1,8.333333333333334e-4,7.278955255833868e-4,0.5922209012243583,0.720739133072296,4192
GO:0043149,stress fiber assembly,17,1,8.333333333333334e-4,7.278955255833868e-4,0.5922209012243583,0.720739133072296,9124
GO:0043277,apoptotic cell clearance,17,1,8.333333333333334e-4,7.278955255833868e-4,0.5922209012243583,0.720739133072296,26762
GO:0045722,positive regulation of gluconeogenesis,17,1,8.333333333333334e-4,7.278955255833868e-4,0.5922209012243583,0.720739133072296,10891
GO:0048490,anterograde synaptic vesicle transport,17,1,8.333333333333334e-4,7.278955255833868e-4,0.5922209012243583,0.720739133072296,80128
GO:0048565,digestive tract development,17,1,8.333333333333334e-4,7.278955255833868e-4,0.5922209012243583,0.720739133072296,23242
GO:0050862,positive regulation of T cell receptor signaling pathway,17,1,8.333333333333334e-4,7.278955255833868e-4,0.5922209012243583,0.720739133072296,3783
GO:0050909,sensory perception of taste,17,1,8.333333333333334e-4,7.278955255833868e-4,0.5922209012243583,0.720739133072296,948
GO:0051258,protein polymerization,17,1,8.333333333333334e-4,7.278955255833868e-4,0.5922209012243583,0.720739133072296,29082
GO:0051707,response to other organism,17,1,8.333333333333334e-4,7.278955255833868e-4,0.5922209012243583,0.720739133072296,722
GO:0060997,dendritic spine morphogenesis,17,1,8.333333333333334e-4,7.278955255833868e-4,0.5922209012243583,0.720739133072296,23237
GO:0140042,lipid droplet formation,17,1,8.333333333333334e-4,7.278955255833868e-4,0.5922209012243583,0.720739133072296,1040
GO:1901987,regulation of cell cycle phase transition,17,1,8.333333333333334e-4,7.278955255833868e-4,0.5922209012243583,0.720739133072296,79915
GO:2000736,regulation of stem cell differentiation,17,1,8.333333333333334e-4,7.278955255833868e-4,0.5922209012243583,0.720739133072296,1107
GO:2001243,negative regulation of intrinsic apoptotic signaling pathway,17,1,8.333333333333334e-4,7.278955255833868e-4,0.5922209012243583,0.720739133072296,5329
GO:0016236,macroautophagy,80,4,0.0033333333333333335,0.003425390708627703,0.5937349760008981,0.7221301645610924,10312;26249;29082;55187
GO:0000724,double-strand break repair via homologous recombination,101,5,0.004166666666666667,0.004324555769642475,0.5978263494526344,0.7266521399343076,10635;25788;29128;29935;641
GO:0000723,telomere maintenance,60,3,0.0025,0.002569043031470777,0.6016380837174027,0.7303728701896853,125476;641;80119
GO:0008286,insulin receptor signaling pathway,60,3,0.0025,0.002569043031470777,0.6016380837174027,0.7303728701896853,2887;3643;8412
GO:0032733,positive regulation of interleukin-10 production,39,2,0.0016666666666666668,0.0016698779704560052,0.6024091350125023,0.7303976179030089,54502;9636
GO:0070585,protein localization to mitochondrion,39,2,0.0016666666666666668,0.0016698779704560052,0.6024091350125023,0.7303976179030089,120892;9636
GO:0030855,epithelial cell differentiation,81,4,0.0033333333333333335,0.003468208092485549,0.6036128256009949,0.7314013440968469,1645;307;51458;6495
GO:0006351,DNA-templated transcription,102,5,0.004166666666666667,0.004367373153500321,0.6066122989427503,0.7329632957700988,1051;1840;3219;7068;90853
GO:0000290,deadenylation-dependent decapping of nuclear-transcribed mRNA,18,1,8.333333333333334e-4,7.707129094412332e-4,0.6131882042722101,0.7329632957700988,197135
GO:0002720,positive regulation of cytokine production involved in immune response,18,1,8.333333333333334e-4,7.707129094412332e-4,0.6131882042722101,0.7329632957700988,2867
GO:0003184,pulmonary valve morphogenesis,18,1,8.333333333333334e-4,7.707129094412332e-4,0.6131882042722101,0.7329632957700988,64220
GO:0007369,gastrulation,18,1,8.333333333333334e-4,7.707129094412332e-4,0.6131882042722101,0.7329632957700988,187
GO:0008344,adult locomotory behavior,18,1,8.333333333333334e-4,7.707129094412332e-4,0.6131882042722101,0.7329632957700988,58524
GO:0008593,regulation of Notch signaling pathway,18,1,8.333333333333334e-4,7.707129094412332e-4,0.6131882042722101,0.7329632957700988,1840
GO:0009792,embryo development ending in birth or egg hatching,18,1,8.333333333333334e-4,7.707129094412332e-4,0.6131882042722101,0.7329632957700988,2494
GO:0010842,retina layer formation,18,1,8.333333333333334e-4,7.707129094412332e-4,0.6131882042722101,0.7329632957700988,7020
GO:0017121,plasma membrane phospholipid scrambling,18,1,8.333333333333334e-4,7.707129094412332e-4,0.6131882042722101,0.7329632957700988,57048
GO:0019076,viral release from host cell,18,1,8.333333333333334e-4,7.707129094412332e-4,0.6131882042722101,0.7329632957700988,5091
GO:0030521,androgen receptor signaling pathway,18,1,8.333333333333334e-4,7.707129094412332e-4,0.6131882042722101,0.7329632957700988,158800
GO:0031468,nuclear membrane reassembly,18,1,8.333333333333334e-4,7.707129094412332e-4,0.6131882042722101,0.7329632957700988,29082
GO:0032717,negative regulation of interleukin-8 production,18,1,8.333333333333334e-4,7.707129094412332e-4,0.6131882042722101,0.7329632957700988,307
GO:0032874,positive regulation of stress-activated MAPK cascade,18,1,8.333333333333334e-4,7.707129094412332e-4,0.6131882042722101,0.7329632957700988,64170
GO:0042475,odontogenesis of dentin-containing tooth,18,1,8.333333333333334e-4,7.707129094412332e-4,0.6131882042722101,0.7329632957700988,54959
GO:0045953,negative regulation of natural killer cell mediated cytotoxicity,18,1,8.333333333333334e-4,7.707129094412332e-4,0.6131882042722101,0.7329632957700988,3133
GO:0046827,positive regulation of protein export from nucleus,18,1,8.333333333333334e-4,7.707129094412332e-4,0.6131882042722101,0.7329632957700988,5587
GO:0048814,regulation of dendrite morphogenesis,18,1,8.333333333333334e-4,7.707129094412332e-4,0.6131882042722101,0.7329632957700988,57520
GO:0120316,sperm flagellum assembly,18,1,8.333333333333334e-4,7.707129094412332e-4,0.6131882042722101,0.7329632957700988,57639
GO:1902236,negative regulation of endoplasmic reticulum stress-induced intrinsic apoptotic signaling pathway,18,1,8.333333333333334e-4,7.707129094412332e-4,0.6131882042722101,0.7329632957700988,120892
GO:2000145,regulation of cell motility,18,1,8.333333333333334e-4,7.707129094412332e-4,0.6131882042722101,0.7329632957700988,199731
GO:0051028,mRNA transport,103,5,0.004166666666666667,0.004410190537358167,0.6152869085533623,0.7344193753897746,10643;10644;23237;56000;79228
GO:0001947,heart looping,40,2,0.0016666666666666668,0.0017126953543138515,0.6162933401909054,0.7344193753897746,187;27031
GO:0050918,positive chemotaxis,40,2,0.0016666666666666668,0.0017126953543138515,0.6162933401909054,0.7344193753897746,8829;9037
GO:0051209,release of sequestered calcium ion into cytosol,40,2,0.0016666666666666668,0.0017126953543138515,0.6162933401909054,0.7344193753897746,5330;5334
GO:0097193,intrinsic apoptotic signaling pathway,40,2,0.0016666666666666668,0.0017126953543138515,0.6162933401909054,0.7344193753897746,22861;837
GO:0000077,DNA damage checkpoint signaling,41,2,0.0016666666666666668,0.0017555127381716977,0.6298018426265879,0.742150775694041,11200;29935
GO:0006950,response to stress,41,2,0.0016666666666666668,0.0017555127381716977,0.6298018426265879,0.742150775694041,2155;29128
GO:0022617,extracellular matrix disassembly,41,2,0.0016666666666666668,0.0017555127381716977,0.6298018426265879,0.742150775694041,101;5340
GO:0090148,membrane fission,41,2,0.0016666666666666668,0.0017555127381716977,0.6298018426265879,0.742150775694041,23023;29082
GO:0001836,release of cytochrome c from mitochondria,19,1,8.333333333333334e-4,8.135302932990794e-4,0.6330782567585344,0.742150775694041,637
GO:0016082,synaptic vesicle priming,19,1,8.333333333333334e-4,8.135302932990794e-4,0.6330782567585344,0.742150775694041,93664
GO:0034587,piRNA processing,19,1,8.333333333333334e-4,8.135302932990794e-4,0.6330782567585344,0.742150775694041,150763
GO:0035338,long-chain fatty-acyl-CoA biosynthetic process,19,1,8.333333333333334e-4,8.135302932990794e-4,0.6330782567585344,0.742150775694041,54898
GO:0035418,protein localization to synapse,19,1,8.333333333333334e-4,8.135302932990794e-4,0.6330782567585344,0.742150775694041,22871
GO:0045590,negative regulation of regulatory T cell differentiation,19,1,8.333333333333334e-4,8.135302932990794e-4,0.6330782567585344,0.742150775694041,4192
GO:0045947,negative regulation of translational initiation,19,1,8.333333333333334e-4,8.135302932990794e-4,0.6330782567585344,0.742150775694041,1978
GO:0046328,regulation of JNK cascade,19,1,8.333333333333334e-4,8.135302932990794e-4,0.6330782567585344,0.742150775694041,23162
GO:0048489,synaptic vesicle transport,19,1,8.333333333333334e-4,8.135302932990794e-4,0.6330782567585344,0.742150775694041,3798
GO:0048709,oligodendrocyte differentiation,19,1,8.333333333333334e-4,8.135302932990794e-4,0.6330782567585344,0.742150775694041,664
GO:0050482,arachidonate secretion,19,1,8.333333333333334e-4,8.135302932990794e-4,0.6330782567585344,0.742150775694041,56923
GO:0050921,positive regulation of chemotaxis,19,1,8.333333333333334e-4,8.135302932990794e-4,0.6330782567585344,0.742150775694041,64805
GO:0051895,negative regulation of focal adhesion assembly,19,1,8.333333333333334e-4,8.135302932990794e-4,0.6330782567585344,0.742150775694041,11170
GO:0060045,positive regulation of cardiac muscle cell proliferation,19,1,8.333333333333334e-4,8.135302932990794e-4,0.6330782567585344,0.742150775694041,7049
GO:0060325,face morphogenesis,19,1,8.333333333333334e-4,8.135302932990794e-4,0.6330782567585344,0.742150775694041,64220
GO:0060999,positive regulation of dendritic spine development,19,1,8.333333333333334e-4,8.135302932990794e-4,0.6330782567585344,0.742150775694041,22871
GO:0070050,neuron cellular homeostasis,19,1,8.333333333333334e-4,8.135302932990794e-4,0.6330782567585344,0.742150775694041,9447
GO:0070935,3'-UTR-mediated mRNA stabilization,19,1,8.333333333333334e-4,8.135302932990794e-4,0.6330782567585344,0.742150775694041,54502
GO:0090128,regulation of synapse maturation,19,1,8.333333333333334e-4,8.135302932990794e-4,0.6330782567585344,0.742150775694041,8506
GO:0097194,execution phase of apoptosis,19,1,8.333333333333334e-4,8.135302932990794e-4,0.6330782567585344,0.742150775694041,27443
GO:0098696,regulation of neurotransmitter receptor localization to postsynaptic specialization membrane,19,1,8.333333333333334e-4,8.135302932990794e-4,0.6330782567585344,0.742150775694041,11004
GO:1902430,negative regulation of amyloid-beta formation,19,1,8.333333333333334e-4,8.135302932990794e-4,0.6330782567585344,0.742150775694041,9001
GO:2000773,negative regulation of cellular senescence,19,1,8.333333333333334e-4,8.135302932990794e-4,0.6330782567585344,0.742150775694041,7291
GO:0006941,striated muscle contraction,63,3,0.0025,0.002697495183044316,0.6348208757069406,0.7437455894796546,6173;7139;7273
GO:0032728,positive regulation of interferon-beta production,42,2,0.0016666666666666668,0.001798330122029544,0.6429365638612213,0.7518957651886639,7098;9636
GO:0034341,response to type II interferon,42,2,0.0016666666666666668,0.001798330122029544,0.6429365638612213,0.7518957651886639,1594;6556
GO:0045454,cell redox homeostasis,42,2,0.0016666666666666668,0.001798330122029544,0.6429365638612213,0.7518957651886639,23530;6556
GO:0032757,positive regulation of interleukin-8 production,64,3,0.0025,0.0027403125669021623,0.6454437395337929,0.7524837600529196,11027;2867;7098
GO:0045444,fat cell differentiation,64,3,0.0025,0.0027403125669021623,0.6454437395337929,0.7524837600529196,2867;3589;4232
GO:0030308,negative regulation of cell growth,107,5,0.004166666666666667,0.004581460072789553,0.6488346096493776,0.7524837600529196,1594;2203;2273;3373;6494
GO:0001974,blood vessel remodeling,20,1,8.333333333333334e-4,8.563476771569257e-4,0.6519463614846981,0.7524837600529196,729230
GO:0006469,negative regulation of protein kinase activity,20,1,8.333333333333334e-4,8.563476771569257e-4,0.6519463614846981,0.7524837600529196,634
GO:0006509,membrane protein ectodomain proteolysis,20,1,8.333333333333334e-4,8.563476771569257e-4,0.6519463614846981,0.7524837600529196,8728
GO:0006515,protein quality control for misfolded or incompletely synthesized proteins,20,1,8.333333333333334e-4,8.563476771569257e-4,0.6519463614846981,0.7524837600529196,55139
GO:0007034,vacuolar transport,20,1,8.333333333333334e-4,8.563476771569257e-4,0.6519463614846981,0.7524837600529196,29082
GO:0007140,male meiotic nuclear division,20,1,8.333333333333334e-4,8.563476771569257e-4,0.6519463614846981,0.7524837600529196,56154
GO:0007602,phototransduction,20,1,8.333333333333334e-4,8.563476771569257e-4,0.6519463614846981,0.7524837600529196,1040
GO:0008154,actin polymerization or depolymerization,20,1,8.333333333333334e-4,8.563476771569257e-4,0.6519463614846981,0.7524837600529196,51466
GO:0010803,regulation of tumor necrosis factor-mediated signaling pathway,20,1,8.333333333333334e-4,8.563476771569257e-4,0.6519463614846981,0.7524837600529196,8877
GO:0010906,regulation of glucose metabolic process,20,1,8.333333333333334e-4,8.563476771569257e-4,0.6519463614846981,0.7524837600529196,3643
GO:0017015,regulation of transforming growth factor beta receptor signaling pathway,20,1,8.333333333333334e-4,8.563476771569257e-4,0.6519463614846981,0.7524837600529196,7049
GO:0043537,negative regulation of blood vessel endothelial cell migration,20,1,8.333333333333334e-4,8.563476771569257e-4,0.6519463614846981,0.7524837600529196,3728
GO:0045197,establishment or maintenance of epithelial cell apical/basal polarity,20,1,8.333333333333334e-4,8.563476771569257e-4,0.6519463614846981,0.7524837600529196,117583
GO:0046579,positive regulation of Ras protein signal transduction,20,1,8.333333333333334e-4,8.563476771569257e-4,0.6519463614846981,0.7524837600529196,4914
GO:0048268,clathrin coat assembly,20,1,8.333333333333334e-4,8.563476771569257e-4,0.6519463614846981,0.7524837600529196,50632
GO:0051302,regulation of cell division,20,1,8.333333333333334e-4,8.563476771569257e-4,0.6519463614846981,0.7524837600529196,146909
GO:0060339,negative regulation of type I interferon-mediated signaling pathway,20,1,8.333333333333334e-4,8.563476771569257e-4,0.6519463614846981,0.7524837600529196,9636
GO:0061028,establishment of endothelial barrier,20,1,8.333333333333334e-4,8.563476771569257e-4,0.6519463614846981,0.7524837600529196,5175
GO:0061640,cytoskeleton-dependent cytokinesis,20,1,8.333333333333334e-4,8.563476771569257e-4,0.6519463614846981,0.7524837600529196,27443
GO:0007187,"G protein-coupled receptor signaling pathway, coupled to cyclic nucleotide second messenger",43,2,0.0016666666666666668,0.0018411475058873904,0.6557002193579077,0.7559123559314779,2829;3363
GO:0030216,keratinocyte differentiation,43,2,0.0016666666666666668,0.0018411475058873904,0.6557002193579077,0.7559123559314779,6278;79977
GO:0006338,chromatin remodeling,315,15,0.0125,0.01348747591522158,0.6560822040946896,0.7559123559314779,1107;125476;2138;2140;2146;2494;26038;27443;5080;605;699;83444;8864;9212;9557
GO:0150052,regulation of postsynapse assembly,44,2,0.0016666666666666668,0.0018839648897452366,0.6680962319767005,0.7640787454180807,26999;9844
GO:0007423,sensory organ development,21,1,8.333333333333334e-4,8.99165061014772e-4,0.6698449844209896,0.7640787454180807,5080
GO:0010596,negative regulation of endothelial cell migration,21,1,8.333333333333334e-4,8.99165061014772e-4,0.6698449844209896,0.7640787454180807,5176
GO:0010881,regulation of cardiac muscle contraction by regulation of the release of sequestered calcium ion,21,1,8.333333333333334e-4,8.99165061014772e-4,0.6698449844209896,0.7640787454180807,6546
GO:0015813,L-glutamate transmembrane transport,21,1,8.333333333333334e-4,8.99165061014772e-4,0.6698449844209896,0.7640787454180807,23657
GO:0016973,poly(A)+ mRNA export from nucleus,21,1,8.333333333333334e-4,8.99165061014772e-4,0.6698449844209896,0.7640787454180807,56000
GO:0031643,positive regulation of myelination,21,1,8.333333333333334e-4,8.99165061014772e-4,0.6698449844209896,0.7640787454180807,118738
GO:0032211,negative regulation of telomere maintenance via telomerase,21,1,8.333333333333334e-4,8.99165061014772e-4,0.6698449844209896,0.7640787454180807,80119
GO:0039702,viral budding via host ESCRT complex,21,1,8.333333333333334e-4,8.99165061014772e-4,0.6698449844209896,0.7640787454180807,29082
GO:0044818,mitotic G2/M transition checkpoint,21,1,8.333333333333334e-4,8.99165061014772e-4,0.6698449844209896,0.7640787454180807,55743
GO:0045862,positive regulation of proteolysis,21,1,8.333333333333334e-4,8.99165061014772e-4,0.6698449844209896,0.7640787454180807,26999
GO:0048278,vesicle docking,21,1,8.333333333333334e-4,8.99165061014772e-4,0.6698449844209896,0.7640787454180807,6857
GO:0071539,protein localization to centrosome,21,1,8.333333333333334e-4,8.99165061014772e-4,0.6698449844209896,0.7640787454180807,64770
GO:0090102,cochlea development,21,1,8.333333333333334e-4,8.99165061014772e-4,0.6698449844209896,0.7640787454180807,890
GO:0097700,vascular endothelial cell response to laminar fluid shear stress,21,1,8.333333333333334e-4,8.99165061014772e-4,0.6698449844209896,0.7640787454180807,108
GO:1903076,regulation of protein localization to plasma membrane,21,1,8.333333333333334e-4,8.99165061014772e-4,0.6698449844209896,0.7640787454180807,815
GO:1904491,protein localization to ciliary transition zone,21,1,8.333333333333334e-4,8.99165061014772e-4,0.6698449844209896,0.7640787454180807,387707
GO:0032880,regulation of protein localization,67,3,0.0025,0.002868764718475701,0.6759854896205187,0.7701801889938698,1454;7432;80128
GO:2000045,regulation of G1/S transition of mitotic cell cycle,67,3,0.0025,0.002868764718475701,0.6759854896205187,0.7701801889938698,595;605;9928
GO:0007040,lysosome organization,45,2,0.0016666666666666668,0.0019267822736030828,0.6801286522331635,0.7735419972213536,120892;134829
GO:0007098,centrosome cycle,45,2,0.0016666666666666668,0.0019267822736030828,0.6801286522331635,0.7735419972213536,1107;5347
GO:0071364,cellular response to epidermal growth factor stimulus,45,2,0.0016666666666666668,0.0019267822736030828,0.6801286522331635,0.7735419972213536,1277;1956
GO:0001675,acrosome assembly,22,1,8.333333333333334e-4,9.419824448726183e-4,0.6868239001103192,0.7757163723822874,1124
GO:0001708,cell fate specification,22,1,8.333333333333334e-4,9.419824448726183e-4,0.6868239001103192,0.7757163723822874,6913
GO:0007031,peroxisome organization,22,1,8.333333333333334e-4,9.419824448726183e-4,0.6868239001103192,0.7757163723822874,5825
GO:0007099,centriole replication,22,1,8.333333333333334e-4,9.419824448726183e-4,0.6868239001103192,0.7757163723822874,284403
GO:0007129,homologous chromosome pairing at meiosis,22,1,8.333333333333334e-4,9.419824448726183e-4,0.6868239001103192,0.7757163723822874,56154
GO:0010613,positive regulation of cardiac muscle hypertrophy,22,1,8.333333333333334e-4,9.419824448726183e-4,0.6868239001103192,0.7757163723822874,1906
GO:0010667,negative regulation of cardiac muscle cell apoptotic process,22,1,8.333333333333334e-4,9.419824448726183e-4,0.6868239001103192,0.7757163723822874,4192
GO:0035721,intraciliary retrograde transport,22,1,8.333333333333334e-4,9.419824448726183e-4,0.6868239001103192,0.7757163723822874,140735
GO:0048839,inner ear development,22,1,8.333333333333334e-4,9.419824448726183e-4,0.6868239001103192,0.7757163723822874,6495
GO:0080135,regulation of cellular response to stress,22,1,8.333333333333334e-4,9.419824448726183e-4,0.6868239001103192,0.7757163723822874,1393
GO:1904706,negative regulation of vascular associated smooth muscle cell proliferation,22,1,8.333333333333334e-4,9.419824448726183e-4,0.6868239001103192,0.7757163723822874,8490
GO:2001234,negative regulation of apoptotic signaling pathway,22,1,8.333333333333334e-4,9.419824448726183e-4,0.6868239001103192,0.7757163723822874,1524
GO:0030182,neuron differentiation,155,7,0.005833333333333334,0.006636694497966175,0.6894120435351718,0.7781878403245037,120892;1956;2016;5080;7477;8321;9355
GO:0097352,autophagosome maturation,46,2,0.0016666666666666668,0.0019695996574609293,0.6918020848722879,0.7804329606733172,167410;29082
GO:0006366,transcription by RNA polymerase II,135,6,0.005,0.005780346820809248,0.6984726281446024,0.7841115616555988,10379;1840;1906;2113;51513;9319
GO:0006511,ubiquitin-dependent protein catabolic process,241,11,0.009166666666666667,0.010318989509740955,0.6989615156001863,0.7841115616555988,11065;115992;23014;26249;283514;29128;55743;57520;57563;7345;84133
GO:0010467,gene expression,92,4,0.0033333333333333335,0.0039391993149218586,0.7021747285851789,0.7841115616555988,1906;26249;50507;6495
GO:0001774,microglial cell activation,23,1,8.333333333333334e-4,9.847998287304646e-4,0.7029303296250673,0.7841115616555988,177
GO:0002548,monocyte chemotaxis,23,1,8.333333333333334e-4,9.847998287304646e-4,0.7029303296250673,0.7841115616555988,2321
GO:0003148,outflow tract septum morphogenesis,23,1,8.333333333333334e-4,9.847998287304646e-4,0.7029303296250673,0.7841115616555988,8829
GO:0007004,telomere maintenance via telomerase,23,1,8.333333333333334e-4,9.847998287304646e-4,0.7029303296250673,0.7841115616555988,80119
GO:0007214,gamma-aminobutyric acid signaling pathway,23,1,8.333333333333334e-4,9.847998287304646e-4,0.7029303296250673,0.7841115616555988,5334
GO:0030279,negative regulation of ossification,23,1,8.333333333333334e-4,9.847998287304646e-4,0.7029303296250673,0.7841115616555988,4192
GO:0032703,negative regulation of interleukin-2 production,23,1,8.333333333333334e-4,9.847998287304646e-4,0.7029303296250673,0.7841115616555988,84868
GO:0038096,Fc-gamma receptor signaling pathway involved in phagocytosis,23,1,8.333333333333334e-4,9.847998287304646e-4,0.7029303296250673,0.7841115616555988,10451
GO:0042176,regulation of protein catabolic process,23,1,8.333333333333334e-4,9.847998287304646e-4,0.7029303296250673,0.7841115616555988,11200
GO:0045672,positive regulation of osteoclast differentiation,23,1,8.333333333333334e-4,9.847998287304646e-4,0.7029303296250673,0.7841115616555988,1435
GO:0048208,COPII vesicle coating,23,1,8.333333333333334e-4,9.847998287304646e-4,0.7029303296250673,0.7841115616555988,10016
GO:0061709,reticulophagy,23,1,8.333333333333334e-4,9.847998287304646e-4,0.7029303296250673,0.7841115616555988,664
GO:1904862,inhibitory synapse assembly,23,1,8.333333333333334e-4,9.847998287304646e-4,0.7029303296250673,0.7841115616555988,2564
GO:0043491,phosphatidylinositol 3-kinase/protein kinase B signal transduction,47,2,0.0016666666666666668,0.0020124170413187755,0.7031216213201541,0.7841115616555988,1906;1956
GO:0050766,positive regulation of phagocytosis,47,2,0.0016666666666666668,0.0020124170413187755,0.7031216213201541,0.7841115616555988,124912;6556
GO:0051965,positive regulation of synapse assembly,47,2,0.0016666666666666668,0.0020124170413187755,0.7031216213201541,0.7841115616555988,22871;54413
GO:0055088,lipid homeostasis,47,2,0.0016666666666666668,0.0020124170413187755,0.7031216213201541,0.7841115616555988,1071;27329
GO:0002181,cytoplasmic translation,93,4,0.0033333333333333335,0.003982016698779705,0.7101900345908645,0.7910874684108886,200916;6173;6204;6218
GO:0034976,response to endoplasmic reticulum stress,93,4,0.0033333333333333335,0.003982016698779705,0.7101900345908645,0.7910874684108886,1051;57761;84699;8795
GO:0120163,negative regulation of cold-induced thermogenesis,48,2,0.0016666666666666668,0.0020552344251766217,0.7140927776039911,0.7941107119645431,5334;8809
GO:0000422,autophagy of mitochondrion,24,1,8.333333333333334e-4,0.0010276172125883109,0.7182090714581685,0.7941107119645431,664
GO:0006904,vesicle docking involved in exocytosis,24,1,8.333333333333334e-4,0.0010276172125883109,0.7182090714581685,0.7941107119645431,3745
GO:0007026,negative regulation of microtubule depolymerization,24,1,8.333333333333334e-4,0.0010276172125883109,0.7182090714581685,0.7941107119645431,22974
GO:0007595,lactation,24,1,8.333333333333334e-4,0.0010276172125883109,0.7182090714581685,0.7941107119645431,5465
GO:0032438,melanosome organization,24,1,8.333333333333334e-4,0.0010276172125883109,0.7182090714581685,0.7941107119645431,7306
GO:0035022,positive regulation of Rac protein signal transduction,24,1,8.333333333333334e-4,0.0010276172125883109,0.7182090714581685,0.7941107119645431,7010
GO:0045860,positive regulation of protein kinase activity,24,1,8.333333333333334e-4,0.0010276172125883109,0.7182090714581685,0.7941107119645431,27040
GO:0045954,positive regulation of natural killer cell mediated cytotoxicity,24,1,8.333333333333334e-4,0.0010276172125883109,0.7182090714581685,0.7941107119645431,3133
GO:0048568,embryonic organ development,24,1,8.333333333333334e-4,0.0010276172125883109,0.7182090714581685,0.7941107119645431,7477
GO:0060294,cilium movement involved in cell motility,24,1,8.333333333333334e-4,0.0010276172125883109,0.7182090714581685,0.7941107119645431,64518
GO:0071773,cellular response to BMP stimulus,24,1,8.333333333333334e-4,0.0010276172125883109,0.7182090714581685,0.7941107119645431,655
GO:1902042,negative regulation of extrinsic apoptotic signaling pathway via death domain receptors,24,1,8.333333333333334e-4,0.0010276172125883109,0.7182090714581685,0.7941107119645431,3162
GO:0034198,cellular response to amino acid starvation,49,2,0.0016666666666666668,0.002098051809034468,0.7247214373577581,0.8001699022643189,220441;5587
GO:0048013,ephrin receptor signaling pathway,49,2,0.0016666666666666668,0.002098051809034468,0.7247214373577581,0.8001699022643189,2044;4914
GO:0009966,regulation of signal transduction,95,4,0.0033333333333333335,0.004067651466495397,0.7257450552397342,0.8001699022643189,10252;11156;199699;7447
GO:0031647,regulation of protein stability,95,4,0.0033333333333333335,0.004067651466495397,0.7257450552397342,0.8001699022643189,11170;120892;283514;7018
GO:0070936,protein K48-linked ubiquitination,95,4,0.0033333333333333335,0.004067651466495397,0.7257450552397342,0.8001699022643189,11065;220441;26249;84675
GO:0140374,antiviral innate immune response,73,3,0.0025,0.003125669021622779,0.7311257148016066,0.8023856553920764,22861;64081;81030
GO:0002183,cytoplasmic translational initiation,25,1,8.333333333333334e-4,0.001070434596446157,0.7327026257100306,0.8023856553920764,1973
GO:0007041,lysosomal transport,25,1,8.333333333333334e-4,0.001070434596446157,0.7327026257100306,0.8023856553920764,51332
GO:0010592,positive regulation of lamellipodium assembly,25,1,8.333333333333334e-4,0.001070434596446157,0.7327026257100306,0.8023856553920764,100506658
GO:0010824,regulation of centrosome duplication,25,1,8.333333333333334e-4,0.001070434596446157,0.7327026257100306,0.8023856553920764,5314
GO:0016540,protein autoprocessing,25,1,8.333333333333334e-4,0.001070434596446157,0.7327026257100306,0.8023856553920764,837
GO:0032727,positive regulation of interferon-alpha production,25,1,8.333333333333334e-4,0.001070434596446157,0.7327026257100306,0.8023856553920764,7098
GO:0034243,regulation of transcription elongation by RNA polymerase II,25,1,8.333333333333334e-4,0.001070434596446157,0.7327026257100306,0.8023856553920764,55840
GO:0045063,T-helper 1 cell differentiation,25,1,8.333333333333334e-4,0.001070434596446157,0.7327026257100306,0.8023856553920764,8809
GO:0048041,focal adhesion assembly,25,1,8.333333333333334e-4,0.001070434596446157,0.7327026257100306,0.8023856553920764,88
GO:0051497,negative regulation of stress fiber assembly,25,1,8.333333333333334e-4,0.001070434596446157,0.7327026257100306,0.8023856553920764,84952
GO:0070316,regulation of G0 to G1 transition,25,1,8.333333333333334e-4,0.001070434596446157,0.7327026257100306,0.8023856553920764,605
GO:0050821,protein stabilization,227,10,0.008333333333333333,0.009719546135731108,0.7348606527115271,0.8042963049362384,10103;10891;11200;112399;173;23162;481;5204;573;9099
GO:0000209,protein polyubiquitination,141,6,0.005,0.0060372511239563265,0.7372766755611853,0.8064870211591154,10616;11065;115992;220441;26249;57161
GO:0045597,positive regulation of cell differentiation,74,3,0.0025,0.003168486405480625,0.7395587012458629,0.8085287823732861,177;655;81544
GO:0006661,phosphatidylinositol biosynthetic process,51,2,0.0016666666666666668,0.0021836865767501604,0.7449763306359736,0.8119587775211988,1040;660
GO:0006812,monoatomic cation transport,51,2,0.0016666666666666668,0.0021836865767501604,0.7449763306359736,0.8119587775211988,80036;84102
GO:0016925,protein sumoylation,51,2,0.0016666666666666668,0.0021836865767501604,0.7449763306359736,0.8119587775211988,2138;387082
GO:0050853,B cell receptor signaling pathway,51,2,0.0016666666666666668,0.0021836865767501604,0.7449763306359736,0.8119587775211988,10451;660
GO:0006270,DNA replication initiation,26,1,8.333333333333334e-4,0.0011132519803040033,0.7464513119144012,0.8119587775211988,29935
GO:0008306,associative learning,26,1,8.333333333333334e-4,0.0011132519803040033,0.7464513119144012,0.8119587775211988,7349
GO:0030225,macrophage differentiation,26,1,8.333333333333334e-4,0.0011132519803040033,0.7464513119144012,0.8119587775211988,1435
GO:0097421,liver regeneration,26,1,8.333333333333334e-4,0.0011132519803040033,0.7464513119144012,0.8119587775211988,1051
GO:2000060,positive regulation of ubiquitin-dependent protein catabolic process,26,1,8.333333333333334e-4,0.0011132519803040033,0.7464513119144012,0.8119587775211988,5347
GO:0045666,positive regulation of neuron differentiation,52,2,0.0016666666666666668,0.0022265039606080067,0.7546157207111578,0.8197305153037922,6457;81544
GO:0045995,regulation of embryonic development,52,2,0.0016666666666666668,0.0022265039606080067,0.7546157207111578,0.8197305153037922,125476;3643
GO:0016579,protein deubiquitination,76,3,0.0025,0.0032541211731963175,0.7557928490328892,0.8197305153037922,54532;7345;9099
GO:0001510,RNA methylation,27,1,8.333333333333334e-4,0.0011560693641618498,0.7594933808287447,0.8197305153037922,4839
GO:0002639,positive regulation of immunoglobulin production,27,1,8.333333333333334e-4,0.0011560693641618498,0.7594933808287447,0.8197305153037922,3133
GO:0010608,post-transcriptional regulation of gene expression,27,1,8.333333333333334e-4,0.0011560693641618498,0.7594933808287447,0.8197305153037922,9782
GO:0034063,stress granule assembly,27,1,8.333333333333334e-4,0.0011560693641618498,0.7594933808287447,0.8197305153037922,283
GO:0034394,protein localization to cell surface,27,1,8.333333333333334e-4,0.0011560693641618498,0.7594933808287447,0.8197305153037922,5329
GO:0048024,"regulation of mRNA splicing, via spliceosome",27,1,8.333333333333334e-4,0.0011560693641618498,0.7594933808287447,0.8197305153037922,81669
GO:0050807,regulation of synapse organization,27,1,8.333333333333334e-4,0.0011560693641618498,0.7594933808287447,0.8197305153037922,8404
GO:0050868,negative regulation of T cell activation,27,1,8.333333333333334e-4,0.0011560693641618498,0.7594933808287447,0.8197305153037922,3718
GO:0061436,establishment of skin barrier,27,1,8.333333333333334e-4,0.0011560693641618498,0.7594933808287447,0.8197305153037922,26154
GO:0071577,zinc ion transmembrane transport,27,1,8.333333333333334e-4,0.0011560693641618498,0.7594933808287447,0.8197305153037922,80036
GO:0099505,regulation of presynaptic membrane potential,27,1,8.333333333333334e-4,0.0011560693641618498,0.7594933808287447,0.8197305153037922,2893
GO:0032956,regulation of actin cytoskeleton organization,100,4,0.0033333333333333335,0.004281738385784628,0.761887423792732,0.8218586068185456,10788;11170;23616;54959
GO:0010804,negative regulation of tumor necrosis factor-mediated signaling pathway,28,1,8.333333333333334e-4,0.001198886748019696,0.7718651204980479,0.8294033818272784,307
GO:0030282,bone mineralization,28,1,8.333333333333334e-4,0.001198886748019696,0.7718651204980479,0.8294033818272784,1594
GO:0035082,axoneme assembly,28,1,8.333333333333334e-4,0.001198886748019696,0.7718651204980479,0.8294033818272784,6101
GO:0045070,positive regulation of viral genome replication,28,1,8.333333333333334e-4,0.001198886748019696,0.7718651204980479,0.8294033818272784,2494
GO:0051899,membrane depolarization,28,1,8.333333333333334e-4,0.001198886748019696,0.7718651204980479,0.8294033818272784,1906
GO:2001237,negative regulation of extrinsic apoptotic signaling pathway,28,1,8.333333333333334e-4,0.001198886748019696,0.7718651204980479,0.8294033818272784,8829
GO:2001244,positive regulation of intrinsic apoptotic signaling pathway,28,1,8.333333333333334e-4,0.001198886748019696,0.7718651204980479,0.8294033818272784,637
GO:0040029,epigenetic regulation of gene expression,55,2,0.0016666666666666668,0.002354956112181546,0.7816644853031411,0.8383108642652757,200424;29128
GO:0007030,Golgi organization,103,4,0.0033333333333333335,0.004410190537358167,0.7817305591958211,0.8383108642652757,120892;23345;51332;5587
GO:0033617,mitochondrial respiratory chain complex IV assembly,29,1,8.333333333333334e-4,0.0012417041318775422,0.7836009568851677,0.8383108642652757,9997
GO:0043162,ubiquitin-dependent protein catabolic process via the multivesicular body sorting pathway,29,1,8.333333333333334e-4,0.0012417041318775422,0.7836009568851677,0.8383108642652757,29082
GO:0045861,negative regulation of proteolysis,29,1,8.333333333333334e-4,0.0012417041318775422,0.7836009568851677,0.8383108642652757,7076
GO:0051262,protein tetramerization,29,1,8.333333333333334e-4,0.0012417041318775422,0.7836009568851677,0.8383108642652757,80036
GO:0090303,positive regulation of wound healing,29,1,8.333333333333334e-4,0.0012417041318775422,0.7836009568851677,0.8383108642652757,100506658
GO:2000819,regulation of nucleotide-excision repair,29,1,8.333333333333334e-4,0.0012417041318775422,0.7836009568851677,0.8383108642652757,605
GO:0030968,endoplasmic reticulum unfolded protein response,56,2,0.0016666666666666668,0.002397773496039392,0.7900813577154379,0.8447792978649682,10551;56965
GO:0007020,microtubule nucleation,30,1,8.333333333333334e-4,0.0012845215157353885,0.7947335493458466,0.8464978035177984,22974
GO:0035023,regulation of Rho protein signal transduction,30,1,8.333333333333334e-4,0.0012845215157353885,0.7947335493458466,0.8464978035177984,81704
GO:0043001,Golgi to plasma membrane protein transport,30,1,8.333333333333334e-4,0.0012845215157353885,0.7947335493458466,0.8464978035177984,288
GO:0046329,negative regulation of JNK cascade,30,1,8.333333333333334e-4,0.0012845215157353885,0.7947335493458466,0.8464978035177984,91862
GO:0070507,regulation of microtubule cytoskeleton organization,30,1,8.333333333333334e-4,0.0012845215157353885,0.7947335493458466,0.8464978035177984,11170
GO:0072583,clathrin-dependent endocytosis,30,1,8.333333333333334e-4,0.0012845215157353885,0.7947335493458466,0.8464978035177984,9829
GO:1901223,negative regulation of non-canonical NF-kappaB signal transduction,30,1,8.333333333333334e-4,0.0012845215157353885,0.7947335493458466,0.8464978035177984,655
GO:0006406,mRNA export from nucleus,57,2,0.0016666666666666668,0.0024405908798972383,0.798210612300936,0.8497362426354603,56000;79228
GO:0002250,adaptive immune response,436,19,0.015833333333333335,0.01866837936202098,0.8013569838315138,0.8526192949896806,11025;117157;1512;1524;219972;27040;3111;3113;3115;3117;3120;3122;3133;3718;64170;6494;660;84868;8809
GO:0002230,positive regulation of defense response to virus by host,31,1,8.333333333333334e-4,0.001327338899593235,0.8052938812122984,0.8554049633401378,9447
GO:0030217,T cell differentiation,31,1,8.333333333333334e-4,0.001327338899593235,0.8052938812122984,0.8554049633401378,55716
GO:0035249,"synaptic transmission, glutamatergic",31,1,8.333333333333334e-4,0.001327338899593235,0.8052938812122984,0.8554049633401378,2893
GO:0006139,nucleobase-containing compound metabolic process,58,2,0.0016666666666666668,0.0024834082637550845,0.8060595554975866,0.8557511702118404,1663;9153
GO:0009408,response to heat,32,1,8.333333333333334e-4,0.0013701562834510812,0.8153113457357609,0.8618119928309563,3316
GO:0019082,viral protein processing,32,1,8.333333333333334e-4,0.0013701562834510812,0.8153113457357609,0.8618119928309563,256435
GO:0032008,positive regulation of TOR signaling,32,1,8.333333333333334e-4,0.0013701562834510812,0.8153113457357609,0.8618119928309563,2155
GO:0032206,positive regulation of telomere maintenance,32,1,8.333333333333334e-4,0.0013701562834510812,0.8153113457357609,0.8618119928309563,9212
GO:0036258,multivesicular body assembly,32,1,8.333333333333334e-4,0.0013701562834510812,0.8153113457357609,0.8618119928309563,29082
GO:0048863,stem cell differentiation,32,1,8.333333333333334e-4,0.0013701562834510812,0.8153113457357609,0.8618119928309563,29947
GO:0060337,type I interferon-mediated signaling pathway,32,1,8.333333333333334e-4,0.0013701562834510812,0.8153113457357609,0.8618119928309563,3455
GO:0099175,regulation of postsynapse organization,32,1,8.333333333333334e-4,0.0013701562834510812,0.8153113457357609,0.8618119928309563,58504
GO:0031047,regulatory ncRNA-mediated gene silencing,60,2,0.0016666666666666668,0.002569043031470777,0.8209457586502333,0.8668260696328564,56154;90853
GO:0098655,monoatomic cation transmembrane transport,60,2,0.0016666666666666668,0.002569043031470777,0.8209457586502333,0.8668260696328564,5026;80036
GO:0072657,protein localization to membrane,33,1,8.333333333333334e-4,0.0014129736673089274,0.8248138276256158,0.870438019826165,158866
GO:0006413,translational initiation,61,2,0.0016666666666666668,0.0026118604153286236,0.8279975980905595,0.8728512057877729,1973;6218
GO:0071363,cellular response to growth factor stimulus,61,2,0.0016666666666666668,0.0026118604153286236,0.8279975980905595,0.8728512057877729,847;8877
GO:0016192,vesicle-mediated transport,338,14,0.011666666666666667,0.014472275743952044,0.831046943785087,0.8755914199273305,120892;23162;27443;286676;379;3798;4645;5168;6712;6843;6857;84258;9066;9882
GO:0030890,positive regulation of B cell proliferation,34,1,8.333333333333334e-4,0.0014557910511667736,0.8338277804105083,0.876149492807154,10451
GO:0045880,positive regulation of smoothened signaling pathway,34,1,8.333333333333334e-4,0.0014557910511667736,0.8338277804105083,0.876149492807154,2121
GO:0050860,negative regulation of T cell receptor signaling pathway,34,1,8.333333333333334e-4,0.0014557910511667736,0.8338277804105083,0.876149492807154,634
GO:0051963,regulation of synapse assembly,34,1,8.333333333333334e-4,0.0014557910511667736,0.8338277804105083,0.876149492807154,393
GO:1903749,positive regulation of protein localization to mitochondrion,34,1,8.333333333333334e-4,0.0014557910511667736,0.8338277804105083,0.876149492807154,79778
GO:0010977,negative regulation of neuron projection development,63,2,0.0016666666666666668,0.002697495183044316,0.8413548859365274,0.8832263854954988,120892;1809
GO:0006959,humoral immune response,35,1,8.333333333333334e-4,0.00149860843502462,0.8423782998353782,0.8832263854954988,1235
GO:0045599,negative regulation of fat cell differentiation,35,1,8.333333333333334e-4,0.00149860843502462,0.8423782998353782,0.8832263854954988,57761
GO:0072344,rescue of stalled cytosolic ribosome,35,1,8.333333333333334e-4,0.00149860843502462,0.8423782998353782,0.8832263854954988,55139
GO:0030336,negative regulation of cell migration,139,5,0.004166666666666667,0.005951616356240634,0.8474045524394216,0.8880179100953767,1809;393;7049;9241;999
GO:0001701,in utero embryonic development,36,1,8.333333333333334e-4,0.0015414258188824663,0.8504891934973655,0.8898128873902544,7477
GO:0009117,nucleotide metabolic process,36,1,8.333333333333334e-4,0.0015414258188824663,0.8504891934973655,0.8898128873902544,100
GO:0051225,spindle assembly,36,1,8.333333333333334e-4,0.0015414258188824663,0.8504891934973655,0.8898128873902544,10783
GO:0009060,aerobic respiration,65,2,0.0016666666666666668,0.0027831299507600086,0.8537644060013375,0.8927595561948429,4719;7349
GO:0002062,chondrocyte differentiation,37,1,8.333333333333334e-4,0.0015842432027403125,0.8581830469131707,0.8959357345992652,55553
GO:0006303,double-strand break repair via nonhomologous end joining,37,1,8.333333333333334e-4,0.0015842432027403125,0.8581830469131707,0.8959357345992652,25900
GO:0042273,ribosomal large subunit biogenesis,37,1,8.333333333333334e-4,0.0015842432027403125,0.8581830469131707,0.8959357345992652,4839
GO:0036211,protein modification process,66,2,0.0016666666666666668,0.002825947334617855,0.8596312205800378,0.8969664103210474,4482;7903
GO:0001818,negative regulation of cytokine production,38,1,8.333333333333334e-4,0.0016270605865981588,0.8654812862005966,0.9011378185908835,6556
GO:0007032,endosome organization,38,1,8.333333333333334e-4,0.0016270605865981588,0.8654812862005966,0.9011378185908835,257364
GO:0009411,response to UV,38,1,8.333333333333334e-4,0.0016270605865981588,0.8654812862005966,0.9011378185908835,847
GO:0016266,protein O-linked glycosylation via N-acetyl-galactosamine,38,1,8.333333333333334e-4,0.0016270605865981588,0.8654812862005966,0.9011378185908835,79623
GO:0006749,glutathione metabolic process,39,1,8.333333333333334e-4,0.0016698779704560052,0.8724042375476517,0.9039928893864378,79094
GO:0007249,canonical NF-kappaB signal transduction,39,1,8.333333333333334e-4,0.0016698779704560052,0.8724042375476517,0.9039928893864378,101
GO:0010719,negative regulation of epithelial to mesenchymal transition,39,1,8.333333333333334e-4,0.0016698779704560052,0.8724042375476517,0.9039928893864378,10252
GO:0032481,positive regulation of type I interferon production,39,1,8.333333333333334e-4,0.0016698779704560052,0.8724042375476517,0.9039928893864378,64081
GO:0032981,mitochondrial respiratory chain complex I assembly,39,1,8.333333333333334e-4,0.0016698779704560052,0.8724042375476517,0.9039928893864378,4719
GO:0046854,phosphatidylinositol phosphate biosynthetic process,39,1,8.333333333333334e-4,0.0016698779704560052,0.8724042375476517,0.9039928893864378,3706
GO:0051480,regulation of cytosolic calcium ion concentration,39,1,8.333333333333334e-4,0.0016698779704560052,0.8724042375476517,0.9039928893864378,492
GO:0070979,protein K11-linked ubiquitination,39,1,8.333333333333334e-4,0.0016698779704560052,0.8724042375476517,0.9039928893864378,11065
GO:0097191,extrinsic apoptotic signaling pathway,39,1,8.333333333333334e-4,0.0016698779704560052,0.8724042375476517,0.9039928893864378,7098
GO:0030218,erythrocyte differentiation,40,1,8.333333333333334e-4,0.0017126953543138515,0.8789711836337221,0.9088618083694066,4602
GO:0032743,positive regulation of interleukin-2 production,40,1,8.333333333333334e-4,0.0017126953543138515,0.8789711836337221,0.9088618083694066,729230
GO:0048488,synaptic vesicle endocytosis,40,1,8.333333333333334e-4,0.0017126953543138515,0.8789711836337221,0.9088618083694066,54413
GO:1905515,non-motile cilium assembly,40,1,8.333333333333334e-4,0.0017126953543138515,0.8789711836337221,0.9088618083694066,387707
GO:0010506,regulation of autophagy,70,2,0.0016666666666666668,0.00299721687004924,0.8810031532988573,0.9104790952307893,120892;57761
GO:0008630,intrinsic apoptotic signaling pathway in response to DNA damage,41,1,8.333333333333334e-4,0.0017555127381716977,0.8852004171589005,0.9138461601014433,11200
GO:0042113,B cell activation,41,1,8.333333333333334e-4,0.0017555127381716977,0.8852004171589005,0.9138461601014433,202309
GO:0006513,protein monoubiquitination,42,1,8.333333333333334e-4,0.001798330122029544,0.8911092916295755,0.9184844711393824,220441
GO:0031122,cytoplasmic microtubule organization,42,1,8.333333333333334e-4,0.001798330122029544,0.8911092916295755,0.9184844711393824,283234
GO:1905168,positive regulation of double-strand break repair via homologous recombination,42,1,8.333333333333334e-4,0.001798330122029544,0.8911092916295755,0.9184844711393824,10635
GO:0007286,spermatid development,73,2,0.0016666666666666668,0.003125669021622779,0.8950128520262941,0.9215317513455917,147700;57639
GO:0045732,positive regulation of protein catabolic process,73,2,0.0016666666666666668,0.003125669021622779,0.8950128520262941,0.9215317513455917,722;7432
GO:0006120,"mitochondrial electron transport, NADH to ubiquinone",43,1,8.333333333333334e-4,0.0018411475058873904,0.8967142695408058,0.9227953297336902,4719
GO:0034097,response to cytokine,44,1,8.333333333333334e-4,0.0018839648897452366,0.9020309680888081,0.9272859291604969,7076
GO:0042789,mRNA transcription by RNA polymerase II,44,1,8.333333333333334e-4,0.0018839648897452366,0.9020309680888081,0.9272859291604969,7068
GO:0006401,RNA catabolic process,45,1,8.333333333333334e-4,0.0019267822736030828,0.9070742025400729,0.9305041634912925,10535
GO:0006913,nucleocytoplasmic transport,45,1,8.333333333333334e-4,0.0019267822736030828,0.9070742025400729,0.9305041634912925,10636
GO:0032024,positive regulation of insulin secretion,45,1,8.333333333333334e-4,0.0019267822736030828,0.9070742025400729,0.9305041634912925,18
GO:1902459,positive regulation of stem cell population maintenance,45,1,8.333333333333334e-4,0.0019267822736030828,0.9070742025400729,0.9305041634912925,605
GO:0032456,endocytic recycling,77,2,0.0016666666666666668,0.003296938557054164,0.911311416745115,0.9334945631538223,10123;79778
GO:0006289,nucleotide-excision repair,46,1,8.333333333333334e-4,0.0019695996574609293,0.9118580273771346,0.9334945631538223,29935
GO:0031623,receptor internalization,46,1,8.333333333333334e-4,0.0019695996574609293,0.9118580273771346,0.9334945631538223,948
GO:0016055,Wnt signaling pathway,207,7,0.005833333333333334,0.008863198458574181,0.9119081010048387,0.9334945631538223,27031;55716;57447;7477;8313;8321;84133
GO:0031507,heterochromatin formation,106,3,0.0025,0.004538642688931707,0.9144375693731668,0.9355917507887396,1058;2146;29128
GO:0006368,transcription elongation by RNA polymerase II,47,1,8.333333333333334e-4,0.0020124170413187755,0.9163957753348952,0.9361187290297669,55840
GO:0034644,cellular response to UV,47,1,8.333333333333334e-4,0.0020124170413187755,0.9163957753348952,0.9361187290297669,9212
GO:1901740,negative regulation of myoblast fusion,47,1,8.333333333333334e-4,0.0020124170413187755,0.9163957753348952,0.9361187290297669,6173
GO:0022904,respiratory electron transport chain,79,2,0.0016666666666666668,0.0033825733247698567,0.9185413133166451,0.9378181509518319,10891;4719
GO:0031648,protein destabilization,49,1,8.333333333333334e-4,0.002098051809034468,0.9247829831246734,0.943201092851475,1512
GO:1904262,negative regulation of TORC1 signaling,49,1,8.333333333333334e-4,0.002098051809034468,0.9247829831246734,0.943201092851475,220441
GO:0008033,tRNA processing,111,3,0.0025,0.004752729608220938,0.9290458275018862,0.9470524779039656,55621;79897;81890
GO:0006417,regulation of translation,165,5,0.004166666666666667,0.007064868336544637,0.9305096293794888,0.9480405403181865,10643;10644;1978;6470;80315
GO:0042147,"retrograde transport, endosome to Golgi",83,2,0.0016666666666666668,0.0035538428602012416,0.9313685269401293,0.9480405403181865,22836;92241
GO:0006396,RNA processing,191,6,0.005,0.00817812031684864,0.9314766254308183,0.9480405403181865,23642;4839;677769;692205;79897;85028
GO:0060078,regulation of postsynaptic membrane potential,52,1,8.333333333333334e-4,0.0022265039606080067,0.9358139956759376,0.9519571539913093,2893
GO:0006886,intracellular protein transport,268,9,0.0075,0.011475058873902804,0.9366609583707335,0.9523209116977258,10016;10123;23086;257364;26154;379;4646;6447;84958
GO:0006612,protein targeting to membrane,54,1,8.333333333333334e-4,0.0023121387283236996,0.94225450530696,0.957507711398091,158866
GO:1904263,positive regulation of TORC1 signaling,55,1,8.333333333333334e-4,0.002354956112181546,0.94522839456629,0.9600284216210859,121268
GO:0006367,transcription initiation at RNA polymerase II promoter,58,1,8.333333333333334e-4,0.0024834082637550845,0.9532629289339536,0.9676837035500646,10891
GO:0030030,cell projection organization,204,6,0.005,0.008734746307000642,0.9539135350858385,0.9678240687607653,10309;124093;197335;6101;64805;9001
GO:0043161,proteasome-mediated ubiquitin-dependent protein catabolic process,305,10,0.008333333333333333,0.013059302076643117,0.9543958828118748,0.9678240687607653,10616;11065;22836;26249;283514;57563;7345;8313;90293;9928
GO:0030317,flagellated sperm motility,153,4,0.0033333333333333335,0.006551059730250481,0.9578272067382265,0.9705095838641196,117144;140735;64518;84217
GO:0006914,autophagy,207,6,0.005,0.008863198458574181,0.9580415779049197,0.9705095838641196,115992;120892;29082;57655;7957;9001
GO:0003341,cilium movement,61,1,8.333333333333334e-4,0.0026118604153286236,0.9601197012415228,0.9721087089573379,140735
GO:0042776,proton motive force-driven mitochondrial ATP synthesis,63,1,8.333333333333334e-4,0.002697495183044316,0.9641228490781909,0.9756542196079873,4719
GO:0006412,translation,290,9,0.0075,0.012417041318775423,0.9649865925937986,0.9760207428209625,10318;10643;1725;1973;200916;6173;6204;6218;80315
GO:0008150,biological_process,64,1,8.333333333333334e-4,0.0027403125669021623,0.9659712339788508,0.9765091019858928,338094
GO:0000045,autophagosome assembly,65,1,8.333333333333334e-4,0.0027831299507600086,0.9677244656659993,0.9772661184151711,9363
GO:0006282,regulation of DNA repair,65,1,8.333333333333334e-4,0.0027831299507600086,0.9677244656659993,0.9772661184151711,125476
GO:0016064,immunoglobulin mediated immune response,66,1,8.333333333333334e-4,0.002825947334617855,0.9693874386673219,0.9784377363312284,64170
GO:0000381,"regulation of alternative mRNA splicing, via spliceosome",67,1,8.333333333333334e-4,0.002868764718475701,0.9709647959432554,0.9795217692615733,54502
GO:0070534,protein K63-linked ubiquitination,68,1,8.333333333333334e-4,0.0029115821023335473,0.9724609418067083,0.9805227941740177,220441
GO:0051865,protein autoubiquitination,69,1,8.333333333333334e-4,0.002954399486191394,0.9738800541797898,0.9814451504059405,29128
GO:0045727,positive regulation of translation,71,1,8.333333333333334e-4,0.0030400342539070864,0.9765028273589336,0.9835789348035635,7349
GO:0042274,ribosomal small subunit biogenesis,75,1,8.333333333333334e-4,0.0032113037893384713,0.9809852719930905,0.9875826897561066,6218
GO:0032259,methylation,179,4,0.0033333333333333335,0.007664311710554485,0.9838834480783968,0.9899882057707137,2146;4839;55621;635
GO:0006457,protein folding,180,4,0.0033333333333333335,0.007707129094412331,0.9844859526739157,0.9900825136451886,5204;573;60681;6905
GO:0006606,protein import into nucleus,81,1,8.333333333333334e-4,0.003468208092485549,0.9861588726219543,0.9912526684516133,2646
GO:0006334,nucleosome assembly,82,1,8.333333333333334e-4,0.0035110254763433954,0.9868725167249729,0.9914578820582329,7259
GO:0060271,cilium assembly,220,5,0.004166666666666667,0.009419824448726183,0.9895034490737156,0.9935880866343914,10309;197335;27031;3983;64518
GO:0007608,sensory perception of smell,91,1,8.333333333333334e-4,0.003896381931064012,0.9918487185937895,0.995429399888352,567
GO:0006888,endoplasmic reticulum to Golgi vesicle-mediated transport,118,1,8.333333333333334e-4,0.0050524512952258615,0.9980507594090906,0.9999762805836224,10016
GO:0006364,rRNA processing,162,2,0.0016666666666666668,0.006936416184971098,0.9981437834836766,0.9999762805836224,4839;6218
GO:0042254,ribosome biogenesis,120,1,8.333333333333334e-4,0.005138086062941554,0.99824688964044,0.9999762805836224,4839
GO:0006325,chromatin organization,433,10,0.008333333333333333,0.018539927210447442,0.9990446715617596,0.9999762805836224,1107;200424;2138;2140;2146;26038;27443;29128;3171;9557
GO:0008380,RNA splicing,318,6,0.005,0.01361592806679512,0.9991752011370137,0.9999762805836224,10891;2334;54502;7307;79228;81669
GO:0006397,mRNA processing,401,6,0.005,0.01716977092699636,0.9999706005233658,0.9999762805836224,10891;2334;54502;7307;79228;81669
GO:0000398,"mRNA splicing, via spliceosome",201,1,8.333333333333334e-4,0.008606294155427104,0.9999762805836224,0.9999762805836224,7307
