draw,strategy,delta_c,delta_brier3
1,hydra,-0.009507075516257624,0.002963002529777889
1,survival_only,-0.00725311266035632,0.004201377897326758
1,de_only,0.0035103629390315525,0.0020028832203319302
1,ridge_eligible,0.019221976610175905,-0.003803357429120649
1,matched_control,0.002221844357535563,-6.192787018209966e-4
2,hydra,0.018204441041347597,-0.005092555990146935
2,survival_only,0.0026071975497703017,-8.729687044481294e-4
2,de_only,0.0031584992343032248,-0.0010754769118928448
2,ridge_eligible,0.03704058192955587,-0.010916628621616398
2,matched_control,0.0024330015313935526,-6.84517571088103e-4
3,hydra,0.006469826656117372,-9.919026997285863e-4
3,survival_only,-0.007002085880745157,0.006335984502135561
3,de_only,-8.235632597281106e-4,0.0024744348866560075
3,ridge_eligible,0.025807379702222532,-0.006148565074535014
3,matched_control,8.343522980651774e-4,-2.1489310140007932e-4
4,hydra,0.014331418234200454,-0.006026512898955272
4,survival_only,0.005331568985444135,-7.214288222243375e-4
4,de_only,-0.0028307733538801673,0.002492916927821026
4,ridge_eligible,0.03007152309006549,-0.008309736029424131
4,matched_control,0.0027185474280163047,-7.901274377466738e-4
5,hydra,0.0049723988833616835,-0.0037538069081369447
5,survival_only,0.013099510945994175,9.012855698006028e-4
5,de_only,0.004561005814075525,0.0027931283326881997
5,ridge_eligible,0.027999916042230778,-0.0043307666942086044
5,matched_control,0.0031106353504187665,-0.001031137033888313
6,hydra,0.012537721879627395,-0.004663290592245439
6,survival_only,0.010172255440385358,-4.7323773860464267e-4
6,de_only,-0.005729976945136916,0.003018868324983104
6,ridge_eligible,0.03246049746021632,-0.006093283541707159
6,matched_control,0.0015182470806545667,-3.9663534825314095e-4
7,hydra,0.0016167949417919103,6.295310717141178e-4
7,survival_only,0.0012821641804188432,8.913064129252829e-4
7,de_only,-0.0035206678525510847,0.004517440028615316
7,ridge_eligible,0.021162753835044668,-0.004557570645760567
7,matched_control,0.0014847038517762034,-5.410979779323921e-4
8,hydra,0.008935549512884767,-0.0030415984363063144
8,survival_only,8.337685256883942e-4,0.001178475917936933
8,de_only,-0.0012875691055445836,4.6840428305263413e-4
8,ridge_eligible,0.032668239361797934,-0.011846656672357231
8,matched_control,0.002614755722029194,-5.556308294041218e-4
9,hydra,0.006981456465676039,-0.002615440363123794
9,survival_only,0.0077530803553154115,-0.0024317058853904365
9,de_only,-0.007325310082279246,0.0017953637921764853
9,ridge_eligible,0.025674403373040233,-0.007616674626863826
9,matched_control,0.0026873797535715725,-1.9295673813732593e-4
10,hydra,0.010757547346709206,-0.005099747705634858
10,survival_only,2.531408213013342e-4,-5.391549872090729e-4
10,de_only,-0.003618976186011613,0.0021754289552350452
10,ridge_eligible,0.031365085317832386,-0.009844741277673392
10,matched_control,0.0030151884492780833,-4.917988846058569e-4
11,hydra,0.010785118876524469,-3.3700129901961806e-4
11,survival_only,0.010499733092432139,0.0028242356241784785
11,de_only,0.004989118383772051,9.419725284911335e-4
11,ridge_eligible,0.03799326571674948,-0.00871509431474643
11,matched_control,0.0010614708660124151,-3.655291438541819e-4
12,hydra,9.559062805076457e-4,-6.32955898862822e-4
12,survival_only,-0.01076513179303611,0.00735813887932168
12,de_only,-0.0022880735437683097,0.0014199861467191015
12,ridge_eligible,0.02286649853563293,-0.003481963807091809
12,matched_control,0.002656199153921246,-8.68799637787393e-4
13,hydra,0.010382208760113198,-0.010770703790615371
13,survival_only,-6.556135666175078e-4,-0.005378896475649192
13,de_only,9.326053166474058e-4,-0.0021144181882604613
13,ridge_eligible,0.03091945319038698,-0.015134365319597696
13,matched_control,6.75541030648441e-4,-2.482398657034479e-4
14,hydra,0.005643344799287586,-0.009965183790916385
14,survival_only,-0.0014335352970962889,-0.002798294279877628
14,de_only,-0.0037331284594297465,-0.003108608817749553
14,ridge_eligible,0.027525274571772795,-0.015604771676030684
14,matched_control,0.003094061566936146,-8.940927303515034e-4
15,hydra,-0.0056070038910505885,-0.0016658067873737137
15,survival_only,-0.0063132295719844685,0.0024594622264850043
15,de_only,-0.006391050583657609,0.003705569746084203
15,ridge_eligible,0.024254863813229544,-0.009027173251756757
15,matched_control,5.408560311283894e-4,-4.7301059139575886e-4
16,hydra,0.009091258996959317,-0.005230771689085585
16,survival_only,0.004076055579077009,-3.844939342745837e-4
16,de_only,0.00310034255802315,0.0019661145366524635
16,ridge_eligible,0.031205496324236925,-0.010520254175748988
16,matched_control,6.870405296178106e-4,-5.920795035533666e-4
17,hydra,0.010938693939928301,-7.397323104999826e-4
17,survival_only,0.01048805815160957,8.868928645283409e-4
17,de_only,0.0061678324418582234,0.001739720172706366
17,ridge_eligible,0.03417582632888574,-0.010101003029569918
17,matched_control,0.0012813730676541457,-0.00048122721344186214
18,hydra,0.004617306043321024,-0.001763230418651271
18,survival_only,7.176676732654541e-4,-0.0011282681221514213
18,de_only,-0.0017988293628602547,-3.179760115622654e-4
18,ridge_eligible,0.026840770980128957,-0.009410056121362097
18,matched_control,0.0018006934347388204,-6.810721113831464e-4
19,hydra,0.0011188008749596356,0.0021064714192032042
19,survival_only,-0.0024258615125327455,0.0049699020064092134
19,de_only,0.0022035356976368714,0.002917687270062522
19,ridge_eligible,0.027175744970774907,-0.00844711711192401
19,matched_control,0.0015724172553519434,-0.0013506934596757615
20,hydra,-0.004285217928425289,-7.904531330997167e-4
20,survival_only,-0.014782071574721056,0.0029995892901156507
20,de_only,-0.004053584526888798,0.001024683029274151
20,ridge_eligible,0.006209705439524349,-5.66055659307066e-4
20,matched_control,0.0014959657182565644,-1.0598767416322708e-5
21,hydra,0.0076125705188108015,-0.001573199064572689
21,survival_only,-0.00104696639324402,0.002767852522343553
21,de_only,-0.006036064098570571,0.004173239733784975
21,ridge_eligible,0.02482089087322189,-0.009509760766088862
21,matched_control,9.189076939051022e-4,-5.230225443967395e-4
22,hydra,0.005556177469308565,-3.743650552673061e-4
22,survival_only,-0.0012257920071644612,0.003733235452719319
22,de_only,0.004923691182506828,0.0032413243728928566
22,ridge_eligible,0.026635322213515424,-0.006973979115153234
22,matched_control,-2.929213776633688e-4,1.755278533917437e-4
23,hydra,0.0013079877519956208,1.842443888528944e-5
23,survival_only,0.013219703003592976,-0.0022538072727632447
23,de_only,0.005123984495300793,0.0029804574627663727
23,ridge_eligible,0.037597125612842695,-0.011321642774273444
23,matched_control,0.0021894192817571876,-6.915283902632241e-4
24,hydra,0.01129384192662033,-0.0028439656059152303
24,survival_only,0.012645466300307096,-4.5160601150967815e-4
24,de_only,0.0015859867464037448,0.0031394857636582118
24,ridge_eligible,0.044112655568126734,-0.011849509239403786
24,matched_control,0.0023880717633748107,-4.3585008995721263e-4
25,hydra,0.005976014004245966,-9.133830083549677e-4
25,survival_only,0.0056892249245782175,8.580167228384644e-4
25,de_only,-0.0022794145033334543,0.004534826217999688
25,ridge_eligible,0.029500167604007598,-0.005883900539238068
25,matched_control,0.00180081194830346,-6.354968914053627e-4
26,hydra,0.007399120741089638,-4.0566144640160896e-4
26,survival_only,0.004504239284031997,0.0010059511205199045
26,de_only,0.001350290469461457,0.003643745999483422
26,ridge_eligible,0.03034620819594911,-0.007866274001903808
26,matched_control,5.240226095147959e-4,-2.978513302432595e-4
27,hydra,0.015038326620761332,-0.0020561163026552253
27,survival_only,8.942878177644831e-4,0.004865278769099401
27,de_only,0.005417695205924389,-0.0010912796690197846
27,ridge_eligible,0.028580399289766568,-0.0020545374316488867
27,matched_control,0.0017084578407171812,-4.3439949128804836e-4
28,hydra,0.01116096371670926,-6.509389671315313e-4
28,survival_only,-0.0025057988927077667,0.007544616839856866
28,de_only,-0.00536376411628261,0.005283211329123158
28,ridge_eligible,0.02744019098251018,-0.0030061977617071188
28,matched_control,0.0010311023822020648,-1.1266520210297671e-4
29,hydra,0.009345842304931818,-0.001414274861180817
29,survival_only,-0.005374414710003739,0.004206844749331115
29,de_only,0.004637889196486555,8.689323093334006e-4
29,ridge_eligible,0.0250948426125295,-0.004298063884883904
29,matched_control,0.0016969137701220217,-1.2305885138527706e-4
30,hydra,0.0023546616366064256,-0.002472475543553204
30,survival_only,0.0010448678549477841,9.856891423826036e-4
30,de_only,0.0012610474111438342,6.454149678400383e-4
30,ridge_eligible,0.03551914884598265,-0.008843805873291689
30,matched_control,0.003664455418265056,-0.0010762309558046163
31,hydra,0.005863824872696733,-0.004547121362128939
31,survival_only,0.00789717745463454,-0.002314473321038077
31,de_only,-0.0037622272385252065,-9.81491874511725e-4
31,ridge_eligible,0.029065392759024967,-0.008075210416548484
31,matched_control,0.0029940329326123894,-7.136923816070034e-4
32,hydra,1.1011050375555608e-4,-0.001229069235719138
32,survival_only,-0.0024479924495654504,7.451604484699532e-4
32,de_only,-0.0012859333831452325,0.0029143959659300722
32,ridge_eligible,0.02244091391718118,-0.005461900078364251
32,matched_control,0.0031912383499154593,-7.724103755494983e-4
33,hydra,-0.0033177176737547278,3.7061970905830354e-4
33,survival_only,-0.01503129231782747,0.00600541668464632
33,de_only,0.0033396771950371163,-0.0010486557787438733
33,ridge_eligible,0.0092120191779819,-0.0010384934199983349
33,matched_control,6.807451597554915e-4,-6.721349094027939e-5
34,hydra,4.2317571266159426e-4,0.001969536954123494
34,survival_only,0.0019200808455092754,0.0064963594156394995
34,de_only,-0.0011979451766390148,0.0022764284917537957
34,ridge_eligible,0.02977177986441536,-0.0031796824136690522
34,matched_control,0.003953850688450056,-0.0011166168649735131
35,hydra,0.021295725628104258,-0.013278854093691164
35,survival_only,0.004484646340137022,-0.006820473573488176
35,de_only,0.008313091396874894,-0.004328804366647671
35,ridge_eligible,0.03930863212848492,-0.021403792725273013
35,matched_control,0.0027226915128883535,-8.994079685756273e-4
36,hydra,0.006787511535983537,-0.0013258442270940446
36,survival_only,-0.006266868655209068,0.005617971422717219
36,de_only,-0.0021069494506259943,0.002732724783788623
36,ridge_eligible,0.022391126434379804,-0.006850017706851741
36,matched_control,0.0014452628462971351,-6.098865535361902e-4
37,hydra,0.001483339695697261,-0.0010136714243433958
37,survival_only,-0.0029521368453582,8.72852623590481e-4
37,de_only,6.507789351220872e-4,0.001713264966585068
37,ridge_eligible,0.025952991219937837,-0.00876473653697447
37,matched_control,0.0011070513170093443,-3.4190891982969205e-4
38,hydra,9.697766983741918e-4,2.78785116050384e-4
38,survival_only,-0.003901032179720665,0.006089884748670704
38,de_only,2.3611954395200697e-4,0.003838704060044085
38,ridge_eligible,0.022249207312959617,-0.003262453694882783
38,matched_control,0.0015314038993456292,-7.56410562281043e-4
39,hydra,0.007887223411848675,-0.005658959470818117
39,survival_only,6.305020223649538e-4,-1.9386198146709166e-4
39,de_only,-0.0039291662418000865,0.002091737721602885
39,ridge_eligible,0.031006763876142873,-0.012540347065691761
39,matched_control,0.0016705754393120497,-0.0011701259486047665
40,hydra,0.012190131281122651,-0.007948086343697291
40,survival_only,0.006498868266183777,-0.004118413863959486
40,de_only,0.002350384789497495,-0.0010588757771935852
40,ridge_eligible,0.03182797645993658,-0.015579124625577595
40,matched_control,0.002712539610683529,-8.652766186298761e-4
41,hydra,-0.00718909394417141,3.7153033566886265e-5
41,survival_only,-0.006226467587869789,0.0037546984301229354
41,de_only,-0.00188630251321531,0.001980550458515656
41,ridge_eligible,0.020602800704813108,-0.0097026144380297
41,matched_control,0.0016618751738848082,-9.134121189172673e-4
42,hydra,0.011447878546324109,-0.00599120436761408
42,survival_only,0.002704808145222626,-0.0035189417252095177
42,de_only,0.0026106018333997504,-0.0013489773318013931
42,ridge_eligible,0.031102576180296347,-0.01411637017966432
42,matched_control,0.00151817094822273,-8.061816237179026e-4
43,hydra,0.0018128326786048365,-7.195442135383811e-4
43,survival_only,-0.006145944934782222,0.003900325980808181
43,de_only,-5.424893287757193e-4,0.0014443763902061008
43,ridge_eligible,0.020043195075081212,-0.0068394523682177135
43,matched_control,0.0017244018162338782,-5.367863674821033e-4
44,hydra,0.001244335052351908,8.334091839218239e-4
44,survival_only,-0.0058974058446632175,0.005046646189266255
44,de_only,-0.0030434442881700384,0.0052050921315526496
44,ridge_eligible,0.020178934208470056,-0.004320296213667568
44,matched_control,0.0037642600406313288,-0.0012091109295132546
45,hydra,0.009180643765853258,-0.001094445907783384
45,survival_only,4.915744145348788e-4,0.005615130604062305
45,de_only,0.0026761311127278197,0.0022453553605259247
45,ridge_eligible,0.02392787620189942,-9.932141125175487e-4
45,matched_control,6.960693709813559e-4,-6.663191441665106e-5
46,hydra,0.015482924414904887,-0.0016243872819953265
46,survival_only,0.01545110655447921,-4.4959400859043706e-4
46,de_only,-0.002782295128332046,0.00297709200476553
46,ridge_eligible,0.03634660255957008,-0.006846420054052105
46,matched_control,0.0035989535459237665,-5.672836354871175e-4
47,hydra,0.00991076876143988,-0.0024163281957259946
47,survival_only,-0.0010048047589994002,0.00230981557913327
47,de_only,-5.529286150092183e-5,0.003748912975706853
47,ridge_eligible,0.030304301403294688,-0.007647993312574786
47,matched_control,0.0020553691275167598,-7.205770782435589e-4
48,hydra,0.002132124121988088,-0.005224447844311373
48,survival_only,-0.00610829554547877,0.004560167272916307
48,de_only,-1.2447763848133509e-5,1.38866065035681e-4
48,ridge_eligible,0.021692895883346674,-0.007331496079439548
48,matched_control,-3.556503956610446e-4,-2.602707218865463e-4
49,hydra,2.2124270324541672e-5,0.002244562845424672
49,survival_only,-3.4888272434863143e-4,0.003088065688916228
49,de_only,-0.0014227607685631028,0.0039013544630708023
49,ridge_eligible,0.021709014789223758,-0.003593078415926573
49,matched_control,0.002665123640633771,-3.2279737695525834e-4
50,hydra,0.01463925774924273,-0.0047407879700788885
50,survival_only,0.014852635790356084,-0.0047488797711460005
50,de_only,-0.0030101545085636783,0.003151617075644225
50,ridge_eligible,0.03945398083407953,-0.012072370668008172
50,matched_control,0.00115071729314713,-2.1772306096433936e-4
51,hydra,0.006699972148725819,-0.0028185665477752976
51,survival_only,-0.003599777189806441,0.0045339591165263204
51,de_only,-6.022838044840273e-4,0.002375548804932054
51,ridge_eligible,0.02809497284500766,-0.008613738022077303
51,matched_control,0.0020279209023813085,-3.8080160032366307e-4
52,hydra,0.0029132490948052927,4.9597334691131587e-05
52,survival_only,0.0048714254045666315,-7.929417130108279e-4
52,de_only,-0.005008128279021651,0.001748886519095144
52,ridge_eligible,0.02662011379590633,-0.009079201979872054
52,matched_control,0.0029298751200768415,-5.191355703112188e-4
53,hydra,0.008681110409156766,-0.0031294539084683326
53,survival_only,0.01131405849344086,-0.0015669457538589864
53,de_only,-0.0011260173176261047,0.0032162729910543753
53,ridge_eligible,0.03662157642424466,-0.009405092618796832
53,matched_control,0.003361328923408513,-0.001178013800433067
54,hydra,0.0018993530916202594,-0.0042061585855048215
54,survival_only,-0.0022942680908680678,-4.071621554040478e-4
54,de_only,-0.002928012637279975,-0.001390070840915833
54,ridge_eligible,0.018352264179329014,-0.008072874118220474
54,matched_control,-2.9900707085904753e-4,1.8782068308575983e-5
55,hydra,0.018021473800128484,-0.005868596449594835
55,survival_only,0.011346242084977509,-0.0022720250538698613
55,de_only,0.004133247682848484,0.001696789602791074
55,ridge_eligible,0.03717536936771585,-0.006924269721500051
55,matched_control,0.0020721299440212724,-4.879979751082869e-4
56,hydra,0.008350429814001603,-0.0023278809861975837
56,survival_only,0.006176774784245253,1.613459978396653e-4
56,de_only,-2.3737262415437498e-4,6.899450621669689e-4
56,ridge_eligible,0.03427491140914564,-0.009148715125385514
56,matched_control,0.0018820258057952843,-7.250385591784814e-4
57,hydra,0.009932761165473125,-0.004582264470427958
57,survival_only,-0.001189890486342693,4.0660247570079857e-4
57,de_only,0.0038174893857395253,-0.0020316713180792783
57,ridge_eligible,0.03089706445088284,-0.010493069365193893
57,matched_control,0.0033564751544306382,-0.001169755609277756
58,hydra,-0.0013625866050808399,0.0025454631385936426
58,survival_only,-0.0058954440478689914,0.005702248879300301
58,de_only,-0.008673105185807262,0.0036039910294672546
58,ridge_eligible,0.02137728322485829,-0.0034397402592413777
58,matched_control,0.001293302540415675,-4.233685832758627e-4
59,hydra,0.001041610641997881,0.0038717570073714598
59,survival_only,-0.0032843901826852375,0.003860176147546521
59,de_only,-0.005407052833503656,0.004946217386502897
59,ridge_eligible,0.02340486563043438,-0.0033991495808556233
59,matched_control,0.001584825830509673,-3.8975152469191977e-4
60,hydra,0.013753183607316487,-0.00359619496800955
60,survival_only,0.01322065292891873,0.0015962610298912079
60,de_only,0.00220151269584008,9.32182058230785e-5
60,ridge_eligible,0.04141004862236629,-0.004927909997025473
60,matched_control,0.0024484834452419557,-4.362556199539652e-4
61,hydra,6.237987069718787e-4,-0.002076056222842698
61,survival_only,-0.011850428097151844,0.006562331042141034
61,de_only,-0.002124759741394355,0.0037170552933016273
61,ridge_eligible,0.017389481041411848,-0.0037364653893492638
61,matched_control,0.0018347020793290203,-3.820403704894171e-5
62,hydra,0.003861555125217442,-0.0012957118740687529
62,survival_only,-2.4288574523254614e-4,0.0011259978624742263
62,de_only,6.383956411855407e-4,0.0028949860991945796
62,ridge_eligible,0.020491023074145787,-0.005681124314775493
62,matched_control,8.25483309810604e-4,-1.587487698671286e-4
63,hydra,0.013632428038803369,0.001565225961813513
63,survival_only,-9.594826215256535e-4,0.0070171623636888615
63,de_only,-0.009736186454155128,0.007043244923513517
63,ridge_eligible,0.03372501899528206,-0.002702783212234136
63,matched_control,0.0033431696499566788,-6.315386658468869e-4
64,hydra,0.0059055118110236,-0.0033016555100600755
64,survival_only,-0.0077505017755133635,8.559013083096423e-4
64,de_only,0.004519839431835715,-9.806561406910247e-4
64,ridge_eligible,0.023506252894858713,-0.009417131002475284
64,matched_control,0.0011463640574339684,-5.339573020678806e-4
65,hydra,0.009909333333333336,6.578557192896517e-4
65,survival_only,6.613333333333582e-4,0.0076518392869864334
65,de_only,-0.006307555555555544,0.006481529474741396
65,ridge_eligible,0.021068444444444445,-7.886394661750451e-4
65,matched_control,0.002202666666666675,-3.0711361117184146e-4
66,hydra,2.668991654953823e-5,0.0021866814360024826
66,survival_only,-0.006414476610736452,0.006764158206095822
66,de_only,-0.009327236170174924,0.0055758000016582765
66,ridge_eligible,0.01571680219213184,1.436024871081326e-4
66,matched_control,3.2561698190424203e-4,-6.731410058688159e-4
67,hydra,0.0052181744035886156,4.136138731697381e-6
67,survival_only,-0.005471351865697016,0.006024261110370244
67,de_only,9.99116427649016e-4,0.0014266221244396277
67,ridge_eligible,0.027037313940052998,-0.0083239388656315
67,matched_control,0.0024672058723577694,-8.54762090428851e-4
68,hydra,-0.004077097405883534,0.0017694803614069
68,survival_only,-0.014699993399194722,0.00942639597954191
68,de_only,-0.010504081497942764,0.007836405764364193
68,ridge_eligible,0.018337037118528455,0.0012304898124395947
68,matched_control,0.001518185218596657,-8.447165078681873e-5
69,hydra,0.006188937045471255,-0.0035796544232610692
69,survival_only,-0.0012322779695878804,0.0022731191428490257
69,de_only,0.004587526628957672,3.27783435627782e-4
69,ridge_eligible,0.03643575993535595,-0.008602832080973408
69,matched_control,0.002367222507896882,-6.368134775109696e-4
70,hydra,0.004744828118071198,-0.0027869524965817016
70,survival_only,-0.015144504212697862,0.0028182264239378836
70,de_only,0.002552682823375174,0.001124083500875611
70,ridge_eligible,0.016237684847783772,-0.004514445515425319
70,matched_control,6.188906240962467e-4,-2.1470157089150676e-4
71,hydra,9.544648583393212e-4,0.002923574408311347
71,survival_only,-0.004038555853170844,0.00460889361142118
71,de_only,-0.008622250726223224,0.0064467214054578365
71,ridge_eligible,0.021052929414871534,-0.002636828093797755
71,matched_control,0.002776625042441605,-0.001109909283894686
72,hydra,0.013026185548456758,-0.0035374930644154782
72,survival_only,0.0015063439215333373,5.5416755768220026e-5
72,de_only,-0.005778817601007835,0.0038202097140428272
72,ridge_eligible,0.027443534599118156,-0.006166758802012446
72,matched_control,0.002973094573922441,-6.156630655651335e-4
73,hydra,0.009613464028111706,-4.3544232159440646e-4
73,survival_only,8.692435731458837e-5,0.0015164665967966034
73,de_only,0.002398742371000573,0.005207168059312322
73,ridge_eligible,0.02932309968559278,-0.006959909199778336
73,matched_control,0.005555761050490149,-0.0015012385650234827
74,hydra,-0.004258753414452443,-7.33643243041851e-4
74,survival_only,-0.004147007698038219,0.0036108802395054067
74,de_only,-0.004188395000413858,0.0016689467273886705
74,ridge_eligible,0.021875258670639865,-0.00494491723030469
74,matched_control,0.002479099412300323,-6.964966095391143e-4
75,hydra,0.0019514472455648968,0.0016400496059891356
75,survival_only,-0.0018842203548085745,0.004467275817828245
75,de_only,-0.0010961718020541578,0.0025507083940481457
75,ridge_eligible,0.019006535947712445,-0.003233007195407492
75,matched_control,8.272642390289465e-4,-2.1556296479737503e-4
76,hydra,0.004836746936327052,-0.0049081202777854025
76,survival_only,0.006415288370897276,-6.640034507459397e-4
76,de_only,7.027165995372453e-4,-3.7700051549480196e-4
76,ridge_eligible,0.03035564315708288,-0.010814617883198308
76,matched_control,9.272431228040223e-4,-7.708675693572475e-4
77,hydra,2.9458877248541573e-4,-9.91893812240477e-4
77,survival_only,-0.004945409018098789,0.003825551151908302
77,de_only,-0.0016091911697015404,0.005550642003088901
77,ridge_eligible,0.020810855596266074,-0.005343232001061004
77,matched_control,0.00345405335739144,-2.0281771941776383e-4
78,hydra,0.011569314873135627,-0.0022215658752972574
78,survival_only,0.008798304514033295,6.815421484190453e-4
78,de_only,0.006934458375423358,9.083453129192481e-4
78,ridge_eligible,0.032953037415572296,-0.008121550950289888
78,matched_control,7.18996969516894e-4,-1.5352565491320302e-4
79,hydra,0.001134722890674189,0.0014548457574870693
79,survival_only,0.0028877124134611743,0.0043445508156414545
79,de_only,-0.00831142867720559,0.003741889505587176
79,ridge_eligible,0.024863944318981146,-0.0061054620370492585
79,matched_control,0.0034430417237421573,-8.181732360846683e-4
80,hydra,0.0014620476041224961,0.001985604203781316
80,survival_only,-0.007828315418794585,0.006259077284251948
80,de_only,-0.0019432511661350849,0.004064323342220702
80,ridge_eligible,0.01923708032965209,-0.00363360207336616
80,matched_control,0.002013311454857225,-5.201924348422676e-4
81,hydra,0.0060876440027106795,-0.0015633001150981013
81,survival_only,0.008340862886830858,-0.0011159949988420736
81,de_only,0.0010861380920111686,0.0030959659939094135
81,ridge_eligible,0.0372185829380318,-0.01290242559289076
81,matched_control,0.0016094420600858638,-3.0091319564019283e-4
82,hydra,0.004086504204075814,6.095045242492658e-4
82,survival_only,-0.0022178281316802217,0.0038394354162645554
82,de_only,-0.0067015818725951306,0.005559820925818815
82,ridge_eligible,0.031633889126407286,-0.007177167922970995
82,matched_control,0.0011418697449052217,-5.626027579337916e-4
83,hydra,-0.012234980335427881,0.001391820884278075
83,survival_only,-0.011073188373039177,3.91251997124159e-4
83,de_only,-0.00582704217711677,0.003731549051742994
83,ridge_eligible,0.011254012024772875,-0.004401628295087836
83,matched_control,0.002328104516070728,-4.2530251899320357e-4
84,hydra,0.016620660969522794,-0.0056394824684808135
84,survival_only,0.0186171821825607,-0.00682623997446401
84,de_only,0.004501625954775779,7.310480514107764e-5
84,ridge_eligible,0.04522044921727292,-0.016134773782828522
84,matched_control,0.0012932012402631864,-9.842926343610419e-4
85,hydra,0.0029427561204851795,0.00448936424966005
85,survival_only,0.0020610482030166133,0.0061024680348260914
85,de_only,0.005587879872890866,0.0015374520005653036
85,ridge_eligible,0.024600546032314395,-0.0036515361330320935
85,matched_control,0.0015262050754151213,-1.5359336032322868e-4
86,hydra,0.023674554980532912,-0.007159037646255101
86,survival_only,0.015000080111515235,-0.003080127941359473
86,de_only,0.005413936199189284,7.613516186607272e-4
86,ridge_eligible,0.04246871645330301,-0.012606118054816493
86,matched_control,0.00294169483921618,-0.0010099137894160615
87,hydra,0.008569577190993017,-0.0027771703892685295
87,survival_only,0.0013060910416329175,-3.442918022606434e-4
87,de_only,0.003922323019601481,5.92421579452107e-5
87,ridge_eligible,0.027496760084237782,-0.006843919225899417
87,matched_control,0.0017475295642313093,-3.4883551052486415e-5
88,hydra,0.009494880299971165,-0.0018661261622402504
88,survival_only,-0.0030375685030285537,0.006097121678981979
88,de_only,0.00520262474762041,-2.555429093449857e-4
88,ridge_eligible,0.02451867608883763,-0.004659338350958034
88,matched_control,0.0016296509950966098,-6.322891907942302e-4
89,hydra,-0.0030500582072176983,7.578759225183862e-5
89,survival_only,-0.009155995343422586,0.006284214286710349
89,de_only,-0.008207217694994173,0.002463039924441868
89,ridge_eligible,0.020500582072176966,-0.00612511127886618
89,matched_control,7.392316647264141e-4,-9.06898988704713e-4
90,hydra,0.0057311203319502235,-0.005468065816980719
90,survival_only,2.506224066389895e-4,-3.363196233969634e-4
90,de_only,0.003050622406639003,-2.483281104147639e-4
90,ridge_eligible,0.027410788381742747,-0.009178448511529852
90,matched_control,0.0017394190871369397,-3.426417149415467e-4
91,hydra,-0.002716317278257818,-0.0021830646050440966
91,survival_only,-0.013899329639245162,0.0033375910908306577
91,de_only,-0.006691982795365581,7.378312457392456e-4
91,ridge_eligible,0.02317781997132564,-0.005268787699054844
91,matched_control,0.0030921842910838215,-7.865161401982068e-4
92,hydra,0.008010131972614288,-0.0015486376567760475
92,survival_only,0.002340265413630427,-1.9761900639333473e-4
92,de_only,-0.009667590536150229,0.008048003396440758
92,ridge_eligible,0.029904003230483988,-0.010359467192397189
92,matched_control,0.0019493034268827647,-0.0017316055339570368
93,hydra,0.005660598255575721,-0.0028589072310698793
93,survival_only,-0.0031844523795586223,0.003252825573457835
93,de_only,0.0019883314796386165,0.0021835719749238396
93,ridge_eligible,0.028847392144236973,-0.0052362287339793616
93,matched_control,0.0022224823899002822,-5.909015011743568e-4
94,hydra,0.012260003055664003,-0.0034482457461063654
94,survival_only,0.014938801840188753,-0.001077293191703499
94,de_only,0.0046021695214490625,-0.0011101443340312185
94,ridge_eligible,0.033883918719337255,-0.006512605234150667
94,matched_control,0.001054204084404231,-4.4585302300856333e-4
95,hydra,0.0142331779784445,-0.0018869702012652978
95,survival_only,0.007045586950189342,0.006108276995287684
95,de_only,-0.002091829303815895,1.8791806756696393e-4
95,ridge_eligible,0.03433949898048354,-0.001909130324378755
95,matched_control,0.001308986309350424,-3.6184038469568025e-4
96,hydra,0.0025980265980265816,-0.0022879630249676625
96,survival_only,-0.0020248820248820465,-3.490561406774034e-4
96,de_only,0.012773916773916783,-0.0024203463859630903
96,ridge_eligible,0.025046761046761047,-0.007026706704472372
96,matched_control,5.611325611325601e-4,-1.8433682211517753e-4
97,hydra,0.008428394233310954,-0.0016468135734262201
97,survival_only,-0.00607779743386404,0.005552418433969036
97,de_only,-0.0016043433172695742,0.002032577636925345
97,ridge_eligible,0.025882998840968695,-0.005747910958269542
97,matched_control,0.0028203094816893317,-2.7644295790044127e-4
98,hydra,0.007332837613681887,0.002319854280306796
98,survival_only,0.0017559915346336496,0.003085503088061639
98,de_only,0.004859959198459452,0.0037371716548642324
98,ridge_eligible,0.03577379930980571,-0.010827892697566451
98,matched_control,0.0013727621117657351,-2.89320650973926e-4
99,hydra,-0.005592769803296094,8.431530848995894e-4
99,survival_only,-0.007892964735069962,0.0033011386583143066
99,de_only,-0.0029594187488924174,0.004002054478348846
99,ridge_eligible,0.020513911040226863,-0.005485907307810542
99,matched_control,0.0011961722488038617,-8.134543504293212e-4
100,hydra,0.011459812553251958,-0.003775484638587898
100,survival_only,0.015920801720290544,-0.003313056459870553
100,de_only,0.0019880715705765883,3.7991900256209853e-4
100,ridge_eligible,0.03955045238771456,-0.011252206540875928
100,matched_control,0.0034081226924169484,-6.478684940684765e-4
101,hydra,0.006933296153922764,-0.003956156292834126
101,survival_only,0.0036269842850598644,0.0010284478878785641
101,de_only,0.0017846117075308587,0.003285920866527928
101,ridge_eligible,0.027954269324994552,-0.006675930353196682
101,matched_control,0.0018523313482183945,-8.700417976750697e-4
102,hydra,-0.004004471449434765,0.004305116759625552
102,survival_only,-0.003441934262481283,0.00501852060233417
102,de_only,-0.010266303661900733,0.006077902465101437
102,ridge_eligible,0.028743486648756846,-0.007370180968177623
102,matched_control,0.0016100823972738597,-8.387771285649354e-4
103,hydra,0.002306729451034173,8.011978510943762e-4
103,survival_only,-0.004237944805388328,0.0034982134788798026
103,de_only,-0.005175736623552085,0.004685707638015573
103,ridge_eligible,0.02496473346446524,-0.004969999479477352
103,matched_control,0.001992807613597969,-5.03532756187175e-4
104,hydra,-0.003560095386521955,0.0027995928480239575
104,survival_only,-0.011778733312052902,0.006975065250369156
104,de_only,-0.0054753365754736435,0.0037794147712655766
104,ridge_eligible,0.013523104943951047,-0.0012049664532766263
104,matched_control,0.0016016673864468367,-4.726707731054408e-4
105,hydra,0.0054675839976702665,-0.004210200145233062
105,survival_only,-0.005784281606057306,0.0015728157283671994
105,de_only,-0.0022805868006261385,0.00324665142220599
105,ridge_eligible,0.02355028939609043,-0.009017882486507223
105,matched_control,0.0016435513814568093,-4.5359448556958615e-4
106,hydra,0.0010367473435654918,0.002706720880546154
106,survival_only,-0.007414034828807581,0.0050961632042781785
106,de_only,0.0013595779220779037,0.002146914120916982
106,ridge_eligible,0.024407836481700064,-0.006967065818906257
106,matched_control,0.002010773317591463,-2.7899645034427657e-4
107,hydra,0.00973994153331419,-0.004609153427901952
107,survival_only,0.002323459335237177,0.001851254762010579
107,de_only,0.007215397353791042,5.775322294375718e-4
107,ridge_eligible,0.035671437503168354,-0.008143199257056335
107,matched_control,0.0014870139745517875,-7.610071571726218e-4
108,hydra,-0.007267230751042919,0.0014080060830678198
108,survival_only,-0.012551721808447769,0.0064832887981449705
108,de_only,0.00517978078397594,8.890772722954992e-4
108,ridge_eligible,0.01846954113255982,-0.007380746024164867
108,matched_control,0.0018425630372734814,-0.001150714696585603
109,hydra,0.006551354104145058,-0.0037043672279695795
109,survival_only,-0.0038995289281751775,0.002590879725743717
109,de_only,-0.01076553718557317,0.006886943564642331
109,ridge_eligible,0.027574980447791032,-0.006248109925123929
109,matched_control,0.002475400592932109,-0.0011451891597834857
110,hydra,-0.005532620648627207,0.004866573691522236
110,survival_only,-0.004398694813506155,0.005241833289214995
110,de_only,-0.008534189035712347,0.0024468987430164542
110,ridge_eligible,0.018258188963602606,-0.0035118369997051728
110,matched_control,0.0026969046889365744,-8.825998355829229e-4
111,hydra,0.005462464460710181,2.2103739933854727e-4
111,survival_only,0.0018732482406791152,0.0023833527799303643
111,de_only,-0.00677313330510354,0.004570936239533974
111,ridge_eligible,0.027239731413707603,-0.0061145543171663656
111,matched_control,0.0027645030548666184,-0.001030746644670108
112,hydra,0.012080927095848992,-0.0012986485339029435
112,survival_only,0.004302158831053049,0.0037691449990594093
112,de_only,0.004321537924886631,-2.2539181090028005e-4
112,ridge_eligible,0.029692647571799534,-0.002653594295660053
112,matched_control,0.002325491260028678,-1.99715672780193e-4
113,hydra,0.005883632803292671,-0.003916209680369742
113,survival_only,-0.003930883179518785,5.460912528453433e-4
113,de_only,-0.004425869852954489,0.001243171527468237
113,ridge_eligible,0.02847170598154226,-0.0119748870717051
113,matched_control,0.0020887349736188666,-0.0011531658433205944
114,hydra,-0.004198154407017818,0.004513826031997145
114,survival_only,-0.02360536209319104,0.010277362721709832
114,de_only,-0.009533664983101053,0.00584530957558862
114,ridge_eligible,0.011119128090229014,1.1691725332057812e-4
114,matched_control,0.001112672312307761,-4.5893301031104674e-4
115,hydra,6.254997778764703e-4,-0.0021464517093752744
115,survival_only,-0.00674722345624168,0.0027945220835245144
115,de_only,-0.012108396268325184,0.0025747468566813675
115,ridge_eligible,0.023904042647712086,-0.004447115809216423
115,matched_control,0.0030368725011106212,-5.612113189591983e-4
116,hydra,0.0019292798967824986,-0.0017704553177316147
116,survival_only,0.0019575034271429705,0.001962564376365264
116,de_only,3.548100959599898e-4,0.002905100416623033
116,ridge_eligible,0.028648899282315933,-0.006512932484697864
116,matched_control,0.004620595113297321,-9.655419377137652e-4
117,hydra,0.004753682283431815,-7.008927706220524e-4
117,survival_only,-0.005003328617791436,0.0037898718922931367
117,de_only,2.912540567533428e-5,0.002394376586062702
117,ridge_eligible,0.021043105600399414,-0.0015165242242083405
117,matched_control,1.310643255388433e-4,3.626743080704098e-5
118,hydra,0.010469494889536057,6.376364009804153e-4
118,survival_only,0.004867461833831088,0.003235432174668851
118,de_only,3.6728561093694043e-4,0.0043369207634694155
118,ridge_eligible,0.03095030514385353,-0.0023068552064750975
118,matched_control,0.0029123151978333816,-5.835774192490845e-4
119,hydra,0.006349919502789314,-0.0013646417200998933
119,survival_only,-0.002585270882474089,0.002390055901695329
119,de_only,-0.0031075667378037573,0.0018081218788761426
119,ridge_eligible,0.02753753416451382,-0.003784333707134982
119,matched_control,0.002444868770826314,-5.278539145806948e-4
120,hydra,-0.0024440251115869114,3.476235499532881e-4
120,survival_only,-0.005684581050186921,0.0017225596246300656
120,de_only,-0.002111986065246618,0.006300485438777132
120,ridge_eligible,0.028118082519867894,-0.008762319287144474
120,matched_control,0.002344231955582976,-8.07270640282276e-4
121,hydra,0.0012552387213410788,-6.453632345740729e-4
121,survival_only,-0.015021776645574835,0.0048108208241129605
121,de_only,0.0037944777713863178,0.0012669399766708403
121,ridge_eligible,0.018134193442353508,-0.004851326581329853
121,matched_control,5.094913304297455e-4,-1.2684575448365654e-4
122,hydra,0.018900175638727444,-0.006131931409594768
122,survival_only,0.009270827674869198,1.5118387073357052e-4
122,de_only,0.005540768102558535,-6.484620997950913e-4
122,ridge_eligible,0.04190703822405709,-0.008954081775477607
122,matched_control,3.802487913522335e-5,-5.087334021565304e-4
123,hydra,0.005546091914863082,0.0026053114510735777
123,survival_only,0.0021284226003693727,0.0022055462173898783
123,de_only,0.008027757356237364,4.046315077476631e-4
123,ridge_eligible,0.02088077605838372,-0.006525714871235727
123,matched_control,0.0013107640445408797,-3.1174736288004656e-4
124,hydra,-0.0011323883283117175,-0.001261981326531103
124,survival_only,-0.007599134531777662,0.0044500761055878855
124,de_only,-0.006234202171759062,0.0037004394106774697
124,ridge_eligible,0.018710695003336487,-0.002474917594357767
124,matched_control,0.001472104826805254,-9.078271990352882e-4
125,hydra,0.004124109435638001,0.0014688591862247163
125,survival_only,0.002338153804568177,0.004790125091549457
125,de_only,-0.002052400903597029,0.004381314974321418
125,ridge_eligible,0.02968547873264723,-0.002545644774843289
125,matched_control,0.002905798080821709,-4.44980559887162e-4
126,hydra,0.004046406840396655,-0.005468346926978262
126,survival_only,0.0017118731262528385,-0.0016079590470493344
126,de_only,-8.248922318213392e-4,-4.6079835527521593e-4
126,ridge_eligible,0.027989569104681467,-0.010987538034881774
126,matched_control,0.0017402565148746496,-0.0011983590178538145
127,hydra,0.012887334860568034,-0.004161781079702364
127,survival_only,-9.266755085519662e-4,0.002108376771909298
127,de_only,-0.003506898392958646,0.0028776689333200405
127,ridge_eligible,0.03411130440773721,-0.01129849904099704
127,matched_control,0.0021151626849475248,-5.967302597072788e-4
128,hydra,0.006226767517984966,1.5521541892674073e-5
128,survival_only,-0.00179387124812751,0.005105699706361974
128,de_only,-0.005392709855195754,0.004772892310861185
128,ridge_eligible,0.023571838070756225,-0.001436164652570543
128,matched_control,0.0017254452314464097,1.5964197595637054e-4
129,hydra,0.006224616828914864,-0.004203106623722752
129,survival_only,0.0038837527296475384,-5.326892687942536e-4
129,de_only,0.0028837323210677557,1.1134576353974412e-4
129,ridge_eligible,0.03677013816608502,-0.01122580748687638
129,matched_control,0.004210290005918482,-8.718481158762059e-4
130,hydra,-0.0012613622712529526,7.024170077137015e-4
130,survival_only,2.3225083089735145e-4,0.0019644062609441015
130,de_only,0.002074240179393749,0.0014823799674053783
130,ridge_eligible,0.022053818123573453,-0.0036810366211180306
130,matched_control,0.0010010811676610886,-2.0783708397269506e-4
131,hydra,0.015394599733094472,-0.005523415854216193
131,survival_only,-0.002263212738341136,0.0030654041923573044
131,de_only,-0.004663534487486509,0.004936785904800542
131,ridge_eligible,0.02662656989817371,-0.00733753686636113
131,matched_control,0.0023016032613663584,-5.422194938625863e-4
132,hydra,0.019386398570894414,-0.008370800970042617
132,survival_only,0.015267334136512812,-0.0033048691662547784
132,de_only,-7.685596776205728e-5,0.002028527722538598
132,ridge_eligible,0.0398467035021395,-0.009706632741482707
132,matched_control,0.003016077437580489,-8.980976730388141e-4
133,hydra,-0.002036376930810735,-1.0249597652188525e-4
133,survival_only,4.0398501051092106e-4,0.002915957200317379
133,de_only,5.06352252993314e-4,7.246264550936132e-4
133,ridge_eligible,0.02510739420528285,-0.007133728452574215
133,matched_control,0.0018974499588702899,-0.0010647280524609005
134,hydra,0.01551090869022258,-0.0035746078030168328
134,survival_only,0.0055792257401013675,-1.3416098461262183e-4
134,de_only,-0.002611474326011909,3.2584929727269286e-4
134,ridge_eligible,0.028885991331815165,-0.008995335248692008
134,matched_control,0.00250679497539118,-0.0010796051849130239
135,hydra,2.199649486748223e-4,0.003876190126745338
135,survival_only,7.725598197360406e-4,0.006334615323989034
135,de_only,-0.012604170392360281,0.008771006985494517
135,ridge_eligible,0.02296577130798666,-0.0011949317933536013
135,matched_control,0.004034479058621532,-8.34451307854231e-4
136,hydra,0.0024535245824289674,-0.0037967709586542997
136,survival_only,0.0014683400962536286,4.726277986523392e-4
136,de_only,0.008421251297537024,8.162409003045296e-4
136,ridge_eligible,0.02954421062564876,-0.010746758984396698
136,matched_control,0.0036765122204397427,-8.536166585342897e-4
137,hydra,0.006543311599914036,-0.002868170234679765
137,survival_only,0.0012592247617683073,0.002052963001733818
137,de_only,-0.006511069714121942,0.0013279111316028408
137,ridge_eligible,0.028829619545747677,-0.008205233741803524
137,matched_control,0.002942967686465581,-0.0011128220219300045
138,hydra,0.0031467710371819724,0.0029317337840694597
138,survival_only,0.00813894324853227,0.0031166698268993267
138,de_only,-9.393346379647727e-4,0.005046552588200579
138,ridge_eligible,0.03048532289628182,-0.005809607950325718
138,matched_control,0.003285714285714292,-7.648797748361968e-4
139,hydra,-0.0010400448402565598,0.003103588084841777
139,survival_only,-0.017485624130701028,0.009377511841834201
139,de_only,0.0027070228975939912,0.0032169488787897826
139,ridge_eligible,0.009570073280604507,0.0016782311510941145
139,matched_control,-2.491125365883806e-4,6.672536609538814e-5
140,hydra,0.008499457989600745,1.8748657699317606e-4
140,survival_only,0.0015084425009646353,9.0144955860946e-4
140,de_only,0.009300530986458954,-0.0026992319307100414
140,ridge_eligible,0.027960387307770052,-0.008231982153695055
140,matched_control,0.0025832766825289013,-4.733424576013223e-4
141,hydra,0.003069226608977815,-0.002052232910293389
141,survival_only,-0.005862242138607754,0.0027780520967272933
141,de_only,-0.0024240902418295462,-2.386347022341029e-4
141,ridge_eligible,0.022469674727652034,-0.00898722284270532
141,matched_control,0.0021420845244533694,-3.83879822321162e-4
142,hydra,0.009631962008981565,-0.0034417307930131704
142,survival_only,0.00653314750769971,0.001512699417905397
142,de_only,6.916843028957787e-4,-8.829570563886891e-6
142,ridge_eligible,0.0318845816342332,-0.0060927710154280255
142,matched_control,0.0012749703195168438,-3.3348740319552596e-5
143,hydra,0.012115719515229061,-9.003727955137125e-4
143,survival_only,0.0038401393183352893,0.002405348367769139
143,de_only,0.004104915236165896,9.386777318932032e-4
143,ridge_eligible,0.020226036890926558,-0.004124295691064558
143,matched_control,8.10320929736641e-4,-2.996755073323476e-4
144,hydra,0.01736536137065676,-0.0013602033739186143
144,survival_only,0.006527119587114605,0.0025149943566279754
144,de_only,-0.002338788588093077,0.004053924586983959
144,ridge_eligible,0.033875021584390194,-0.005236936339047113
144,matched_control,0.0031426872086107505,-8.056770872174656e-4
145,hydra,-0.001773286816941122,-3.038315149954618e-4
145,survival_only,-0.002075161331140074,7.993809537101826e-6
145,de_only,4.482926917445562e-4,0.002853439944417202
145,ridge_eligible,0.0170839283454746,-0.006988220261960737
145,matched_control,0.0015166030982809553,-5.83500261683928e-4
146,hydra,0.017771062795022163,-0.010388461656479478
146,survival_only,0.01559326276641394,-0.009368307527639444
146,de_only,-0.0025908310685166525,-0.002785456649663892
146,ridge_eligible,0.04054498641109998,-0.017750888362756807
146,matched_control,0.003386496924617388,-9.111023110167677e-4
147,hydra,-5.704271945353168e-4,7.331826038194017e-4
147,survival_only,-0.003558464317007326,0.005947458035529957
147,de_only,-0.006169196931495091,7.687636943745413e-4
147,ridge_eligible,0.02045312304418574,-0.0028402069778098115
147,matched_control,0.0025284766554011795,-5.720194137252749e-4
148,hydra,-0.002355781667672696,0.0057596651718522015
148,survival_only,-0.009983616452530842,0.011796411114144006
148,de_only,-0.004449426575838578,0.003831728401769327
148,ridge_eligible,0.013965680779511935,0.0018433390458362537
148,matched_control,-2.466155040096618e-4,-3.208356732184836e-4
149,hydra,0.01204491266043256,-0.002872778424633299
149,survival_only,0.003086054416017059,0.0024221670203605273
149,de_only,-0.003916329878079694,0.0021756811871150084
149,ridge_eligible,0.030140182964979646,-0.006166624592676464
149,matched_control,0.0012022929807058214,-4.1885861878068477e-4
150,hydra,0.00498463830183411,-0.0011962972271077732
150,survival_only,-0.006315985476212605,0.005121823560341063
150,de_only,-0.0018545759240294224,0.0029771573582783204
150,ridge_eligible,0.015508798063495055,-0.0036800604835626944
150,matched_control,7.541197281445089e-4,-3.6736559511382495e-4
151,hydra,0.005471967866017624,0.0017658139510759203
151,survival_only,0.0048354154610749656,0.0044180039691559675
151,de_only,-0.0052251761582190245,0.004911683419763594
151,ridge_eligible,0.028656772304864332,-0.0038126946222375225
151,matched_control,0.002597269973108196,-2.584391575107925e-4
152,hydra,0.010618681609935232,-0.0014634537253240183
152,survival_only,-0.004464049070463061,0.005669317289342663
152,de_only,-0.0053973723069933085,0.00572060799915052
152,ridge_eligible,0.03239937904660935,-0.004847934496849326
152,matched_control,0.0016565067585475712,-6.836095619561139e-4
153,hydra,-0.007829315364234101,5.89294792293632e-4
153,survival_only,-0.006847993196166302,0.0019589020655872065
153,de_only,0.0014032907003369121,0.002602180291686268
153,ridge_eligible,0.015560498511661358,-0.005292006345511904
153,matched_control,0.001669883222661961,-5.069167859015733e-4
154,hydra,0.01449652020721771,-0.00568166760946924
154,survival_only,0.0034117667579494195,-7.484986366046748e-4
154,de_only,8.703842598244971e-4,0.00220992742493773
154,ridge_eligible,0.03835097940032439,-0.013377971521455197
154,matched_control,0.0016779752664352165,-6.853439731857036e-4
155,hydra,0.0035530381050463355,-3.6324624850650743e-4
155,survival_only,-0.00953177872590849,0.005262369204829703
155,de_only,-0.006107473885537762,0.004539416250817016
155,ridge_eligible,0.01520339855818743,-0.006833911128500061
155,matched_control,0.0014473297042813082,-0.0012820019982440172
156,hydra,0.015084717187895124,-0.009465072832326015
156,survival_only,8.429570934839426e-4,-0.003982149198891824
156,de_only,-5.184186124926216e-4,-0.0012103768686784644
156,ridge_eligible,0.030557194638792883,-0.013783951963920182
156,matched_control,0.0013023687094326775,-7.868536579071883e-4
157,hydra,-9.02308144663333e-4,0.0011604699457496731
157,survival_only,-0.0010768891502499268,0.004438666036056191
157,de_only,-0.0074830932078800315,0.0057152360984462055
157,ridge_eligible,0.024696780358718008,-0.001722078316066844
157,matched_control,0.0019130402822699177,-9.906691563731722e-4
158,hydra,2.4885719832683505e-4,0.006105386806807838
158,survival_only,-0.008589985703948177,0.010332289174084611
158,de_only,-0.0032757373056354734,0.005125573052244719
158,ridge_eligible,0.016202192061278875,-9.559895419194525e-4
158,matched_control,0.0024162092518399516,-3.883237011100743e-4
159,hydra,0.0118052071620102,-0.006848278427469601
159,survival_only,0.009327912810310502,-3.648272639977468e-4
159,de_only,0.008068506184586089,-0.001499911786482211
159,ridge_eligible,0.03139693798114348,-0.008129458530406839
159,matched_control,0.0022610500821727995,-6.638597228222603e-4
160,hydra,0.006696487058074896,-0.004336989022616961
160,survival_only,-3.7244296382249464e-4,-3.99498700755227e-4
160,de_only,0.004244726843967006,0.002577936018148122
160,ridge_eligible,0.03023338511351089,-0.011095655138004517
160,matched_control,0.002863506204263444,-9.283875329775731e-4
161,hydra,0.0034355397821062895,-0.004386401983470014
161,survival_only,0.003029052492571771,-0.002911801709917179
161,de_only,-0.008635275668537501,0.0020753058763327724
161,ridge_eligible,0.028930752723671148,-0.010131550174883083
161,matched_control,0.0014856388246945907,-7.111782236810194e-4
162,hydra,0.00381869785843294,-0.0016743777662319632
162,survival_only,-0.0038771824202287752,0.0019638954054356033
162,de_only,9.099509761761104e-4,0.002617806621621202
162,ridge_eligible,0.0227642556119377,-0.008002254420685426
162,matched_control,0.0022034918723660367,-9.045204456589545e-4
163,hydra,0.007620116827757983,-0.002671616628206788
163,survival_only,-0.00412054659954042,0.005818316423934394
163,de_only,0.005420386970021218,9.541462653602645e-4
163,ridge_eligible,0.02529689336397283,-0.005295200283387641
163,matched_control,9.121686810391605e-4,4.350693606395839e-5
164,hydra,0.005197662808328096,-0.0010971184185148753
164,survival_only,-0.005036795976480146,0.0017316988569061331
164,de_only,0.003707333308679417,-7.075243183742169e-4
164,ridge_eligible,0.025023113050552836,-0.008465912967591976
164,matched_control,3.0139417920934666e-4,6.70738995200093e-5
165,hydra,0.0035361386580898824,4.613015933010722e-5
165,survival_only,-0.010724559992852689,0.007358043470984774
165,de_only,-0.0041901188242651766,0.003546714532500078
165,ridge_eligible,0.019219154828910935,-0.002054207999644225
165,matched_control,0.002019119092289812,-2.5925186464063334e-4
166,hydra,-0.00444968141747405,0.0026292552995530543
166,survival_only,-0.008002094789211845,0.006291527114101897
166,de_only,-0.010285415030112577,0.00817771136566561
166,ridge_eligible,0.014363271362485797,-5.151997477598758e-4
166,matched_control,0.0016583747927031212,-8.846425403830571e-4
167,hydra,0.007557906985200535,0.0018873114813039659
167,survival_only,0.008372422820988323,0.0010406592378492175
167,de_only,-0.0048398240063997735,0.005923288913564931
167,ridge_eligible,0.0375459074215483,-0.008574212903185358
167,matched_control,0.005750699974546381,-0.001283130887849393
168,hydra,0.018233851185609117,-0.004394702424292382
168,survival_only,0.009701648633744665,-0.001068693089201042
168,de_only,-0.004377341269086732,0.002086835474190407
168,ridge_eligible,0.03798322843180131,-0.007602246376277222
168,matched_control,0.003504535168951639,-8.159628841505395e-4
169,hydra,0.024050949050949046,-0.007859845286424439
169,survival_only,0.014517625231910924,-0.007117677353481564
169,de_only,0.004067361210218346,-0.0017435546728898188
169,ridge_eligible,0.04569359212216354,-0.01608910952731085
169,matched_control,0.0036766804623947656,-7.127361345197036e-4
170,hydra,0.005116058739933693,-0.002855492065364679
170,survival_only,4.4833186709075656e-4,0.0024750963454137657
170,de_only,0.004644041415713629,-8.943141696889006e-4
170,ridge_eligible,0.03287033904040062,-0.011811361246742263
170,matched_control,0.0010252419300264104,-6.087683741280159e-4
171,hydra,0.0035653425228159064,0.0010373318981879375
171,survival_only,-5.642443291551391e-4,0.0035128196552437706
171,de_only,-0.00902601582913618,0.006132655983521576
171,ridge_eligible,0.02691142500094671,-0.005324228599415182
171,matched_control,0.0014598401938879847,-6.015957741737299e-4
172,hydra,-7.464769080508194e-4,0.003529273125843302
172,survival_only,-0.010295451374354692,0.008730780663501903
172,de_only,-0.0019638621459467155,0.005719348224009782
172,ridge_eligible,0.02494767685223942,-0.004470993719234537
172,matched_control,0.001768522394307237,-5.0280615453304754e-5
173,hydra,0.007817708017695902,-0.0031082806349324115
173,survival_only,7.898511201341552e-4,-2.93364010342409e-4
173,de_only,0.001747368846332553,-2.89472073812172e-4
173,ridge_eligible,0.02561056905642083,-0.008620766472482748
173,matched_control,0.001943316566672737,-0.001151035209497106
174,hydra,-0.006582776504251398,0.005029558267664694
174,survival_only,-0.015109983904794422,0.007265946597932035
174,de_only,-0.00911086182509876,0.007744115795698564
174,ridge_eligible,0.01257864702726431,-0.0037187189662982317
174,matched_control,0.0017720983921052258,-0.001261873764415497
175,hydra,0.012101591905797848,-0.0025498587581622794
175,survival_only,0.005010532131634371,-0.002307825779108638
175,de_only,0.002829862909630865,0.0028698410958073518
175,ridge_eligible,0.035280914396215335,-0.009543831308585757
175,matched_control,0.0032649608066576906,-9.325053508912967e-4
176,hydra,0.008309874404504114,-0.00263484908887055
176,survival_only,0.006703840046196041,-9.566600216825815e-4
176,de_only,-3.7714739425435127e-4,0.0031676032098969633
176,ridge_eligible,0.03670600548578029,-0.009011326511901094
176,matched_control,0.0012776093546990053,-4.1415362379955965e-4
177,hydra,0.005673480317772028,0.006868924542102531
177,survival_only,0.006112648397750597,0.007153941312284406
177,de_only,-0.002113719539409109,0.005627530520695942
177,ridge_eligible,0.02600017852360973,0.002322145542684151
177,matched_control,0.003142015531554043,-9.680993135920496e-4
178,hydra,0.0013678327172728765,-0.0016480810727359102
178,survival_only,-7.928429849467178e-4,0.0023831835450294934
178,de_only,-6.964161354263698e-5,1.304146832426245e-5
178,ridge_eligible,0.02407457009696251,-0.006352878305897053
178,matched_control,0.002283887787718053,-6.676660656106753e-4
179,hydra,0.0086405052805964,5.18351459231775e-4
179,survival_only,-1.4668323324360522e-4,0.0014859379565679953
179,de_only,-0.0010785531856146945,0.004789928777559155
179,ridge_eligible,0.027293435493891082,-0.011179510666526985
179,matched_control,0.0016514806378132186,-0.0012764609235386888
180,hydra,0.0025220933192712015,-0.001788918895599112
180,survival_only,-0.004625959195548613,1.2278942114450075e-4
180,de_only,-0.006604356838927894,0.0037288118005931207
180,ridge_eligible,0.02383350911008473,-0.010197620102449432
180,matched_control,7.218969342109971e-4,-3.8757342979180154e-4
181,hydra,-0.006056806069346032,0.002934772632636684
181,survival_only,-0.01405103768261332,0.007445921096990768
181,de_only,-0.0031099128472004247,0.0031092632668951485
181,ridge_eligible,0.01367901853825738,-0.0013719457393142926
181,matched_control,7.670282358350656e-4,2.0932974500001422e-4
182,hydra,0.0030342502490230626,0.0023391435800748706
182,survival_only,-0.00655505325262431,0.006546137602302232
182,de_only,-0.0027794804995785794,0.004611878023750235
182,ridge_eligible,0.022785610298061476,-0.0012173273582783777
182,matched_control,0.0011340127193318673,-7.105523378311829e-5
183,hydra,-0.004204839532291849,-0.004045884530951735
183,survival_only,-0.012720300723474154,0.003967800522038709
183,de_only,-0.006498044919624457,0.001217207429531747
183,ridge_eligible,0.019728366610627344,-0.007511238079927776
183,matched_control,0.0022610929560437643,-4.8038338152555927e-4
184,hydra,0.008688445055389338,0.0018060441089973733
184,survival_only,-0.003800436645912486,0.0032275006560097963
184,de_only,0.0014595293927387564,0.001842831203347367
184,ridge_eligible,0.023704212824452196,-0.006560868446057641
184,matched_control,0.0012877011401310034,-7.96925044986696e-4
185,hydra,0.008856124496036465,-0.0019206255646782827
185,survival_only,0.0049724402547572264,-0.0020865301304791974
185,de_only,0.005323023586467479,0.0013991171056742275
185,ridge_eligible,0.030870810042264763,-0.009226393794227456
185,matched_control,0.001480240733887772,-6.043144738249878e-4
186,hydra,-0.011474489056385017,0.0023877005055236767
186,survival_only,-0.01605667488041749,0.008184246751954205
186,de_only,-0.001320843600521815,0.0029557324515286864
186,ridge_eligible,0.009767719959414379,-0.002636317728610868
186,matched_control,0.0010454413683142262,-2.1936482285747627e-4
187,hydra,0.00724574594380688,6.953805783262629e-4
187,survival_only,-0.0070676691729323225,0.004935076080145334
187,de_only,-0.007861100118717813,0.00569843900953301
187,ridge_eligible,0.026766917293233085,-0.0048016518159755715
187,matched_control,0.0012781954887218117,-3.6353015940847886e-4
188,hydra,0.005204072102362933,-5.404000714173879e-4
188,survival_only,0.003961894087979823,0.003228160939748842
188,de_only,-7.228915662650826e-4,0.001501939859913859
188,ridge_eligible,0.03126179135145231,-0.0084415679382222
188,matched_control,0.0030092462874754975,-7.566781606352824e-4
189,hydra,-4.1926034419624835e-4,7.786582658812213e-5
189,survival_only,-6.700842182350564e-4,0.005340905581953756
189,de_only,-0.0017411204686927806,1.4109033286351103e-4
189,ridge_eligible,0.02522153057488099,-0.0038460182357044183
189,matched_control,0.001726473819113894,-5.52585982670889e-4
190,hydra,-0.0013673592551082137,-0.0022540945471146434
190,survival_only,-0.012073454608155853,0.004384162364698671
190,de_only,-0.006729890507802394,0.0025714490792783816
190,ridge_eligible,0.024781446676437623,-0.008718442219309761
190,matched_control,3.6210018105008456e-4,-2.0565348344989687e-4
191,hydra,0.00868529310935895,-3.0472605934364904e-4
191,survival_only,-0.005065135413095645,0.0038443073471262053
191,de_only,-0.0027031196434692873,0.0037206502954120397
191,ridge_eligible,0.02455262255742202,-0.007031987447978549
191,matched_control,0.001122728830990749,-2.9006972724259227e-4
192,hydra,0.005511540350302846,-0.0010230509765687373
192,survival_only,9.166803077427232e-5,8.308381083165312e-4
192,de_only,0.001687673923719113,0.0012527931501361167
192,ridge_eligible,0.0269634964806024,-0.011107243459291944
192,matched_control,3.944999181535458e-4,-3.3444511677976354e-4
193,hydra,-0.0025234604369675285,0.004180349656684035
193,survival_only,6.628361461842203e-4,0.004061344929417771
193,de_only,0.005061330355373861,0.0038863171198249614
193,ridge_eligible,0.024463697112700154,-0.0041302118763068855
193,matched_control,7.204740719393476e-4,-3.858636390258352e-4
194,hydra,0.014498851630684418,-0.009764260000720887
194,survival_only,-9.242076251722797e-4,-0.003723244338635412
194,de_only,-0.005594855305466284,6.048109621413833e-4
194,ridge_eligible,0.032404225999081285,-0.016208006500811667
194,matched_control,0.0025631603123564385,-0.0013843586178238082
195,hydra,0.006799309824220867,-0.004639107434863901
195,survival_only,-2.1567993098259296e-5,-0.0013959921051534623
195,de_only,0.004816851791940735,-0.0019820947221388164
195,ridge_eligible,0.029386390596355005,-0.010046034687958264
195,matched_control,0.0023598979114993314,-6.515878693774069e-4
196,hydra,-0.009859507382118516,0.004083169127792341
196,survival_only,-0.01199907053229905,0.0071469679202154635
196,de_only,-0.009198155364101113,0.008676591155971965
196,ridge_eligible,0.013312837378901021,0.0014075292214853236
196,matched_control,8.597576234225746e-4,-3.198564720701985e-4
197,hydra,-2.974357169256869e-4,0.002397349490438458
197,survival_only,-0.010163853640507559,0.008488589898697108
197,de_only,-0.007020538904239792,0.00645417074409046
197,ridge_eligible,0.017221352012531034,-0.0019536112013880946
197,matched_control,0.0014009398264665073,-4.507139295952256e-4
198,hydra,0.005224064424443386,-0.004076620388219582
198,survival_only,0.005087636191378475,0.0012676880132474005
198,de_only,4.793936522974884e-4,0.0015994380132666353
198,ridge_eligible,0.03498626243486497,-0.009190518753308443
198,matched_control,0.0030431075319753533,-5.80779796926656e-4
199,hydra,-0.002791672171992665,0.003301293721122775
199,survival_only,-0.0077691160648558745,0.009694925931792145
199,de_only,-0.0019309537741369121,0.003702216117717677
199,ridge_eligible,0.013073104437607341,0.0028145102694904418
199,matched_control,0.0011400743690896497,1.6986747149677072e-4
200,hydra,0.010249084543881525,-0.0011809595813531693
200,survival_only,9.697798881332709e-4,0.00394847565175431
200,de_only,-0.0014888736871755738,0.005384925340699354
200,ridge_eligible,0.033300470806003776,-0.005226308040629879
200,matched_control,0.0016216651241398705,-2.9525228088365105e-4
201,hydra,0.006675968044035019,-0.00751176521045927
201,survival_only,-0.0103780436527656,-9.060708924042788e-4
201,de_only,-0.004216199686556343,-2.4187384260752898e-4
201,ridge_eligible,0.019611253392454397,-0.010743364292005989
201,matched_control,0.002725430985054089,-4.06367651495379e-4
202,hydra,0.0031352972514354536,0.0035385946140934683
202,survival_only,-0.0106055523766303,0.007565130684801672
202,de_only,-0.006682977841794735,0.005006733877676461
202,ridge_eligible,0.024439138927803306,-0.003589689212967995
202,matched_control,0.0018172490676979791,-3.986571217233781e-4
203,hydra,0.007071606099281247,-0.003287142271648877
203,survival_only,-0.00287163296836167,0.0019013971595474549
203,de_only,-0.005086652784308465,0.0014342675943968043
203,ridge_eligible,0.028044602673473508,-0.012195971768730721
203,matched_control,0.003768388526902666,-0.0013530694856220744
204,hydra,0.01126325088339224,0.0017034173383163708
204,survival_only,0.0013692579505300117,0.004176446770737766
204,de_only,-0.0019230769230769496,0.005132943643873625
204,ridge_eligible,0.024058847512911097,-0.005547299138993498
204,matched_control,8.375237836368621e-4,-5.783609947496438e-4
205,hydra,0.002684599530950149,-0.0011380810238366401
205,survival_only,-0.006563144055148895,0.004352878032045102
205,de_only,0.0032176106886503963,0.0021609204587378695
205,ridge_eligible,0.021563854736692444,-0.005413758099404936
205,matched_control,0.0012436927013005472,-5.064654791694434e-4
206,hydra,-2.1400674121230258e-5,0.003587957886194426
206,survival_only,-0.01054161539421824,0.009559478888181344
206,de_only,4.404972089954051e-4,0.002104125803997012
206,ridge_eligible,0.01636794892372444,-7.20773508317743e-4
206,matched_control,9.612469459454487e-4,-5.584096955944335e-4
207,hydra,0.020021631589212552,-0.011789469178265172
207,survival_only,0.013420450717211308,-0.004061930006872327
207,de_only,0.006521392223266353,-0.00320670554050885
207,ridge_eligible,0.040780864908952275,-0.013191272620161832
207,matched_control,0.00274118335431478,-0.00103121734330186
208,hydra,0.004799759108702217,8.971369577070037e-4
208,survival_only,-0.0022001405199237323,0.007313509305233543
208,de_only,-0.004777677406403691,0.003972311638224818
208,ridge_eligible,0.026064438422162006,-0.0035205246821189058
208,matched_control,0.0025233363444745693,-6.305024216810035e-4
209,hydra,0.001777891355140193,-0.0010267623453539044
209,survival_only,0.006689909462616839,7.573232510446643e-4
209,de_only,-0.0020334404205607282,-1.7689230946864586e-4
209,ridge_eligible,0.03333637558411216,-0.008864343315656085
209,matched_control,0.0015369450934579532,-9.932110384241106e-4
210,hydra,0.004319809928363116,-8.746136446206087e-4
210,survival_only,-2.1779041722167492e-4,0.0022045694048823173
210,de_only,-0.002219302350696595,0.0018157631462481284
210,ridge_eligible,0.02099067641023793,-0.00755850818128887
210,matched_control,0.0015245329205514802,-0.0015009558796947847
211,hydra,-0.0055087563733096975,0.005530081032799583
211,survival_only,-0.015018842828641122,0.009983593806172114
211,de_only,-1.2931352988994061e-4,0.006896565889672607
211,ridge_eligible,0.009953447129239623,-0.0014155398391752672
211,matched_control,0.0015683883839503255,-5.698811722491288e-4
212,hydra,0.0022709372538724073,9.862641897404878e-4
212,survival_only,-8.626186100588962e-4,0.00294627809580289
212,de_only,-0.0018415032066909421,0.0018498981824559362
212,ridge_eligible,0.017460525822300545,-0.003960090867827637
212,matched_control,0.0010332670742226769,-4.696631614511726e-4
213,hydra,0.01593675062654385,2.628680831984753e-4
213,survival_only,0.0016785965418387172,0.0077516938443405485
213,de_only,-0.00558209977823052,0.005143311130177386
213,ridge_eligible,0.03265059589275736,-0.0030882277852590624
213,matched_control,9.501830048861404e-4,-3.9586652120865425e-6
214,hydra,0.012926541107790679,-0.006599804641491988
214,survival_only,0.0034314406838557355,-3.527808365234947e-4
214,de_only,0.00428626033775803,-0.0016062960681248657
214,ridge_eligible,0.02876329140315519,-0.008879617242896052
214,matched_control,8.860935436792117e-4,-5.94506885886073e-4
215,hydra,0.002903908045977044,2.023304872874443e-4
215,survival_only,0.002359540229885071,0.0024405545014933834
215,de_only,0.0035586206896551674,8.573141655880024e-4
215,ridge_eligible,0.028397241379310333,-0.007447895568488458
215,matched_control,0.0013719540229885196,-2.1228987612467997e-4
216,hydra,0.008872503724377234,-0.0038000130729868796
216,survival_only,0.0038130079767674354,0.00231274828763067
216,de_only,0.0030907616587150686,-3.201367638431624e-4
216,ridge_eligible,0.026440249674706318,-0.004468741076931232
216,matched_control,0.0020781082049444732,-2.7465852060571674e-4
217,hydra,0.006685427441435976,-0.008244118417287782
217,survival_only,3.7268025555217135e-4,0.0019586379358598445
217,de_only,0.007434590812290842,-0.0038344901457266684
217,ridge_eligible,0.02667515972010952,-0.008592950200019924
217,matched_control,0.0012188165500456205,-1.0030335008845148e-4
218,hydra,0.0015098557564359627,0.005621046250506615
218,survival_only,-0.0015755016588897108,0.005572729433227644
218,de_only,-0.0053439313024502,0.004308654354263022
218,ridge_eligible,0.02162234089739725,-0.0036486591898797936
218,matched_control,5.677483455458265e-4,-3.7538794566110976e-6
219,hydra,0.007559277214632032,-0.005522134751779725
219,survival_only,0.009445570736007047,-0.002748703049074308
219,de_only,-0.005611282503305415,0.005731877117664236
219,ridge_eligible,0.02649801674746586,-0.008820188921488475
219,matched_control,0.002372851476421334,-0.001230743795926706
220,hydra,-0.004015935616904565,0.004212788127261188
220,survival_only,-0.005713599327340768,0.006899868284736091
220,de_only,0.0011010790574763284,0.005388048302283515
220,ridge_eligible,0.016496166242918053,-1.5985907220530948e-4
220,matched_control,0.002986927188644872,-0.00096836916335521495
221,hydra,-0.009089897021987203,0.008263195610119543
221,survival_only,-0.011485295481955649,0.00995639837715492
221,de_only,-0.005855830782076243,0.005459198728346199
221,ridge_eligible,0.012272010390574272,0.0037337832524044546
221,matched_control,8.071249652101154e-4,1.2327885305508934e-4
222,hydra,0.016716009177707058,-0.00544854958236822
222,survival_only,0.005168011250092519,7.049915374668064e-4
222,de_only,0.0032954629561098405,0.0011790332955096572
222,ridge_eligible,0.030675005551032475,-0.00873660183901868
222,matched_control,0.003251054696173483,-7.303249404187945e-4
223,hydra,0.0029797870809955664,5.58521921411323e-4
223,survival_only,-0.012045029492159387,0.0071070544946407795
223,de_only,-0.0059146166019277465,0.0024642070697825508
223,ridge_eligible,0.0220148180117969,-0.00424606344310606
223,matched_control,0.0019044022442814112,-5.041378362558274e-4
224,hydra,0.006854275829978362,-0.005406500573314212
224,survival_only,2.245645268971641e-4,-6.851027846764182e-4
224,de_only,0.0019462258997754334,1.0126386367098339e-4
224,ridge_eligible,0.03396386736531186,-0.015712089631205975
224,matched_control,0.0029941936919622215,-5.837532552232904e-4
225,hydra,0.02205313873017668,-0.005708552407411213
225,survival_only,0.008221606230318113,-5.978855567223996e-4
225,de_only,0.00388074899587032,5.384271358276571e-4
225,ridge_eligible,0.04138711319794079,-0.012762110110482875
225,matched_control,0.0015236371179121577,-9.221310188598953e-4
226,hydra,0.016352466421731014,-0.005871482078749315
226,survival_only,0.01006243851512777,2.42273259638659e-5
226,de_only,-0.0037985103093818528,0.0028437764803334433
226,ridge_eligible,0.03333734867192676,-0.007671705801463929
226,matched_control,0.0014796522716777893,-2.1559415905102463e-4
227,hydra,-0.014553434836453683,0.0027636643155963285
227,survival_only,-0.019274058425001805,0.007163590786610172
227,de_only,-0.0060519414292999115,0.002257029981674738
227,ridge_eligible,0.006855103081518155,-0.0020160061933487765
227,matched_control,4.6805565673487817e-4,-1.3935695155395945e-4
228,hydra,0.0013922753454185476,0.002424625380436601
228,survival_only,-0.0027403795187109226,0.0060989313735218655
228,de_only,-0.002643202940033229,0.0029809617815016536
228,ridge_eligible,0.018092512102901182,5.796312117760854e-4
228,matched_control,0.0011661189441322995,7.425873496156587e-5
229,hydra,0.018898721062554125,-0.008486652016996239
229,survival_only,0.0057102094196375686,-0.0013599669432989652
229,de_only,3.6856497443822357e-4,9.711427504277059e-4
229,ridge_eligible,0.032579784975457306,-0.012815349846864905
229,matched_control,0.0034291828727686657,-0.0013004255871659903
230,hydra,0.0035576382380505976,-8.04650861222947e-4
230,survival_only,-7.92877225866917e-4,0.0036808509355447604
230,de_only,-0.001207122774133118,4.3235696405627134e-4
230,ridge_eligible,0.027690721649484506,-0.006478722238661352
230,matched_control,0.002344892221180861,-4.232630398029069e-4
231,hydra,0.023212413896376162,-0.006872701491859992
231,survival_only,0.016294174902665447,-0.0027124607617084046
231,de_only,0.008561695118298896,4.8072184497134906e-4
231,ridge_eligible,0.05025831087151842,-0.011634456987005876
231,matched_control,0.0018755615453728502,-3.4025529873029926e-4
232,hydra,0.012553058359968195,-0.008679440833207323
232,survival_only,0.004948167689784044,-0.002167994487200059
232,de_only,-0.0023861464833510927,8.462512285678181e-4
232,ridge_eligible,0.030676610352933197,-0.01004646326898872
232,matched_control,9.301067086059378e-5,-6.462285506735055e-5
233,hydra,6.126575040333426e-4,0.001742082307954626
233,survival_only,0.005411807952294389,0.004067441978784672
233,de_only,0.002842730818714645,0.002860295604782295
233,ridge_eligible,0.03089019135336043,-0.0013770466921219943
233,matched_control,0.0022790859150039755,-4.4147812047035107e-4
234,hydra,0.009241546544523804,5.62063830683221e-4
234,survival_only,0.009959392621389118,9.869306565114422e-4
234,de_only,0.004686206962914519,0.0021068676457732887
234,ridge_eligible,0.0322607340120475,-0.005859236401238898
234,matched_control,0.001503050364696623,-5.468751280972711e-4
235,hydra,0.006974356987914499,-0.005792807076650719
235,survival_only,-0.011417338084908569,0.0022824545984816424
235,de_only,-0.00378060117756428,0.00084964482752435675
235,ridge_eligible,0.013042299349240815,-0.006830976680466516
235,matched_control,0.002850945150294437,-0.0013969153227288227
236,hydra,0.006547979841712426,6.978027334047593e-4
236,survival_only,-0.007535112481166539,0.0029607340874198834
236,de_only,-0.013516789913928951,0.006253168165344772
236,ridge_eligible,0.019566008000969838,-0.0015829385495267773
236,matched_control,9.057374919903771e-4,-5.776852026683543e-4
237,hydra,0.006434254120328364,-0.003958368776717939
237,survival_only,0.00327727013737944,0.0018469691200102445
237,de_only,-0.0027496992846139157,0.0017430998995840053
237,ridge_eligible,0.020763078481440045,-0.005508944394582711
237,matched_control,0.0017705277818811037,-7.000225967824458e-4
238,hydra,0.009493847317908477,-0.007045845179488859
238,survival_only,0.0028911632352355277,6.938167168316217e-4
238,de_only,-0.006051132969614936,0.0016315678598193772
238,ridge_eligible,0.023766476842817887,-0.008868691935421011
238,matched_control,0.002520807614192966,-7.542899969957689e-4
239,hydra,-0.004604697794328283,-7.709109424377414e-4
239,survival_only,-0.004019263821254648,0.0033104573073302252
239,de_only,-0.0068515468347178365,0.0031201246267475087
239,ridge_eligible,0.016975794901174446,-0.0061457158055167275
239,matched_control,0.0012657547980521211,-6.225365441794972e-4
240,hydra,0.0037131482874387944,0.005021167951375682
240,survival_only,-0.007738171678071481,0.011295696368152369
240,de_only,0.001752004256177908,0.003849640214472147
240,ridge_eligible,0.020710341411510035,0.001209857512002349
240,matched_control,0.0012566732099286604,3.2998971060485546e-5
241,hydra,0.003836603924709636,0.005206768060042721
241,survival_only,0.002861433720464568,0.007376086566413348
241,de_only,-4.205046055268946e-5,0.0013696723693676527
241,ridge_eligible,0.028990788946736058,7.373991034704264e-5
241,matched_control,0.0014697637164597266,-6.35660816231623e-4
242,hydra,-0.001150098607775396,0.006914822735395035
242,survival_only,-0.015121160642805553,0.011161762277694118
242,de_only,-0.0031632593286861077,0.006381529257566157
242,ridge_eligible,0.020422548962177555,-4.5497976842023835e-4
242,matched_control,0.0032862749692460723,-7.161811281922281e-4
243,hydra,0.0034076266759533345,0.005035634799665662
243,survival_only,-0.006413024551628043,0.007672711985220781
243,de_only,-0.005349120668640084,0.0037097139365050323
243,ridge_eligible,0.026413024551628073,-0.004757400880735269
243,matched_control,0.0027720703465088036,-0.0011446290270346548
244,hydra,-0.003383774695250108,0.005887304248573541
244,survival_only,-0.018218439120078467,0.012676437695561153
244,de_only,-0.003170099481574873,0.004021320603102491
244,ridge_eligible,0.017516113212834517,5.157653126547562e-4
244,matched_control,0.0015447667087011175,1.7063563497938527e-4
245,hydra,0.011100119117320461,-0.007875347934978561
245,survival_only,-0.004478003674466491,-0.0048384120916684595
245,de_only,-0.012905049363025178,0.0010933218737068178
245,ridge_eligible,0.030215420645656264,-0.016136812065862958
245,matched_control,0.002129979204942345,-0.0013130783550277052
246,hydra,0.019795392484904452,-0.007142671022620064
246,survival_only,0.01817430098842353,-0.005208213439573261
246,de_only,0.007926618206992076,-0.0020609915439089273
246,ridge_eligible,0.03533133341025348,-0.010807360660646423
246,matched_control,0.0018306988192761885,-5.684032832371982e-4
247,hydra,0.00839402802469843,0.0013743461484997555
247,survival_only,-0.001443291086004861,0.009514417449633184
247,de_only,-5.390835579514919e-4,0.00421303368234425
247,ridge_eligible,0.03415725182084074,-0.0057496687520839085
247,matched_control,0.002699241077402448,-8.270770215399708e-4
248,hydra,0.0032473301858852665,-0.0027437463163451415
248,survival_only,-0.00854688942701346,0.003232807587326833
248,de_only,-0.007585233706729855,0.003531072611514821
248,ridge_eligible,0.02503440706607899,-0.007616714491366196
248,matched_control,1.411125241720712e-4,-4.912823308812015e-4
249,hydra,0.0023817321688500816,-0.007051035050322027
249,survival_only,7.096069868997023e-5,-0.002223886164037786
249,de_only,0.0021288209606986964,-0.0028020575560869397
249,ridge_eligible,0.028999272197962157,-0.013432725765082278
249,matched_control,0.001559315866084421,-4.922043843771401e-4
250,hydra,0.01515546606812782,-0.004405879239232613
250,survival_only,0.00649920781621337,0.0031815480193760986
250,de_only,0.0024607208872458597,-5.287973606593443e-4
250,ridge_eligible,0.036080670715606035,-0.009650587087146176
250,matched_control,0.003188539741219976,-9.702261042215526e-4
251,hydra,-0.004426100922571263,5.076910161787823e-4
251,survival_only,-0.009645911926194317,0.0042863395519194296
251,de_only,-0.008319949202554832,4.6206117170601024e-4
251,ridge_eligible,0.02194001419340381,-0.006064580302141858
251,matched_control,9.449818847346081e-4,-5.927894211250895e-4
252,hydra,0.010925707160202136,-0.0012122626199907033
252,survival_only,0.008164336811708351,-0.0025867779500622994
252,de_only,-0.0060740303209293025,0.005802375486644915
252,ridge_eligible,0.028750738334317794,-0.009945464354597163
252,matched_control,0.003670341930826304,-7.455279753513539e-4
253,hydra,-0.001250157167747379,7.977111071888809e-4
253,survival_only,-0.001178309054658455,0.004454024714277124
253,de_only,-6.304671923553551e-4,0.0011624921388486225
253,ridge_eligible,0.020413845131392237,-9.753679114537867e-4
253,matched_control,0.0030391751836617463,-6.548975240394828e-4
254,hydra,0.008304849884526556,0.0019818340539876135
254,survival_only,-0.0040683602771362844,0.0053781402792537295
254,de_only,9.82909930715936e-4,0.002347510156226576
254,ridge_eligible,0.02446004618937645,-0.0010400429884509204
254,matched_control,5.154734411085382e-4,-3.66242254850227e-4
255,hydra,0.003524323481852376,-0.0017795532398556552
255,survival_only,-0.007177229246624728,0.0012896204091871588
255,de_only,-0.005100430555826152,0.0013966920303965958
255,ridge_eligible,0.014175222583724589,-0.0028360723725180644
255,matched_control,0.0016988447076701219,-1.6587596910378478e-4
256,hydra,-9.259429032435484e-4,0.0017951278761192484
256,survival_only,-0.012567153779863938,0.008035606862326915
256,de_only,0.0025394671702818174,-1.5657554179836496e-4
256,ridge_eligible,0.018119144098718364,-0.0025281806480697082
256,matched_control,0.0019784007774253376,-9.204535779528151e-4
257,hydra,-0.004076158815307351,0.0026808073933884736
257,survival_only,-0.010539836046994822,0.00876325223814011
257,de_only,-0.006835782554493597,0.006948853861515542
257,ridge_eligible,0.010492614559329084,0.001969111305741067
257,matched_control,0.0010407615881530608,-4.975177415924043e-4
258,hydra,0.013858112088789199,0.0020433610446147802
258,survival_only,0.005961724852239702,0.004621358575211049
258,de_only,-0.00803321993956555,0.006175538424664115
258,ridge_eligible,0.02944753796157279,-0.0020427520016559815
258,matched_control,0.004011858834261373,-0.0011052953090808283
259,hydra,0.004895981859098797,6.388806514581291e-4
259,survival_only,3.0578413014720196e-4,0.004229921158276226
259,de_only,0.0033344213293020177,0.002378755876186986
259,ridge_eligible,0.03587122708766384,-0.009040411821950872
259,matched_control,0.0022263833296112478,-5.407387061638347e-4
260,hydra,0.005249637728889489,-6.217074909865894e-4
260,survival_only,0.004693057568172831,0.0025437601809338377
260,de_only,0.001249835331313387,0.0031364193564747457
260,ridge_eligible,0.023621723093136603,-0.0058398063656415755
260,matched_control,0.002191740218680016,-9.38500574727058e-4
261,hydra,0.002738995272519884,-0.0017698428127266796
261,survival_only,-0.012508507624671183,0.0035298068368407403
261,de_only,-0.0034306421647076315,0.005463994470798992
261,ridge_eligible,0.01722679028015377,-0.005061836536148817
261,matched_control,0.0025918363592884906,-9.071446149059303e-4
262,hydra,0.00901587413325824,0.0013204089360961736
262,survival_only,0.010663123438104948,0.0013905398394879116
262,de_only,0.001626130724015351,0.0036796602204409667
262,ridge_eligible,0.02801379747280981,-0.004675673910400568
262,matched_control,0.0030217169406215995,-0.0012522273337793681
263,hydra,0.00987845520486178,-7.108004921819316e-4
263,survival_only,0.004655949813762006,0.0016853697251149324
263,de_only,-0.011240933150362686,0.007144533673192496
263,ridge_eligible,0.033477749460889994,-0.004954481753958637
263,matched_control,0.0029151146833954144,-4.059788595016267e-4
264,hydra,0.005671794871794866,-0.003548175995228961
264,survival_only,0.0014068376068375854,8.832716775168447e-4
264,de_only,-1.0940170940172411e-4,-0.0012517194051747866
264,ridge_eligible,0.029796581196581184,-0.009903193765651458
264,matched_control,0.0028307692307692257,-9.389886952710785e-4
265,hydra,0.013670139076303078,-0.004357557305449633
265,survival_only,0.005143844119393337,-0.0023176850205341853
265,de_only,-0.004618484733991823,0.004723313238195151
265,ridge_eligible,0.02879401234234722,-0.009752970645103337
265,matched_control,0.001511307821017993,-6.850714569644311e-4
266,hydra,0.007102070569450014,-0.0024669484517811898
266,survival_only,0.003122342364232822,6.873968388690172e-4
266,de_only,0.0011454952531371188,0.004552005925824579
266,ridge_eligible,0.03038686498776406,-0.009896047634231348
266,matched_control,0.002350000867799451,-5.935173173477554e-4
267,hydra,-0.0023913689003266293,0.0028736912960143856
267,survival_only,-0.006346629713946339,0.005616616489472698
267,de_only,-0.0016133821637137392,0.005402907166577825
267,ridge_eligible,0.020906661387706627,-0.002410771979133114
267,matched_control,6.235771553004365e-4,-4.988999311838132e-4
268,hydra,-0.012107833561242431,0.005113360080976912
268,survival_only,-0.015356514944325073,0.006854260634450588
268,de_only,-0.001336198476264905,0.001098738873637653
268,ridge_eligible,0.009914045712053144,-7.26142088832768e-4
268,matched_control,3.4186364524321224e-4,-5.615095997585611e-4
269,hydra,0.011665719354449789,-0.0056013276490640114
269,survival_only,0.006631185518179783,-0.004818708384797582
269,de_only,-0.006853373292685016,0.0012199846520883073
269,ridge_eligible,0.03191925455140462,-0.01271202217398519
269,matched_control,0.004352469040114393,-0.0015462464043558334
270,hydra,-0.005806776891114263,0.004647530691098628
270,survival_only,-0.0031241850518959223,0.0059749558570585835
270,de_only,-0.006745597107042878,0.005327824420175703
270,ridge_eligible,0.021349467132599644,-0.007665437999938807
270,matched_control,7.649646203862992e-4,-7.14633822795796e-4
271,hydra,0.003509406657018832,0.0034701118526257292
271,survival_only,-0.005247924442074792,0.005730450350428004
271,de_only,0.002932439637443829,0.003534767862397134
271,ridge_eligible,0.03352882930916297,-0.005686111323002463
271,matched_control,0.0020584202909589623,-7.027374500081646e-4
272,hydra,0.005623836126629467,0.0018354378319004132
272,survival_only,-0.0051024208566107674,0.005551666789444984
272,de_only,-0.008924826031559308,0.006132436265184535
272,ridge_eligible,0.023479368813094214,-0.0017349445908396404
272,matched_control,0.002330687052827607,-5.7568308059332e-4
273,hydra,0.0016358828636830135,0.005341040526756801
273,survival_only,-0.01553595390322835,0.008306478611699813
273,de_only,-0.009700844581261348,0.007289881932854764
273,ridge_eligible,0.018604467598074048,-7.684872958463596e-4
273,matched_control,0.001979240666193072,-0.001065379116483553
274,hydra,-7.567907630819271e-4,-7.868442283364807e-4
274,survival_only,0.005865590999925974,6.725673707974694e-4
274,de_only,-0.004751683813189245,0.002325497454521186
274,ridge_eligible,0.02999777958700317,-0.010350652460339903
274,matched_control,0.0035767152690400206,-8.211036566442093e-4
275,hydra,0.0017170891251022003,0.0037197913291346944
275,survival_only,0.0030049059689288616,0.004839631120900398
275,de_only,-0.0016131779776505928,0.003482235548924456
275,ridge_eligible,0.028248500953938403,-0.006286481364878657
275,matched_control,0.0018857318070318763,-0.001092472617631915
276,hydra,0.005634443665042577,-0.0017796309583610393
276,survival_only,-6.692323734051042e-4,0.006728102943723185
276,de_only,-0.012825373954916886,0.005838092597661423
276,ridge_eligible,0.034525186266517516,-0.007384556430197395
276,matched_control,0.0038447684228486655,-0.0011929924767117767
277,hydra,0.009186482214842551,-0.001014015883461622
277,survival_only,0.003931736250466144,0.0035298649881073977
277,de_only,-0.007625508337624987,0.004593789916831348
277,ridge_eligible,0.03050380920246488,-0.010474678807052657
277,matched_control,0.0018202482641046958,-8.523759917320351e-4
278,hydra,0.007762826058943717,-0.0012447910560511421
278,survival_only,0.0036172523608784535,0.00545928860008722
278,de_only,-0.007260276494302609,0.008489777808612441
278,ridge_eligible,0.03269701599690737,-0.005803454775519476
278,matched_control,0.0024372733464646523,-0.0013513936108393299
279,hydra,-0.005357500318465569,-8.085145925740972e-4
279,survival_only,-0.00821459118123422,2.6239833041572793e-4
279,de_only,0.004580444395916328,0.0013046113822241605
279,ridge_eligible,0.01904605921639275,-0.007012073837330821
279,matched_control,5.768775818456251e-4,-1.4315681194260744e-4
280,hydra,-0.0017701845388457204,4.46212461809678e-4
280,survival_only,-0.00377755066622959,0.0021020972930821087
280,de_only,-0.004533446460595092,0.0036371979033543527
280,ridge_eligible,0.018199348232707902,-0.00357307992389104
280,matched_control,0.002099924796081687,-6.61273413224131e-4
281,hydra,-5.996041448364075e-4,-0.0020325446458426986
281,survival_only,-0.003213412504366042,0.0022040864149455996
281,de_only,-0.0039566111693251195,6.719217594230553e-4
281,ridge_eligible,0.023632941359102756,-0.007860346248744566
281,matched_control,0.0014437070671789564,-3.8352100207470207e-4
282,hydra,0.013310165403824625,-0.003941581534950675
282,survival_only,0.010507225735391878,7.157410400074616e-5
282,de_only,-0.004455078903891063,0.001242124637824729
282,ridge_eligible,0.03173436639510818,-0.008269967781853054
282,matched_control,0.0020015571887047057,-3.1354520229406603e-4
283,hydra,0.004987133929665477,-0.004509482988425692
283,survival_only,-0.0053669893395417055,0.004722599670118547
283,de_only,-0.003914961401788997,0.0022232707473421125
283,ridge_eligible,0.02070824653841441,-0.006110992398214998
283,matched_control,0.0012355511987910072,6.589240849923795e-5
284,hydra,0.0051990465286510966,-0.004494259736883438
284,survival_only,-0.009853788547082321,-6.276500694224613e-4
284,de_only,-0.01103812008483641,0.0012349061414133166
284,ridge_eligible,0.021770303496687272,-0.01359985410386121
284,matched_control,7.357495448488405e-4,-6.504637569823973e-4
285,hydra,-8.705398841770684e-4,-3.705743800403588e-4
285,survival_only,-0.005966747618158019,0.004688762458219453
285,de_only,0.008535400709882313,-6.800736331290441e-4
285,ridge_eligible,0.02075471698113209,-0.002273042265715228
285,matched_control,0.0012609751541191928,-3.6629169625825855e-4
286,hydra,-0.004990993826836654,0.00467590629352681
286,survival_only,-0.008873266530262502,0.00533830628009537
286,de_only,-0.00774356014899531,0.006346755289617842
286,ridge_eligible,0.011330290470944183,-0.002103855457576631
286,matched_control,0.0023258660790794307,-6.05343679509962e-4
287,hydra,0.007860294949647373,-0.003818753982625553
287,survival_only,-1.43325915588588e-4,-1.6887066466390044e-4
287,de_only,-0.004099875532757502,0.0033225624359194154
287,ridge_eligible,0.028697242861992257,-0.007910340933758328
287,matched_control,0.0018198619545128913,-8.462515002574083e-4
288,hydra,0.007953733628168081,-0.004561936501344929
288,survival_only,-0.011027385609797569,9.518289315255085e-4
288,de_only,-0.002335431195781601,8.283811023451937e-4
288,ridge_eligible,0.026657594829052576,-0.012267797028766153
288,matched_control,0.0012825310426943571,-6.550548200335155e-4
289,hydra,7.501172058133055e-6,0.0022701008718082503
289,survival_only,-0.008665729020159385,0.006544656685225914
289,de_only,-0.0016052508204406958,0.003830072168193405
289,ridge_eligible,0.014345991561181414,9.03001675255638e-4
289,matched_control,1.9127988748239843e-4,4.505989382856346e-4
290,hydra,0.008681015022962525,-0.0012617082349635823
290,survival_only,0.004933058301548987,0.0059374219798767084
290,de_only,-0.002788588775589651,0.0031092298395383245
290,ridge_eligible,0.034702654316182725,-0.004119187276298356
290,matched_control,0.0034404919436444082,-7.584133390903941e-4
291,hydra,0.0037367704076286534,-8.189324625625064e-4
291,survival_only,-0.004549931887247194,0.005623922493041974
291,de_only,-0.006364874777323693,0.00267712675389985
291,ridge_eligible,0.02592057005134656,-0.0026230024177145107
291,matched_control,0.001783506234936616,-2.0543212376874232e-4
292,hydra,0.01251293804524617,-0.0024970234989656753
292,survival_only,0.0027132929173443675,0.0019088774213334547
292,de_only,3.770516043176242e-4,0.0035879078074452205
292,ridge_eligible,0.029267706639065492,-0.004996765499623451
292,matched_control,0.00316057962442704,-5.942651927256709e-4
293,hydra,8.892120127509618e-4,-0.0016578279827618974
293,survival_only,-0.006409037525865446,0.005581362870335718
293,de_only,-0.004576552392670063,0.004220437786622924
293,ridge_eligible,0.015137110154167355,-0.0035617876366675376
293,matched_control,0.0010215685177935474,-5.600806988420692e-4
294,hydra,0.007516857658719933,-2.976277901317936e-4
294,survival_only,0.001267548546372399,0.0012354443724483632
294,de_only,-0.001512583367110032,0.005443429084736195
294,ridge_eligible,0.02957920336047757,-0.008498116065539291
294,matched_control,0.001267548546372399,-6.226935483144402e-4
295,hydra,0.011235011347593781,-0.004068235913656354
295,survival_only,0.0056988152039886275,0.0013656154934136606
295,de_only,-0.009397952072052773,0.005005706763328338
295,ridge_eligible,0.03123179470683892,-0.004787210381418791
295,matched_control,0.002533998105755997,-7.969635851275247e-4
296,hydra,9.95489498678659e-4,0.001330909741663977
296,survival_only,-0.004917837343771714,0.007834153208215011
296,de_only,-0.0013610984163570095,0.0029111923517101206
296,ridge_eligible,0.021086096926103293,0.001994874695534249
296,matched_control,0.003189143004748951,-6.467304841885207e-4
297,hydra,0.004407187458229078,-0.001779849478129336
297,survival_only,0.004390001718573955,8.935629453693722e-4
297,de_only,-8.096392904199057e-4,0.0020005354279586385
297,ridge_eligible,0.02469972693769216,-0.006282403352348506
297,matched_control,0.0015199831961656863,-6.809411867655935e-5
298,hydra,-0.005111667821544685,-0.0022118467091374466
298,survival_only,-0.008464367571024978,0.0019845086462829146
298,de_only,-0.00881971465629051,0.007742360733000883
298,ridge_eligible,0.01213154949096532,-0.006976229945628343
298,matched_control,1.954408968960597e-4,-3.0626946077886576e-4
299,hydra,0.011420188869533332,-0.005930931665093722
299,survival_only,0.0017016594847345634,0.0013531653868867981
299,de_only,0.007332905473549112,-0.001836330242530676
299,ridge_eligible,0.03367562116072246,-0.011224697997408236
299,matched_control,0.001925369029063917,4.0008340206451606e-5
300,hydra,-0.0024190297003091276,0.0012954023764961576
300,survival_only,-0.004674870889089411,0.0018584558012782638
300,de_only,-0.011146735269837015,0.004108639123459032
300,ridge_eligible,0.016439802637894275,-0.004187854875243535
300,matched_control,0.0015589302513102754,-7.076528845102765e-4
301,hydra,0.01097587759434827,-0.0027923241106618036
301,survival_only,-0.0016106006808448315,0.0035433392718676486
301,de_only,-0.004108861964200761,0.0015494060790111092
301,ridge_eligible,0.024093122003001566,-0.007414262285337908
301,matched_control,0.0024250521614993413,-9.659699471227468e-4
302,hydra,0.0057073456144394515,-0.002482319246389453
302,survival_only,-0.004615166397758908,0.0026374511992076884
302,de_only,0.001546071878158184,8.550161794407152e-4
302,ridge_eligible,0.02558642577259268,-0.004406494545297329
302,matched_control,0.0019840073757557363,-4.19628743840289e-4
303,hydra,0.004827846883375708,-2.9744358087034904e-4
303,survival_only,-0.0023864339220672328,0.004799095620294585
303,de_only,-0.0023125558380867493,0.004480770911523111
303,ridge_eligible,0.020785513023159896,-0.004766114033407612
303,matched_control,9.088722424575368e-4,-2.1247221419321837e-4
304,hydra,-0.006823056756664702,0.0013626664891630614
304,survival_only,-0.005280719076640228,3.990164434555271e-4
304,de_only,-0.001344863981478306,0.0023681021976892174
304,ridge_eligible,0.01865785979367405,-0.00875263988875805
304,matched_control,0.0021790201218889415,-7.347400134015192e-4
305,hydra,0.010220984861666959,-0.0060769240507065865
305,survival_only,-0.006198016356359836,0.004137975078538683
305,de_only,0.0036279798155559482,5.260720517435119e-4
305,ridge_eligible,0.024452757960675142,-0.010113172005476947
305,matched_control,0.0014894727684009012,-4.963556536530633e-4
306,hydra,0.007324758605439674,6.064695393469072e-4
306,survival_only,0.001566300582295288,0.007521303297154458
306,de_only,-4.4962040244709287e-4,0.002192341046033541
306,ridge_eligible,0.02930271983489352,-0.005412567472563093
306,matched_control,0.0017468858259011121,-6.092612277286469e-4
307,hydra,-0.001043871663968765,-0.003840775367051416
307,survival_only,0.00206283982899601,-0.0037630491080921135
307,de_only,6.889968040509787e-4,9.12529104117793e-5
307,ridge_eligible,0.026881251815880157,-0.009805711986482937
307,matched_control,0.0035030921844519058,-0.0010631326033581079
308,hydra,0.00247577637423394,-0.004547633516765232
308,survival_only,-0.0036433832486834072,-0.002323728865121358
308,de_only,-0.00796708960398822,3.747611979891541e-4
308,ridge_eligible,0.02910396011769777,-0.013834763519531394
308,matched_control,0.0015162021852802687,-7.443741393793224e-4
309,hydra,0.007752590784883218,2.2621763643855541e-4
309,survival_only,0.002467905202192933,0.005017554566424537
309,de_only,-5.379208414250547e-4,0.0033991662801352877
309,ridge_eligible,0.02381631635932423,-8.275403308643265e-4
309,matched_control,0.001569079003901208,-4.2160373379035996e-4
310,hydra,0.0068733472786833396,6.725641671847526e-5
310,survival_only,9.551249161305564e-4,0.0035427653187669133
310,de_only,-0.002885108734262143,0.002380591698654691
310,ridge_eligible,0.033139282472273754,-0.004364915994830609
310,matched_control,0.002381892094565263,-2.9286836388816575e-4
311,hydra,0.005075399304006379,7.856436611345996e-4
311,survival_only,0.0020112429731417914,0.003984002141007914
311,de_only,-0.0033746765414473523,0.00522065267459299
311,ridge_eligible,0.02072097796020341,-0.004528349212026436
311,matched_control,0.0012081734630141727,-6.881831365595531e-4
312,hydra,0.013312665758726994,-0.005069745938821077
312,survival_only,0.002367213819797864,5.100664340483008e-5
312,de_only,-0.003929825818937693,0.0020317543332992656
312,ridge_eligible,0.03114472080854418,-0.008522619524293923
312,matched_control,0.0015303562468640618,-5.633393904783373e-4
313,hydra,0.0010954554475094413,0.0024286114341636076
313,survival_only,-0.002496527088708089,0.0028437916617835403
313,de_only,-0.004175431633260574,0.0037029664575882444
313,ridge_eligible,0.020494145663822173,-0.0022347083372134093
313,matched_control,0.0027267314943441147,-7.692586784437822e-4
314,hydra,9.703146541945151e-4,0.0014700162747745993
314,survival_only,-3.9964398527074784e-4,0.001376572992533734
314,de_only,0.0017102668365298833,0.0037039114317365673
314,ridge_eligible,0.022575522242194734,-0.006127471062190315
314,matched_control,0.0021500497373518777,-4.673420524992672e-4
315,hydra,-9.409394187085418e-4,-4.8444644244042265e-4
315,survival_only,-0.004738913072404816,0.005617441332650364
315,de_only,0.002140399566597584,-2.8128727297745126e-4
315,ridge_eligible,0.02021784173208886,-0.0022889769347857387
315,matched_control,0.002326686562624747,-1.8624466416017338e-4
316,hydra,0.0036357180898278106,1.7930313670624364e-4
316,survival_only,0.0054855316882655766,0.0022614035099778273
316,de_only,-0.0027534173619740863,0.004018675337954058
316,ridge_eligible,0.03598970353275342,-0.006503386951999079
316,matched_control,0.0022226167228829976,-5.755457834493189e-4
317,hydra,-0.0031276085605186133,0.0017398727323043122
317,survival_only,-0.012009590622502463,0.00380454797369712
317,de_only,-0.0013835360980375077,1.28057003385057e-5
317,ridge_eligible,0.022854098215078576,-0.0033048709107098674
317,matched_control,0.001722759968031251,-5.222877619361077e-4
318,hydra,0.017303742479597217,-0.007773148881829164
318,survival_only,0.004338658959957842,9.904476698960301e-4
318,de_only,-0.0028209462529763195,-0.0016636563010716421
318,ridge_eligible,0.0393932784412091,-0.014043628268741342
318,matched_control,0.0030645073340967665,-2.9825488855548534e-4
319,hydra,-0.003461620393382092,6.031356456433545e-4
319,survival_only,-0.014256550450898265,0.004734720739610956
319,de_only,-0.005350422495206975,0.005161884190324348
319,ridge_eligible,0.010242845984520377,-0.005903727425505897
319,matched_control,9.9410636938152e-4,-7.734810801761055e-4
320,hydra,0.011254853753243954,-0.00198155309703687
320,survival_only,0.0013424652188335328,0.004944417937118095
320,de_only,-0.0012546586274854166,0.002309117772928451
320,ridge_eligible,0.029097153115182704,-0.003356854371125409
320,matched_control,0.002343460360202132,-2.47725998360096e-4
321,hydra,0.0027275546879276247,0.003175226723504809
321,survival_only,-0.012419039973727886,0.007673927328208444
321,de_only,0.003789385342358298,0.002627357139662942
321,ridge_eligible,0.020129171151776103,-0.005046155181093265
321,matched_control,0.0013938807903523197,-6.427479493658322e-4
322,hydra,0.0038122030928876673,-0.004391946775305328
322,survival_only,0.004922340891479393,-0.003972558030713186
322,de_only,0.002863784912907208,-0.0012415359500950573
322,ridge_eligible,0.03145278124052421,-0.01430633435376901
322,matched_control,2.6616353896430356e-4,-7.794435777653957e-4
323,hydra,0.005550904758838293,-0.0015421935902536626
323,survival_only,-0.00361420567969607,0.003965614155559208
323,de_only,-0.0020992980874493194,-6.788052870502964e-4
323,ridge_eligible,0.027231309163500517,-0.0075880536786472556
323,matched_control,5.666816923176165e-4,-5.721074057123881e-4
324,hydra,-0.007063678430830844,0.005573974914025415
324,survival_only,-0.0066320187858277205,0.006280027256751408
324,de_only,0.0018734028593134998,0.0017692811088614619
324,ridge_eligible,0.011898266454865669,-0.002103024095472214
324,matched_control,-9.669176048069494e-4,2.499914593819846e-4
325,hydra,0.01099741584141245,-0.004748956662200749
325,survival_only,0.008682079120345475,2.4333877190324537e-5
325,de_only,2.9310255120623685e-4,9.308098861114528e-4
325,ridge_eligible,0.03374494875041188,-0.011137756730522886
325,matched_control,8.168716072078919e-4,-1.8608367694709915e-4
326,hydra,0.0022300493518727094,-7.335395833852149e-4
326,survival_only,-0.004292179468801838,0.0016260827192929872
326,de_only,0.005258738967501497,3.851258598843221e-4
326,ridge_eligible,0.022542133393401997,-0.0070407477777795465
326,matched_control,6.79868121966698e-4,-6.320980096808204e-4
327,hydra,-0.005118370343182244,3.26659514029079e-4
327,survival_only,-0.011989355845109207,0.003577887627954507
327,de_only,-0.0017783079464121943,0.0019221610465141425
327,ridge_eligible,0.018944760506514956,-0.008692801226812019
327,matched_control,0.0013084969719214135,-7.208312594408544e-4
328,hydra,-0.0023221422158060446,0.0012209378383673808
328,survival_only,-0.017392299431348013,0.01110744625960201
328,de_only,0.00393126881568987,0.001619745904308248
328,ridge_eligible,0.01195049382933402,-2.2814298566066759e-4
328,matched_control,0.0010510378338409732,-3.8379041819800174e-4
329,hydra,0.01754017649790991,-0.003873458725318349
329,survival_only,0.017612633534602896,-0.0011615445700126127
329,de_only,-0.0044607524384579714,0.0020667549137425743
329,ridge_eligible,0.041913608917789134,-0.009446922294994631
329,matched_control,0.004836042731072932,-0.0013634441672199377
330,hydra,0.011089140658401008,-0.0017564884128416004
330,survival_only,0.0041844805472424085,0.0019563521942395578
330,de_only,0.0017493230725381336,0.0017522204959470739
330,ridge_eligible,0.027203577027219605,-0.006550631113915156
330,matched_control,9.013823571326629e-4,-1.724362498962989e-4
331,hydra,-0.0010495667486095871,0.0017640464409712981
331,survival_only,-0.006614711369144155,0.00449189574421367
331,de_only,-9.728542287776642e-4,0.002077809110673312
331,ridge_eligible,0.019643635476053467,-0.0048101258012379884
331,matched_control,5.683700333002029e-4,-1.7421339562103677e-4
332,hydra,0.004080067640639418,-4.297680369108603e-5
332,survival_only,-0.0030890536209371546,0.004185314763147052
332,de_only,-0.0017794993806162563,0.0019479999153529965
332,ridge_eligible,0.023153154924592478,-0.004629283633563325
332,matched_control,0.0020547810527557385,-6.225312959189239e-4
333,hydra,0.0050286418678848754,-0.0015352002944343385
333,survival_only,0.00489449641070262,-2.721172397369742e-4
333,de_only,-9.335798709303233e-4,0.003273241526100118
333,ridge_eligible,0.030251613371039078,-0.008407183270016844
333,matched_control,0.001845406424479723,-6.852785837876518e-4
334,hydra,0.014548120989917479,-0.005454148857506433
334,survival_only,0.010720439963336381,-0.0037845201651554804
334,de_only,-0.010507791017415224,0.005206019283809651
334,ridge_eligible,0.03651879010082494,-0.012145399239189841
334,matched_control,0.004711274060494941,-8.897307570889218e-4
335,hydra,4.434546484596291e-4,0.0018608786932836046
335,survival_only,-0.00728867530133428,0.006470990449370504
335,de_only,1.7972611303207486e-4,0.004624161100851731
335,ridge_eligible,0.026400203168649494,-0.005574727041105799
335,matched_control,0.003063158100373109,-7.122276147351642e-4
336,hydra,0.013790911328028866,-0.004389678803914654
336,survival_only,0.003959888442293502,0.0025541787535943465
336,de_only,-0.0019009925354769863,0.00507982379922658
336,ridge_eligible,0.028982446066770563,-0.008802727264599408
336,matched_control,0.003014518907390684,-9.363351409932858e-4
337,hydra,0.003327629592350245,-0.0012131356240651149
337,survival_only,0.002151987921489651,6.134984870258111e-4
337,de_only,-0.003249119275289403,0.003912511271858219
337,ridge_eligible,0.02698540513336688,-0.009983202941121604
337,matched_control,0.002387518872672356,-8.410062359837378e-4
338,hydra,0.009617633828160155,-0.004464342071823271
338,survival_only,0.006234817813765181,-0.0011922772270816146
338,de_only,0.005452091767881251,-8.402597196729755e-4
338,ridge_eligible,0.032689158794421955,-0.009846872942526494
338,matched_control,0.0027350427350427363,-6.345976223988304e-4
339,hydra,0.01107522311942204,-0.0026020746392952294
339,survival_only,0.0033710157246069072,0.0018781401705381007
339,de_only,-0.002419039524011857,0.002600554588429507
339,ridge_eligible,0.030558436039099045,-0.0073326250865907
339,matched_control,0.0016115597110072598,-3.2330466696287307e-4
340,hydra,-0.0029669234254644074,6.940690767911039e-4
340,survival_only,-0.0069814227458087404,0.005380088790739962
340,de_only,-5.437245129134349e-4,0.0020496375486991846
340,ridge_eligible,0.018644313547802473,-0.0035505897741154755
340,matched_control,3.0992297236068775e-4,-1.5133549789481392e-4
341,hydra,0.004948874592860242,0.0019089157558118768
341,survival_only,0.0012526129863395298,0.0034381841893218108
341,de_only,1.5880475117884262e-4,0.0017015430366963207
341,ridge_eligible,0.028278588906353774,-0.007313183466363463
341,matched_control,0.0024857804929428796,-4.112161550361204e-4
342,hydra,0.0021802877151826717,-0.0023285590536089194
342,survival_only,-0.005862973056887577,0.004811524040968393
342,de_only,7.503363576775723e-4,-5.431652336664011e-4
342,ridge_eligible,0.024607582709490438,-0.006383606339225928
342,matched_control,6.778900886604267e-4,-1.546589187740588e-4
343,hydra,0.005721907051884123,6.482018920134891e-4
343,survival_only,7.288574970883421e-4,0.004258176901208785
343,de_only,0.005259796370740477,5.208670989114428e-5
343,ridge_eligible,0.031111695532930084,-0.005476034739619978
343,matched_control,0.0016737423451177792,-3.1098438691207485e-4
344,hydra,0.002812125299760193,0.0030753125414457877
344,survival_only,0.005015362709832161,0.0032961108536094354
344,de_only,0.001146582733812973,0.004669276434233876
344,ridge_eligible,0.033029826139088746,-0.005993307120739718
344,matched_control,0.002471148081534791,-0.0011691756772551603
345,hydra,0.011088983602896018,0.0033430439292070737
345,survival_only,0.008799717098773497,0.00466174366941115
345,de_only,0.005395596419066051,0.0027620926601331945
345,ridge_eligible,0.037573749744086046,-0.0030523844695327733
345,matched_control,0.0022725157736045885,-4.0864571863489797e-4
346,hydra,-0.002766065716778121,0.006894281809903683
346,survival_only,-0.005270427449840065,0.00891477286985432
346,de_only,-0.0031731608025588943,7.903178636002678e-4
346,ridge_eligible,0.023965905786565867,-0.004187319285799779
346,matched_control,0.002526170398371619,-4.2169367060242434e-4
347,hydra,0.011494827863434132,1.1318551572297165e-4
347,survival_only,0.005336501527522186,0.004866744707007159
347,de_only,-0.005902846015042984,0.007300963904812105
347,ridge_eligible,0.029837600271559496,-0.002757195533845835
347,matched_control,0.001783002519071686,-4.810457082543268e-4
348,hydra,0.005432040508902158,8.633549842431254e-4
348,survival_only,0.004265050182398955,0.003951402111969049
348,de_only,0.007094502622552112,2.565328243918058e-4
348,ridge_eligible,0.0285014247082524,-0.002076395508797127
348,matched_control,4.355795930960693e-4,-1.8352120854041865e-4
349,hydra,-0.005612858861956327,0.001885852674142091
349,survival_only,-0.006981261818806939,0.00241768668034342
349,de_only,-0.01046243768265428,0.0062814837442449895
349,ridge_eligible,0.013429602888086667,-0.006254511406919438
349,matched_control,0.0014234141309953819,-0.001183894764372917
350,hydra,-0.0029451211670249,0.003670217493740041
350,survival_only,-0.013123518712451066,0.010019849655269744
350,de_only,-0.007047713535064004,0.004159766237039781
350,ridge_eligible,0.02200848812214079,-0.0028976159229242154
350,matched_control,0.0028385603262966685,-8.1674924151518e-4
351,hydra,0.008846273377086345,4.7786387622817674e-4
351,survival_only,0.005060236558746667,0.0023618658880648737
351,de_only,-0.003590427962925702,0.005179087181486686
351,ridge_eligible,0.025573572695197565,-0.006705527926367546
351,matched_control,0.0028445549441509232,-8.926923113150104e-4
352,hydra,0.0045287040716789125,-0.006064365681781472
352,survival_only,-0.001394559051988853,-0.0016633377453177862
352,de_only,-0.0018588099281043214,3.9940416213149753e-4
352,ridge_eligible,0.029560316485422178,-0.011709064485685844
352,matched_control,4.6786372340045234e-4,-5.510070048160593e-4
353,hydra,0.003283549900253402,-0.0020934528700609746
353,survival_only,0.0040078359483115,0.002250846398847947
353,de_only,-9.741018313833228e-4,0.0016806243824927431
353,ridge_eligible,0.029968907819773183,-0.008342978608486299
353,matched_control,0.0035944717025215176,-0.0016758171677072969
354,hydra,2.323994019372111e-4,-0.002458704563775338
354,survival_only,-0.00423194435415718,5.373650831460685e-4
354,de_only,0.0045261002405252325,4.5965525049899145e-4
354,ridge_eligible,0.025711824741597843,-0.010536306969794757
354,matched_control,0.001989208866931003,-0.0010460775426415797
355,hydra,0.003242724183779011,-0.0054303015606282385
355,survival_only,-0.0036600679568621675,-4.910026026299308e-4
355,de_only,-0.0015567292066774984,-0.001205547247025457
355,ridge_eligible,0.02402496676023048,-0.013476575246933561
355,matched_control,0.0018540404786526632,-9.198664039963694e-4
356,hydra,0.008727409100650063,-0.0011816813156205835
356,survival_only,0.005175369669262098,0.0012589677144272087
356,de_only,0.002680548610615052,0.005176373489714922
356,ridge_eligible,0.029628902064433183,-0.005879230932778795
356,matched_control,0.0013197371240803225,-4.108021085996033e-4
357,hydra,-0.005240912933220621,0.008723327538806377
357,survival_only,-0.011536623911205824,0.010130319306967533
357,de_only,0.002025065235767609,0.002098366262333856
357,ridge_eligible,0.015191664522768222,0.0025971101282915186
357,matched_control,0.0015932228306810513,-4.993186248131859e-4
358,hydra,0.008868078916265098,0.0010558947484468866
358,survival_only,0.004056732430220933,0.003724091508684607
358,de_only,-0.002145649604509492,0.005139514586213342
358,ridge_eligible,0.02898081643785797,-0.00605187737056444
358,matched_control,0.00255295935994182,-3.8204463477529147e-4
359,hydra,0.005228193356737787,-0.006415701884961369
359,survival_only,-0.005541452876046449,-0.0012898935645488969
359,de_only,-0.0051345755693581905,-0.002227835741239212
359,ridge_eligible,0.026308398595733196,-0.011793821046364122
359,matched_control,0.0011558196057250502,-4.4469130981239225e-4
360,hydra,0.008272554700769319,-0.00479104678581575
360,survival_only,7.809637992473584e-4,-2.585358589087594e-4
360,de_only,5.611616212075843e-4,0.0013131684418040302
360,ridge_eligible,0.028169647317414327,-0.011366281810675904
360,matched_control,0.001247210843574098,-6.742345508149311e-4
361,hydra,0.012625822597089631,-0.007126135917745216
361,survival_only,0.01011215126517746,-0.002296387636718994
361,de_only,0.005120029659838732,-0.001210446067122517
361,ridge_eligible,0.036639169524515694,-0.012327528166175588
361,matched_control,0.0020465288719992646,-9.411311641324416e-4
362,hydra,0.0012010711191620005,0.001947244860545047
362,survival_only,-0.0024789320311884634,0.00585199689732493
362,de_only,6.89139166732411e-5,0.0028762907934162694
362,ridge_eligible,0.024842482476175487,-0.005412056875409477
362,matched_control,0.001153815862014651,-4.432626931444056e-4
363,hydra,0.008274940997822822,-0.0048379327727815944
363,survival_only,-0.001395927477634107,0.0026697342084155474
363,de_only,-0.006211236941766241,0.0034591142741812993
363,ridge_eligible,0.021019411258896024,-0.006915567955735608
363,matched_control,0.002627197716752938,-0.0010613275346572804
364,hydra,0.009639502455215831,-0.0037720631037980513
364,survival_only,0.0014970828271767655,-1.456972424335623e-4
364,de_only,4.893322155115176e-4,0.002657524623022939
364,ridge_eligible,0.030412168289219277,-0.00995368603969824
364,matched_control,0.0014474652249046095,-7.398828658583823e-4
365,hydra,0.002377270571740797,8.290153600379296e-4
365,survival_only,-0.003905074122183061,0.003681172162832913
365,de_only,0.005696789756912235,-7.955879888374817e-4
365,ridge_eligible,0.02846539246613474,-0.006158793692178666
365,matched_control,0.0015669780004536227,-4.214500062890425e-5
366,hydra,-0.006930726332056714,0.0054405695171998395
366,survival_only,-0.00855506282335552,0.009891934479929268
366,de_only,8.835584223610748e-4,0.0017957239127264241
366,ridge_eligible,0.018526170798898057,-0.0019855407881350625
366,matched_control,0.0020694752402069306,-8.298874755728825e-4
367,hydra,-0.0056603773584905535,0.009630955730945598
367,survival_only,-0.014119083861375637,0.011222728181436673
367,de_only,-0.004525823922970707,0.006325837730443573
367,ridge_eligible,0.012634075542497103,0.002117838630397312
367,matched_control,0.00236114552727531,-7.47467345176392e-4
368,hydra,-0.0013584989699905515,-0.0016319440379247373
368,survival_only,-0.004426256889928171,9.338498401131407e-4
368,de_only,-0.00203032496334653,5.932087218029653e-4
368,ridge_eligible,0.021145815934524803,-0.007996461431188751
368,matched_control,6.625466288068705e-4,-6.368294345333147e-4
369,hydra,0.001877549533799494,-8.585868682118817e-4
369,survival_only,3.7696678321677004e-4,2.6982788754791737e-4
369,de_only,-0.0031486742424242653,0.0033723927292706236
369,ridge_eligible,0.02786276223776223,-0.00869428076599046
369,matched_control,0.0018866550116549917,-6.40322732681968e-4
370,hydra,-0.00960197610455137,0.003603667877167488
370,survival_only,-0.011502750429207165,0.007980212470105344
370,de_only,-0.005989628954836934,0.003807843405620762
370,ridge_eligible,0.018970954066080337,-0.003973110701794349
370,matched_control,0.0014925896079324152,-6.685013885995489e-4
371,hydra,0.009842478795222431,-0.003928606208775614
371,survival_only,0.0018262073740695772,-6.062062512779964e-5
371,de_only,0.003636835727886434,-0.0011033386322465782
371,ridge_eligible,0.03230742599965379,-0.008973960238653433
371,matched_control,0.0018400553920720375,-3.490795574981914e-4
372,hydra,-0.0033096732947559882,9.298262013876845e-4
372,survival_only,-0.007738963657525022,0.005881211853822144
372,de_only,-0.00794551087651425,0.006366085749037275
372,ridge_eligible,0.02165959051194206,-0.006723174117915282
372,matched_control,0.0018081077979771542,-8.313338254299418e-4
373,hydra,0.013774110366168135,-0.0028436435355222362
373,survival_only,0.002512635379061401,0.002896639499851944
373,de_only,-0.0038947911294481387,0.003698006808799781
373,ridge_eligible,0.027449200618875735,-0.0043999771872278715
373,matched_control,0.0017493553378029824,-3.9103361453043104e-4
374,hydra,-0.0031101073704759897,0.005776752260880991
374,survival_only,-0.006509215487377739,0.009352178066170485
374,de_only,-0.002773258818350588,0.005516092067533088
374,ridge_eligible,0.022138222741105072,-0.0011776398028769675
374,matched_control,0.0012057647036306852,-1.5726135348272108e-4
375,hydra,0.009293854790559686,-9.408330647844854e-4
375,survival_only,0.0014907718593342278,0.003402634707843524
375,de_only,-0.007085860197893401,0.0030207165730345127
375,ridge_eligible,0.025583447550740678,-0.002515800307927113
375,matched_control,0.003233134939261373,-6.438612245947356e-4
376,hydra,0.002306692657569853,-0.005109580447130971
376,survival_only,6.678218179193563e-5,-0.006063666644799637
376,de_only,7.995812576709449e-4,3.8535905124760793e-4
376,ridge_eligible,0.024646234928885978,-0.01375252474509209
376,matched_control,0.001027001660529936,-3.602699484745814e-4
377,hydra,0.0036377447670493,0.004995983598106063
377,survival_only,0.010060769750168796,0.007447570060763095
377,de_only,0.0019159351789331703,0.0029153782841572994
377,ridge_eligible,0.03410702228224173,-0.0011349232000151727
377,matched_control,0.00270931802835922,-6.845093912351607e-4
378,hydra,0.005351508916323755,-0.0051770215732422995
378,survival_only,-8.573388203014787e-6,-0.0023345338730612923
378,de_only,-8.693415637859748e-4,0.001334835179017485
378,ridge_eligible,0.02461591220850482,-0.010393414545316929
378,matched_control,0.0018432784636488453,-7.072572454413561e-4
379,hydra,-0.010965352405626827,0.005950604259123807
379,survival_only,-0.00562316407889214,0.006381605080091626
379,de_only,-0.0034173219726686853,0.0043303128762048615
379,ridge_eligible,0.01905891368205951,-0.0023875397015572565
379,matched_control,0.0012078308307029828,-0.00048634015734955183
380,hydra,0.002463026380160305,-0.003629365819825409
380,survival_only,-0.0011628344560268068,-0.0020350684050971625
380,de_only,-0.004022880367290116,0.0041811929373837264
380,ridge_eligible,0.0271309223648064,-0.01274209633634023
380,matched_control,8.053287171188806e-4,-0.0013994052416380798
381,hydra,0.0049959476670140114,0.002598336027169823
381,survival_only,-0.004025317432750586,0.0062408675088207275
381,de_only,-0.002317548531511715,0.0055928247133651575
381,ridge_eligible,0.025321292115317817,0.0013897517344222733
381,matched_control,0.002026166492995263,-3.7961764204189616e-4
382,hydra,0.005885289272700034,2.0830684616034156e-4
382,survival_only,0.0017254862809697236,6.518797833550277e-4
382,de_only,-0.005487612106690643,0.0034946235563222986
382,ridge_eligible,0.026263332168588494,-0.006275389882810447
382,matched_control,0.0019234929033760894,-5.992141944351853e-4
383,hydra,0.0018713682462915382,0.0032279863651397066
383,survival_only,-0.0030407478254592226,0.004878262884919618
383,de_only,-0.0023098855884794546,0.005636366477024613
383,ridge_eligible,0.024268235463962173,-0.005238978708006522
383,matched_control,0.0017757245461435755,-5.86969082258465e-4
384,hydra,-0.0023621763710345413,0.005343737520060163
384,survival_only,-0.008919376327823992,0.01022133645336922
384,de_only,-0.0026970580821720435,0.0021498244969102077
384,ridge_eligible,0.019318713766158947,0.003267059300937167
384,matched_control,0.002511612833531385,-4.8536437157738476e-4
385,hydra,0.008747291001860013,-0.005985258581408562
385,survival_only,0.005830958516066265,5.092959277431447e-4
385,de_only,-0.007900889063326588,0.0033735823079715315
385,ridge_eligible,0.035571065340181895,-0.012318876318452462
385,matched_control,0.0023207795088821094,-1.8633669569910195e-4
386,hydra,0.0016130543117822583,0.002685055259135899
386,survival_only,1.761058133653237e-4,0.0068908128523382265
386,de_only,0.002776476759653035,9.168397743948397e-4
386,ridge_eligible,0.02935159338291774,-0.002948642634009971
386,matched_control,0.003503381606309841,-0.0011369337788541822
387,hydra,0.014811253158351235,-0.001713571800303329
387,survival_only,3.4317607572499355e-4,0.005810267532242197
387,de_only,-0.004804465060150076,0.006017608573556166
387,ridge_eligible,0.030991439453935222,-0.008641830931712108
387,matched_control,0.0035769506354414006,-9.978029989801628e-4
388,hydra,0.005702895111532968,-0.0030147975199112387
388,survival_only,-0.001028951115329857,-0.0013776249587343665
388,de_only,-0.0037076411960132783,0.004231484869333099
388,ridge_eligible,0.02575415282392025,-0.008421503437548855
388,matched_control,0.003238728049359263,-5.955246981756785e-4
389,hydra,0.003843213306729798,3.412653821050243e-4
389,survival_only,0.0011300277845115226,0.005596040575768663
389,de_only,0.007882223506815566,-0.0026266265125883146
389,ridge_eligible,0.02926324426128628,-0.004439000202681159
389,matched_control,3.431107464523242e-4,2.8613655258799e-4
390,hydra,7.807997620419948e-4,-0.0017339093034714453
390,survival_only,-6.543845624732758e-4,-4.6781823940203194e-4
390,de_only,-0.008769124946552376,0.0024086441335205377
390,ridge_eligible,0.022539086464278425,-0.005771768941851685
390,matched_control,0.0023609897566507663,-4.89204874623908e-4
391,hydra,0.006678596167166928,-0.004245646669275643
391,survival_only,-0.006341876394981893,0.0010388907063075437
391,de_only,-0.011079042561379194,0.005278200650267464
391,ridge_eligible,0.02798237512506735,-0.00974547701968941
391,matched_control,0.002039559762949272,-0.0012272425610440675
392,hydra,0.002120953687567173,0.006538665242015384
392,survival_only,-0.006843042011198075,0.007850637721101734
392,de_only,-0.006344321257740359,0.006481219137424529
392,ridge_eligible,0.015386184137342862,0.0020857847900416825
392,matched_control,0.0014294189625125187,-1.1169400957934672e-4
393,hydra,0.0032557276690473704,-0.005542751311875202
393,survival_only,-0.0029941563862350916,-9.785564446326861e-4
393,de_only,-0.0015193395788887897,-0.0036042349669600043
393,ridge_eligible,0.027618959280215172,-0.01326769663605531
393,matched_control,0.0028012243762174037,-0.0011293960867707399
394,hydra,-8.670165154360587e-4,0.00427236417195819
394,survival_only,-0.009779384663987246,0.008250261962628397
394,de_only,0.00252382540323286,0.003760166272486737
394,ridge_eligible,0.01557119539463292,-0.001837940916831149
394,matched_control,0.0010688523439282393,-3.343146198221847e-4
395,hydra,-0.001391718195092917,7.951648498236985e-5
395,survival_only,-0.008083503091705569,0.008094514111516304
395,de_only,-0.0013250166753799308,0.002107578313323294
395,ridge_eligible,0.01911990048854355,-0.0027189696139492403
395,matched_control,0.0019613852283175024,-7.395658840936542e-4
396,hydra,0.0029695865761439457,-4.076293844886253e-4
396,survival_only,-0.003133337013118431,0.004514047856908443
396,de_only,-0.003289727879891846,0.0020891908965613966
396,ridge_eligible,0.024220345531820953,-0.0063884894406091575
396,matched_control,0.0012216886533826243,-8.169597668590128e-4
397,hydra,0.006244525090727049,0.0010964385938822762
397,survival_only,-0.008035826018556624,0.0064558682486299535
397,de_only,0.00277633766558808,0.0016502594779067876
397,ridge_eligible,0.02405742174231723,-0.005084420146840521
397,matched_control,4.96987682571437e-4,3.4910457342844924e-4
398,hydra,0.007367187499999983,-0.0030237728048690253
398,survival_only,-0.006105468750000009,0.0015327942256780163
398,de_only,0.0059804687500000005,8.537945746950326e-5
398,ridge_eligible,0.02873242187499999,-0.00951487516441887
398,matched_control,3.6132812499999333e-4,-2.2630652482252266e-4
399,hydra,0.010037928574110922,-0.0013866380155211882
399,survival_only,0.0017856472267077205,9.355597943180749e-4
399,de_only,-0.005137256374629173,0.003902133861452284
399,ridge_eligible,0.029248188065642687,-0.011060349657048277
399,matched_control,0.0011472454842465063,-8.502471110711895e-4
400,hydra,-6.820292057061139e-4,0.005819356562180522
400,survival_only,-0.012117835739005666,0.011462161809993151
400,de_only,-0.009899552629357666,0.008106483157919361
400,ridge_eligible,0.023359500295433423,-7.348405246726308e-4
400,matched_control,0.0011749810078500733,-6.467796961081573e-5
401,hydra,0.012462480911340857,-0.004514411065914314
401,survival_only,0.0018167137666531997,5.700952253957225e-4
401,de_only,0.009257341454424162,-0.002036327325225987
401,ridge_eligible,0.03302732969405485,-0.009788337078401443
401,matched_control,0.0015744852644327678,-4.97517231031644e-4
402,hydra,-0.0030562546987872863,0.0018731169934670723
402,survival_only,-0.0036070342888896213,0.004848889434254142
402,de_only,-5.965416925440392e-4,0.001792768902308109
402,ridge_eligible,0.019314875952015163,-0.004275969169204891
402,matched_control,7.942993495243967e-4,-1.3884194929472682e-4
403,hydra,0.012312691821628464,-0.0031376269528481187
403,survival_only,0.002457122224228214,-0.0013101361357747727
403,de_only,4.513450081242709e-5,0.0032977155976279065
403,ridge_eligible,0.035253655894565826,-0.010658097741257325
403,matched_control,0.003070951435277125,-8.615502793828111e-4
404,hydra,0.0020890116865175724,-0.0015147640066145273
404,survival_only,-0.00592913415226074,0.004349899703648488
404,de_only,-0.002152484785124886,0.0027075870619223093
404,ridge_eligible,0.02327595863047458,-0.006135267868941313
404,matched_control,0.0013273345032296935,-2.820983272532274e-4
405,hydra,0.003529189495560181,-0.003403774367532114
405,survival_only,0.00758360098242965,-0.0035743178168941543
405,de_only,0.0037011146797657378,0.0022824105246621595
405,ridge_eligible,0.03190062346495374,-0.009704668597392113
405,matched_control,0.001454751558662415,-9.028672430312301e-4
406,hydra,0.0021055213004483988,0.0023278036566743627
406,survival_only,0.0019023262331838487,0.006185701998220977
406,de_only,-0.0010247337443946348,0.0028016345757306297
406,ridge_eligible,0.028284403026905824,-0.003605019409018281
406,matched_control,0.002073991031390132,-9.782298449396375e-4
407,hydra,-0.0015051793126659384,-9.651934535328893e-4
407,survival_only,-6.170300287947183e-4,0.003638705691936661
407,de_only,-0.014326315395834111,0.004284782135515674
407,ridge_eligible,0.03484162895927599,-0.008032864853367561
407,matched_control,0.0032964361841367196,-8.426222920533577e-4
408,hydra,0.0022218443575355517,0.004117869810528754
408,survival_only,-0.0032855334504714117,0.0101291644790229
408,de_only,0.004088495909614765,0.002063706323489753
408,ridge_eligible,0.02052372045570482,0.00165871157393791
408,matched_control,0.0020461372782406783,-2.579178468750082e-4
409,hydra,-4.818761042995057e-5,-0.0027452731180527185
409,survival_only,-0.010385322410808306,0.0027945386790147768
409,de_only,-0.004386857275436829,0.002162309574152843
409,ridge_eligible,0.01944280844532491,-0.010106116461321701
409,matched_control,0.0015687744284413774,-0.0010283098832954613
410,hydra,0.001598992974637259,-0.004801907519916363
410,survival_only,-0.011209961386020739,0.003553487445220166
410,de_only,-0.004586047935768134,0.0017837517539850995
410,ridge_eligible,0.01792743293585316,-0.006925920609307074
410,matched_control,0.001735077483117009,-8.051704401068587e-4
411,hydra,0.018785288650301435,-0.005944573618929333
411,survival_only,0.013347579090008865,5.869031304450018e-4
411,de_only,0.0030159309254530033,0.0021392668687377934
411,ridge_eligible,0.039945449175657156,-0.010930438078359361
411,matched_control,0.0028561004847031946,-8.658529399393933e-4
412,hydra,0.005847849621100287,4.8509859753901875e-4
412,survival_only,1.2203523275268191e-4,0.0038129095838634027
412,de_only,-0.004739690975297683,0.005912473681693809
412,ridge_eligible,0.03479185119574844,-0.005307228157644357
412,matched_control,0.002062789095561479,-6.728217539183096e-4
413,hydra,-0.003925085084269098,0.002245618248008882
413,survival_only,-0.002606533656687482,0.002200529177786642
413,de_only,-3.912857404878678e-4,3.5035431584743424e-4
413,ridge_eligible,0.021178340703906763,-0.005579404551490355
413,matched_control,0.0014469420611791795,-4.5008843868335756e-4
414,hydra,0.008596316575410646,-0.007258957463917104
414,survival_only,-8.51169736187174e-4,4.034630427860508e-4
414,de_only,-0.0015115314418450265,0.0013663066265071216
414,ridge_eligible,0.028551518168242897,-0.010739186595038887
414,matched_control,0.0023809523809523946,-4.974028875197656e-4
415,hydra,0.010864050947163927,-0.004469088786616365
415,survival_only,0.0039019914728263827,-1.0963108118225429e-5
415,de_only,-0.008359868314533992,0.004765688648540947
415,ridge_eligible,0.03009156817241442,-0.011441998968700665
415,matched_control,0.0026876787738139953,-0.0010828544700241527
416,hydra,0.010568796713538563,-0.004334588004460516
416,survival_only,0.004513455308829651,-9.913081391890177e-5
416,de_only,-6.17116383444627e-4,7.702687712056094e-4
416,ridge_eligible,0.032330745425918864,-0.011111384706676063
416,matched_control,0.002350833378576478,-0.0011559251072151943
417,hydra,9.64245625011495e-4,0.00450501836326069
417,survival_only,-0.004247097142226241,0.005118253217019609
417,de_only,-0.0011004177170932717,0.003374323587577144
417,ridge_eligible,0.019590379625710752,-0.003439873232356791
417,matched_control,0.0012733930773052627,-2.727735398397185e-4
418,hydra,-6.863596872284883e-4,-0.004781576820063735
418,survival_only,-0.004634231103388353,-0.0028416433470705967
418,de_only,0.0022380538662032934,-0.0018561361935547055
418,ridge_eligible,0.018196350999131205,-0.01054119340473859
418,matched_control,0.0016350999131190425,-9.834398180344622e-4
419,hydra,0.009365117086814256,-0.002668065735290179
419,survival_only,0.003213717712008479,0.0035294849539411867
419,de_only,0.002040107489534415,0.0018747757438804802
419,ridge_eligible,0.030193956455770256,-0.008313914557408934
419,matched_control,0.0026159442809352562,-6.504220578513436e-4
420,hydra,0.008226520180056462,-3.1573416380262784e-4
420,survival_only,0.016363393606469823,6.461676764630775e-4
420,de_only,0.0057373922331578455,3.09151130759891e-4
420,ridge_eligible,0.0440375371938659,-0.011216158316316541
420,matched_control,0.0019626916914625703,-1.8934823263953293e-4
421,hydra,0.007828523099693396,-0.00474439863621339
421,survival_only,-1.761990344295583e-6,-3.1856478622765695e-4
421,de_only,-0.007676991930084221,0.00210178636735108
421,ridge_eligible,0.03397822179934453,-0.012014062674464244
421,matched_control,0.0026764633329809384,-0.0013441800570279632
422,hydra,0.009850294632903345,-0.00445315298877014
422,survival_only,0.002667622232839639,0.004157210840028599
422,de_only,-0.007302118171683391,0.005356762361059855
422,ridge_eligible,0.03096233476668262,-0.0033664274151817717
422,matched_control,0.00370281892021026,-6.996231086483229e-4
423,hydra,0.0029657089898053822,0.005161339147163585
423,survival_only,-1.782277037143398e-6,0.007504644032384817
423,de_only,-6.754829970770704e-4,0.007120748294670215
423,ridge_eligible,0.02514614671704568,-7.541859361097775e-4
423,matched_control,0.002395380337919728,-0.0012000686864220983
424,hydra,-0.008125806874099561,0.0014892513495185999
424,survival_only,-0.010268116077609602,0.006300817313470891
424,de_only,0.001521133085112336,0.0021801545933990444
424,ridge_eligible,0.007422306209890139,-0.0013059384135343077
424,matched_control,-3.704604561528435e-4,2.19041590597574e-5
425,hydra,-0.001590870762830976,-0.002841322376617722
425,survival_only,-0.003226713137332038,0.0011257201338395779
425,de_only,-0.0023497667097644335,0.0032308872112987302
425,ridge_eligible,0.02496486592838274,-0.008482525573468347
425,matched_control,0.002598984391103143,-0.0010105839503955216
426,hydra,0.006231084208652327,-0.004586432661517897
426,survival_only,-0.0027630407690938164,-0.0022484836119369632
426,de_only,0.003804521986825693,-0.0016759935600862447
426,ridge_eligible,0.027293929143671004,-0.013949918600388666
426,matched_control,0.0015488695032935818,-8.64600242725544e-4
427,hydra,0.006281924748497925,-0.0025334128839986174
427,survival_only,0.01159247138676781,-0.0011370536020602923
427,de_only,-0.0010077398576697205,0.00305373299665167
427,ridge_eligible,0.031210499887451747,-0.009558757735856549
427,matched_control,0.0033452807646356165,-0.0012591536146303983
428,hydra,0.013032288254562485,-0.004711847904633695
428,survival_only,0.008746685384495401,-0.001660189737710671
428,de_only,0.001986819528934658,0.0042296818598542285
428,ridge_eligible,0.035466385899235696,-0.007867158484109658
428,matched_control,0.0015188738106379773,-2.626313248656004e-4
429,hydra,0.007305777891224674,-4.4162137244648376e-4
429,survival_only,-0.0022116068335551685,0.003776540538549275
429,de_only,0.006656699546009814,9.670903287366722e-4
429,ridge_eligible,0.025569310992397055,-0.0074018907281006695
429,matched_control,0.0011413568654621065,-6.955747885703467e-4
430,hydra,0.015705679049651554,-0.004489934949679827
430,survival_only,0.005935900583580423,-3.510118736684192e-4
430,de_only,-0.002083136603146407,0.003272853199901629
430,ridge_eligible,0.029985457704583617,-0.0058319219744858266
430,matched_control,0.0022191165083382145,-4.286773814523026e-4
431,hydra,0.01472146183653883,-0.00578155984577432
431,survival_only,0.006775925201749111,-0.0012165644663222814
431,de_only,4.4615876853072446e-4,0.0036174317596910283
431,ridge_eligible,0.03555049948451779,-0.011377071103456569
431,matched_control,8.905400120872043e-4,-2.942037391578778e-4
432,hydra,0.009770760859869766,-0.005469908992227088
432,survival_only,-9.454999554009413e-4,-6.570980606900756e-4
432,de_only,-0.007699580768887715,0.0059412863157208866
432,ridge_eligible,0.025182410132905186,-0.010937528804568598
432,matched_control,0.0020426366961020293,-7.505933821805117e-4
433,hydra,0.004627916293088663,-0.0021680104166818537
433,survival_only,0.012779229698021788,0.0015278165830954094
433,de_only,-1.1636557868029973e-4,8.81374179601177e-4
433,ridge_eligible,0.03224280345662998,-0.006065560161699885
433,matched_control,0.0028385570668243653,-5.589158811673683e-4
434,hydra,-0.006474703400526516,0.0024707840109804784
434,survival_only,-0.0015542173019365002,0.006077949135784982
434,de_only,-0.0039630738163066725,0.007881672324113815
434,ridge_eligible,0.020433810536944187,-0.002830062527785257
434,matched_control,-4.1289531571165884e-4,-3.3004916990535813e-4
435,hydra,-7.337141659242152e-4,-0.0026845597266746514
435,survival_only,-0.0012525548975420575,-4.114078825410344e-4
435,de_only,0.0026710689516622256,-0.0037515886947156185
435,ridge_eligible,0.021646314833254732,-0.008117149746771113
435,matched_control,3.214366822144266e-4,-2.2274132861046513e-4
436,hydra,0.00900575357844514,-0.006289355104589079
436,survival_only,0.008277785573954555,-0.0021854026044654832
436,de_only,-0.00255578164468141,0.0015348802089285823
436,ridge_eligible,0.03730704462531577,-0.016939140357639736
436,matched_control,0.001968144821779405,-0.0010824406245498741
437,hydra,0.005853385764277219,0.0016647479957111078
437,survival_only,-0.009459215700422085,0.007172023426111488
437,de_only,-0.006755294202532558,0.006530315989201704
437,ridge_eligible,0.018377286337890986,-0.0021634786263420498
437,matched_control,0.0019787871135322323,-6.584214202504851e-4
438,hydra,0.004141194667452308,-2.5838926014665474e-4
438,survival_only,0.00323525079178022,6.558232121609469e-4
438,de_only,-0.011668630772630195,0.007795201425095277
438,ridge_eligible,0.033972895337703465,-0.00611110312664416
438,matched_control,0.002187523016866766,-6.1029625432798e-4
439,hydra,0.0038710807496934894,0.0018278199941487772
439,survival_only,0.0028113504992118067,0.004689172185179111
439,de_only,0.005373970923103888,7.585705898765033e-4
439,ridge_eligible,0.02523208968295676,-0.006044978849547619
439,matched_control,9.476265545630081e-4,2.747441083013169e-4
440,hydra,0.011238984122262296,-0.0019619659220252604
440,survival_only,0.008247499349273046,0.0034383145012314015
440,de_only,0.005627858550552223,0.0011788579524177252
440,ridge_eligible,0.03216450377421635,-0.0034910453289555498
440,matched_control,0.0014948127765589403,-3.216974587450405e-4
441,hydra,0.027633940015380675,-0.00809658214569423
441,survival_only,0.009279671879005358,-0.00123364441448299
441,de_only,-0.007757379764557426,0.0020899573449096515
441,ridge_eligible,0.040610888726756424,-0.011952343821965925
441,matched_control,0.001977796620195993,-7.041401079843079e-4
442,hydra,-0.0016893052867658965,0.003518786009422556
442,survival_only,-0.011002188500425048,0.007319906890101932
442,de_only,-0.010680243809799417,0.006427212300501054
442,ridge_eligible,0.015404510843024844,7.59806916365055e-4
442,matched_control,0.0018339995297437129,-5.168441037516847e-4
443,hydra,0.013083804306369396,-0.007745233740230864
443,survival_only,0.010679241357789238,-0.003569280432620392
443,de_only,0.00473111195866992,-0.0017631551211465452
443,ridge_eligible,0.030782566485212014,-0.012440528408490447
443,matched_control,0.0011199334281058015,-2.9199798924731123e-5
444,hydra,0.018375151905068266,-0.004165386696832332
444,survival_only,0.009359139323754363,5.752420231002114e-4
444,de_only,-0.008840874973193214,0.004074899295689383
444,ridge_eligible,0.027650296661662698,-0.006566638563337649
444,matched_control,0.00278969190077919,-8.498774719513297e-4
445,hydra,-0.006239137304471509,0.0053624857684124285
445,survival_only,-0.009650023700426636,0.0086512104560691
445,de_only,-0.004293727287091176,0.003932481022693385
445,ridge_eligible,0.022633907410333366,-0.0012839648344810579
445,matched_control,0.002318691736451217,-3.9460241071526125e-4
446,hydra,4.7642642070355734e-5,0.003014607347592918
446,survival_only,-0.0079048671723139,0.009340017143573113
446,de_only,-0.002685139307085427,0.004331992264649714
446,ridge_eligible,0.020065175134352263,9.92931582879894e-4
446,matched_control,0.001482639021229548,-5.306382290938105e-4
447,hydra,-0.001744095104020027,0.002659792503645683
447,survival_only,-0.011778507742843725,0.003115036992298678
447,de_only,-0.0020628030658532692,0.002309230894608488
447,ridge_eligible,0.018977788205850145,-0.0037010838669383956
447,matched_control,0.0018731424996089152,-0.0010402878353167333
448,hydra,0.013748436302005585,-0.0022347027701190374
448,survival_only,0.013958274484484112,-0.0025620067621359515
448,de_only,0.005766514668496037,-0.002682942694427512
448,ridge_eligible,0.038343892498285015,-0.011782598854934588
448,matched_control,0.0017977482748880336,-8.335812192645203e-4
449,hydra,0.003227514978979795,-0.0029981644105846446
449,survival_only,-0.0023982918997649703,2.4176881327676037e-4
449,de_only,-0.004276871131119853,0.0011216363390751465
449,ridge_eligible,0.026841338673905125,-0.012144298741428805
449,matched_control,0.0019331987156145703,-9.884968159583007e-4
450,hydra,-5.294622698508222e-4,2.96506427342963e-4
450,survival_only,0.002863548192196397,0.0038309170971890794
450,de_only,0.0016344961363564114,1.4316805324339488e-4
450,ridge_eligible,0.02676407924444304,-0.0067512873119181804
450,matched_control,0.0015549972970394731,-5.158586559431494e-4
451,hydra,0.0018473815461346522,5.108311783668356e-4
451,survival_only,-0.006004987531172057,0.006703284668347196
451,de_only,-0.010820947630922706,0.007263195739210487
451,ridge_eligible,0.019207980049875294,9.613119199777476e-4
451,matched_control,0.0025556109725685893,-5.088324310678072e-5
452,hydra,-0.0020649277065452054,0.0011316851908866874
452,survival_only,-0.009747549996852244,0.00639202691688866
452,de_only,-0.0027385474156925937,0.004869721961539594
452,ridge_eligible,0.011615218349316957,-1.613960939851139e-4
452,matched_control,9.338341762323732e-4,-3.268327347638933e-4
453,hydra,-0.004475548643511351,0.003983738400280648
453,survival_only,-0.0018334197338863323,0.005986461535533144
453,de_only,-0.006848107827890115,0.006007242044412328
453,ridge_eligible,0.018617591152583345,0.0017003210340354902
453,matched_control,0.0022636944876447073,-4.381652552702175e-4
454,hydra,0.004102433969844966,-0.002200992963292456
454,survival_only,-9.346782549853327e-4,0.003195963165965901
454,de_only,5.624986783395513e-4,-5.20843320089201e-4
454,ridge_eligible,0.030256507855949577,-0.007352086743255877
454,matched_control,0.0012561060711793082,-4.4871729905314185e-4
455,hydra,0.0010835968947671471,-0.004124043177729067
455,survival_only,-0.015722038527889594,0.004417729839598062
455,de_only,-0.009804485336400182,0.0050436466722119985
455,ridge_eligible,0.01054125934445086,-0.005155623647916802
455,matched_control,5.948102357677066e-4,-7.568246661251998e-4
456,hydra,0.011068781964304308,-0.004085154206733254
456,survival_only,0.005644852659777988,1.6711610589720537e-4
456,de_only,-0.0035365132380057894,0.0023043022588962376
456,ridge_eligible,0.03197648123021255,-0.007396373698066297
456,matched_control,0.003218174859965883,-8.342433214121092e-4
457,hydra,0.007195465499100562,-0.005606873134002183
457,survival_only,-0.004709296405661334,1.68806068884661e-4
457,de_only,-0.006408037199199012,-1.5378607056467652e-4
457,ridge_eligible,0.027332586634083434,-0.010561600473277765
457,matched_control,0.0028578216746427687,-0.0013503976588567722
458,hydra,0.006864422128755721,-0.0025412882356539712
458,survival_only,0.005707270934374442,-9.241714889863251e-5
458,de_only,0.005954800668129101,0.003106412693868735
458,ridge_eligible,0.03388541184520337,-0.011941177744037267
458,matched_control,0.0027409390030388005,-8.764518164078555e-4
459,hydra,0.009176201801531869,-0.0056150839485877265
459,survival_only,0.0126313226839454,-0.0030308268077206017
459,de_only,-0.005099346429708407,0.002891701354343831
459,ridge_eligible,0.03824228918144536,-0.012990145090060811
459,matched_control,0.002659225828199052,-9.900166453905347e-4
460,hydra,0.003628944897811792,-0.0032700845138546237
460,survival_only,-0.006649454755542727,0.0025398266421483824
460,de_only,-0.0053477287499097085,0.005535189878434465
460,ridge_eligible,0.02442045208348379,-0.003601506406936958
460,matched_control,0.003298548422040859,-8.115176054073164e-4
461,hydra,0.004177433247200657,-3.460492034370294e-4
461,survival_only,-2.546530352394827e-4,0.005175641018355412
461,de_only,0.00468299442010256,-0.002109235957083136
461,ridge_eligible,0.025334232108751797,-0.002988321613250905
461,matched_control,0.002280642624424212,-1.7044373743300978e-4
462,hydra,0.0017777526948473232,-6.838719007925598e-4
462,survival_only,0.002964802377861764,0.0012469926390431929
462,de_only,-3.028763850480676e-4,0.0026642928533934405
462,ridge_eligible,0.0297383223281976,-0.007656839000268245
462,matched_control,0.0029064845645916495,-9.171409043825767e-4
463,hydra,0.01070312262919917,-0.007953019755728093
463,survival_only,0.0014551027220586986,-5.734995857968606e-4
463,de_only,0.004165022911419303,-0.0011686866853916427
463,ridge_eligible,0.02372318150092557,-0.01014203269809753
463,matched_control,0.00101508208660821,1.580677949958531e-4
464,hydra,-0.0030832983442560134,-8.488894840470634e-4
464,survival_only,-0.00991438324905527,0.00494626535991832
464,de_only,-0.0031125066174993886,0.003623620162515154
464,ridge_eligible,0.026031873528176874,-0.010195257966757354
464,matched_control,8.269592362036615e-4,-3.5236396586161846e-4
465,hydra,0.009989969556724798,-0.0021629623210873807
465,survival_only,-0.008525876783923182,0.008294494733045596
465,de_only,-0.0030865609657381166,0.003381492518969284
465,ridge_eligible,0.010607633695250496,5.676057864642925e-4
465,matched_control,0.0018547521424674752,-1.2923749772827397e-4
466,hydra,0.017339373970346007,-0.004372100771969164
466,survival_only,0.002776321701362927,-8.11128029310601e-4
466,de_only,-9.304328291148467e-4,0.0015221318469132634
466,ridge_eligible,0.030590085367680108,-0.008034126654873113
466,matched_control,0.002225924816534408,-7.568832753707428e-4
467,hydra,0.017801514784971228,-8.265733290554744e-4
467,survival_only,0.013934533003331018,5.901138267969148e-4
467,de_only,-2.8285911011034505e-4,0.0037392559448636924
467,ridge_eligible,0.041799877179596934,-0.007522746127772953
467,matched_control,0.0025587583973798343,-3.2925706029829084e-4
468,hydra,0.00609807773797143,0.0019753292230016094
468,survival_only,0.003195423552525123,0.003008188392296171
468,de_only,-0.009293501290496576,0.006676542303363575
468,ridge_eligible,0.0244597249508841,-0.0021576436573070125
468,matched_control,-1.5601525482493716e-4,1.0183116685051896e-4
469,hydra,0.006080055343108048,-0.002361371202144505
469,survival_only,0.005676511846884047,7.683890471834653e-4
469,de_only,-0.008664655354637873,0.0035998277720192427
469,ridge_eligible,0.030094736639827813,-0.008294663774304694
469,matched_control,0.002730644324448972,-9.252049391367867e-4
470,hydra,0.011385030792846463,0.0016130798350786873
470,survival_only,0.003950361561650439,0.005701585917046503
470,de_only,-0.0028259140759371746,0.0023402220310037884
470,ridge_eligible,0.03477094930739212,-0.004746007045802822
470,matched_control,0.002485620757892415,-2.5779714688295983e-4
471,hydra,0.004318857348042038,0.0013761208999454849
471,survival_only,-1.9350076801853965e-4,0.0038961858028369488
471,de_only,-0.0019190488539568174,0.006021737303639524
471,ridge_eligible,0.025871252169402927,-0.00567127383670607
471,matched_control,0.001196911967124803,-6.371226810447245e-4
472,hydra,0.01447851881060348,-0.0054864215900945505
472,survival_only,0.005066943881848996,0.0010898185941729088
472,de_only,-0.003771082393848679,0.003722074102281381
472,ridge_eligible,0.037255569695123045,-0.013880989122010122
472,matched_control,0.0029555679027834848,-0.001252740059282559
473,hydra,0.003959993494877234,-6.398262155199314e-4
473,survival_only,0.0018519271426248429,0.005363549007819243
473,de_only,1.0164254350308877e-5,0.0019469374699688652
473,ridge_eligible,0.027156854773133832,-0.003024779600275573
473,matched_control,0.002230037404456009,-4.7543716693069225e-4
474,hydra,0.00837340191583733,0.0014343024985624508
474,survival_only,0.005005777330500572,0.002252821717930531
474,de_only,-0.0054101904655410316,0.0018257620727844398
474,ridge_eligible,0.029447612657944756,-0.0057068827960498865
474,matched_control,0.0017928361101792745,-0.00033193897573228213
475,hydra,0.008309867968212236,0.0024839899743974436
475,survival_only,0.0024654276953882557,0.0031747191861314942
475,de_only,-0.0011200800951129853,0.004653251124744786
475,ridge_eligible,0.030511232088104624,-0.006505732976271999
475,matched_control,0.0024946290386500423,-6.623147016251246e-4
476,hydra,-0.0024805465239469693,0.0010036185541731635
476,survival_only,-0.005768457969532015,0.004220499213199555
476,de_only,0.0014028422167829846,0.003604597297853315
476,ridge_eligible,0.02919665363679539,-0.006204337128405629
476,matched_control,0.0026358090088773878,-7.770280027953547e-4
477,hydra,-0.0032623799262943677,-1.4396501197526667e-4
477,survival_only,-0.015212356767424518,0.008361745101599547
477,de_only,-0.0064240691141228875,0.0038768748678430693
477,ridge_eligible,0.016470990998247982,-0.0027658557141907484
477,matched_control,0.001365366413597302,-1.3430694727648295e-4
478,hydra,0.007988471770617834,-0.003726880491874926
478,survival_only,-0.00956806089269876,0.0011452732120688452
478,de_only,-0.004097694354123526,0.003758074154509469
478,ridge_eligible,0.026186077446053824,-0.008786481572423442
478,matched_control,0.0023998669819687013,-0.0010959945961507372
479,hydra,0.0019364156357486117,0.0016824345679155917
479,survival_only,0.001337818064344487,0.0022280503724503966
479,de_only,-0.00253691351690325,0.002042231342477835
479,ridge_eligible,0.023016551697926733,-0.004312369132354471
479,matched_control,0.0017216806339433455,-4.894244515761343e-4
480,hydra,0.015848021427337156,-0.004626542555515874
480,survival_only,0.017057629168826714,-0.001980552253172843
480,de_only,0.004494988767928143,-4.724925665489099e-5
480,ridge_eligible,0.04065578019699327,-0.009606215143511858
480,matched_control,0.0017992915154657174,-7.114290698809533e-4
481,hydra,0.0069473220997817945,-0.004376992751850139
481,survival_only,0.010253213296906793,-6.130033774623816e-4
481,de_only,-0.0030601954564623444,0.003912433598294449
481,ridge_eligible,0.03834503749610372,-0.012617891556421273
481,matched_control,0.003623095399622289,-0.001142838758361206
482,hydra,0.008702534491752522,1.4849820316757413e-4
482,survival_only,-1.870739121831888e-4,0.005263688234105665
482,de_only,-0.0037019049160865623,0.004139492950722257
482,ridge_eligible,0.020045689205475514,-0.003115738555885356
482,matched_control,0.0017232385372259128,-4.962012084606254e-4
483,hydra,0.015062738479600813,-0.00512070909834611
483,survival_only,-0.001150205459348408,0.0019653588390378452
483,de_only,-0.004389859113589667,0.0040525856018509
483,ridge_eligible,0.028485471088934556,-0.008431490292395292
483,matched_control,0.0037533020252421335,-0.0010928013828690492
484,hydra,0.006544639132248653,-0.0011507165235855959
484,survival_only,-0.001766096509525783,0.0032173599698477997
484,de_only,-0.015041371158392413,0.0078091804349122995
484,ridge_eligible,0.029891531080517352,-0.008043200636164583
484,matched_control,0.001023849256014464,-9.09543732343851e-4
485,hydra,0.002388499563079338,0.003785012073368835
485,survival_only,-0.0015489265459280644,0.003951353284050147
485,de_only,-0.012062436817846921,0.007758324763349931
485,ridge_eligible,0.020386203587889597,-0.0018031512026392721
485,matched_control,0.002362798348268602,-0.0012469099761800496
486,hydra,0.02241889663666887,-0.011548144934950112
486,survival_only,0.013254663567554703,-0.005174244353237381
486,de_only,2.9799153704034297e-4,0.0010611623696525825
486,ridge_eligible,0.03841706895524166,-0.011272424193195732
486,matched_control,0.002032302282615195,-4.873114516289245e-4
487,hydra,0.010522580219199773,-0.0028669510444464833
487,survival_only,0.008919846824244015,0.0013003700650698253
487,de_only,0.007998811567410547,4.039331085402942e-4
487,ridge_eligible,0.02832761125049519,-0.0034610854263464525
487,matched_control,-7.543245741449822e-4,4.5265682005396767e-4
488,hydra,-0.003699745448186076,0.00489616827528491
488,survival_only,-0.013524279579503728,0.008606921713016746
488,de_only,-0.005973223480947465,0.004144737595746092
488,ridge_eligible,0.020801352427957942,-0.002587872161594745
488,matched_control,0.001585605192079742,-0.0012553317974977635
489,hydra,0.007926938458783483,-0.0017440809675299512
489,survival_only,-0.0011619809387373504,0.004840544172854816
489,de_only,-0.002095147137826081,0.005063344165868453
489,ridge_eligible,0.02837103802304066,-0.0034740023505599434
489,matched_control,0.0010028054676774144,-5.441601201956498e-4
490,hydra,0.002024819212570317,-0.0017280363686941358
490,survival_only,-0.005686992232836352,0.005852707753995193
490,de_only,-0.0031729309883045897,0.003444733521537874
490,ridge_eligible,0.020782073029193847,-0.003615798164261938
490,matched_control,0.0010445495937862815,-2.709658149267491e-4
491,hydra,0.0077701970976824745,-0.005658153949254885
491,survival_only,-0.003478088224676912,-6.103408946523892e-4
491,de_only,-0.004972565157750364,0.001931612732554913
491,ridge_eligible,0.02505595263879864,-0.01160998804028312
491,matched_control,0.0016442856111471894,-0.0012175040570302441
492,hydra,0.00610343549838549,0.0018771847893216537
492,survival_only,0.00786970867961817,0.002866669427654073
492,de_only,1.164575723889838e-4,0.005260738244553351
492,ridge_eligible,0.0338044571489069,-0.008566240202969547
492,matched_control,0.0021809327192843344,-7.944619913917955e-4
493,hydra,0.010561516452074416,-0.0034726303683092737
493,survival_only,0.0010157367668097272,0.004071177914792232
493,de_only,-0.006528969957081554,0.004713705336353078
493,ridge_eligible,0.020945994277539338,-0.003883839699568245
493,matched_control,9.79971387696721e-4,-4.004777549480282e-4
494,hydra,0.01663857270024054,-0.0044730207920885305
494,survival_only,0.014668838424970165,-0.0018295428744100229
494,de_only,0.0017424572435084218,-2.5285117410843715e-4
494,ridge_eligible,0.03808026667171727,-0.008489407209062513
494,matched_control,0.0020776908653573067,-8.202523394865352e-4
495,hydra,0.0072098732219121105,-0.004044947145451253
495,survival_only,3.043346672495839e-4,2.4005315226124647e-4
495,de_only,0.0011299055049265427,6.239599046892807e-4
495,ridge_eligible,0.022688906076604908,-0.008538538265832559
495,matched_control,8.42384907690763e-4,-3.562165053285826e-4
496,hydra,0.004474338892472163,-3.3672182375744095e-4
496,survival_only,0.0024509352252833684,0.0037186496308115437
496,de_only,-0.002286925274117746,0.0021955354701806984
496,ridge_eligible,0.027365705334930435,-0.004698186421896839
496,matched_control,-8.863908596700943e-4,3.916409754948502e-4
497,hydra,0.014324817518248179,-0.0053532464011059626
497,survival_only,-0.002531934306569361,0.0017031307582982824
497,de_only,-0.0029197080291970766,0.0014556272946722292
497,ridge_eligible,0.024294784063260345,-0.006888555025919748
497,matched_control,0.0019502737226277267,-3.0864559181822406e-4
498,hydra,0.004113589978182864,-4.6900896478555e-4
498,survival_only,-0.0022028291927651323,0.0050418269453520095
498,de_only,-0.004574565416285448,0.0022876863098855752
498,ridge_eligible,0.03352100781195018,-0.009940413227263698
498,matched_control,0.0012843972130339941,5.420122109018599e-5
499,hydra,-0.007976773263822656,0.0030264567122954998
499,survival_only,-0.019274376417233563,0.008660343093850673
499,de_only,-0.007777565855002433,0.005328460893003683
499,ridge_eligible,0.0061245682073452715,0.0019968046545560418
499,matched_control,0.0012312713247292551,-3.5838043095293983e-4
500,hydra,0.01140520474846295,-0.00590172498024868
500,survival_only,0.01161981361896296,-0.0028118605643164527
500,de_only,-1.5660647306751097e-4,1.3325735840290787e-4
500,ridge_eligible,0.03494064421329417,-0.011404788513152077
500,matched_control,0.0013591895131665587,-8.784118822696696e-5
501,hydra,0.01209673495207042,-0.003654263737421373
501,survival_only,0.011788558545407357,-0.0010343229137068505
501,de_only,-0.003704604804307998,0.004797208980670864
501,ridge_eligible,0.037268259452094776,-0.01128667795396189
501,matched_control,0.0025156926670234945,-0.0013704753771554585
502,hydra,-0.002810694170141137,0.0040333717285983535
502,survival_only,-0.013782824957940153,0.003541155964620521
502,de_only,-0.004741789188793788,0.0034195192367450196
502,ridge_eligible,0.01687147977470559,-0.003768115576136366
502,matched_control,3.5293687367420333e-4,2.2751836830180449e-4
503,hydra,0.015508985635004902,-0.0037468334471493143
503,survival_only,0.006968124536693843,0.0016506568334524769
503,de_only,0.0015486947288281816,-3.775025358886963e-5
503,ridge_eligible,0.03795404002965158,-0.005726957569573291
503,matched_control,0.0028529641576342858,-4.4591487972955315e-4
504,hydra,0.002267175007403044,-0.002315018685303008
504,survival_only,-0.004808261770802469,0.0031431340776956972
504,de_only,-0.006444329286348816,0.0020248583155308255
504,ridge_eligible,0.021207802783535724,-0.0035845440912508518
504,matched_control,0.002711356233343243,-8.271938292046116e-4
505,hydra,0.003793545840323709,-0.0016343928006685008
505,survival_only,-0.0048218691404322556,0.0011548140029465873
505,de_only,0.009730583242869817,-7.470327112204106e-4
505,ridge_eligible,0.02105200828974636,-0.007753183449989138
505,matched_control,9.90822066515351e-4,-3.8126434318142e-4
506,hydra,-0.00313846638200741,0.006017755349166519
506,survival_only,-0.01354558155093365,0.008975376636911241
506,de_only,-0.001338029554711595,0.0010815656163624386
506,ridge_eligible,0.017073650656224827,0.0012976358024641879
506,matched_control,-1.0428759764662399e-4,-2.0683835590183525e-4
507,hydra,0.010584600932181953,-0.004652845395608227
507,survival_only,-0.0035263937565487733,0.002076150814547448
507,de_only,0.002050438992665382,4.668303195811935e-4
507,ridge_eligible,0.023602630342883978,-0.00882722158703628
507,matched_control,0.002754995122303705,-8.472494430785127e-4
508,hydra,-0.001957845980188022,3.4929804840157507e-4
508,survival_only,-0.011842438160481106,0.0038608384671313194
508,de_only,-0.0034466652394761097,0.004915394158493983
508,ridge_eligible,0.02170562248214386,-0.0071276337835364245
508,matched_control,0.0015939123834731173,-7.480667443226507e-4
509,hydra,0.019135877246113507,-0.006123989254622035
509,survival_only,0.008701796890773295,-0.003478537109618507
509,de_only,-0.002543912780133206,0.0020838241139041814
509,ridge_eligible,0.033153644256006476,-0.009225745224207315
509,matched_control,0.002323844134867781,-0.00108177201253212
510,hydra,-0.005911865108099756,0.0051803509011274645
510,survival_only,-0.008661770283783333,0.0073496242193210656
510,de_only,-0.009553118857970421,0.005740153200474746
510,ridge_eligible,0.022457846281162718,-0.004991292562674249
510,matched_control,0.001174097444915667,-5.446295648962346e-4
511,hydra,1.660490806124626e-4,0.001211895853553574
511,survival_only,-0.004430888624764029,0.004452882768185765
511,de_only,-0.00489058239530169,0.0026671086104610026
511,ridge_eligible,0.02061455638677201,-0.003876101071748314
511,matched_control,0.0011570999091099709,-5.505507089466372e-4
512,hydra,0.012107351590140526,-0.006504104568290936
512,survival_only,-0.00300631364960221,5.609627688807628e-5
512,de_only,0.007416094919759986,0.0011538980955087181
512,ridge_eligible,0.029394632420492985,-0.008517516228940588
512,matched_control,1.6419398346333435e-4,-7.996567372284908e-4
513,hydra,-3.944046149026104e-4,-0.0032644585171238026
513,survival_only,-0.008501815367035903,0.00185728838181157
513,de_only,-1.2163880646529624e-4,2.779561578624412e-4
513,ridge_eligible,0.01592178256141834,-0.00888649185958187
513,matched_control,1.6771411194452802e-4,-4.625595296143259e-4
514,hydra,0.0010216567932407217,-6.233599150306773e-4
514,survival_only,8.740409828102979e-5,0.0037143392586791056
514,de_only,0.006631057589589162,4.340173782408363e-4
514,ridge_eligible,0.031174128386908796,-0.008802581319062966
514,matched_control,0.0016859279401767347,-0.0011746714309580713
515,hydra,0.004959269537194511,0.002466515899995672
515,survival_only,-0.00858472831438547,0.006890658185532014
515,de_only,-0.0028842538716319145,0.0030423539523330074
515,ridge_eligible,0.024991495837436217,-0.004033998125140273
515,matched_control,0.00119416345895621,-3.050882718922621e-4
516,hydra,-8.943646667446626e-4,0.003720327714676774
516,survival_only,0.0013056052424815113,0.0022357941080651477
516,de_only,0.0030308096089871174,0.001310299155951275
516,ridge_eligible,0.02267674150353568,-0.005690134635773428
516,matched_control,9.896521172202966e-4,-4.064819384985735e-4
517,hydra,0.004742691300346847,0.001458021963397449
517,survival_only,-0.006324768174417772,0.010087957868841544
517,de_only,-8.565158915551762e-4,0.005955684606730893
517,ridge_eligible,0.016925037162879585,7.117260440937217e-4
517,matched_control,0.002304098534720733,-6.169158615194542e-4
518,hydra,0.0011922362485310312,3.7440729300914076e-4
518,survival_only,0.002187345994920209,0.0042634090122516816
518,de_only,-0.009909397626900195,0.006117059522514967
518,ridge_eligible,0.03394556275825468,-0.007457526942227716
518,matched_control,0.001853747298987829,-7.701678517042371e-4
519,hydra,8.212585656745097e-4,8.268472326730614e-4
519,survival_only,-4.4288678488607625e-4,0.003376487675939707
519,de_only,7.148959913513275e-5,0.004944018024673069
519,ridge_eligible,0.024831301982528642,-0.004707503373427563
519,matched_control,0.0010758312845460139,-2.555617324420001e-4
520,hydra,0.003276221144927294,4.788280147455137e-4
520,survival_only,1.715115770314579e-4,0.003268721268644634
520,de_only,0.001279336355203975,0.003319327764175381
520,ridge_eligible,0.02736659724531406,-0.0016056607279702623
520,matched_control,0.003034704842576874,-6.551499262486299e-4
521,hydra,0.004233405205606033,0.002323863549479284
521,survival_only,0.0018866471584783385,0.003748796794822211
521,de_only,0.003867626674880653,0.0018121456156883
521,ridge_eligible,0.030384645002310175,-0.0019553184429316056
521,matched_control,0.0033709379331587574,-8.295289107690312e-4
522,hydra,0.013659195139867786,-0.0015093555952558567
522,survival_only,1.5882785046339443e-5,0.0020868369455675577
522,de_only,-1.4493041354801672e-4,0.0016297837496384443
522,ridge_eligible,0.04167444261351229,-0.013278057056382155
522,matched_control,0.0018344616728543373,-6.197727793840035e-4
523,hydra,-3.5598523598073806e-4,-3.109819798611274e-4
523,survival_only,-0.007172165701759337,0.004794861066099937
523,de_only,-0.0029078372960111066,0.0027245113559266564
523,ridge_eligible,0.02696681842879358,-0.004371388477654478
523,matched_control,0.0030146328668053,-5.211297766829631e-4
524,hydra,0.006950280427765065,-0.0038243685317228215
524,survival_only,0.006461560657156762,-9.681536294831594e-4
524,de_only,0.003457106274007671,-7.233361860165738e-4
524,ridge_eligible,0.02851346233611657,-0.01046428316403197
524,matched_control,-1.370579430488128e-4,-3.278976472838452e-4
525,hydra,5.204519818732267e-4,0.001521197460672047
525,survival_only,0.006083153582807266,-6.940072942867609e-4
525,de_only,0.007478281519007391,-4.742222643323302e-5
525,ridge_eligible,0.028672352720004745,-0.009078164229509276
525,matched_control,0.001254625690143063,-4.492130705936598e-4
526,hydra,0.012903634750167503,-0.001266700261910242
526,survival_only,0.009064237463100089,8.022138288493102e-4
526,de_only,0.0029719108245648608,6.906558259480944e-4
526,ridge_eligible,0.037866961261930177,-0.0099014385778334775
526,matched_control,0.0019722187007624294,-5.439606019595645e-4
527,hydra,0.012599469496021209,3.435238108936977e-6
527,survival_only,0.010988162635100362,0.00261960346611301
527,de_only,-0.006033493012391655,0.0025855468074712394
527,ridge_eligible,0.035215170830199136,-0.003004598118946214
527,matched_control,0.002185359673779641,-6.367700523449926e-4
528,hydra,-0.002644604212579937,-9.119274897857466e-4
528,survival_only,-0.0046208316774450035,0.0025955711495095125
528,de_only,-0.005722750099353335,0.004271401644864556
528,ridge_eligible,0.026126305141081663,-0.0079409442065136
528,matched_control,0.0020069366667870734,-6.470253998773823e-4
529,hydra,0.012142480425169378,-0.006488667618205046
529,survival_only,0.001407765020893359,-0.0028158784726177053
529,de_only,-0.005020487646557659,0.004264606338015231
529,ridge_eligible,0.02747170270599213,-0.01130210487122892
529,matched_control,0.0016349547648991992,-6.313887367393967e-4
530,hydra,0.0064483546860879095,-0.005013218379450918
530,survival_only,0.005156557333475087,-4.905420873984407e-4
530,de_only,-0.002748391898357361,0.00129038136172977
530,ridge_eligible,0.031793454184608286,-0.010523372148874641
530,matched_control,0.0019013697659171157,-4.361893928031907e-4
531,hydra,0.011927612184736314,-0.008140590979454637
531,survival_only,0.0023141172617098136,-0.001960748805196194
531,de_only,-0.005388142810350461,0.00180586886744894
531,ridge_eligible,0.027222404192597437,-0.01308511616070413
531,matched_control,0.0026678676711431428,-0.0014662077749084512
532,hydra,0.007138697819994921,-0.0020858681926092804
532,survival_only,-0.0019088692360883619,0.00400896733963689
532,de_only,-0.0028933289660443284,0.0037837806738876155
532,ridge_eligible,0.028987880773010167,-0.007514602179150185
532,matched_control,0.0015121738181024136,-6.98343289841008e-4
533,hydra,-0.002274363998727158,0.002978253082891835
533,survival_only,-1.6412936073291197e-4,0.0028589441955387956
533,de_only,0.0052672126480095005,0.001645039948798288
533,ridge_eligible,0.018188212832236317,-0.004384111414873468
533,matched_control,0.0019829506439565047,-5.10720954808902e-4
534,hydra,0.009320477502295688,-0.003575217489834734
534,survival_only,-0.004479863570772647,0.0024532786812471036
534,de_only,-0.004849359394813924,0.002143972381033554
534,ridge_eligible,0.024719051991779272,-0.007551308411852403
534,matched_control,4.744413835322869e-4,-5.550967568842379e-4
535,hydra,-0.0093604099449611,0.003465827027731086
535,survival_only,-0.00693300436515466,0.005776155971901798
535,de_only,-0.010491554374644108,0.0026042013710389582
535,ridge_eligible,0.011066616056177658,-0.0013507597650724123
535,matched_control,6.187132283166141e-4,3.130703391339085e-4
536,hydra,0.0034009903683952735,0.003085168314390979
536,survival_only,-0.005976673740726657,0.008167120804982974
536,de_only,5.550416281221327e-4,0.0027170707039180925
536,ridge_eligible,0.02709183580925434,-0.00533999563750579
536,matched_control,0.003304855707315313,-0.0011524628816458715
537,hydra,-0.0017122761165347278,-9.967901174294635e-4
537,survival_only,-0.011305634560688772,0.003379791268284782
537,de_only,1.537397186561762e-5,0.0026011223431655433
537,ridge_eligible,0.018625566915212534,-0.004525811020705603
537,matched_control,0.0011492043969559274,-2.908257344594434e-4
538,hydra,-0.008305749350715475,0.006221302330401221
538,survival_only,-0.011390062976354176,0.009492393831621215
538,de_only,-0.007484171037666987,0.006064577900541471
538,ridge_eligible,0.012442498005465851,-0.0015217343752069624
538,matched_control,0.001801021880463749,-1.4190323457043407e-4
539,hydra,0.014535505030032803,-0.004831693117159449
539,survival_only,-4.1087813686110366e-4,5.254284982741747e-4
539,de_only,-0.002732431735269192,5.25470013062565e-4
539,ridge_eligible,0.028945719865865815,-0.010949825295686106
539,matched_control,0.002433946272616705,-8.706295201467484e-4
540,hydra,0.006473510837716345,-0.0034437513556039357
540,survival_only,0.009079658580086258,-3.138698143136026e-4
540,de_only,-0.003457877591133263,0.0032205150659625676
540,ridge_eligible,0.032544087939286946,-0.007152395431974959
540,matched_control,0.002986514277394581,-4.043700536855821e-4
541,hydra,9.185020761974027e-4,-7.102994442535621e-4
541,survival_only,-0.01222564534338585,0.006465474878890853
541,de_only,-0.0067509902600509045,0.005106241272208464
541,ridge_eligible,0.022311946267628537,-0.004884260241899449
541,matched_control,0.0011232514973497309,-7.062317620936453e-4
542,hydra,0.005248308073586882,-7.378712777932894e-4
542,survival_only,-0.005907921075207323,0.0018950413947405986
542,de_only,0.004544847964922327,-4.796645864193483e-4
542,ridge_eligible,0.025559050614812708,-0.008590645205456016
542,matched_control,0.002362024592507883,-8.523736249365727e-4
543,hydra,-0.004556666233934836,0.004448919876440296
543,survival_only,-0.011131099200682493,0.009129425372558734
543,de_only,-0.0013130320283377683,0.003044590445590617
543,ridge_eligible,0.01630533558353887,-0.001779146090892378
543,matched_control,5.767697186624732e-4,1.673976877096528e-4
544,hydra,0.001880835756926369,0.006614626840678687
544,survival_only,-7.978723404255094e-4,0.007383111164815817
544,de_only,-0.002804990050512768,0.006115613541528212
544,ridge_eligible,0.0212536353895607,0.0020989364707939607
544,matched_control,0.0018043012398592073,-2.1371370545345548e-4
545,hydra,0.0016539944506504644,2.626841243511535e-5
545,survival_only,-0.01918489423804547,0.006539523799702007
545,de_only,-0.0037205866455262914,0.004517302240472881
545,ridge_eligible,0.006812367121905516,-0.0020831912952691324
545,matched_control,0.003062952686389675,-0.0010148228766386131
546,hydra,0.017155132156533127,-0.004185562657555775
546,survival_only,8.70458578500044e-4,0.002531102045037001
546,de_only,-2.110768656019446e-4,6.083891183376073e-4
546,ridge_eligible,0.03869618006911366,-0.010468160817799301
546,matched_control,0.0034837022508639403,-9.838221319345031e-4
547,hydra,0.011476470370781111,-0.0012310280028943132
547,survival_only,0.006718790432886057,0.005908335530816827
547,de_only,-8.336105874089617e-4,0.0037825137672962057
547,ridge_eligible,0.0310690917156482,-0.004096360496034382
547,matched_control,0.001787364607593067,-5.914686884961051e-4
548,hydra,0.01326769385844916,-0.006459425203894237
548,survival_only,0.011786305709554334,-0.003902889135363721
548,de_only,-5.2199582403333886e-5,0.0032260982753033766
548,ridge_eligible,0.03661710706314351,-0.013726506522195045
548,matched_control,0.0038699690402476893,-0.0012033151712013217
549,hydra,-0.001057186007592148,0.0021928768286949354
549,survival_only,-0.007496224335687185,0.0040453691272118505
549,de_only,-0.010818808930976809,0.004984935026267498
549,ridge_eligible,0.01030450222458058,-2.073067393005279e-4
549,matched_control,0.0011673945875341762,-3.3289982648258414e-4
550,hydra,0.007827959492492143,0.0012160206053996425
550,survival_only,0.011787529585224854,0.0019789998909976792
550,de_only,0.002675280332130514,0.0027947444571866874
550,ridge_eligible,0.0326640282466147,-0.0059680460342277
550,matched_control,0.00215923641019673,-4.0003218470356373e-4
551,hydra,0.01025316912853481,-0.004384223390036901
551,survival_only,9.751164722452855e-4,4.1284568952310307e-4
551,de_only,-0.005736935245043162,0.004479468165474962
551,ridge_eligible,0.03175629311278848,-0.01222170062757939
551,matched_control,0.0020531619054498184,-7.868869608985502e-4
552,hydra,0.0010445696413176387,-0.002711587335548088
552,survival_only,-0.004011869198227635,-0.0012889234847927589
552,de_only,-0.0042444413256611194,-3.9444353544257625e-4
552,ridge_eligible,0.02207029292058462,-0.010261617550651164
552,matched_control,1.7643402770814998e-4,-2.665577894299581e-4
553,hydra,0.010696783642201325,-5.997255191115686e-4
553,survival_only,0.010527798118627852,0.0028577836126419676
553,de_only,-0.002266283632813215,0.00159238603966452
553,ridge_eligible,0.032171088454533515,-0.0057532673059269065
553,matched_control,3.9242193807620396e-4,-3.8062331962459563e-4
554,hydra,0.002193210518496469,-0.0021824934011094948
554,survival_only,0.004468132521170687,-0.0027916052251070107
554,de_only,-0.005734660525924862,0.002918619993575111
554,ridge_eligible,0.021179988114693172,-0.008662057073557846
554,matched_control,0.0035655920368444227,-0.001322751533758132
555,hydra,-0.004323671026725651,-0.0019195176148930238
555,survival_only,-0.002959122010175619,-3.412159353636396e-4
555,de_only,-1.5010039182048463e-4,9.363725331679923e-4
555,ridge_eligible,0.013871615431100038,-0.006117807959192023
555,matched_control,0.0019707986510458684,-2.613490158470455e-4
556,hydra,0.0112092509733279,-0.004264672676383691
556,survival_only,0.0055804133496038634,-0.002731162930935746
556,de_only,8.716369341623565e-4,7.061248461204261e-5
556,ridge_eligible,0.03648478509307144,-0.01093517438808433
556,matched_control,0.003296724582098498,-7.404499811680288e-4
557,hydra,-0.005629840713137491,0.0021988667643303315
557,survival_only,-0.02075478591261143,0.00878839122698056
557,de_only,-0.001848604413269017,0.0031424761882529323
557,ridge_eligible,0.011067879584977347,-0.0017851516415043206
557,matched_control,8.585415753328273e-5,-2.3060010433370305e-4
558,hydra,-0.005096918680979212,0.0014296927099386903
558,survival_only,-0.005525523206425198,0.002737057084325359
558,de_only,-0.00559502664298398,0.0037049172267763913
558,ridge_eligible,0.019320024712333017,-0.005262870167174275
558,matched_control,8.321105876901824e-4,-1.1205240761902324e-4
559,hydra,-0.005478141159089367,0.0038669049180949794
559,survival_only,-0.0022295346182257592,0.005964364754969573
559,de_only,-0.0021086562353099135,0.00553953367348943
559,ridge_eligible,0.01988953058894638,-0.0036687415436930187
559,matched_control,0.002362165066147359,-0.0011602468343752809
560,hydra,0.004014130411926731,-0.001765280175909785
560,survival_only,-0.006735075803772328,0.00331790987412548
560,de_only,-6.707740185461719e-4,0.0032175991901596283
560,ridge_eligible,0.022251193304876248,-0.004419909598316317
560,matched_control,0.0019303152007065117,-0.001090148783085429
561,hydra,-9.586783122714548e-4,-4.8411794471582006e-4
561,survival_only,-0.012214622686193888,0.0024552497521502597
561,de_only,-0.006538337659384996,0.0036724423283964525
561,ridge_eligible,0.01580492980428565,-0.003620004731857951
561,matched_control,0.002425115098236108,-7.628731429609986e-4
562,hydra,0.005602584936321364,2.872967984634406e-4
562,survival_only,-0.002035070481085388,0.006118116665720796
562,de_only,0.0036393182419409585,0.001796295657129976
562,ridge_eligible,0.02538074902686971,-0.005184239527296411
562,matched_control,0.0015362231208193022,-7.670487983108237e-4
563,hydra,0.0018663005890836692,-0.0012708066427736698
563,survival_only,-0.0048986046188333136,0.003600398618288336
563,de_only,-0.006278346395120538,0.004414987905517034
563,ridge_eligible,0.022044589639772683,-0.007010907429710117
563,matched_control,8.115105913427123e-4,-1.860842450629535e-4
564,hydra,0.011025083942326697,-0.0026898858537522884
564,survival_only,0.008528540391072491,-0.0015784287850340445
564,de_only,0.0027236816116926743,4.09099942793395e-4
564,ridge_eligible,0.02999802488643096,-0.008894313072513085
564,matched_control,0.002000790045427592,-0.0010198894972562572
565,hydra,0.006348781141173277,-0.002473877063906449
565,survival_only,0.004869694998277885,0.0011847579602109859
565,de_only,0.0020856454020129365,5.010489663775569e-4
565,ridge_eligible,0.026841682293061876,-0.006100999352080807
565,matched_control,1.9899735945813068e-4,7.540326204583114e-5
566,hydra,0.007126307922272035,-0.005420481786855019
566,survival_only,-8.501494768310969e-4,0.002316836116495344
566,de_only,0.007810164424514177,-0.0011839187595404726
566,ridge_eligible,0.026330343796711488,-0.006977492670051583
566,matched_control,2.335575485799768e-4,-3.444652281507421e-4
567,hydra,0.0016946194523464353,0.001560012285037707
567,survival_only,-0.0023229026684584266,0.0029977570380784026
567,de_only,-0.0034450863016806665,0.004352111391832519
567,ridge_eligible,0.023084172498647425,-0.006440449527159581
567,matched_control,0.0031466517740274536,-9.046055733399533e-4
568,hydra,0.0013957846973333687,-7.950093274446401e-4
568,survival_only,0.006710945977049287,8.408300088287857e-4
568,de_only,-0.004167625686384113,0.0034545416552532516
568,ridge_eligible,0.025610758557195933,-0.005955465615117011
568,matched_control,0.0027455364482293796,-0.0012821074816334516
569,hydra,0.005405024275267423,-0.001731446642501086
569,survival_only,0.007526340176071245,0.0015312397181661969
569,de_only,-2.3167267672593583e-4,0.0022778365884884243
569,ridge_eligible,0.027252764963033117,-0.005262662339471399
569,matched_control,-2.6390539696609095e-4,4.7708191758184804e-4
570,hydra,9.485142277133929e-4,4.6773527242733036e-4
570,survival_only,0.002698540478107192,0.002333615425656038
570,de_only,-0.005635084526267875,0.001492399514634496
570,ridge_eligible,0.031531972979594716,-0.007401489999027902
570,matched_control,0.002086031290469359,-6.80491220681867e-4
571,hydra,-0.003910342087201546,-1.8161886608594746e-4
571,survival_only,-0.011908030199039143,0.004242542059275281
571,de_only,5.671350648412066e-4,0.0019465628118017387
571,ridge_eligible,0.019764837625979814,-0.007354865712777023
571,matched_control,0.0013383665065202389,-0.0011522426399382807
572,hydra,-4.68665272290647e-4,0.004251989400515216
572,survival_only,-0.005563947633434018,0.003116608328189717
572,de_only,-8.637384770315171e-4,7.81530577907795e-4
572,ridge_eligible,0.025309861337051664,-0.006103956979694116
572,matched_control,0.0016538848865133237,-8.515565820586823e-5
573,hydra,0.009871001118101552,-0.005602592240008084
573,survival_only,0.0075997530163710025,-3.931008929594776e-4
573,de_only,0.0046342806601805675,-0.0016627293903263118
573,ridge_eligible,0.03140697228109407,-0.007760168748333402
573,matched_control,0.0016120688216544553,-4.5540031678720504e-4
574,hydra,-0.007644511757053274,0.01117604176004737
574,survival_only,-0.015372517038504119,0.013308174294749422
574,de_only,-7.397914603600065e-4,0.004300905781527059
574,ridge_eligible,0.013708471680161548,0.0056143160940592685
574,matched_control,3.3979922719947766e-4,-3.8960622307754875e-4
575,hydra,0.005383965030310645,-0.004510897064645395
575,survival_only,-0.007139644906549614,0.0011284801995552068
575,de_only,-7.950927308377099e-4,7.247667946195635e-4
575,ridge_eligible,0.020742566242737126,-0.005714405910805745
575,matched_control,0.002834991275566168,-4.597158450424077e-4
576,hydra,0.0037531091662828197,0.0014830429074267405
576,survival_only,-0.0020414555504375655,0.003247552332955164
576,de_only,0.0012657761400276413,0.003144845992047751
576,ridge_eligible,0.023229847996315067,-0.004716876962212712
576,matched_control,0.002562874251497005,-9.821431969191884e-4
577,hydra,0.003599545798637427,-0.0010410082206923827
577,survival_only,-0.006216881150643417,0.0062544350870467665
577,de_only,2.271006813020726e-4,0.0029982840861737664
577,ridge_eligible,0.02122255866767604,-0.0035705028920132
577,matched_control,0.00259273277819837,-1.911681958398026e-4
578,hydra,0.014589689279260031,-0.003214432337395423
578,survival_only,0.012881599657993448,4.305023584425416e-4
578,de_only,-1.671168457666794e-4,-3.3496015982631964e-4
578,ridge_eligible,0.02917549212024645,-0.005193703561734461
578,matched_control,0.0027768601465187337,-0.0010227063453023405
579,hydra,0.0011464626677938684,0.001513548850194238
579,survival_only,-0.010198568983648515,0.0019574286447264166
579,de_only,-0.012209002618718701,0.005952409061601519
579,ridge_eligible,0.022811720312596616,-0.006516242778648732
579,matched_control,0.0022269418726931223,-6.280090495623114e-4
580,hydra,0.010627181022482413,-0.006243655127362804
580,survival_only,0.00484735226254267,-0.0015852528433055624
580,de_only,0.002372189698899707,0.001339103812787648
580,ridge_eligible,0.03642188364066283,-0.013811854972751234
580,matched_control,0.0015217101123167099,-0.0010505320179116373
581,hydra,-0.007166478206140259,0.004163372293651891
581,survival_only,-0.012195173988180341,0.009326360091857925
581,de_only,-0.011949819717949273,0.005510564002601257
581,ridge_eligible,0.015005013761174257,-4.320904208713006e-4
581,matched_control,0.0014891937445328685,-4.0958695448251313e-4
582,hydra,-0.0032039786278171057,-0.002044254266456319
582,survival_only,8.522989887038035e-4,-4.308440846064798e-4
582,de_only,-0.0044907467322375825,0.0057048860860794085
582,ridge_eligible,0.01877276340845644,-0.007956361981798213
582,matched_control,5.54641424319191e-4,-1.6246386513557587e-4
583,hydra,0.004217542503863969,-0.0013843149359752255
583,survival_only,0.008222565687789818,7.887967905898963e-4
583,de_only,0.010734157650695509,-7.659452469871625e-4
583,ridge_eligible,0.0318450540958269,-0.005612854816497656
583,matched_control,4.385625965997009e-4,-4.5448645103949583e-4
584,hydra,0.005960025620391207,-0.0021473360291698164
584,survival_only,0.008070423229154721,-0.002284620335453466
584,de_only,-0.004393240158320877,0.006139601064243752
584,ridge_eligible,0.022682257879091484,-0.00550148651946687
584,matched_control,0.00248649181297117,-1.8683357936841448e-4
585,hydra,-0.002840858962821802,6.584055261653454e-4
585,survival_only,-4.35833642122363e-4,0.0021419678554379985
585,de_only,-0.005252942318211495,0.0011450750867724319
585,ridge_eligible,0.023727348119916024,-0.005758951136823268
585,matched_control,0.0011275210417659109,-4.1812159952107073e-4
586,hydra,0.00351054284432476,6.852838498091762e-5
586,survival_only,0.0019235082996859499,0.004553811279207681
586,de_only,0.0031721997906385413,5.689020965937597e-4
586,ridge_eligible,0.03256879018992074,-0.005128844320210593
586,matched_control,0.0013402871242709558,9.604431518306367e-5
587,hydra,0.001023201697351328,-0.004506808152161956
587,survival_only,0.009518513448771493,-0.003230925761109052
587,de_only,0.004221134761481093,-0.0010621212427547628
587,ridge_eligible,0.03324892204503459,-0.011797031695145437
587,matched_control,0.004426459516802428,-0.0014480758258832189
588,hydra,0.007835924486396417,-0.006724526825380597
588,survival_only,0.0022435452526374023,0.002636617432702287
588,de_only,-4.1470016657412233e-4,0.0018370014240592398
588,ridge_eligible,0.02981850360910605,-0.006027725331010744
588,matched_control,0.0026131315935591037,-5.244570944612336e-4
589,hydra,0.020568244751371968,-0.009071617437703785
589,survival_only,0.010376424387869888,-0.004817829497160966
589,de_only,0.004705724402973832,-4.474457530778936e-4
589,ridge_eligible,0.03464010606340312,-0.012848921176767555
589,matched_control,0.002010505647204952,-7.989363894481905e-4
590,hydra,0.013996886476129632,-0.003407666744586829
590,survival_only,0.00715112565863002,0.0020124931796681317
590,de_only,2.335142902762044e-4,0.0019293012272348447
590,ridge_eligible,0.042575443078396905,-0.009108484536850658
590,matched_control,0.00366238224493054,-0.0011849720771521743
591,hydra,0.01288397173670509,-0.0099156375911404
591,survival_only,0.007539977686872435,-0.003837899797817357
591,de_only,0.0038434362216437368,-4.054809091757733e-4
591,ridge_eligible,0.030081814801041273,-0.01663709394210248
591,matched_control,-8.739308293046478e-5,-3.419164534745167e-4
592,hydra,-0.002359222322957555,0.004143467949916904
592,survival_only,-0.007829152815553552,0.0071659923014591705
592,de_only,0.001498942278634019,0.00461544258632027
592,ridge_eligible,0.017600483529767307,-0.0010161750656436735
592,matched_control,0.0010375742923340535,-7.190189510057315e-4
593,hydra,0.0037908369126643414,-0.0012738560557650019
593,survival_only,-5.027333073018059e-4,0.006753335108344413
593,de_only,2.7170376155148944e-4,0.0026726914980835237
593,ridge_eligible,0.02223740726278801,-0.0023898815532509303
593,matched_control,0.0015895483535077637,-6.218425029257873e-4
594,hydra,-0.0013510240797121376,-0.0020121441647216244
594,survival_only,-0.009171740935510653,0.0025402588852439707
594,de_only,0.0023456960974259865,0.001172617861182701
594,ridge_eligible,0.02234292831442016,-0.007909044558763826
594,matched_control,0.0020152920011071275,-1.1641372825715036e-4
595,hydra,0.005211855977720314,5.197860204828542e-4
595,survival_only,0.003634374378356875,0.003205009520363336
595,de_only,0.0029261985279490643,0.003397842657873601
595,ridge_eligible,0.024837875472448756,-0.0033683805665343848
595,matched_control,0.0028406604336582266,-6.090887169294846e-4
596,hydra,-0.0017314254692105014,0.004022161094907689
596,survival_only,-0.008839382658600913,0.00669313854329851
596,de_only,-0.01285287730727469,0.005396203753398473
596,ridge_eligible,0.02368155731347913,-0.0015499795233897052
596,matched_control,0.002603924305878691,-5.967259920897444e-4
597,hydra,0.009368592973555278,-3.4778248181317474e-4
597,survival_only,-0.010146992389755726,0.0064723464764220775
597,de_only,-0.005608645793515665,0.0019496032300127836
597,ridge_eligible,0.026710567467074408,-0.0053827709180232055
597,matched_control,0.001982486013135476,-5.684981700372627e-4
598,hydra,-0.0049536045681655705,-1.6399776629078265e-4
598,survival_only,-0.001299072091363296,0.0015533965517131182
598,de_only,-4.1399000713775446e-4,4.4518163353015895e-4
598,ridge_eligible,0.021152238197206064,-0.00438627295883906
598,matched_control,0.0010033649434077808,-2.9285580679947745e-4
599,hydra,7.484315955534337e-4,0.0013675411903067314
599,survival_only,-0.013734086656638656,0.007768896031485428
599,de_only,-0.009164618263198454,0.007864277199073993
599,ridge_eligible,0.022218145797409838,-0.0027280055806270685
599,matched_control,0.0029185163444252703,-7.390412701724913e-4
600,hydra,0.003886226675379356,0.0021640907480787812
600,survival_only,0.011063312277644654,0.0013565739620031742
600,de_only,9.529514267044182e-4,0.004913594076240163
600,ridge_eligible,0.03354207507442095,-0.008063958692529443
600,matched_control,0.0016408915995062777,-0.001097467722839743
601,hydra,0.014613473622680118,-0.0032051700915421586
601,survival_only,0.0027783866725120563,0.0034339662028129102
601,de_only,-0.0025372643577378116,0.0018328045673399768
601,ridge_eligible,0.027469677042232965,-0.004766613996172259
601,matched_control,7.617273125821944e-4,-3.6991490962788587e-4
602,hydra,0.004569377014401676,-0.0036757791481783542
602,survival_only,0.0016747582717963172,0.0023829791353483397
602,de_only,-0.008651217820570333,0.004371337443430362
602,ridge_eligible,0.029696870792705297,-0.0045709610401075155
602,matched_control,0.001548284443719139,-3.3670143393326466e-4
603,hydra,0.006756680413535954,5.892909873887076e-4
603,survival_only,-6.289663484172259e-4,0.0036242171143398617
603,de_only,-0.007010903338794427,0.0036689258144339265
603,ridge_eligible,0.030113176280059495,-0.0077859063253775925
603,matched_control,0.0010074760371353686,-2.0411002725704286e-4
604,hydra,-6.423625594394022e-4,8.577852942082797e-4
604,survival_only,-0.005477600734128641,0.003701434487775926
604,de_only,-0.0033035788771168862,0.004369153836369449
604,ridge_eligible,0.02527738383248519,-0.008654383998024737
604,matched_control,0.0017635772086427083,-6.116655745691063e-4
605,hydra,0.007916763543362005,-0.001527749252655483
605,survival_only,-0.001623653413934778,0.0017345166071873336
605,de_only,0.0030787413779740924,3.583197057925841e-4
605,ridge_eligible,0.033222893900643244,-0.006802809448784974
605,matched_control,0.003148492598620456,-2.572457868380951e-4
606,hydra,0.007400007758854821,-0.007075420359914719
606,survival_only,0.006081002444039274,-0.001906505427060029
606,de_only,0.003089963921325234,-0.0015440308793655323
606,ridge_eligible,0.03788842766807621,-0.01185420888331878
606,matched_control,0.004191721301935824,-7.16592060820781e-4
607,hydra,-0.003125987292449184,0.004352002372243369
607,survival_only,-0.003701688489486432,0.008476044054013952
607,de_only,-0.005195352265945874,0.006225017320441636
607,ridge_eligible,0.019861691297784957,7.536152634855103e-4
607,matched_control,0.0027135184470108986,-0.0010465777810692966
608,hydra,0.00747281815883144,-0.002133218796975861
608,survival_only,-0.004638904557213141,0.001717674843500977
608,de_only,-0.005732013304028172,0.005423302390691903
608,ridge_eligible,0.01976153891039232,-0.007504873499763265
608,matched_control,0.0015774220527882132,-6.169774757303376e-4
609,hydra,-0.0073666829286598845,0.0034888012099495965
609,survival_only,-0.01082673471685367,0.0076819831247386585
609,de_only,-0.00413554996810146,0.007121928052052024
609,ridge_eligible,0.013941531879761326,-0.0012897427681923313
609,matched_control,0.001187750966337686,-3.8438606665861517e-4
610,hydra,0.007237138143092825,-0.003169712235231217
610,survival_only,0.002949227538623056,0.0019531039242295628
610,de_only,-0.004109794510274489,0.0018007021708360688
610,ridge_eligible,0.025249362531873387,-0.0051185540119212366
610,matched_control,0.0036485675716214083,-0.0010160151520707706
611,hydra,-0.002131977839132537,-7.140716284478044e-4
611,survival_only,-0.010369164944872056,0.0018533142203975312
611,de_only,-0.008416375637673435,0.005918992245249968
611,ridge_eligible,0.01820774898977896,-0.006361270138379144
611,matched_control,0.002210601378654664,-7.962814982609174e-4
612,hydra,9.195359421046434e-4,0.0025818411103374268
612,survival_only,-0.006239042041257891,0.006980157449805902
612,de_only,-3.4319394188084826e-4,0.0032732984017855905
612,ridge_eligible,0.024019845562726162,-0.0028194418654535064
612,matched_control,0.0026840004476442526,-5.566526047786069e-4
613,hydra,0.01003143146342761,-0.003832175679360303
613,survival_only,0.004863885781258359,8.322040631450172e-4
613,de_only,0.0039759913341502195,4.4866447691064014e-4
613,ridge_eligible,0.029176211531973074,-0.008804291784485238
613,matched_control,0.002308525562481145,-9.462908931650472e-4
614,hydra,-0.0018632913436692378,-0.0019248527519005354
614,survival_only,-0.007380490956072361,0.0017305653125156376
614,de_only,0.0069949127906976495,-3.314354735724376e-4
614,ridge_eligible,0.02049216731266148,-0.00885371490135108
614,matched_control,3.4116602067180146e-4,-3.8687020756398985e-4
615,hydra,0.00861729367736851,-0.0049775999110551585
615,survival_only,0.0015461886941106951,3.8280628981233745e-4
615,de_only,9.96323288030987e-4,0.0010012649730401196
615,ridge_eligible,0.027604884774473114,-0.009553855330926392
615,matched_control,0.0020271157507714688,-0.0010909879434429753
616,hydra,0.012369455019238185,-0.002143859849654861
616,survival_only,0.013576677999226395,0.0013325267531730744
616,de_only,0.003454734227723355,0.003353677795179513
616,ridge_eligible,0.03884692901203152,-0.007600882643864873
616,matched_control,0.0032633700453980953,-9.846681421150417e-4
617,hydra,0.0010017421602787403,-0.002078922827108945
617,survival_only,0.002615134070595404,-5.268123430167582e-4
617,de_only,-0.009617860930162082,0.0026793586484285146
617,ridge_eligible,0.020195803666111223,-0.0058402509937551614
617,matched_control,4.7341311922435294e-4,-6.192179000431786e-4
618,hydra,0.003659451551187287,-0.007910540289896495
618,survival_only,0.004762351352365257,-0.0031821108622002658
618,de_only,-0.0028341523802378086,-0.0031333996902875223
618,ridge_eligible,0.04167198109314628,-0.01659367202802621
618,matched_control,0.0023295944779982867,-8.103983657381048e-4
619,hydra,-0.0024617519743581617,0.0015637094087364856
619,survival_only,-0.006273337078280439,0.006227393084046276
619,de_only,-0.006203945411889134,0.002068213225450405
619,ridge_eligible,0.019013316591216977,-0.0022000675533478927
619,matched_control,5.253940455341333e-4,-1.6454860210480537e-4
620,hydra,-9.12773873501449e-4,0.005652067024300505
620,survival_only,-0.013694915254237262,0.010005037388425949
620,de_only,-0.0029880115750310133,0.005065497148511228
620,ridge_eligible,0.014195948739148413,3.419297877771399e-5
620,matched_control,0.0013493178999586686,-4.8265285129840685e-4
621,hydra,0.004052227058060931,0.0033323597214099552
621,survival_only,-0.0033503102139086694,0.00636471907187687
621,de_only,-0.009200851930734333,0.002769042772123714
621,ridge_eligible,0.021513103065098627,-0.002840864203549154
621,matched_control,0.002416890452819709,-6.317867504634616e-4
622,hydra,0.008272413166030168,-8.457267474132613e-4
622,survival_only,0.004071649390798326,0.0011261869718306838
622,de_only,-0.0029969085288234277,0.002044652445349293
622,ridge_eligible,0.03144208037825057,-0.008012427661262858
622,matched_control,0.001891252955082734,-5.709169398485814e-4
623,hydra,-0.001251654832109772,0.0041285713221685585
623,survival_only,-0.006536801746814991,0.008525052210522221
623,de_only,-0.0037755961693860416,0.004133313177400344
623,ridge_eligible,0.022268452452590147,-0.0032201584615701414
623,matched_control,0.0019651668586558313,-7.394345441518347e-4
624,hydra,-0.001874154966198649,0.0021311619502646486
624,survival_only,-0.011600624024960982,0.0077101317962820935
624,de_only,0.007640145605824244,-2.5834683692901037e-4
624,ridge_eligible,0.017897035881435274,5.299208387707727e-4
624,matched_control,9.776391055643652e-5,4.214751095735214e-5
625,hydra,0.007261078483715977,-0.0024703529083976773
625,survival_only,0.002154556257857887,0.00308622019504646
625,de_only,-0.004691455832457836,0.0027442749655906622
625,ridge_eligible,0.033036529287153595,-0.008935314692474087
625,matched_control,0.00213905585312506,-0.0013100154209680526
626,hydra,0.008039205279266859,0.001615424148840003
626,survival_only,0.008138279992215558,0.0022485777389450816
626,de_only,-0.00259186525839038,0.004073265992975317
626,ridge_eligible,0.029145657519947632,-0.003963921800174197
626,matched_control,0.0028713974842099477,-0.0010552978951691577
627,hydra,-0.0012645590682196172,0.002815414693990717
627,survival_only,-8.800147901645072e-4,0.002531826480202992
627,de_only,3.4756886670365137e-4,0.0013746474602381153
627,ridge_eligible,0.026430024034017396,-0.0017428969939435768
627,matched_control,0.0014716213717877792,-3.581979828725379e-5
628,hydra,-0.001021976333179664,0.003589912749412358
628,survival_only,-0.0029794836330106155,0.004754288047605954
628,de_only,-0.001427309051790393,0.0030153939610499418
628,ridge_eligible,0.02859036422314428,-0.0066930599101523245
628,matched_control,0.0030563239588135673,-0.001390971167903579
629,hydra,1.335817485147883e-4,6.79810156093752e-5
629,survival_only,-0.01061974900692515,0.00804430460494108
629,de_only,8.137940731887561e-4,0.0010295101404074942
629,ridge_eligible,0.01460962491651142,-0.0010935011021000278
629,matched_control,8.085211094316369e-5,-9.226102103319366e-5
630,hydra,0.008450704225352091,-0.0030903545781535784
630,survival_only,0.004067118761954425,0.0030395928651571315
630,de_only,-0.002938619370544271,0.003916975152031946
630,ridge_eligible,0.032446531038080303,-0.005700389465858813
630,matched_control,0.004119283602851687,-0.0011468805879645328
631,hydra,0.02041396711356296,1.5551354935124383e-4
631,survival_only,0.011027006222336256,0.0031493607721727853
631,de_only,-0.002952936899950831,0.005635884069508029
631,ridge_eligible,0.04172814163833473,-0.006139830611803685
631,matched_control,0.0011268629589240241,-0.001030127345692186
632,hydra,-0.002588491200316423,6.518002983196186e-4
632,survival_only,-0.01685188847142578,0.008196642796225747
632,de_only,-0.005888866917144575,0.0036573581442363528
632,ridge_eligible,0.02365038560411311,-0.006591412692818516
632,matched_control,0.0019141783666205225,-5.831732802552864e-4
633,hydra,0.009261530706544573,-0.00313262688041589
633,survival_only,0.0047483827606485726,-0.0017705401040995854
633,de_only,0.008281945727967744,-5.667679073811882e-4
633,ridge_eligible,0.03446022011257667,-0.008700968663747291
633,matched_control,0.002639670671259353,-4.691590871473389e-4
634,hydra,0.008697407736412843,-0.0036962562596931036
634,survival_only,0.009725026245659352,-9.782856277147866e-4
634,de_only,0.007974642655253151,-3.3047128676192414e-4
634,ridge_eligible,0.03558103852055239,-0.010731270240766633
634,matched_control,0.002214729871598142,-7.974137649841895e-4
635,hydra,0.014759718862497861,-0.0014226883455783295
635,survival_only,0.00909316013028324,0.002175205754774559
635,de_only,0.0010666463495933476,0.00420359123446013
635,ridge_eligible,0.03560122664330204,-0.00605357379001043
635,matched_control,0.0038075465229233884,-0.0012698032072445352
636,hydra,0.008164761357557514,-0.0042408817090041516
636,survival_only,0.0025934658134051936,-0.0018797461219822204
636,de_only,-0.007718978463733084,0.005951610530188714
636,ridge_eligible,0.029134388683058267,-0.008327643609157196
636,matched_control,0.003586075723654236,-0.0011192154933888949
637,hydra,0.010843986300905351,-0.002850603247786551
637,survival_only,-0.0022362754738733948,0.0035567063766394876
637,de_only,-0.001135939778237427,8.973185029650388e-4
637,ridge_eligible,0.02838493099589705,-0.009156727820566332
637,matched_control,0.0014784171442134841,-5.344977209958884e-4
638,hydra,0.009052551591745329,-1.1002273173581906e-4
638,survival_only,-0.009406494960806288,0.00819804069281117
638,de_only,-0.012120060790273567,0.00822128040166159
638,ridge_eligible,0.020254759238521824,-0.0020296887636028715
638,matched_control,0.0021356582946728485,-7.668428251043885e-4
639,hydra,0.00966567732541862,0.0017025461221144428
639,survival_only,0.01536652293218348,0.0035884610056227477
639,de_only,-0.0027906889921785914,0.004551531985065327
639,ridge_eligible,0.03579735304549103,-0.005397497953889038
639,matched_control,0.0035448283586268837,-0.001006914412672985
640,hydra,0.0072472685236976584,-0.003650450980878221
640,survival_only,3.0764067569080125e-4,0.002178016310728481
640,de_only,0.002580452697915514,1.499300590949465e-4
640,ridge_eligible,0.025487563858746322,-0.006782062960504473
640,matched_control,0.0027855464817093667,-6.792213053401774e-4
641,hydra,-7.350172997974136e-4,0.0015713585009251075
641,survival_only,-0.008744913142467869,0.007367127747261795
641,de_only,-0.006446639536759835,0.004311837612032193
641,ridge_eligible,0.012561624926050109,-0.0015278508149288357
641,matched_control,6.6689374518204e-4,-2.61740461264523e-4
642,hydra,-0.00748123321769466,0.003710788707786425
642,survival_only,-0.012202818447305997,0.00728992282659143
642,de_only,-0.0019521373552066513,0.004440858564215439
642,ridge_eligible,0.018533545010877894,-5.215096278861575e-4
642,matched_control,6.487524744713036e-4,2.1089138282938402e-4
643,hydra,0.004151537158073116,0.003512789472666608
643,survival_only,0.00965349102604005,0.0021045136691855483
643,de_only,0.00616592315938721,0.0013182098161125615
643,ridge_eligible,0.03270913303593043,-0.008509169832500977
643,matched_control,0.0019331189265829774,-6.711931074617594e-4
644,hydra,-0.0030545404399089926,7.598614989834912e-4
644,survival_only,-0.009198096945459555,0.0050619590122535805
644,de_only,-0.010154795559539409,0.0020140572492019365
644,ridge_eligible,0.013474798317589454,-0.00265183411417281
644,matched_control,8.377577053023555e-4,3.3402751108814466e-4
645,hydra,0.002702589895026852,6.269437585046916e-4
645,survival_only,0.0019972034977148055,0.002055872609460457
645,de_only,-0.012271218982824461,0.004964964449521525
645,ridge_eligible,0.030008139073815145,-0.00867148519260423
645,matched_control,0.00236241834839408,-7.347553330501827e-4
646,hydra,-0.0064144365836153235,0.00825465389342305
646,survival_only,-0.015880241976827657,0.013084632986179026
646,de_only,-0.0017922690454219349,0.005327421812869199
646,ridge_eligible,0.013099559110017433,0.004000259684968266
646,matched_control,9.002358248744069e-4,-5.350578266240302e-4
647,hydra,0.009218067196790613,-0.001943673968176632
647,survival_only,-2.059603123432896e-4,-8.469046997809954e-4
647,de_only,0.002811806003295403,-3.6578536803313357e-4
647,ridge_eligible,0.022587577906726865,-0.009205884123782634
647,matched_control,0.0017640948492012587,-3.6014677490703306e-4
648,hydra,0.012218530823181972,-0.0016626803762223794
648,survival_only,0.00592795257637937,0.0034018486868681403
648,de_only,0.0031572318850020655,0.002813978152316919
648,ridge_eligible,0.03441469611100254,-0.00480941447942104
648,matched_control,0.0024754087681584267,-5.33453215470428e-4
649,hydra,-0.005564916637105366,-3.3370867048568285e-5
649,survival_only,-0.0101232706633558,0.004184245547896845
649,de_only,0.0049286094359702,5.923381251432908e-4
649,ridge_eligible,0.022503547357218868,-0.005034490303324387
649,matched_control,0.003655995033699888,-4.747608834042849e-4
650,hydra,-0.004100069492703262,0.0042110292080841825
650,survival_only,-0.004730467586617648,0.0060273004485903395
650,de_only,-1.0754823124523583e-4,0.003388354765956564
650,ridge_eligible,0.02133425990271024,-0.002223900582808647
650,matched_control,6.651444455475386e-4,-3.3711211117673503e-5
651,hydra,0.019664253748272787,-0.005386230576016249
651,survival_only,0.011837736393821264,-0.0012694231360989405
651,de_only,-3.5059498030481917e-4,4.472599387201098e-4
651,ridge_eligible,0.04287157912103776,-0.013421052702791614
651,matched_control,0.0014126915382870141,-9.679155193653143e-5
652,hydra,0.011416935281514773,-0.0029594606718859385
652,survival_only,0.0014263930977243323,0.003214224961333889
652,de_only,-0.003099847516840737,0.0020035450815086816
652,ridge_eligible,0.03030168503541857,-0.007579486447238404
652,matched_control,0.0014804377617788523,-7.097522085266289e-4
653,hydra,-0.003475945648182177,0.002005669250259248
653,survival_only,-3.1766434080061635e-4,0.002786238687284462
653,de_only,-0.004248990084465698,0.002744179665246452
653,ridge_eligible,0.028690782225486565,-0.006104372500802863
653,matched_control,0.002152038193169259,-0.0010184154127583973
654,hydra,0.0033188310938282338,0.0012158920466451035
654,survival_only,-0.009977669117930188,0.00362422050100554
654,de_only,-1.4053055095675226e-4,0.005096764369650208
654,ridge_eligible,0.023761213567935934,-0.00554654648252968
654,matched_control,0.0020906325799869173,-8.182963402489335e-4
655,hydra,0.014967185816436501,-0.0027927330029213935
655,survival_only,0.0024961635158520347,0.004648663616154999
655,de_only,-0.003075717504162989,0.004813807441458842
655,ridge_eligible,0.03241584223071146,-0.0055490748155837735
655,matched_control,0.002004767035622179,-8.971406547342798e-4
656,hydra,-0.002354379006595031,0.0033766759467848766
656,survival_only,-0.015276945072176362,0.010668541598343694
656,de_only,-0.005974726744454206,0.00384496907396166
656,ridge_eligible,0.013388368768159364,9.398235316753795e-4
656,matched_control,0.0010238435640824496,-1.8634527228408583e-4
657,hydra,0.009315841912985689,-0.006000805129947148
657,survival_only,0.0020185246688069424,1.1831333489345786e-4
657,de_only,-0.005976235285434883,0.002313105481363259
657,ridge_eligible,0.029041662053950312,-0.0094642083785457555
657,matched_control,0.0038562308572272054,-0.0014090319138032076
658,hydra,0.004709420781992757,0.0010068703230052406
658,survival_only,-0.003909964102066577,0.0044880532575361926
658,de_only,-0.009054040943048448,0.006327644689394357
658,ridge_eligible,0.020549141360240587,-0.003643690102438929
658,matched_control,0.002963034830697564,-4.7393351696512485e-4
659,hydra,-0.0029606106629322506,6.61292703990643e-4
659,survival_only,-0.006720053649973379,0.0027663562805163937
659,de_only,-0.010499220891930805,0.003526748420929385
659,ridge_eligible,0.025116866210378862,-0.008571976019227693
659,matched_control,0.0017317895816485462,-6.242166442777836e-4
660,hydra,-0.004091972733747095,0.003276072397216309
660,survival_only,-0.01878929697832945,0.011353435199745344
660,de_only,-0.008731305320988925,0.007983015883896818
660,ridge_eligible,0.014630176009766982,-0.0016589321625907372
660,matched_control,0.0014711567809542858,-3.0410955851195576e-4
661,hydra,0.005093512960568203,-0.0035137958781062905
661,survival_only,1.19665708054284e-4,9.293444604023205e-4
661,de_only,-0.006027677520217711,0.00505463819319045
661,ridge_eligible,0.03168053116133642,-0.01028396676646307
661,matched_control,0.002126961456061438,-6.699373509649025e-4
662,hydra,0.01568793940834835,-0.007041193349258246
662,survival_only,-2.088781713819654e-4,-0.001663791958640648
662,de_only,-1.5283768637708307e-5,8.820229054336936e-4
662,ridge_eligible,0.032455931800427974,-0.013139964286102226
662,matched_control,5.145535441361315e-4,3.889422821841404e-4
663,hydra,0.0016924897973605636,-0.001216498750708353
663,survival_only,-0.002400932812748435,0.0023294940006370083
663,de_only,-3.710050704026302e-4,0.001619497714100368
663,ridge_eligible,0.020564281045174305,-0.006499889829870218
663,matched_control,0.0015758882038054644,-8.646892096821401e-4
664,hydra,-0.0013519585816156754,-8.1190588093418e-4
664,survival_only,-0.009072970596854513,0.0022528332186585896
664,de_only,-0.0019595584643938404,0.0011974938333574382
664,ridge_eligible,0.018472208654879363,-0.006628749161752143
664,matched_control,9.768486861405634e-6,-5.874119482557699e-4
665,hydra,0.006513268744734635,-0.005496848202944732
665,survival_only,-0.0030100393147991845,-0.0010834223564058637
665,de_only,0.0073223813535523655,-0.003102465849979577
665,ridge_eligible,0.025926705981465903,-0.012850969153611638
665,matched_control,0.0011513619769727645,-8.13245508141347e-4
666,hydra,0.007306531539923245,0.001925650065597595
666,survival_only,-0.002641678154923799,0.005339382182081509
666,de_only,-0.005281493349230582,0.004650450562640973
666,ridge_eligible,0.019326353440888268,-0.0026998764015794376
666,matched_control,0.002626774469987714,-6.953689869866941e-4
667,hydra,0.003513098761372335,-5.583961523880465e-4
667,survival_only,-0.009751909094230704,0.004862100063773428
667,de_only,-0.00871971939055135,0.0021614771680314505
667,ridge_eligible,0.023002301874383412,-0.007124841191726697
667,matched_control,0.0012185319156710172,-8.112394246665405e-4
668,hydra,-6.017383552484823e-4,0.0024905654155823465
668,survival_only,8.37604932768754e-4,0.005082992038323941
668,de_only,-0.007356437114627423,0.0053548699879668645
668,ridge_eligible,0.026500631453829603,-0.00451646245588141
668,matched_control,0.0032649877423668538,-5.162107528831533e-4
669,hydra,0.004663966475549275,-0.0015133527147530219
669,survival_only,-0.003569863061736156,0.004607049377962866
669,de_only,-0.007855101432503963,0.005685394526756501
669,ridge_eligible,0.02357933126435573,-0.006907478945538429
669,matched_control,0.00253888099872005,-4.3109423610454003e-4
670,hydra,-0.003625671781291373,0.0015801427184375272
670,survival_only,-6.562037541864463e-4,0.004301789414780105
670,de_only,-5.763688760806795e-4,0.003689076364793717
670,ridge_eligible,0.02310343484695072,-0.006350330503253024
670,matched_control,0.0012111535166290377,-6.749766579812772e-4
671,hydra,0.005662147041400634,-0.004042651445695095
671,survival_only,0.0014974001184756447,3.253844000458139e-4
671,de_only,0.004353978806029102,3.7055871358538663e-4
671,ridge_eligible,0.028504903574014362,-0.012597690272282011
671,matched_control,6.203514776541907e-4,-1.132245307312818e-4
672,hydra,0.00894484637790095,-0.00183454756819961
672,survival_only,0.0021817156816687057,0.004403124576361458
672,de_only,2.61204547589966e-4,5.249463318419773e-4
672,ridge_eligible,0.026684205581133113,-0.005810735089809988
672,matched_control,0.0015521939302827858,-4.0045660699136455e-4
673,hydra,-7.537397085539465e-4,-0.004667925108406995
673,survival_only,-0.004665455529357154,4.441947041027822e-4
673,de_only,0.003098063468748824,-0.002520967748029637
673,ridge_eligible,0.022617989254377524,-0.007351740275648081
673,matched_control,0.0012001855359282775,-2.828400801523495e-4
674,hydra,5.790873001420338e-4,-0.005767387718885625
674,survival_only,-0.014686600866809929,0.0043502051948836416
674,de_only,-0.0034435663036748386,-0.0023005263680306864
674,ridge_eligible,0.014182175765742766,-0.003376953393584442
674,matched_control,1.1108278398953564e-4,1.5856051331635256e-4
675,hydra,-0.0024068674502417562,0.006353069553180502
675,survival_only,-0.009042505025626157,0.007880811216563189
675,de_only,-0.002595215241682791,0.005889651446262359
675,ridge_eligible,0.018025245848198933,8.20937281186837e-4
675,matched_control,0.0011934730246120017,1.1749557735105942e-4
676,hydra,0.009012467840886584,-0.0026397100691249982
676,survival_only,-9.55867801306165e-4,0.007061376595130139
676,de_only,-0.0015456164654660599,0.0055748271453677
676,ridge_eligible,0.029942608351474366,-0.005742809500027609
676,matched_control,0.0021452602414407163,-6.542011981411327e-4
677,hydra,0.007659964702218247,-0.0018481762538941377
677,survival_only,0.0030106931515382573,-8.638092720496926e-4
677,de_only,-0.0030089628681177817,0.001082301479219533
677,ridge_eligible,0.02410457832993044,-0.008434582414469496
677,matched_control,0.001655881233346046,-0.0011185473076209596
678,hydra,0.009126047980256268,-0.007633563993531586
678,survival_only,0.012809857365804112,-0.005173099265738656
678,de_only,-0.0015043733894675615,0.0023611753750954535
678,ridge_eligible,0.03503792690451131,-0.013225751910338378
678,matched_control,0.002874460131383161,-7.904423528964699e-4
679,hydra,0.010400013722597712,-0.0039674804535047795
679,survival_only,0.004375793337678846,0.002590991769759421
679,de_only,-8.868228755703145e-4,0.0012775250387604604
679,ridge_eligible,0.023990531407595484,-0.007144018925975282
679,matched_control,6.106555971045369e-4,-6.448047017205055e-4
680,hydra,0.026504773008817338,-0.006109307061852677
680,survival_only,0.016743787801501143,-0.0032292679624574354
680,de_only,0.004895066676382731,9.582337103993075e-4
680,ridge_eligible,0.046248998032500196,-0.010241773717919029
680,matched_control,0.0024265831086497268,-5.841670482479827e-4
681,hydra,0.009890628836963289,-0.003366020591673158
681,survival_only,0.005710345869774658,0.0012978033240980957
681,de_only,0.002431099945219972,8.777909398465566e-4
681,ridge_eligible,0.03130206464043522,-0.0075709042321053435
681,matched_control,0.0024764351423336326,-9.575924803723795e-4
682,hydra,0.008494652170069816,-0.004615077191484884
682,survival_only,-6.664898789003782e-4,0.00350443050624277
682,de_only,8.591885441527225e-4,2.3825127516805266e-4
682,ridge_eligible,0.0275665163970653,-0.009765360050702537
682,matched_control,0.0010271369221249937,-6.651697684074171e-4
683,hydra,0.0075468531468531165,-0.003920634027343517
683,survival_only,0.007828438228438228,-0.0026157938651113545
683,de_only,0.002427972027972014,-4.2028472403816687e-4
683,ridge_eligible,0.029158041958041947,-0.011485143153009917
683,matched_control,0.0018349650349650305,-0.0010528077319946704
684,hydra,0.010177377735335346,-8.224729057393493e-4
684,survival_only,0.0027104455777475335,0.002552700996824542
684,de_only,-0.0035394274336103203,0.001805867346590126
684,ridge_eligible,0.027917183087144692,-0.004680409856832749
684,matched_control,0.0022695410122518635,-3.247001790000786e-4
685,hydra,-0.005405502478270241,0.003957642900999966
685,survival_only,-0.006287263845988078,0.004846818710348919
685,de_only,-0.0060017240140794684,0.0045223894461798005
685,ridge_eligible,0.017516701386394627,-0.0016591343643924338
685,matched_control,8.835572157172344e-4,-2.07174756414788e-4
686,hydra,0.006569394640617554,6.40670767073756e-4
686,survival_only,3.091272014272839e-4,0.007940109399858791
686,de_only,-0.0014484817438307096,0.0028679989019485736
686,ridge_eligible,0.026452456236420462,-4.5922063864553276e-4
686,matched_control,0.0021515253219339,-7.591254367881773e-4
687,hydra,0.021763357983543397,-0.006370853968860557
687,survival_only,0.01055272020275666,-0.0020672678764500295
687,de_only,-6.735409505954193e-4,0.001549158782357582
687,ridge_eligible,0.037544700204839784,-0.011583931901879702
687,matched_control,0.0029354581120022093,-8.76542248982759e-4
688,hydra,0.008358615678081549,-4.624647612221949e-4
688,survival_only,0.005855209374148418,0.0018028616294627625
688,de_only,-0.001431555999636669,0.001825269513601252
688,ridge_eligible,0.03572713234626214,-0.009062713110879621
688,matched_control,0.002826778090653104,-4.824539579882492e-4
689,hydra,0.0021458942333244966,-0.0013597674647365609
689,survival_only,0.0020229869784746503,8.921800797717205e-4
689,de_only,-0.007847794313048106,0.0055813853344273525
689,ridge_eligible,0.024481796439011428,-0.006676806918797596
689,matched_control,0.002200704225352135,-8.998761694315099e-4
690,hydra,0.010424382576647195,1.7408905804657814e-4
690,survival_only,0.006680999439937852,0.004000238845451876
690,de_only,-0.0025744792325342104,0.0018841465968036293
690,ridge_eligible,0.028335531426713145,-0.0026212539849687134
690,matched_control,0.002480533323697842,-8.600223138499729e-4
691,hydra,-0.004193614143023938,0.0032483644906956986
691,survival_only,-0.004636510201434329,0.006633351955329769
691,de_only,-0.003118803624705824,0.00631732616389151
691,ridge_eligible,0.015134443970868893,0.001717104197234151
691,matched_control,0.0015955376832273882,-1.5224876796853526e-4
692,hydra,0.01721248620644509,-0.0010712248291924243
692,survival_only,0.012761142386892844,6.320704175393932e-4
692,de_only,-0.001836646903697592,0.0051004690795100225
692,ridge_eligible,0.03673293807395216,-0.007368346289581257
692,matched_control,0.0029513531711148787,-6.552212998839457e-4
693,hydra,0.004056616326259055,-0.007589716134801386
693,survival_only,7.50116426052816e-4,-0.006205357430984687
693,de_only,-0.003810458386002269,8.360614555737861e-4
693,ridge_eligible,0.020670614064267158,-0.013606177956183818
693,matched_control,0.0027742665158671962,-0.0010855729904881233
694,hydra,-0.004211876109686319,0.004456519369497367
694,survival_only,-0.013823239297691869,0.00845367817024264
694,de_only,0.002126652199644885,0.0027191880304043405
694,ridge_eligible,0.008611165910435958,-3.88582356299777e-4
694,matched_control,6.648254093509553e-4,4.0123306146655493e-5
695,hydra,0.01762546329638671,-0.003797652001189522
695,survival_only,0.01314619965219833,4.5938861086000646e-5
695,de_only,-0.003024820390310756,0.004229879346739737
695,ridge_eligible,0.036208259410845066,-0.007631974509170397
695,matched_control,0.0029580705791424355,-3.861198154048645e-4
696,hydra,0.007368786930830706,-0.002417099236341325
696,survival_only,4.089226931648371e-4,0.0020654067650213966
696,de_only,2.3921977550142026e-4,0.001729069733775747
696,ridge_eligible,0.024353390991433077,-0.007377165042274212
696,matched_control,0.0010897789772843392,1.3979589450245633e-4
697,hydra,0.0025764309248333173,-0.0017738043182144946
697,survival_only,-6.321354685463465e-5,7.068313639756185e-4
697,de_only,-0.00858363343805072,0.003590623333391013
697,ridge_eligible,0.021751206804076308,-0.008842304370867868
697,matched_control,0.001902153091717118,-9.525496273520784e-4
698,hydra,0.012760043200368276,-0.003025588756660075
698,survival_only,0.006804058001805913,0.0011855233122313263
698,de_only,5.701032205520651e-4,0.0029453447325248462
698,ridge_eligible,0.03697349551176502,-0.010811744739351342
698,matched_control,0.0018572617340344543,-0.0010124205035578816
699,hydra,-0.005041221033868104,9.883484915660296e-4
699,survival_only,-0.005821078431372528,0.00294000399948485
699,de_only,-0.009311868686868697,0.003130432053791446
699,ridge_eligible,0.027231877599524668,-0.007568922991579208
699,matched_control,0.002116755793226399,-0.0010287876681621955
700,hydra,-0.0033499501495513504,-0.0033858444280654987
700,survival_only,-0.009509652859603025,3.0525811103325197e-4
700,de_only,-0.001397625305900474,-5.877774919472417e-4
700,ridge_eligible,0.017935285053929117,-0.007554237782446971
700,matched_control,0.001047765793528499,-2.2782385485515256e-4
701,hydra,0.003910053318908891,8.419664664982895e-4
701,survival_only,0.005063364500424994,0.0017048120022072732
701,de_only,5.312572444169716e-4,8.96945582794667e-4
701,ridge_eligible,0.026698091337609153,-0.005813192974639145
701,matched_control,0.001893207634649552,-0.0010813326045813448
702,hydra,0.011576655339645725,-0.004221878481840802
702,survival_only,-8.016891557520389e-4,0.0031281314465767206
702,de_only,0.003627395994853366,0.0014557263871202764
702,ridge_eligible,0.029634456138035715,-0.011688787338350586
702,matched_control,0.005070766388439863,-0.0019209321780788713
703,hydra,6.536814581833306e-4,-0.0038845403473666746
703,survival_only,-0.006010079957558067,0.0031676336204869066
703,de_only,0.0012221001174732126,0.0015200124781865304
703,ridge_eligible,0.02401568835499639,-0.006418711672479227
703,matched_control,0.0025844101709045276,-5.834460474427649e-4
704,hydra,0.004475997295469891,0.0011155536962536516
704,survival_only,0.004313725490196074,0.003593755181905853
704,de_only,-0.0015048778131942387,0.002745166197776727
704,ridge_eligible,0.026939051482662013,-0.005547795759663729
704,matched_control,0.0017444219066936827,-5.221445142686909e-4
705,hydra,0.001682365111341,-9.087489402308579e-4
705,survival_only,-2.7767191158056814e-4,8.171172410779221e-4
705,de_only,-0.005578846118945202,0.004513099670150597
705,ridge_eligible,0.023271809949002763,-0.007079968970190078
705,matched_control,0.0013411734814250287,-0.001069774868632045
706,hydra,0.00979790179496356,0.004227470114768669
706,survival_only,0.00415497334865238,0.00478185246009451
706,de_only,0.0051664061175673015,0.0017986454032371257
706,ridge_eligible,0.033036370142956684,-0.004517284030582669
706,matched_control,0.003111521292825803,-6.146883175704443e-4
707,hydra,0.016747786830317767,-0.0021699751644170375
707,survival_only,0.002109124254928918,0.003196175202662424
707,de_only,-3.6151377279302065e-4,0.002178768820335633
707,ridge_eligible,0.03217119881494022,-0.007360904632760385
707,matched_control,7.177371001304778e-4,-6.371360876426868e-4
708,hydra,0.005777662247638859,0.00169532449458146
708,survival_only,2.2528377090391683e-5,0.003698084267656318
708,de_only,-0.008165670219218435,0.00723545756357091
708,ridge_eligible,0.025661554458019244,-0.005243603533422828
708,matched_control,0.002497183952863702,-8.182402457595411e-4
709,hydra,-0.0018316423406662952,-0.0013847741093396177
709,survival_only,-0.011546059571529987,0.0063279100006382125
709,de_only,0.003534782024971672,2.0613222516190354e-4
709,ridge_eligible,0.013529219969696337,-7.470008205970047e-4
709,matched_control,0.001628339630602793,-3.5105617649650034e-4
710,hydra,0.007879727453682438,-0.004229465944711827
710,survival_only,-0.006323687031082536,0.002706113270675914
710,de_only,-0.0014010105649977177,0.0019420718569482965
710,ridge_eligible,0.024753100597152012,-0.007800596872009749
710,matched_control,0.002400091869545251,-4.97598516198805e-4
711,hydra,0.004241031669694706,0.0011894720491498006
711,survival_only,-4.809233728759188e-4,0.00470521519677213
711,de_only,2.8499162837091195e-4,0.0010237155416407545
711,ridge_eligible,0.020432118556517397,-0.0029303121983939836
711,matched_control,0.001419614548822634,-6.560697795781001e-4
712,hydra,-0.003025955639452571,0.0021893202599187005
712,survival_only,-0.00995941481831052,0.00624406561462921
712,de_only,-0.007630014157621534,0.004125803737927961
712,ridge_eligible,0.023928268050967462,-0.004120137068376611
712,matched_control,8.853232656913623e-4,-3.6999619055554935e-4
713,hydra,0.005891113112142387,-0.0032664470503707328
713,survival_only,-0.01248181755212302,0.005619513578050845
713,de_only,-0.003310937175313433,0.0014325133645493066
713,ridge_eligible,0.01799196508970008,-0.007898607187063703
713,matched_control,0.002292720094202372,-7.810846332315602e-4
714,hydra,0.01976106302572229,-0.010369925642150274
714,survival_only,0.009102941432576917,-0.004958112551219957
714,de_only,0.0038243848069521857,-0.001141075774544445
714,ridge_eligible,0.03457271729854929,-0.016063926887552874
714,matched_control,0.003261872833980606,-9.379055524422087e-4
715,hydra,0.0025893025893026222,6.540511949806593e-5
715,survival_only,-0.0056529956529956515,0.007360216342034454
715,de_only,0.005072765072765095,1.1952807047796721e-4
715,ridge_eligible,0.022559062559062572,-0.005077926485644868
715,matched_control,7.881307881308031e-4,-3.1524677059841243e-4
716,hydra,-0.001800079498779139,0.002811626929246845
716,survival_only,-6.568113418258358e-4,0.00417011013877365
716,de_only,-0.004215328121746709,0.0015999204436944123
716,ridge_eligible,0.024415589332021002,-0.003063424395863416
716,matched_control,0.0023395354999905527,-7.920279464176019e-4
717,hydra,0.01563466621674825,-0.004544556075708942
717,survival_only,0.011090489848714935,-0.0015708805896676697
717,de_only,-0.003807434902423912,0.005580217117641534
717,ridge_eligible,0.034643720825600376,-0.010038924471950431
717,matched_control,0.003871173349830359,-0.0015604273399413948
718,hydra,0.007918503769022932,-0.004239358167111643
718,survival_only,0.007708718532214509,-0.0018448242539255005
718,de_only,7.982506044659666e-4,0.002468947142234101
718,ridge_eligible,0.03759066989048502,-0.01327927229135272
718,matched_control,0.0028196558099843894,-8.550879577430643e-4
719,hydra,0.0039641430788817655,-0.0015716642070196436
719,survival_only,-0.008946790142834726,0.0036014417106468495
719,de_only,-0.008355569507664928,0.0036245438322246777
719,ridge_eligible,0.019546905247737147,-0.007201518120469227
719,matched_control,0.0024363871012748617,-9.580462394190553e-4
720,hydra,0.005690872778933054,-0.005484603869373975
720,survival_only,-0.003528999979410774,-0.0012261257241526324
720,de_only,-0.0020445139904054278,0.0033990848964540995
720,ridge_eligible,0.02252053779159543,-0.008314792845904742
720,matched_control,0.0013218307974221966,-6.122945833551691e-4
721,hydra,0.006760233428852314,7.113964891737601e-5
721,survival_only,-0.008895814595578245,0.0033029444434482776
721,de_only,0.002549729130498446,0.0031680106804984564
721,ridge_eligible,0.026762743416511525,-0.005137450749977369
721,matched_control,0.00278190298897697,-6.476807158503587e-4
722,hydra,-4.4482336805429235e-5,0.0023450587965199885
722,survival_only,-8.266300923008618e-4,0.006894102543411662
722,de_only,-0.008577677280646501,0.005978472591452733
722,ridge_eligible,0.03129147051191755,-0.006270290945515439
722,matched_control,0.0012399451384512595,-2.187978632107568e-4
723,hydra,-4.82737445414827e-4,0.003088716408246281
723,survival_only,-0.0066474481441048065,0.0060710908950293106
723,de_only,0.0011019377729257652,7.67226467344137e-4
723,ridge_eligible,0.018891580240174677,-0.0027097482367341636
723,matched_control,0.0025211517467248813,-7.476167360374542e-4
724,hydra,0.001256243089709852,-4.455563226275244e-4
724,survival_only,-0.006609096801250524,0.007089129530277657
724,de_only,-0.0010236760837241455,0.005972648626362797
724,ridge_eligible,0.015547676236227059,-7.243886232182334e-4
724,matched_control,0.0011723664646002385,-4.872372367849181e-4
725,hydra,0.008385553783974209,8.719916841934044e-4
725,survival_only,-0.002521413474730261,0.0038299038140530263
725,de_only,0.007428899847973625,7.519893490188278e-4
725,ridge_eligible,0.029190922911490967,-0.008270318321003434
725,matched_control,0.002423152508435622,-4.745106098567597e-5
726,hydra,0.002794636556104446,5.006660778117761e-4
726,survival_only,-0.004796854521625182,0.00435626796101376
726,de_only,0.002457909063413655,8.266704773008976e-4
726,ridge_eligible,0.025903820949692503,-0.007017658933516402
726,matched_control,0.0019195483415666791,-4.8767982119876375e-4
727,hydra,-0.0037772033686316988,0.0029763078879803894
727,survival_only,-0.0020612023680480207,0.004985469517171529
727,de_only,-5.786708913532834e-4,0.003476938071513047
727,ridge_eligible,0.023907279246226976,-0.005705836977115244
727,matched_control,3.918952722421376e-4,-5.700373511717399e-4
728,hydra,6.861887362119568e-5,0.0038690071229443373
728,survival_only,-0.00892045357075465,0.00880904278843167
728,de_only,-0.008618530526821367,0.008006088252312474
728,ridge_eligible,0.017604172027516185,-9.716487486007647e-4
728,matched_control,8.680287513080587e-4,-6.302263059471929e-4
729,hydra,0.007194545212816461,-0.0022689918674878296
729,survival_only,0.0018385215855349247,-6.697132172157922e-4
729,de_only,-0.005192683899641037,0.002577141201191788
729,ridge_eligible,0.025805777668040476,-0.0064687521879158855
729,matched_control,0.001101593511994059,6.515459760618736e-5
730,hydra,0.0023124243818482214,-0.005971738232034948
730,survival_only,-0.005664332089361524,-0.0013919559463009073
730,de_only,-0.010215905798953729,0.002373485374967052
730,ridge_eligible,0.023563894143107868,-0.011569986981641167
730,matched_control,0.0019460491113269418,-0.0010932344622602923
731,hydra,0.00607897784855943,-0.002681680226874761
731,survival_only,-0.0016722165918633069,0.004924404267640928
731,de_only,0.00467098595627623,0.0019366974390700703
731,ridge_eligible,0.02237404082814535,-0.007311280015965013
731,matched_control,1.7373678876502207e-4,-5.076263127395259e-4
732,hydra,0.012331573111833583,-0.0031061757638086384
732,survival_only,0.006349952079379095,-0.0015877873901553596
732,de_only,0.004782665889914129,-3.9054604602384855e-4
732,ridge_eligible,0.03796440719373088,-0.015149591800107595
732,matched_control,0.001969443557025552,-2.206976388137244e-4
733,hydra,-3.3975882404717604e-4,-0.002217974156457575
733,survival_only,-0.005450224452072894,0.0016564332974051631
733,de_only,-0.00928439397940325,0.003908005651555818
733,ridge_eligible,0.021161869553736466,-0.008199120308282421
733,matched_control,0.0016987941202358692,-7.552565267814643e-4
734,hydra,0.007305574673090143,-0.002401270825056681
734,survival_only,-0.0036751548520303047,0.004164441400174157
734,de_only,0.002209222298692348,0.0020610523528237666
734,ridge_eligible,0.01808671713695802,-0.004276655065394283
734,matched_control,0.0025739848589125813,-0.0010737073521754348
735,hydra,-6.123652130916813e-4,-7.152830619703565e-4
735,survival_only,-0.010457752505562624,0.0049662747910056235
735,de_only,-0.01358043474126618,0.006627956085913575
735,ridge_eligible,0.028594792993933426,-0.008547752670584751
735,matched_control,0.0022402677671490845,-6.634231838914234e-4
736,hydra,0.003272464978550549,-0.0010365678049652134
736,survival_only,-0.004977032003340776,0.004682686251630264
736,de_only,-0.0040867848601040205,0.004430670589554495
736,ridge_eligible,0.017804942864735586,-0.0020762765320749416
736,matched_control,0.001448312516609096,-5.882850551511998e-4
737,hydra,0.009542100115586372,6.067275235722147e-4
737,survival_only,0.00867786965413,0.0013711179372441567
737,de_only,-4.979105539256734e-5,1.5690211232068096e-4
737,ridge_eligible,0.033363563616964506,-0.005692065386518938
737,matched_control,0.002562461100737956,-1.8880799280672765e-4
738,hydra,0.008676631425446602,-0.0017301698037782754
738,survival_only,0.004668246445497637,4.329427468795305e-4
738,de_only,-0.005211447320452045,0.004103453288759953
738,ridge_eligible,0.033488880787459,-0.009646539058289074
738,matched_control,0.0036128326649653595,-8.39648495153944e-4
739,hydra,-5.786618444846181e-4,-0.004891823598645576
739,survival_only,-0.0024212429808698976,-2.4683890319257274e-4
739,de_only,0.0020938422004378233,-0.002488596953838576
739,ridge_eligible,0.022166174930998383,-0.012587349735949957
739,matched_control,0.001684591224897669,-2.818840087263269e-4
740,hydra,0.010609770315961286,-0.001986213454197236
740,survival_only,0.010870156620418969,0.001752228393060959
740,de_only,-0.010129804515953512,0.004058355561848417
740,ridge_eligible,0.03570401461272397,-0.006624877961916642
740,matched_control,0.002584431230811102,-0.001254946837481688
741,hydra,0.014239991512236528,9.560816075600637e-4
741,survival_only,-0.006431249115857973,0.012172298451526306
741,de_only,0.01029318149667562,0.0012139353584890433
741,ridge_eligible,0.03511281652284622,-0.005551258626994277
741,matched_control,0.002387183477153776,-5.631467392389844e-4
742,hydra,0.0027122140646805627,4.400552322690127e-4
742,survival_only,8.5148554901604e-4,0.001821074558737229
742,de_only,-0.0024877131242036278,0.002062600677125734
742,ridge_eligible,0.024778027223267184,-0.0049785799730996064
742,matched_control,0.002172198288938787,-5.339397268262991e-4
743,hydra,0.0041241882699655456,-0.0025682045598485193
743,survival_only,-0.0067559926665867074,0.0032720126692557224
743,de_only,-0.005702242859345852,0.0036345782707430303
743,ridge_eligible,0.018880112399979443,-0.006927261979533269
743,matched_control,0.0016226033617188884,-3.3784319000007833e-4
744,hydra,0.008738442677382552,5.149981375684121e-4
744,survival_only,-1.7367910231743666e-4,0.003752707030786906
744,de_only,0.0024451293228217818,4.042728040688226e-4
744,ridge_eligible,0.024648810638696384,-0.00813253857896834
744,matched_control,0.0012225646614109076,-5.761330613346577e-4
745,hydra,-0.0013992716120375891,0.0016619121580011248
745,survival_only,-0.004319793681495809,0.005632339583843074
745,de_only,0.001692020840956987,0.002648740997780072
745,ridge_eligible,0.024563054350288382,-0.005482040602435148
745,matched_control,0.0020666701517765063,-0.0011335913434871669
746,hydra,1.9500399758187737e-5,-0.0011754122617519069
746,survival_only,-0.009711199079581123,0.005745791465677855
746,de_only,0.0019539400557711194,-0.001716420306679406
746,ridge_eligible,0.022203155164680854,-0.008483909236945928
746,matched_control,0.0020728924942961303,-0.00109236618153222
747,hydra,0.003578858226403292,0.0012723288212737522
747,survival_only,0.0031535926655498316,6.60298399692591e-4
747,de_only,-0.004596918205416123,0.0024855240508430245
747,ridge_eligible,0.026909552826819373,-0.006462716655620815
747,matched_control,0.002430088919162743,-6.752333643381458e-4
748,hydra,0.0013397219090567347,-2.3458904895649058e-4
748,survival_only,-0.009554678692220963,0.005958794535574985
748,de_only,-0.006350995866215725,0.002978287579323552
748,ridge_eligible,0.01627583615182261,-0.0037767358441485573
748,matched_control,1.334084930477375e-4,4.766072103991048e-5
749,hydra,0.0019049780866406852,4.266651910392605e-5
749,survival_only,-0.016743203366450743,0.009964549106751128
749,de_only,-0.007565783729985509,0.00390993864462279
749,ridge_eligible,0.01606572261703131,-0.0020978027911299686
749,matched_control,0.0011890834802954164,-8.560215423673468e-4
750,hydra,0.010728202014068123,-8.740105814042942e-4
750,survival_only,0.004071993657540973,0.00266333667308018
750,de_only,-9.412479125550322e-4,0.0016111565724708649
750,ridge_eligible,0.027662230318978485,-0.008193006303020379
750,matched_control,4.891790226539961e-5,-4.914890860184318e-4
751,hydra,0.015456510199438823,-0.0037499351663244224
751,survival_only,0.00742776977326155,0.0019790475869710276
751,de_only,0.0030901645560020953,0.001751778986357863
751,ridge_eligible,0.029722453931902638,-0.005466822092603729
751,matched_control,0.0022124061575794275,-6.335039280435717e-4
752,hydra,-0.008530033310648643,0.005019031200576679
752,survival_only,-0.007853074966868434,0.006031926711975155
752,de_only,-0.00220638275009849,0.0035665532934594816
752,ridge_eligible,0.01614671012572083,-0.0036559260090267636
752,matched_control,0.0019270031161574773,-6.344287577816521e-4
753,hydra,0.0024592556973329293,-5.306413213841509e-4
753,survival_only,-0.0017036184718954405,0.002821982332642864
753,de_only,-0.003560081746208943,0.0013165637840257954
753,ridge_eligible,0.02400865548094593,-0.0034240821652924357
753,matched_control,0.0010286970409933316,1.6503227994224545e-4
754,hydra,-0.006788275301249336,0.0036037269613274693
754,survival_only,-0.006873290456124758,0.006421853982530634
754,de_only,-0.011769054483625353,0.006046850744919297
754,ridge_eligible,0.02091372809935684,-2.6607197206429678e-5
754,matched_control,0.0010368152583721368,-1.0999406627423824e-4
755,hydra,0.0024221330397414254,0.003434760354254948
755,survival_only,-0.007770714209610374,0.010453820821729434
755,de_only,-0.01285115601804171,0.0072480034186189705
755,ridge_eligible,0.019064531022481103,0.0011522394320208796
755,matched_control,0.002413254252938868,-2.8384235607646635e-4
756,hydra,0.004174320187286184,-0.0038661447092720206
756,survival_only,-3.457590491625862e-4,-3.852898880087052e-5
756,de_only,-0.004403025391680149,0.0014139223512366823
756,ridge_eligible,0.027516657662524813,-0.00949085730463757
756,matched_control,0.0016891770214298774,-9.897475619737666e-4
757,hydra,0.009736664169148946,-0.0031001247083350556
757,survival_only,0.0012061183092413996,0.002404681669026773
757,de_only,0.005126002814276031,3.2438541899797445e-4
757,ridge_eligible,0.028389466566765942,-0.005469254198363721
757,matched_control,0.003934504120904214,-9.065053052324801e-4
758,hydra,-0.0030580117267774098,0.004433976735417506
758,survival_only,-0.011402499952866652,0.0068002528927225084
758,de_only,0.001421541826134487,0.0021613067834278495
758,ridge_eligible,0.0166644671103486,-0.0031173477451634096
758,matched_control,8.653682999943402e-4,9.474949791310472e-6
759,hydra,0.011983762459263192,-0.0020506865247567675
759,survival_only,0.00929275218692227,-0.001642158590952758
759,de_only,0.0027043509748241657,0.001327196762772126
759,ridge_eligible,0.03558537096681974,-0.008280432416146549
759,matched_control,0.002361304339539927,-7.782653833257769e-4
760,hydra,-0.009671260664638127,0.00624205793452087
760,survival_only,-0.006131296859773661,0.00997890395875497
760,de_only,-0.001839587932303155,0.0031815936338394912
760,ridge_eligible,0.020068412783644574,0.0024194553248652467
760,matched_control,0.0010202255235368107,-4.394827207480384e-4
761,hydra,0.002271715684596165,-0.001749703609130221
761,survival_only,0.0052299106378607685,-0.0010613670659684882
761,de_only,2.1741363371794443e-4,-2.219317521978681e-7
761,ridge_eligible,0.02321703701167529,-0.009155232342317585
761,matched_control,8.354161673571614e-4,-5.476432685299709e-4
762,hydra,0.00921395202836196,-0.0010298659225042583
762,survival_only,-0.005208929593589007,0.004357130850934046
762,de_only,-0.009854681758590788,0.005734208767499177
762,ridge_eligible,0.029438484406447873,-0.006865343242686233
762,matched_control,0.0031999556843990582,-0.001238697173770706
763,hydra,0.005710267786404699,-0.001257079206188158
763,survival_only,-0.008435667881476806,0.005405849334337226
763,de_only,-0.011000633813975601,0.005869980921904769
763,ridge_eligible,0.026521153541435603,-0.0049257156936948045
763,matched_control,0.003345349389954033,-9.873287338189845e-4
764,hydra,0.01482552942514912,-0.008194537609138635
764,survival_only,0.01139462692388955,-0.0058641940440182115
764,de_only,-6.631019519251269e-4,-2.5361127767088433e-4
764,ridge_eligible,0.044674868761072,-0.019278488677647147
764,matched_control,8.516309382567422e-4,-8.865799072825447e-4
765,hydra,0.007408462236778879,0.0023474693183885924
765,survival_only,-0.00580288007974511,0.0060425267011951275
765,de_only,0.007684366044251401,0.0023470515136813502
765,ridge_eligible,0.017693444169529525,-0.004065537514086776
765,matched_control,3.7024510938253873e-4,-3.392187359003124e-4
766,hydra,0.009291120546427934,-0.005141876506553058
766,survival_only,0.005731954956618057,-0.003229439301152895
766,de_only,-6.258076426065906e-4,0.002264902052637152
766,ridge_eligible,0.029226509137899204,-0.009924926141609555
766,matched_control,0.002999815395975636,-8.247728060629678e-4
767,hydra,0.01032946398088085,-0.0034384397272688326
767,survival_only,0.0036480027313076312,0.0011904125341466426
767,de_only,0.007350631614885639,-0.0011318692533764468
767,ridge_eligible,0.02604301809491293,-0.006061344471987254
767,matched_control,0.002096278593376599,-6.455493812264762e-4
768,hydra,0.005651263590949173,0.0039861817700298455
768,survival_only,0.0029514399059653363,0.004613138401341405
768,de_only,0.0030028651190126543,0.0035230024682990522
768,ridge_eligible,0.032840508374963294,-0.003985241027535685
768,matched_control,0.0030983690861005166,-6.68189058304447e-4
769,hydra,8.050847457627075e-4,-0.0017999478019394416
769,survival_only,-0.005229519774011327,0.0015531916572977867
769,de_only,-0.00801024011299436,8.621590914631328e-4
769,ridge_eligible,0.015194209039548023,-0.004894400061708129
769,matched_control,0.0030331920903954868,-9.161580399550285e-4
770,hydra,0.011320076438423542,6.45984753189005e-4
770,survival_only,0.012046619870206044,0.0022191121185301476
770,de_only,0.004433050157985352,0.0020429163325273864
770,ridge_eligible,0.03690045976576543,-0.006337060838135006
770,matched_control,0.0017293247308572735,-4.6352482126288397e-4
771,hydra,-7.391008768107054e-4,4.494721027773208e-5
771,survival_only,-6.205658305297401e-4,0.007491763537660706
771,de_only,-0.003278888559624882,0.0016812565907418724
771,ridge_eligible,0.016927850506388675,0.002060077666870536
771,matched_control,0.002189412031307225,-4.4730718504532865e-4
772,hydra,0.002874516307352104,0.0012208735030389162
772,survival_only,-0.0013918502724473147,0.0013978405361534801
772,de_only,-0.0036622443338861443,0.004142046205216213
772,ridge_eligible,0.027317776198373202,-0.007986781450650219
772,matched_control,0.0031291952933743873,-8.66305495121733e-4
773,hydra,-8.583231661636659e-4,-0.003447935443641603
773,survival_only,-0.004173890708277173,4.25391862064195e-6
773,de_only,-0.006194481902437987,0.00439826608191661
773,ridge_eligible,0.0286179070613669,-0.01090664340027274
773,matched_control,0.0023266765127678223,-7.172955944863057e-4
774,hydra,0.012002644444057808,-0.0034615573964277336
774,survival_only,0.0035282450982097703,0.001289441033233793
774,de_only,0.011604238069555827,-0.00270420944554213
774,ridge_eligible,0.03179770002957603,-0.008828239998436058
774,matched_control,0.0018006576314827938,-1.8253830233967705e-4
775,hydra,0.021612303320308456,-0.005138620840631658
775,survival_only,0.012142424305744215,-0.0011385695419414172
775,de_only,-0.008276741124600362,0.004075714306907577
775,ridge_eligible,0.04607267484380552,-0.010146413330339638
775,matched_control,0.004047474768581416,-0.0010246243630098184
776,hydra,-0.0030881988051838947,8.379006675007045e-4
776,survival_only,0.004744908671005665,0.005971301890369382
776,de_only,0.005147634225946207,0.0022916388141009715
776,ridge_eligible,0.023449697478670806,-0.0029329654176902726
776,matched_control,1.2215372282555758e-4,-1.0983620772493096e-4
777,hydra,0.008116919829633251,0.0018994159736536148
777,survival_only,0.004577663864912751,0.007048355497616327
777,de_only,0.007063435226715919,1.2907014892419577e-4
777,ridge_eligible,0.03312728506275677,-0.0018792576463503962
777,matched_control,0.00282122799743697,-2.7615690909733317e-4
778,hydra,0.008999966031454875,-0.0028917101800077865
778,survival_only,0.002934882298991137,9.936289649501383e-4
778,de_only,4.9933761337001e-4,0.0023865180802079694
778,ridge_eligible,0.032847583138014204,-0.009652820422339097
778,matched_control,0.0022894799415741018,-0.0012188052558258998
779,hydra,0.009675866495507047,-0.004698192576490501
779,survival_only,0.002920410783055194,0.0026384418245203795
779,de_only,0.006514762516046202,-8.164087266017694e-4
779,ridge_eligible,0.03601973684210522,-0.007950234000684744
779,matched_control,0.0017269736842104976,-3.4949370657574863e-4
780,hydra,0.007495242540662794,-9.455644454710643e-4
780,survival_only,-0.004136296721841237,0.0021210957471601176
780,de_only,0.004710782377652501,0.0010201971495466477
780,ridge_eligible,0.026792574772898602,-0.010762158665929496
780,matched_control,0.0015223869878999042,-5.751985833307022e-4
781,hydra,-0.001605542420410222,-0.0019460140428890049
781,survival_only,-0.007426550099888208,0.0024597741685595835
781,de_only,-2.620919704551028e-4,5.822995613421367e-4
781,ridge_eligible,0.01865068455490184,-0.008043570806856202
781,matched_control,0.0010318725829805086,-0.0010142987447370189
782,hydra,0.003924557058487299,3.87400129140239e-4
782,survival_only,0.005874712066367605,-5.731085075583481e-4
782,de_only,-0.004996622733334499,0.0035224020804124566
782,ridge_eligible,0.030778156878366426,-0.007938329810731306
782,matched_control,0.002256706905211359,-6.700479081810401e-4
783,hydra,4.55948876283474e-4,0.006391235970702122
783,survival_only,0.0015186328714008712,0.008778220603715244
783,de_only,-0.010581963093272051,0.010385025618362003
783,ridge_eligible,0.03106376103970704,-0.001981177686872823
783,matched_control,0.0025166941911395125,-6.617973916532016e-4
784,hydra,0.00918780600834158,-0.0031535332458146824
784,survival_only,-0.004738973625355103,0.0033650333595069857
784,de_only,4.5536056093975485e-4,-9.742443550071229e-4
784,ridge_eligible,0.02629203521992306,-0.004668174052972818
784,matched_control,0.0019624831254659524,-5.617524368831007e-4
785,hydra,0.0017071697576920397,0.001996481037974329
785,survival_only,0.002341362893483945,0.004322934552200969
785,de_only,0.0027517231578199188,0.002084701856561247
785,ridge_eligible,0.021413344702622038,-0.0029928054620307594
785,matched_control,9.859305052227541e-4,2.3751306988060438e-4
786,hydra,9.871491846584757e-4,-1.7279473469081207e-5
786,survival_only,-0.004465012811091041,0.0030617463736722027
786,de_only,-0.00713647287822512,0.006140518346173807
786,ridge_eligible,0.018181818181818177,-0.0037704175388064837
786,matched_control,0.0019067670367648559,-3.115679374627089e-4
787,hydra,-0.0010769110275689164,4.6814737773995946e-4
787,survival_only,-0.011051065162907247,0.006024554701229781
787,de_only,-0.012525454260651613,0.004779103161290007
787,ridge_eligible,0.020868577694235592,-0.007312403767078928
787,matched_control,0.002220394736842113,-7.989765886664196e-4
788,hydra,0.0021083262930630007,4.081069463081066e-5
788,survival_only,0.005773021684032709,0.0018708136877305659
788,de_only,-0.001274758284051425,0.004158685719574976
788,ridge_eligible,0.030474044869989704,-0.007814775267019878
788,matched_control,0.0019506242373040661,-6.791626536635564e-4
789,hydra,-0.0025476758045292367,1.844383797513588e-4
789,survival_only,-0.011361314490039187,0.003305207492434342
789,de_only,-0.0016856802315682207,-7.535782134730495e-4
789,ridge_eligible,0.014547505533798698,-0.0017288164624121
789,matched_control,9.76928316022474e-4,-3.127628134066307e-4
790,hydra,0.008968088444288569,-0.004972591512465496
790,survival_only,-0.001231058858271361,-3.907623308946395e-4
790,de_only,-0.0012218305309979805,-0.0011108343379390485
790,ridge_eligible,0.027531791587456843,-0.009283248491564288
790,matched_control,0.002126206603790981,-1.8655180451261633e-4
791,hydra,0.0073699395577305985,-0.007937847700766307
791,survival_only,0.005094680715081357,-0.004499560914256978
791,de_only,0.002225955480890396,-2.213784708218286e-4
791,ridge_eligible,0.027566057374504717,-0.013868487380271851
791,matched_control,0.002498036995781816,-0.0010889376870972412
792,hydra,0.010794166540728456,-0.00209295728163445
792,survival_only,0.0033776635937736166,0.0020218359883053096
792,de_only,0.0030735227444461553,9.267280732847521e-4
792,ridge_eligible,0.029159740063472883,-0.00383355894428791
792,matched_control,7.480731449297617e-4,-9.41710709079946e-5
793,hydra,0.010338075004618507,-0.007332033314182215
793,survival_only,0.0019009791243303153,-0.005245387214522645
793,de_only,-5.043414003325419e-4,-9.564045731063009e-4
793,ridge_eligible,0.030461851099205593,-0.014611280828275577
793,matched_control,0.002828376131535171,-7.790893138316018e-4
794,hydra,0.010706220095693752,-0.008582766467687884
794,survival_only,0.005133014354066978,-0.0054686870671496355
794,de_only,4.6315789473680977e-4,-5.20318889682908e-4
794,ridge_eligible,0.03653779904306217,-0.01505451248802712
794,matched_control,0.0021263157894736763,-7.917886688590947e-5
795,hydra,0.009031787749151133,0.001368186558300824
795,survival_only,0.00462907898018301,0.004141394434830681
795,de_only,-0.008847622153586431,0.0042515133033837835
795,ridge_eligible,0.031737870968979606,-0.004573684109861226
795,matched_control,0.0024267653998887085,-5.020476341595387e-4
796,hydra,0.005851496789364174,3.459108748656431e-4
796,survival_only,-0.007070633987519259,0.003172875578917311
796,de_only,-0.012784661300533628,0.005726905437464435
796,ridge_eligible,0.02280003617617795,-0.004760201975508835
796,matched_control,0.0034439721443429326,-0.0011102074568556304
797,hydra,-0.0024526901669759014,0.002935962122483285
797,survival_only,-0.006977736549165126,0.004893040530604978
797,de_only,-0.0038775510204081542,0.005293717117632849
797,ridge_eligible,0.014235621521335807,-0.0016168745999067618
797,matched_control,6.716141001855358e-4,-1.551828766422181e-4
798,hydra,0.009535399033746228,-0.003940309461767141
798,survival_only,0.006010025790984053,7.658936043732883e-4
798,de_only,-0.003990337462312465,0.004675821579786338
798,ridge_eligible,0.028046787024592245,-0.009759433322561618
798,matched_control,0.004021213992516992,-0.0013970138220971123
799,hydra,0.005572128509699736,8.274042629409506e-4
799,survival_only,-0.001652474191390496,0.003807571805534762
799,de_only,-0.002755328958073422,0.002990653630272605
799,ridge_eligible,0.021791325414474528,-0.005843568607566135
799,matched_control,0.0020954240566976035,-2.990129352168164e-4
800,hydra,3.787261769017669e-4,0.004675886960595202
800,survival_only,-0.003614187978498151,0.0016536099001791594
800,de_only,0.0034126079165987754,0.0017508507637841412
800,ridge_eligible,0.025840935005701227,-0.0071607909470569565
800,matched_control,-3.196774719009587e-4,-2.0576571246258556e-5
801,hydra,0.0014280818005255047,-0.0011984764074318977
801,survival_only,0.00352831410183172,4.1277284968715413e-4
801,de_only,-8.796983891237286e-4,0.0019593360479602862
801,ridge_eligible,0.025094253398834677,-0.006465414082522797
801,matched_control,0.0019764652119273252,-7.132592739935772e-4
802,hydra,0.00671160069077682,-0.0020397890030558613
802,survival_only,0.002514964036014311,-7.533914928509855e-4
802,de_only,0.0010026323290243555,0.0012571581982337126
802,ridge_eligible,0.027107959022852658,-0.011593052642652793
802,matched_control,0.0010495783243632984,-6.76862460959296e-4
803,hydra,0.00969064351660467,-0.0014225011370824047
803,survival_only,-0.008965481603968584,0.008171314180962275
803,de_only,8.956869229711505e-5,0.002444744822346412
803,ridge_eligible,0.022368058426346992,-0.0038276967282587725
803,matched_control,0.0016587432823480853,-3.885456696357065e-4
804,hydra,-0.0038575781384742602,-1.9859174884617747e-5
804,survival_only,-0.0061437632945595564,0.003968710481634982
804,de_only,-0.0025333921008757754,0.0032977118471239296
804,ridge_eligible,0.013956652549680936,-0.0038307700598478435
804,matched_control,0.0028706666922177493,-9.74119120242331e-4
805,hydra,-0.002833693875191956,0.0032993206549863235
805,survival_only,-0.014075994517561963,0.007760866995529703
805,de_only,-0.0018825239030995534,0.0027860083883604336
805,ridge_eligible,0.012147233185263473,-7.944694283291726e-4
805,matched_control,5.020063741598913e-4,-7.371296838570851e-5
806,hydra,0.005758182532702072,-0.0018890167421574428
806,survival_only,-0.004337818365551971,0.0038272449610085996
806,de_only,0.0019406029530100954,1.352662180181624e-4
806,ridge_eligible,0.024846080431161943,-0.004859367652937355
806,matched_control,0.003024121863128548,-4.816214144139741e-4
807,hydra,0.014869975088266396,-7.900348613371078e-4
807,survival_only,0.008045235406921513,0.007106997451371005
807,de_only,3.3872788859614646e-4,0.0046781710376718
807,ridge_eligible,0.035923078301700787,-0.005588300565887961
807,matched_control,0.0026345502446367907,-8.165634079885381e-4
808,hydra,0.018003476956640285,-0.01108358147181365
808,survival_only,0.00965537223888736,-0.004769534645208437
808,de_only,0.0035110444505044745,3.7343951967168664e-4
808,ridge_eligible,0.04168939187346601,-0.017115656467967696
808,matched_control,0.002992909735478555,-9.090498302626732e-4
809,hydra,3.30874376220458e-4,0.0030171950494951054
809,survival_only,0.0037788385043755145,0.0011220089035381465
809,de_only,-0.005474795689592827,0.003948559763642096
809,ridge_eligible,0.029315831344470977,-0.00668808724889719
809,matched_control,0.003343096839516879,-0.001330374878978116
810,hydra,0.009071737251512557,-0.002402847299724453
810,survival_only,0.0048331892826274925,6.279928812863433e-5
810,de_only,0.002274848746758873,0.0017443361989560285
810,ridge_eligible,0.028791702679343147,-0.007402945509550038
810,matched_control,0.001002592912705269,-4.553934953855282e-4
811,hydra,0.011967908214166944,-0.002744405395204813
811,survival_only,0.011473229132025264,0.0012125061105619562
811,de_only,2.452610575324088e-4,0.00112061373523675
811,ridge_eligible,0.030913285666777514,-0.007045318474622822
811,matched_control,0.003446125706684411,-7.818915405626847e-4
812,hydra,0.006014362657091566,0.0024755449641227943
812,survival_only,0.012734290843806095,5.973788370632089e-4
812,de_only,0.009840215439856359,-1.1098074004563252e-4
812,ridge_eligible,0.03166068222621184,-0.0051260411673449
812,matched_control,0.0026858168761220934,-8.123577976277829e-4
813,hydra,0.008249914295509087,-0.005896823555866948
813,survival_only,9.85601645526224e-4,-7.838117912232712e-4
813,de_only,-0.001444977716832363,0.0021295625635239486
813,ridge_eligible,0.026350702776825496,-0.009451390002875443
813,matched_control,8.878985258827354e-4,-1.670362395875591e-4
814,hydra,0.007860387556782245,-0.004747046020434481
814,survival_only,-0.00627719318421408,0.002369126324363971
814,de_only,-0.00787955455887147,0.0025191601751541532
814,ridge_eligible,0.01898874896977363,-0.005137266648095806
814,matched_control,0.002261706246525974,-5.317380384014913e-4
815,hydra,0.004953533073518257,0.0014841425474301563
815,survival_only,-5.801752870015942e-4,0.006734561902678196
815,de_only,0.0031301250286561054,0.002458423098103382
815,ridge_eligible,0.028784806108593297,-0.0012752973440773474
815,matched_control,0.0025005731214841507,-2.76196846294921e-4
816,hydra,-1.6415921512583643e-4,-0.002180045139323608
816,survival_only,-0.006751771953880925,0.0019192710055588758
816,de_only,-0.008601942872593138,8.993739979091725e-4
816,ridge_eligible,0.021294347129145,-0.006645120438020846
816,matched_control,0.0017323625407983823,-7.644475569717618e-4
817,hydra,0.009739426050161825,-0.004722892119301753
817,survival_only,0.0010162564872244206,0.001438658992044195
817,de_only,-0.0022061083886367296,0.0015735810767612325
817,ridge_eligible,0.03054013489810309,-0.009201649167826158
817,matched_control,8.806350698902122e-4,-1.2619549285777522e-4
818,hydra,0.011746784021665546,-0.002721048000622825
818,survival_only,0.01047919957872565,0.0026001190481473478
818,de_only,8.124576844956044e-4,4.2161703345683366e-4
818,ridge_eligible,0.03300797412171819,-0.006611633664041061
818,matched_control,0.0032291431580531047,-6.604148192194736e-4
819,hydra,0.002274714130852895,-0.0014756501480061468
819,survival_only,0.001239640521733043,6.695432932115608e-5
819,de_only,-0.002119103402454825,0.0010370360496932546
819,ridge_eligible,0.028331643179354483,-0.008204368319997005
819,matched_control,0.0019075427492394326,-8.46200988227197e-4
820,hydra,0.006348360052948976,0.0034160546677769687
820,survival_only,-0.0034784527136343278,0.009454100195452106
820,de_only,0.006912781291366377,-9.597669091117589e-4
820,ridge_eligible,0.02017392263568176,-0.0023909717549267075
820,matched_control,6.287689366083371e-4,2.4000359618526478e-4
821,hydra,-0.0029748368369478806,0.006452611700708641
821,survival_only,-0.00833841773439089,0.009573851494908992
821,de_only,-0.004912455858154441,0.005387858911779631
821,ridge_eligible,0.018246528740732515,-1.0834626281847615e-4
821,matched_control,0.001286815685839493,-7.748208918483046e-4
822,hydra,0.018380219739083225,-0.006907700894544656
822,survival_only,0.007820016096730109,-0.002563206839703304
822,de_only,-0.0014225017313343248,0.0010887678367559634
822,ridge_eligible,0.03202687779587099,-0.012913159928928965
822,matched_control,0.0011735639283508292,-0.0012659116858248914
823,hydra,3.322321495607738e-4,0.0033329821667717947
823,survival_only,-0.0032059463923717834,0.004523296683911817
823,de_only,-0.005816878144004789,0.005747436905335604
823,ridge_eligible,0.014939184623470237,-0.003843515083514562
823,matched_control,0.0012651099932427302,-0.0011061787329546408
824,hydra,0.00823973682673781,-0.005574878210380993
824,survival_only,-2.744632394448221e-4,0.002885238141724561
824,de_only,0.0024740622505985852,0.0017493715966587192
824,ridge_eligible,0.02462382963813675,-0.0046413748256723345
824,matched_control,0.001313919763299809,-6.933600385055389e-4
825,hydra,0.0033136299747771325,3.134494263849402e-4
825,survival_only,-3.812311069179675e-4,0.0017451626805851383
825,de_only,-1.2707703563932248e-4,0.00610571845035347
825,ridge_eligible,0.030423397577834677,-0.009594279386096383
825,matched_control,0.0018946030768046019,-4.383045629343579e-4
826,hydra,0.00743360447296183,-0.0012632681864390427
826,survival_only,-0.0018457703902052703,0.0017166027039129284
826,de_only,0.0016554674211421649,6.486119622435421e-4
826,ridge_eligible,0.0229946614122838,-0.0085613115325364891
826,matched_control,0.0017093585274255308,-0.0012405975424625154
827,hydra,0.004720661672908866,0.0016870416255070548
827,survival_only,-0.0023154650436954085,0.006962680630613516
827,de_only,-0.007853464419475664,0.005193742811084414
827,ridge_eligible,0.02303955992509362,-0.0019982160388077653
827,matched_control,0.0022510923845193375,-9.766373547804852e-4
828,hydra,0.006445795764311169,-0.004053238108907306
828,survival_only,0.007416649192702874,-3.472114137503451e-4
828,de_only,3.166282239463358e-4,0.0017031533129681197
828,ridge_eligible,0.03413084504088908,-0.011778741627766511
828,matched_control,0.001417487942965001,-7.284077923229188e-4
829,hydra,-0.011585158930658724,0.011439385513452416
829,survival_only,-0.009714942875457188,0.011475527362421198
829,de_only,-0.0014535650993552363,0.0017787525463490634
829,ridge_eligible,0.01940349157271597,-5.788926526988841e-4
829,matched_control,0.0020719429885750927,-7.119814649547307e-4
830,hydra,-0.0017130824100774268,0.00625139620788302
830,survival_only,-0.0021532098952799948,0.00858583890741318
830,de_only,-1.9729852784947655e-4,0.005511852742672426
830,ridge_eligible,0.014907421460009096,0.0034829770088927237
830,matched_control,0.0019103809379268366,-9.31138655032121e-4
831,hydra,-0.0014234936848643853,0.0037897453491404056
831,survival_only,-0.00912416315825797,0.009545418662688751
831,de_only,-0.004042722065014837,0.004863943670507659
831,ridge_eligible,0.024615225343363932,-0.0021249861210634324
831,matched_control,0.002381116709227715,-0.0014742281790073586
832,hydra,4.655282897960911e-4,-8.983377564502654e-4
832,survival_only,-0.0015021297448075566,0.002639578051195349
832,de_only,0.007224169776471034,-0.0022031316492193724
832,ridge_eligible,0.021263522937163104,-0.005581753221812533
832,matched_control,0.0012589995853594326,-4.1859075191214014e-5
833,hydra,0.01031026071047414,-0.008648534404131231
833,survival_only,7.127610916298321e-4,-0.004616563238287433
833,de_only,0.0010405549626467448,-0.0014078679710067571
833,ridge_eligible,0.03274317731361489,-0.014875384071952177
833,matched_control,1.314987040707538e-4,-1.1118677287062228e-4
834,hydra,-0.006385817028845442,-9.8127194097499e-4
834,survival_only,-0.017904647745727354,0.005914636328987974
834,de_only,-0.00800982135952365,0.0018369327053284034
834,ridge_eligible,0.009985693295182096,-0.004195649617327749
834,matched_control,0.00240120640321706,-5.818670356870809e-4
835,hydra,0.005342141164644221,-0.002850836101032961
835,survival_only,0.007366984993178704,-0.002508727713977302
835,de_only,-0.010260644790694329,0.0031395670818992138
835,ridge_eligible,0.03511524377109213,-0.012866061509191468
835,matched_control,0.00228871975299777,-0.0012028738404242512
836,hydra,0.010780405334891807,-0.003945445869476339
836,survival_only,0.004982154411304285,-3.26246752692233e-4
836,de_only,0.00888313748408508,-4.4256316143716223e-4
836,ridge_eligible,0.03151468347561104,-0.00708120226054431
836,matched_control,0.0023439293690384446,-2.9689925484815695e-4
837,hydra,0.005984267262309428,-0.0014709269500929822
837,survival_only,-0.00555501602408468,0.0052598726310296665
837,de_only,-0.008654948043119347,0.004367565381359792
837,ridge_eligible,0.02100417597358455,-0.004721628615242413
837,matched_control,0.001546081382927067,-7.055958120892325e-4
838,hydra,-0.0016800785759826576,0.003459749745217114
838,survival_only,-0.0031516550927920607,0.004978742202243947
838,de_only,-0.013047748694708206,0.003906182144415729
838,ridge_eligible,0.01889442213912771,-0.003161049196268245
838,matched_control,0.002174624782451362,-8.72382129966412e-4
839,hydra,0.01128347518158589,0.0031780052964477225
839,survival_only,0.011448461801573395,0.003818798582074437
839,de_only,0.002500955715176767,0.0040794084069338595
839,ridge_eligible,0.03075592040401599,-0.0025540062324463817
839,matched_control,0.0034687430836401467,-8.06587875379397e-4
840,hydra,0.0068058861718243045,-0.0020690766527436512
840,survival_only,-0.003140012984202567,-0.0014208254740112809
840,de_only,-0.0018069681887037726,0.0030045495821178604
840,ridge_eligible,0.021519151698766493,-0.007311748072596175
840,matched_control,0.0024410300800692284,-6.474789340824933e-4
841,hydra,0.00588675252654236,-0.0065828314413171
841,survival_only,0.004350760699040468,-0.004256634568966716
841,de_only,-0.0019774526615345287,-7.656503399143838e-4
841,ridge_eligible,0.025726951001495857,-0.013706431692855087
841,matched_control,9.12109161224417e-4,-5.573441752540542e-4
842,hydra,4.612867288678379e-4,-5.7224597800006884e-5
842,survival_only,-0.0064701991366105105,0.006243976847009713
842,de_only,-0.006492828296894559,0.0026851513822846035
842,ridge_eligible,0.021563849046093864,-0.004120797251108049
842,matched_control,7.363180615513109e-4,1.188393597201881e-4
843,hydra,0.004431112949937954,-5.278432126310268e-4
843,survival_only,-0.0051572196938353245,0.005438032570672735
843,de_only,0.0025320645428217213,0.00172324938510037
843,ridge_eligible,0.02553371948696733,-0.0035196536797938967
843,matched_control,0.0018514687629292426,-3.489612387959112e-4
844,hydra,-0.004623949102476721,-0.0011520815360815007
844,survival_only,-0.002650912671362582,0.001291063325847669
844,de_only,-0.0034158903279557728,0.0027901284946807714
844,ridge_eligible,0.02245512383549193,-0.008496702028826422
844,matched_control,0.002821328485950181,-0.001341584859586517
845,hydra,0.0029184195331188657,-0.003128357428838144
845,survival_only,-0.011048420357997213,0.004487381372927294
845,de_only,-0.006707910583188992,0.00348041653671777
845,ridge_eligible,0.01676977645797244,-0.005142148630672458
845,matched_control,8.380763837333993e-4,-4.887395474500094e-4
846,hydra,2.7056707676131887e-5,-0.0020014202717027335
846,survival_only,-0.006401298721968452,0.0024504833282860267
846,de_only,-9.549426238643077e-5,9.631083264468321e-5
846,ridge_eligible,0.02629434514809568,-0.011956436461456055
846,matched_control,0.0029444064235807144,-5.961321760549948e-4
847,hydra,-0.003933459441415399,-0.0029999694297642016
847,survival_only,-0.003495790215496486,0.001248030469996314
847,de_only,0.001945402618597214,2.4037405784035903e-5
847,ridge_eligible,0.02677200400578612,-0.008708196116377825
847,matched_control,0.0013538073513593707,-2.726251362735632e-4
848,hydra,0.007468650450218206,-0.007894208151222165
848,survival_only,0.002846778500009217,-0.00303547212355815
848,de_only,-0.0032482000478759486,6.728014037067492e-4
848,ridge_eligible,0.02988749148360248,-0.010973673028371714
848,matched_control,0.0026092400611339326,-3.9740624717088944e-4
849,hydra,0.010863698979110482,-0.007821831959535036
849,survival_only,0.008578491498877206,-0.0038086836903048955
849,de_only,0.0024437189817523184,8.935924030313013e-5
849,ridge_eligible,0.03691808352046494,-0.01561703515988502
849,matched_control,0.003326854490215703,-0.0011353078497890468
850,hydra,0.012225924630424012,-0.0010080832880498935
850,survival_only,0.005383015151236237,-0.0014527532169365364
850,de_only,0.016178501076971254,-0.0025860744166589012
850,ridge_eligible,0.0315211988438668,-0.00930380969571839
850,matched_control,7.069349583018858e-4,8.154698490792645e-5
851,hydra,0.004518835403081789,0.0018764153441402614
851,survival_only,-0.006526975952153513,0.00814822564213511
851,de_only,3.0734726087136013e-4,0.0040602058027765925
851,ridge_eligible,0.019348340740125425,8.007912793598914e-5
851,matched_control,0.00165095319184283,2.7073096490389247e-4
852,hydra,0.009020101419138315,-0.002256382366795223
852,survival_only,-2.1889022655141587e-5,0.001419595438521834
852,de_only,0.004222757287220458,9.271410547364633e-4
852,ridge_eligible,0.03069023384772539,-0.010409026846964594
852,matched_control,0.001081682536208084,-4.5150965635992746e-4
853,hydra,0.005482724246242976,-0.006473061883831446
853,survival_only,0.002894652698102229,-0.001320495714333958
853,de_only,-0.007623149698121001,0.0014125422336321858
853,ridge_eligible,0.03117723399853293,-0.013149854021731456
853,matched_control,0.0023886997573683176,-9.180099672335046e-4
854,hydra,0.010366663458762415,-0.006625414779905736
854,survival_only,0.004923491483014175,-0.005306491508709388
854,de_only,0.0020325281493600465,-0.0010133057063928751
854,ridge_eligible,0.030118371667789447,-0.012503400624115544
854,matched_control,0.0015051486863632447,-5.172705442593378e-4
855,hydra,0.007530370343060433,-5.740880683767601e-4
855,survival_only,-0.004081331686544854,0.0031700676709933177
855,de_only,0.0016258963629325219,-4.2159160845542384e-5
855,ridge_eligible,0.031826644791417044,-0.009504506623793724
855,matched_control,0.0010820874887090715,-6.088745860474476e-4
856,hydra,9.324295848844533e-4,-0.0048384577753255885
856,survival_only,8.569221043758901e-4,-0.0011770048832502073
856,de_only,0.006888740605464605,0.001576064840184324
856,ridge_eligible,0.03361663271756689,-0.012339218805524927
856,matched_control,0.0027586570204397145,-0.0010719229662981915
857,hydra,0.0180990423694814,-0.0064359680130898185
857,survival_only,0.014791815660485975,-0.002521372669940536
857,de_only,0.005020146871565878,-0.0013601688790349203
857,ridge_eligible,0.04988400286068132,-0.014033197451189097
857,matched_control,0.00338223237802856,-9.095102064373111e-4
858,hydra,0.00996115891393633,-0.0030500235252877038
858,survival_only,-0.0015164749391365806,0.0023717594403765445
858,de_only,2.3044472114330805e-4,0.0010693013243909533
858,ridge_eligible,0.025122191454961095,-0.007644553290531089
858,matched_control,0.0015387760411827323,-7.528638330674186e-4
859,hydra,0.027355770339784556,-0.0019747300621938023
859,survival_only,0.03203155636548177,-0.001421207793620294
859,de_only,0.002719660446125827,4.3458814831051076e-4
859,ridge_eligible,0.049442919425157425,-0.007184578015247203
859,matched_control,0.004890313948928538,-6.038209248223736e-4
860,hydra,0.0022736747029806327,9.366037483541561e-4
860,survival_only,-0.002725283123740685,0.004369611198819445
860,de_only,-0.0038664628638921394,0.003173125550619682
860,ridge_eligible,0.0257260473841451,-0.006785338267040211
860,matched_control,8.302647120127848e-4,-7.729813535632818e-4
861,hydra,0.005429144739332892,7.07164333713492e-4
861,survival_only,1.4576155680915415e-4,0.005548545018323489
861,de_only,3.180252148563212e-4,0.0037954633845540624
861,ridge_eligible,0.027473213947677277,-0.002207858104732538
861,matched_control,0.00117366448339834,-5.599951439336254e-4
862,hydra,0.008684373548087354,-0.002025273048557258
862,survival_only,0.00967167415208301,-6.785784967944769e-4
862,de_only,6.098033142326375e-4,0.0016204398876170673
862,ridge_eligible,0.03772649837385785,-0.0079223707721642
862,matched_control,0.0026192504258943593,-3.053910905842505e-5
863,hydra,0.00707506182741795,-0.0017750495928868459
863,survival_only,-4.578570951139893e-4,0.00213843515698896
863,de_only,-0.00410400374306531,0.003252719623343103
863,ridge_eligible,0.023519483991711776,-0.006596813455601281
863,matched_control,0.00160082882160284,-3.3982487729836695e-4
864,hydra,-0.0034115345124857144,7.475843487994627e-4
864,survival_only,-0.0010635618667545032,0.0049995280274967805
864,de_only,-0.0018365330595323636,0.002109234226692655
864,ridge_eligible,0.023768379860128995,-0.005468751359881516
864,matched_control,0.0014142079466862856,-0.0010164662403743085
865,hydra,-0.004426693564130957,0.01035497558557176
865,survival_only,-0.01043795145441533,0.0099738498144886
865,de_only,-0.0014300123641569629,0.005501759815822913
865,ridge_eligible,0.018219236025248896,4.3234268444483637e-4
865,matched_control,0.001690310405414186,-6.612406191949139e-4
866,hydra,-0.0013718868720979272,-9.092567717000122e-4
866,survival_only,-0.016035246939636972,0.007059811749591599
866,de_only,-0.001640987758547896,-2.1265462491924236e-4
866,ridge_eligible,0.013595750668355156,-0.0010886459161048995
866,matched_control,9.620796397917464e-4,-5.770660194607619e-4
867,hydra,0.01606333213386113,-0.005336421207929365
867,survival_only,0.006043540842029538,4.017426500363075e-4
867,de_only,-0.002218423893486843,0.003524857253685196
867,ridge_eligible,0.03573767542281399,-0.009185849006705975
867,matched_control,0.0020834832673623737,-9.248859482224786e-4
868,hydra,-0.003202465991103254,5.795905871087137e-4
868,survival_only,-0.004896911973715823,0.003651334409646251
868,de_only,-0.001795965077431394,0.002843988806966816
868,ridge_eligible,0.022921165808368837,-0.005628639101410473
868,matched_control,0.0025435147756427746,-9.650572321411616e-4
869,hydra,-1.3638659707019274e-4,0.002626266671988728
869,survival_only,0.002217545041252733,0.004975600367967778
869,de_only,-0.009631251052365708,0.00723608991538961
869,ridge_eligible,0.030520289611045626,-0.005359772826095041
869,matched_control,0.003876073413032499,-0.0015036763493271794
870,hydra,0.011995863495346381,-0.0064689780295813125
870,survival_only,-4.553783631778718e-4,6.470783775199996e-4
870,de_only,0.005235944048331775,-0.0023376914804622145
870,ridge_eligible,0.027455142509842313,-0.008688682084425876
870,matched_control,0.0027957691540122175,-3.513236911480422e-4
871,hydra,0.005670288551485936,-7.244345699319282e-4
871,survival_only,-0.007557386486291983,0.0014379536718391677
871,de_only,3.921709721522837e-4,0.0036759483878611803
871,ridge_eligible,0.01845901993235951,-0.0077748986129110185
871,matched_control,0.0018061452111966636,-0.0012945246003996658
872,hydra,0.0017696291848070755,-0.006224540300976048
872,survival_only,9.720762648250836e-4,-0.0018587334494721357
872,de_only,-0.012852799879897913,0.005129861035767766
872,ridge_eligible,0.025174523344843082,-0.009647268820047877
872,matched_control,0.002522143822248901,-8.116762336532191e-4
873,hydra,0.013931120074464797,-0.005687733934576497
873,survival_only,0.014600938110273565,-0.0020254275327542203
873,de_only,-3.7232392181197894e-4,0.0016076168086609915
873,ridge_eligible,0.03971637677720789,-0.011709631378982416
873,matched_control,0.003007793250716351,-0.0010076682582502773
874,hydra,0.009058133517336541,-0.0038908692543597467
874,survival_only,0.006137657409004649,6.357983817779078e-4
874,de_only,9.884422977401775e-4,8.761415121377291e-4
874,ridge_eligible,0.024740382956701723,-0.0043222638646444825
874,matched_control,0.004050370881490395,-0.001061027647522489
875,hydra,-1.2480777374133112e-4,8.68798571849827e-4
875,survival_only,2.1395618355661837e-4,0.0019041792922403489
875,de_only,-0.010350130379549339,0.004664037326309126
875,ridge_eligible,0.02129309768437008,-0.0055808842477532315
875,matched_control,9.694889567407716e-4,-8.666128561355846e-4
876,hydra,0.017573016564952037,-0.004932530670224064
876,survival_only,0.0057868352223190865,-4.032092793153502e-4
876,de_only,-0.0023267218831734882,0.003470717249519911
876,ridge_eligible,0.0347119296716071,-0.01048412343350206
876,matched_control,0.002924295263004961,-3.781254236741666e-4
877,hydra,0.00790918889326101,-0.004176313601173667
877,survival_only,0.002987117414586571,-0.0010043208688688744
877,de_only,-0.0023113377016646397,-2.2494491635451086e-4
877,ridge_eligible,0.031067047612530173,-0.011480936794789422
877,matched_control,0.001871653179586319,-0.0012004645667108905
878,hydra,0.007845696090202015,-0.0012774226302431386
878,survival_only,-0.002968453654886849,0.0036227680364912807
878,de_only,-0.007116632736510619,0.004692480846806607
878,ridge_eligible,0.023805049503227694,-0.006551823248813255
878,matched_control,1.0266047223814745e-4,-4.970611207415904e-4
879,hydra,0.024068656464022974,-0.011001591695466653
879,survival_only,0.016113976494461824,-0.0062656993942531904
879,de_only,-0.007056734590344127,0.0022181456870702747
879,ridge_eligible,0.04363405766466558,-0.01850013155772098
879,matched_control,0.002939037794876109,-5.527390399379329e-4
880,hydra,0.0031917211328975847,0.0018477722269425651
880,survival_only,0.004099491648511255,5.73139842600634e-4
880,de_only,-7.298474945533817e-4,0.0032055833172094208
880,ridge_eligible,0.02809912854030503,-0.006229884346973871
880,matched_control,0.002287581699346386,-9.925463857531568e-4
881,hydra,0.006151694576628275,-0.002183596056269099
881,survival_only,0.004017581459551745,0.0038196857778562297
881,de_only,0.004308184096770695,-3.7114968537660387e-4
881,ridge_eligible,0.031032729122016777,-0.006919016181147592
881,matched_control,0.0015438265102255544,-6.411481220451626e-4
882,hydra,0.012588464431031477,7.108133021622442e-5
882,survival_only,0.003569431320747429,0.002851469722410402
882,de_only,-0.005183485353954143,0.003868769804875968
882,ridge_eligible,0.028175559712285702,-0.0059023720729230065
882,matched_control,0.0015041363750313175,-2.536460160288218e-4
883,hydra,0.0016760787720822568,3.5052533750595805e-4
883,survival_only,-0.004220967274833487,0.004555927120718661
883,de_only,0.0012090935418476501,-1.363656275259806e-4
883,ridge_eligible,0.026263394150014475,-0.007383218432170319
883,matched_control,0.002282435563278318,-5.855643061259047e-4
884,hydra,0.010145921884935882,-0.003155187723887956
884,survival_only,-0.0021469928712473775,0.0018855953894499511
884,de_only,0.00881722949228555,-0.0013998528223286677
884,ridge_eligible,0.02395829847049765,-0.00746730071357069
884,matched_control,0.0012634291642959817,-6.227536291693786e-4
885,hydra,0.013225123235806779,-0.0028130127541307892
885,survival_only,0.0061683504207823096,-7.390032725270556e-4
885,de_only,-0.012267351414166027,0.003937223860117281
885,ridge_eligible,0.031964463104230276,-0.006809395036013269
885,matched_control,0.0035237006353906696,-8.229792887028825e-4
886,hydra,0.007347063660528186,-0.003728045864576737
886,survival_only,0.0069282695580670465,-0.0023958587979200975
886,de_only,7.056393781194493e-4,9.780865970127784e-4
886,ridge_eligible,0.03411164018128621,-0.010337470872956684
886,matched_control,0.001814774443998246,-5.580346447334822e-4
887,hydra,0.012203266787658817,6.510335083186797e-4
887,survival_only,0.0028475499092559197,8.95551571340969e-4
887,de_only,-0.004573502722323042,0.005728956458097021
887,ridge_eligible,0.027382940108892907,-0.005019867790580152
887,matched_control,0.0024482758620689936,-8.592377728670053e-4
888,hydra,-0.0048671936195969654,0.004946339817374612
888,survival_only,-0.013330484939115572,0.011927934790014841
888,de_only,-0.002654347361674836,0.003394606533255626
888,ridge_eligible,0.015313679413230785,-4.974772537369443e-4
888,matched_control,0.002470981983906584,-6.484168222333414e-4
889,hydra,-0.00824893855570058,-0.0012119604184867433
889,survival_only,-0.012498391751061466,0.006262489962574449
889,de_only,-0.00279375815611963,7.53589040038466e-4
889,ridge_eligible,0.020091164739831267,-0.00820156230162421
889,matched_control,0.0015861929531126528,-6.648409851841647e-4
890,hydra,-9.16642795760314e-5,0.00701571926157866
890,survival_only,-0.0038174353098443413,0.007151207560083939
890,de_only,-0.006366848085553334,0.005001829540681871
890,ridge_eligible,0.021292848276520625,0.0028302625193895063
890,matched_control,6.473789745058967e-4,3.476388480769865e-4
891,hydra,2.739373437269932e-4,0.0053069500226134185
891,survival_only,-0.006508310045594956,0.009256978785146868
891,de_only,2.298132078246584e-4,0.007715009576925794
891,ridge_eligible,0.019762097367259902,9.144943683572244e-4
891,matched_control,7.703338726282926e-4,1.6110392770837813e-5
892,hydra,0.01175485370522288,-0.00653760580608517
892,survival_only,0.00656959256220947,7.333196737276005e-4
892,de_only,0.001261279737489751,4.4576836465677616e-4
892,ridge_eligible,0.028190798468690204,-0.008673692077374142
892,matched_control,0.0014544025157232742,-8.707172052380586e-4
893,hydra,0.005267389556487534,-0.005616499341365236
893,survival_only,0.0020991329668180623,-0.0021712291138863554
893,de_only,0.003120450248810269,-0.0021311340815477198
893,ridge_eligible,0.04191312284056583,-0.011964315086165161
893,matched_control,0.001568917186379526,-1.6748939576805843e-4
894,hydra,0.015424376933571626,-0.005602213678569242
894,survival_only,-0.008854556983916517,0.004312358872336661
894,de_only,-0.008345343094867497,0.003845630093849134
894,ridge_eligible,0.030837224496070403,-0.007534676621029343
894,matched_control,0.002834303722065301,-6.658270870406908e-4
895,hydra,0.010501427714020694,-0.001493858477276902
895,survival_only,0.001791462815779421,0.0046734154124908524
895,de_only,0.008197079097175508,8.386626234824307e-4
895,ridge_eligible,0.029092628630667673,-0.005519170182929545
895,matched_control,0.0018132877434843709,-5.476938257109682e-4
896,hydra,-0.004135214424629985,-0.0011035532730343217
896,survival_only,-0.005194976431420373,5.956290831672679e-4
896,de_only,0.004634604608234161,-0.0010168354661999417
896,ridge_eligible,0.021505092790981305,-0.009557879218486571
896,matched_control,0.0013201700893298528,-4.3186080708049467e-4
897,hydra,0.005595919641927782,-0.0028947097582482347
897,survival_only,-0.0015051524929738714,0.0037097576974963824
897,de_only,0.0029728323097741316,-5.703370697222266e-4
897,ridge_eligible,0.01991880920162383,-0.0013893086996059401
897,matched_control,0.0010367440408035945,-1.3319047783691418e-4
898,hydra,-0.004470785286349299,0.002728627420740498
898,survival_only,-0.0026750628100238316,0.004970813068230653
898,de_only,-0.0030052180635186552,7.410724485252095e-4
898,ridge_eligible,0.021097725955034452,-0.005673390132746916
898,matched_control,8.954454680151991e-4,-6.654343139960911e-4
899,hydra,0.02754670071226987,-0.012432098990328655
899,survival_only,0.013244187609192293,-0.006411924243888298
899,de_only,0.0034504770864131284,-0.002166445822284224
899,ridge_eligible,0.038833826098642665,-0.013785471486363504
899,matched_control,0.0015488509608923451,-3.4855052992497916e-4
900,hydra,0.009331089279423842,-0.004223185572351273
900,survival_only,0.00822341383224392,4.4429148409682315e-4
900,de_only,0.006687150182003198,-0.0013725086215820026
900,ridge_eligible,0.030748757289913477,-0.009559964229201393
900,matched_control,0.001007867235508253,-5.290115120390515e-4
901,hydra,0.014273731752560692,-0.0020730804100707436
901,survival_only,0.004934268892652638,0.002960952428897809
901,de_only,-0.0032518751512218835,0.0019968232971793952
901,ridge_eligible,0.03056859424147108,-0.007304342619540305
901,matched_control,0.0018840229050729796,-7.542915265391192e-4
902,hydra,0.005267193267121962,-0.005362594378849253
902,survival_only,-0.001956029456341479,2.549479726006859e-4
902,de_only,0.004036873919012906,-4.493248256550203e-4
902,ridge_eligible,0.023898507569138618,-0.01031001263417251
902,matched_control,0.001963161742417496,-0.0010204793649000233
903,hydra,0.013962925069797284,-0.0031556181383556674
903,survival_only,0.009738672030797525,1.6473612302359274e-4
903,de_only,-2.6358229143184084e-4,0.0029901508887720473
903,ridge_eligible,0.040543118247871414,-0.012848184626551778
903,matched_control,0.0015554823382523896,-6.746911165816744e-4
904,hydra,0.010413931770218843,-0.0031118050562306486
904,survival_only,0.012185313813788855,-9.662356004056988e-4
904,de_only,-0.0016218282124993988,0.005453586394012866
904,ridge_eligible,0.027891789494674225,-0.008131542940367647
904,matched_control,0.002362950530916108,-6.579016283627448e-4
905,hydra,-0.002787565147177573,0.0029228709405914434
905,survival_only,0.0012900976290097454,0.00412684949524085
905,de_only,-0.009201350656977159,0.004830153779206298
905,ridge_eligible,0.023168538501064394,-0.0034943155769202733
905,matched_control,0.0012130220949864046,-6.947354980147119e-4
906,hydra,0.0037943421643466422,0.0010210723908910535
906,survival_only,0.00445292620865142,0.002114084018902615
906,de_only,-0.00909107917976354,0.004146060557407408
906,ridge_eligible,0.029327570722945673,-0.004431126464958246
906,matched_control,0.004303248016763928,-0.0012371884846502563
907,hydra,0.00513767112751885,-0.0024679961217235506
907,survival_only,-0.004303184125519166,0.0018612011597487015
907,de_only,-0.004199353945546824,0.0018119504677563097
907,ridge_eligible,0.020925626826642073,-0.008101398049096743
907,matched_control,8.72942624211659e-4,-2.7756119190393557e-4
908,hydra,0.017658586704212498,-0.0029545121706662817
908,survival_only,0.004271471517181014,-0.0015442532598895415
908,de_only,-0.0016039423113512808,0.0033083699689926164
908,ridge_eligible,0.03652916777655161,-0.008861955123305093
908,matched_control,0.0016686327485825104,-6.326194708842575e-4
909,hydra,0.005571138245519714,0.0014196972680836362
909,survival_only,-0.005003443121315454,0.00998809474624299
909,de_only,-0.004716236416466535,0.008063833784038427
909,ridge_eligible,0.020507566469037074,0.0017090087915258762
909,matched_control,0.0013050269571205364,-4.499777180112019e-4
910,hydra,2.3551577955738256e-5,0.003420295917502497
910,survival_only,-0.0031124316098409266,0.006201874880827305
910,de_only,0.005656002029059049,0.0027273938625348854
910,ridge_eligible,0.02910793869343096,-0.0055397853522090425
910,matched_control,0.0025870502554440566,-7.007187395849824e-4
911,hydra,0.004537233624282433,-0.004201389601183605
911,survival_only,0.005069985059369331,-0.0010851953035272894
911,de_only,-0.008545647558386415,9.628979624800055e-4
911,ridge_eligible,0.028609341825902346,-0.010798029014804492
911,matched_control,0.0037941338365966694,-0.0011294331593063116
912,hydra,0.0022789442903767498,0.0032610457881462273
912,survival_only,-0.0025449468938064657,0.007696674959560587
912,de_only,-0.0033561605071028345,0.005347926277377868
912,ridge_eligible,0.021887675212707756,-6.786555690815987e-4
912,matched_control,0.0014205670949119843,-0.001110903059029364
913,hydra,-0.005589190489555362,0.0010954333771286406
913,survival_only,0.0031153522312658,0.0033537162750900463
913,de_only,-0.004215949641153127,0.001989459744508795
913,ridge_eligible,0.015107654063590058,4.413308657284759e-4
913,matched_control,9.883324646164815e-4,9.621340977249981e-5
914,hydra,-0.0015053325433269094,0.0026801999157059523
914,survival_only,-0.003392090060731756,0.0048825587588136096
914,de_only,0.0023200266627166344,-2.6212324410579413e-5
914,ridge_eligible,0.01611613094356389,-0.0010895339448298348
914,matched_control,0.002003406902681093,-1.5625267277789845e-4
915,hydra,0.00621159646966819,-1.1467602785942e-4
915,survival_only,1.0613339291697388e-4,0.006066083480772658
915,de_only,-0.001729788105612018,0.002501845790941795
915,ridge_eligible,0.033480430491937586,-0.006835499605316084
915,matched_control,0.0011488474285927142,-6.731685822952832e-4
916,hydra,-0.007100580839644144,0.010811175132329567
916,survival_only,-0.014594515109183148,0.01370770718541851
916,de_only,-0.0025237114918020944,0.00595954303552583
916,ridge_eligible,0.013162635100360264,0.0041720261717840355
916,matched_control,0.0018767002426292479,-2.769171845504959e-4
917,hydra,0.011917000137988132,-0.0017767916773240356
917,survival_only,0.014292120877604508,-0.0024258060956089318
917,de_only,-0.008422450669242465,0.006645920204277178
917,ridge_eligible,0.031732096039740566,-0.00670996418945074
917,matched_control,0.0035307713536635752,-0.0014930406777465322
918,hydra,0.00369546979865768,9.041775425383758e-4
918,survival_only,-0.006442953020134224,0.006589509971166649
918,de_only,-0.018357802013422807,0.007354051833284872
918,ridge_eligible,0.022718120805369148,-0.0039632007655358735
918,matched_control,0.0019295302013422888,-6.210125359083468e-4
919,hydra,0.009185010987316411,-0.003772779711078014
919,survival_only,-0.007469447550021202,0.0036409104885459257
919,de_only,0.008600948378888928,-0.002614374920236731
919,ridge_eligible,0.024343652415282035,-0.0066467896192030865
919,matched_control,3.5660588303327857e-4,-1.1666876369351431e-4
920,hydra,-1.446682148703582e-4,0.002891246278813314
920,survival_only,-0.003949822971789696,0.005901179374996596
920,de_only,-0.007062093120645674,0.0034128853065411744
920,ridge_eligible,0.022577759165492817,-0.0016545021144163063
920,matched_control,0.0015589903681425654,-9.427682015235777e-4
921,hydra,0.004674411828975156,-0.003868785710643649
921,survival_only,-0.0063096365358001226,-3.500968929299436e-4
921,de_only,4.625245829994906e-4,3.874667570078233e-4
921,ridge_eligible,0.018768664869983243,-0.008920025270190337
921,matched_control,0.0015405346347148407,-9.658303926750461e-4
922,hydra,0.008781633286756718,0.0017302355741640712
922,survival_only,4.327744139108858e-4,0.005701038438048043
922,de_only,-0.0072911814935568975,0.006540706272605684
922,ridge_eligible,0.032256249029653815,-0.0032170838048380694
922,matched_control,0.0036717900947057847,-7.272886285869612e-4
923,hydra,0.0037369207772794955,-0.00221920485649362
923,survival_only,0.002721509200556649,7.258990030462014e-4
923,de_only,-0.005102829751043781,6.769631519030373e-4
923,ridge_eligible,0.0336614951119358,-0.008674621291020517
923,matched_control,0.0033073896534542733,-9.867122684824592e-4
924,hydra,0.005502856064634543,-0.005892667311001296
924,survival_only,0.001200747894402776,-8.376846549930067e-4
924,de_only,-0.014374667650136386,0.004035889190246764
924,ridge_eligible,0.026605142631696298,-0.008642524950920166
924,matched_control,0.002600476868449497,-9.209167915225469e-4
925,hydra,0.0012024972408453572,0.0012019789248713304
925,survival_only,0.0027492710890012484,0.003963385345462411
925,de_only,8.005666562340252e-4,0.0021190576756203866
925,ridge_eligible,0.027291745597707008,-0.005192451663869918
925,matched_control,0.001711499497586777,-1.570375658395129e-4
926,hydra,0.004511923812497531,0.00294989613816887
926,survival_only,-0.00960930486710121,0.009768395353929704
926,de_only,-0.004310916826041145,0.006576606897234038
926,ridge_eligible,0.010190859060926594,0.003768339754717462
926,matched_control,0.003167323679793921,-0.0012225854197067704
927,hydra,0.0019481747682995709,0.0011863466591898353
927,survival_only,-0.002986742782468166,0.005431385634693869
927,de_only,-0.0076740547139639405,0.0054832327140159065
927,ridge_eligible,0.021754904826590073,-0.0027896878429634953
927,matched_control,0.0017074470828963074,-2.4161448596667355e-4
928,hydra,2.3714665148928394e-4,-0.0056753994089523
928,survival_only,0.0013280212483399833,-9.791383949290604e-4
928,de_only,-0.002122936824132049,0.002134400102779105
928,ridge_eligible,0.02566495921077594,-0.010738890148842597
928,matched_control,0.0019332195029406086,-9.656457412327374e-4
929,hydra,0.018132319891834614,-0.008125822600528482
929,survival_only,0.014158338053388387,-0.004482897064453465
929,de_only,0.015693117246167575,-0.004583786794267378
929,ridge_eligible,0.03483217920374193,-0.014358686350031897
929,matched_control,0.0015219893661727601,-6.340588632340605e-4
930,hydra,0.014944243915226574,-0.006432637172677147
930,survival_only,0.007420701336936142,-0.0034830769446002026
930,de_only,-0.005589723941844283,0.003526719613269902
930,ridge_eligible,0.030642656933717816,-0.011307693735226752
930,matched_control,0.003928132120747718,-8.789584303683956e-4
931,hydra,0.0057261300825319885,5.298120606466589e-4
931,survival_only,0.007988188082077708,0.0036811393041275954
931,de_only,-0.0013534489285984442,0.004040766925268696
931,ridge_eligible,0.034392746270916943,-0.007861902480770306
931,matched_control,0.0028545468312258793,-6.111955229186533e-4
932,hydra,0.01905681026763508,-0.002616876901064033
932,survival_only,0.006998308626007377,0.0037545246011607856
932,de_only,0.0033091234703014893,0.0012252231295504068
932,ridge_eligible,0.033974728882698244,-0.004049191785773731
932,matched_control,0.0022962889264749988,-4.438979182268571e-4
933,hydra,-0.006987389725871196,0.004992441527124328
933,survival_only,-0.010063665222652885,0.007841832650874236
933,de_only,-0.0035796341442025812,0.0018601660880980698
933,ridge_eligible,0.01342055878071453,2.0265672526665335e-4
933,matched_control,0.0011347492853008734,-1.3425830505449377e-4
934,hydra,-0.01265799427991513,0.0015588414012997986
934,survival_only,-0.008083771565642606,4.1374497119849865e-4
934,de_only,0.002328628102223451,-1.5727732229793567e-4
934,ridge_eligible,0.01740566472921854,-0.00979137394658002
934,matched_control,0.0018064397084601503,-8.150486415169883e-4
935,hydra,0.0019045716983187356,-2.0697476225890743e-4
935,survival_only,0.0020389266131667916,1.6957078037217467e-4
935,de_only,0.005508551508769377,0.0015391625912936301
935,ridge_eligible,0.021215367297287478,-0.005438059649398688
935,matched_control,0.0011020734231453777,-3.2661711595738385e-4
936,hydra,7.917510587368892e-4,-2.369379857302234e-4
936,survival_only,0.00204934634505618,-5.497333457962106e-4
936,de_only,-2.448904437488575e-4,0.0015442768645644895
936,ridge_eligible,0.028412815319462336,-0.00790113543925216
936,matched_control,0.001244706315595645,-1.2855278141224723e-4
937,hydra,0.005917938376881926,-0.0029876845284141362
937,survival_only,0.008209580122015836,-0.003569702544956377
937,de_only,-0.0019549874395474844,0.0019689108566873894
937,ridge_eligible,0.034089239024556975,-0.013218903952597134
937,matched_control,2.563357656749421e-4,-5.987731004974628e-4
938,hydra,0.010971169930138724,-0.0022286961594006087
938,survival_only,0.007295090032470708,0.0033052234089538195
938,de_only,-0.0022217849060316985,-5.907091940671128e-4
938,ridge_eligible,0.03575519039653643,-0.006920986039658456
938,matched_control,0.003219521794745661,-6.414810548927951e-4
939,hydra,0.005180450388435431,0.0014176623610951012
939,survival_only,-0.007294719244763515,0.0055645108814629165
939,de_only,-0.001050250762120175,0.0020066328468142576
939,ridge_eligible,0.03183203854852984,-0.006042961528928609
939,matched_control,0.0028754056446061325,-3.943756244408292e-4
940,hydra,0.0032539840098178563,-0.0013018157474145448
940,survival_only,-0.003616740962659515,7.482801550682622e-4
940,de_only,-5.071378295944618e-4,0.0016940852163403242
940,ridge_eligible,0.018265985670197948,-0.004836542078272754
940,matched_control,0.0027053366781569664,-7.909837020843219e-4
941,hydra,0.0026305036265195426,-5.044731596094865e-4
941,survival_only,-0.0021180236319678692,0.003208399588551833
941,de_only,-0.003110634385534794,0.0021195611448080382
941,ridge_eligible,0.022571253447747453,-0.009038363987116587
941,matched_control,-5.158851772397832e-4,-6.691500465154405e-4
942,hydra,0.003628677455143636,1.6599074622750397e-4
942,survival_only,0.00490454875855999,0.001211301468379361
942,de_only,2.1997781093385793e-4,0.002259225133745915
942,ridge_eligible,0.030203909866483015,-0.003795521498390325
942,matched_control,0.0032594973028807427,-5.043714956094236e-4
943,hydra,-6.980323183467197e-4,-0.004227476238745448
943,survival_only,-0.013978967425158462,0.0021319827878065662
943,de_only,-0.006753142061485462,0.0026914057611035743
943,ridge_eligible,0.01308673188963393,-0.008054485469069178
943,matched_control,0.0025502913048257693,-5.592263490883098e-4
944,hydra,-0.0019078747339616674,0.0027907500843790817
944,survival_only,-0.01969443599878381,0.008692301361385841
944,de_only,-0.013353222864092407,0.006196427245084105
944,ridge_eligible,0.016986546062633022,-0.0014652094490563926
944,matched_control,0.0033045758589236975,-0.001384487407670726
945,hydra,-0.004072971093318145,-8.594799393266267e-4
945,survival_only,0.0040087736505162504,-0.0012811747055079896
945,de_only,0.00614690514827827,3.2564942506967674e-4
945,ridge_eligible,0.021636321486527454,-0.00793347718704771
945,matched_control,0.0018742086773543387,-3.3636801282609097e-4
946,hydra,0.0014523538148032977,0.003832971927357498
946,survival_only,-0.004058301385003293,0.0058470174602510945
946,de_only,-0.001994611957310133,0.0030963669646842883
946,ridge_eligible,0.01595516872172139,-5.080572597375183e-4
946,matched_control,8.980071149794266e-4,-6.396200687019821e-4
947,hydra,0.006586692079152423,-0.006042996301229439
947,survival_only,0.006437206868845436,-0.0037212199093134336
947,de_only,0.004043574938804484,-0.0018346840957085026
947,ridge_eligible,0.0306014911149728,-0.013240048254234058
947,matched_control,0.002866378907636835,-7.80884245165786e-4
948,hydra,-0.004921263468090975,0.007081763204190611
948,survival_only,-0.012117137857997973,0.010198080337242652
948,de_only,0.004046413113546398,0.003536142442347523
948,ridge_eligible,0.01053135647849709,0.002842218187713333
948,matched_control,4.3650428216225335e-4,-3.199445144243834e-4
949,hydra,0.007776063400778499,-0.0044196789484486545
949,survival_only,0.001057264088087828,0.0010338656395273288
949,de_only,-0.0010204439457166092,0.0029651984253710796
949,ridge_eligible,0.027911421257495527,-0.008999340610999556
949,matched_control,0.002786057439422096,-9.708363055687619e-4
950,hydra,0.022218992579420706,-0.009303636150678331
950,survival_only,0.011972095886194956,-0.0053579943357746325
950,de_only,0.0010771808637964452,8.248184356321353e-4
950,ridge_eligible,0.04003522210443524,-0.014463007301504752
950,matched_control,0.0035769243921622285,-8.180281608464735e-4
951,hydra,0.005964459562488989,-0.0039510450405646075
951,survival_only,-0.00477977831212244,0.005317829416695685
951,de_only,-0.001507242976951495,4.198704865203684e-5
951,ridge_eligible,0.025511700193537035,-0.0050538707769819
951,matched_control,0.0029441088499208234,-5.453050603937193e-4
952,hydra,0.018464393412201352,-0.00699826378198819
952,survival_only,0.015959174205520767,-0.002820579398679304
952,de_only,-0.0021321425809943673,-5.011161745244658e-4
952,ridge_eligible,0.044459908760535086,-0.012170929789489948
952,matched_control,0.0036824402690791127,-8.772220672915553e-4
953,hydra,0.00922771490966845,-2.0199225267225894e-4
953,survival_only,0.011965455628350219,-6.429234565909575e-4
953,de_only,0.0021838395870557915,0.0025976990791879485
953,ridge_eligible,0.039855072463768126,-0.008094761029145168
953,matched_control,0.0012428032559062996,-2.4253245840716585e-4
954,hydra,0.007466483823821301,-0.0033438507615152656
954,survival_only,0.006636473538911225,-0.0010484435690218063
954,de_only,-0.003697154508218914,0.004839471274538082
954,ridge_eligible,0.029385972826185002,-0.00887367876303911
954,matched_control,9.617293083848955e-4,-5.519364542535016e-4
955,hydra,0.0013191850287838647,5.91521489552746e-4
955,survival_only,0.0045332322740151195,0.0014355772582802183
955,de_only,0.007043473553137359,-6.302712706509561e-4
955,ridge_eligible,0.02682222583148358,-0.007101058440879616
955,matched_control,0.0015682240629455112,-8.936373327157493e-4
956,hydra,0.0030084955812721193,0.0055452092100491315
956,survival_only,0.0018854378557631613,0.005658674283452967
956,de_only,-0.010336575443154816,0.008193879984496846
956,ridge_eligible,0.028153364899745303,-0.0047798830558028246
956,matched_control,0.00207517820208204,-0.0010452843035943433
957,hydra,-0.0036705848417105448,-0.0010881381526225754
957,survival_only,-0.007845965241220165,0.002160012249935181
957,de_only,-5.751063676353807e-4,-8.957671309211574e-4
957,ridge_eligible,0.014087401745150363,-0.006151900767964633
957,matched_control,5.192182880219276e-4,-5.386060074571625e-4
958,hydra,7.563751620806025e-5,0.004373394482381249
958,survival_only,-0.006362555827690519,0.0065265712806452545
958,de_only,-0.004129448206310315,0.0038843346020398795
958,ridge_eligible,0.01616841953608992,-0.0013600499807380512
958,matched_control,6.35715314796137e-4,-3.2171641006444594e-4
959,hydra,0.010607983178044445,-0.0012528738789036903
959,survival_only,-0.002456223035927918,0.0059815822620205876
959,de_only,-0.0048308740891128575,0.0056902103172453864
959,ridge_eligible,0.02520030453540225,-0.005578945934395727
959,matched_control,0.003150491244607201,-6.434696884069557e-4
960,hydra,-0.004715827141109708,0.0046599139530473285
960,survival_only,-0.007832326146093893,0.009697843679364961
960,de_only,-0.008551658663940276,0.004743684344248577
960,ridge_eligible,0.02735289284866631,-0.004013108304568055
960,matched_control,0.0022803205959140206,-9.019977637984566e-4
961,hydra,0.0037511086378101853,0.002098114752971783
961,survival_only,-0.0019025094342904002,0.006417618170157372
961,de_only,-0.004366728692416044,0.004418846721965253
961,ridge_eligible,0.02111889814444464,2.877021629215243e-4
961,matched_control,0.002535519885918991,-5.167769696059005e-4
962,hydra,0.0067827749760971945,3.8879446042991704e-4
962,survival_only,0.001121088843478768,0.006637253045067737
962,de_only,-0.002581503908813121,0.0028562264714786815
962,ridge_eligible,0.021068221443167546,-0.0028248184531112276
962,matched_control,0.0019047261956093742,-5.694022066445509e-4
963,hydra,-0.003675538656527255,3.398990422491227e-4
963,survival_only,-0.01619490212646104,0.0063750714405439775
963,de_only,-0.008880791437825641,0.0029080604887913005
963,ridge_eligible,0.01023095338684692,-0.003752205734294886
963,matched_control,0.0011934938741022584,-5.000256550855564e-4
964,hydra,4.724744883140231e-4,9.8081247383143e-4
964,survival_only,-0.0023275177662025804,0.0037317776078205633
964,de_only,-0.016406870243789097,0.004019235931065873
964,ridge_eligible,0.02348624208508413,-0.0034887050636378423
964,matched_control,9.643126851654804e-4,-1.2482210878460854e-4
965,hydra,0.011964658461095512,-3.5589868792907373e-4
965,survival_only,0.00762434319441444,0.00448539684810631
965,de_only,-0.003388397034477797,0.004889838154466308
965,ridge_eligible,0.031159576765277464,-6.46204711787654e-4
965,matched_control,0.005436190887497305,-0.0015239257229012482
966,hydra,-0.007924814100798672,0.0028648617288991123
966,survival_only,-0.01594257780225833,0.008072108678784612
966,de_only,-0.004809281189754877,0.002174575338659393
966,ridge_eligible,0.015804874690168013,-0.0035702025712112174
966,matched_control,0.0013787524098044734,-4.768746469581503e-4
967,hydra,-0.007389816447163755,0.00467014914539556
967,survival_only,-0.01527947734107642,0.008850455633905591
967,de_only,-0.009781188426838094,0.00491273631745365
967,ridge_eligible,0.015059628746240783,-0.003220641209336647
967,matched_control,7.922845587472694e-4,-4.2578750669705346e-4
968,hydra,0.0019166666666666776,-0.0010747429550216265
968,survival_only,-0.006899621212121188,0.004013095415077106
968,de_only,-0.0020208333333333385,0.0011498367094933653
968,ridge_eligible,0.014541666666666698,-0.002841322794429557
968,matched_control,-6.022727272727235e-4,1.4509406961414061e-4
969,hydra,0.005153022120029249,-0.0011730381042805937
969,survival_only,-0.004791187637024763,0.005352277112869378
969,de_only,-0.005411475322175274,0.0063532200838549765
969,ridge_eligible,0.02472416804805446,-0.001564691184247391
969,matched_control,0.0018733401065896605,-5.456828908719707e-4
970,hydra,0.011274781458374317,-0.0017008430367101007
970,survival_only,0.010207547507105952,0.0015375689832061363
970,de_only,4.826686211767406e-5,0.0020926761468863684
970,ridge_eligible,0.036209084896047475,-0.010219803507445011
970,matched_control,0.0025778079693952404,-9.737292769132378e-4
971,hydra,0.012106426273986426,-8.958876018852563e-4
971,survival_only,0.004815876419491072,0.0040735741320270915
971,de_only,-0.004242609894317651,0.0044282633723950245
971,ridge_eligible,0.02821696606349693,-0.001990164890121479
971,matched_control,0.0013150121436229733,-6.174644712369393e-4
972,hydra,0.006418457939784905,-0.004623526413876455
972,survival_only,0.006969573461395373,-0.00241309682070204
972,de_only,0.007497651999787381,-2.9411142425863626e-4
972,ridge_eligible,0.028117524055926747,-0.011613298123588231
972,matched_control,0.001646258262302669,-9.246335006648565e-4
973,hydra,-0.004246213389899866,0.004569183588212153
973,survival_only,-0.0020877525957351704,0.007304825394992312
973,de_only,-0.001469986230508702,0.0014109137378356673
973,ridge_eligible,0.023210896505526424,-0.003474888297051429
973,matched_control,0.002167764504484404,-6.829166506503476e-4
974,hydra,0.007454786060873397,0.0026803827264743007
974,survival_only,0.008103587707690063,0.006078037024366265
974,de_only,0.001304955153653875,0.004381168461423321
974,ridge_eligible,0.03624466990148508,-0.0028516975849257886
974,matched_control,0.001902293780326436,-5.744158555820889e-4
975,hydra,-0.004914545194508013,6.996718164197474e-4
975,survival_only,-0.009813000572082365,0.00439699103468833
975,de_only,-0.0014212671624713735,7.414318206281662e-4
975,ridge_eligible,0.01681922196796336,-0.0046840607056599735
975,matched_control,2.6101258581232576e-4,3.00024225770143e-4
976,hydra,0.0013595946075150578,-7.599882457055035e-4
976,survival_only,-0.001684673486949051,0.0012634717088538167
976,de_only,6.291232431398619e-4,-3.5122247582734247e-4
976,ridge_eligible,0.026993020365235675,-0.007901868765355233
976,matched_control,0.0018816330433119477,-8.045361334633655e-4
977,hydra,0.013484688489968333,-0.0024541284764967807
977,survival_only,0.009014431538190792,0.0033398175518284863
977,de_only,0.002337205209433335,2.775666858540082e-4
977,ridge_eligible,0.030769095388947565,-0.005428375654477277
977,matched_control,8.817317845828731e-4,-1.514441982814252e-4
978,hydra,7.821307779030673e-4,9.099776549232469e-4
978,survival_only,-6.940529875986146e-4,0.0037147126507255934
978,de_only,-0.014654382750845529,0.006088649551697162
978,ridge_eligible,0.027890713077790296,-0.00588444512662078
978,matched_control,0.0019711809470124076,-0.0010284185583994908
979,hydra,0.009029857358022508,-0.00557165260840041
979,survival_only,-0.001857003632497578,0.0021949365972845523
979,de_only,7.796580136438802e-5,0.0020348756456481736
979,ridge_eligible,0.028983786657216248,-0.011834420891161865
979,matched_control,0.0027677859484362523,-8.544532152837764e-4
980,hydra,-6.023779921901062e-4,-0.0037822983454110642
980,survival_only,-0.0037718668464461146,4.837276466149704e-4
980,de_only,-0.008090076523018176,0.0027968707073226713
980,ridge_eligible,0.021436951687183715,-0.008485620805233768
980,matched_control,0.002554853170364435,-0.0010899421892441364
981,hydra,-0.0027107007575758015,7.988433572831327e-4
981,survival_only,-0.00915404040404042,0.004157377640284102
981,de_only,-0.010294349747474785,0.005632128290975152
981,ridge_eligible,0.018375157828282786,-0.0065202400101771335
981,matched_control,0.001957070707070685,-8.350250713541673e-4
982,hydra,0.009667652443317831,-0.006706710314412848
982,survival_only,0.007240177439797202,-0.004179604565993131
982,de_only,0.001684621884241655,-3.878371035290318e-4
982,ridge_eligible,0.02536262498239685,-0.01136844286032258
982,matched_control,0.003177369384593709,-0.0012863209619145498
983,hydra,-0.0036080289721066583,-6.580590432187589e-4
983,survival_only,-0.007965402989674797,0.0016287535871768789
983,de_only,-0.009217521960240416,0.00269238060482411
983,ridge_eligible,0.017577824009862873,-0.006626739359906905
983,matched_control,0.0013022037293882072,-3.139220668587156e-4
984,hydra,-0.004027869315507038,0.0026233841708925678
984,survival_only,-0.004790509368232753,0.003365303814912163
984,de_only,-0.010656247057715862,0.006038218758724287
984,ridge_eligible,0.02464363054326335,-0.004099306313312051
984,matched_control,0.0032426325204782946,-3.8124672694198893e-4
985,hydra,0.013343414704399781,-0.0014922913302159086
985,survival_only,0.0039785410815870725,0.006810658774187403
985,de_only,0.014092316555051476,-0.0025433532050250147
985,ridge_eligible,0.03765932166774679,-0.006639161287121889
985,matched_control,0.0036706992150932318,-6.917178712576105e-4
986,hydra,0.005005241976394226,-0.001327270591968635
986,survival_only,0.0031079847137204684,8.276736689600411e-4
986,de_only,0.005346815922080561,0.0014872248527562026
986,ridge_eligible,0.030846494639656396,-0.007405657086962264
986,matched_control,0.0026886266021847295,-5.577040048689002e-4
987,hydra,-0.006894591362647284,0.003568376401017073
987,survival_only,-0.003352218149026698,0.004304151768829772
987,de_only,-0.009215659367587382,0.008132566910383434
987,ridge_eligible,0.0197251573190096,-0.0025398591879306153
987,matched_control,0.002503381623571399,-8.900506791582358e-4
988,hydra,-0.0019718073502265287,6.314146066379089e-4
988,survival_only,-0.0032958550092297423,0.0029123271237814913
988,de_only,-0.004103037422386324,0.0032747825492504545
988,ridge_eligible,0.020659506628628966,-0.003609583189986701
988,matched_control,0.002020473233764075,-5.290090200558095e-4
989,hydra,0.0027281332828474002,0.0037605106453134558
989,survival_only,-0.001743657705414603,0.004773069780237932
989,de_only,-1.3063233623625826e-4,0.004711101600860096
989,ridge_eligible,0.03249337372207497,-0.005704937838272228
989,matched_control,0.0018212798182506763,-3.807646577487889e-4
990,hydra,0.0031636890023237106,-0.002710545957381577
990,survival_only,-0.0048569578301778885,7.55357131824877e-4
990,de_only,0.00187802369433544,8.035385087156455e-5
990,ridge_eligible,0.021077292293626905,-0.007365785162849231
990,matched_control,0.003207496857262604,-9.023446696589915e-4
991,hydra,0.002589032519426959,0.0022786732122173333
991,survival_only,-0.006039848267226422,0.005291853488160694
991,de_only,-0.0020458144588074933,0.0048409991143118225
991,ridge_eligible,0.015213788531653982,-0.001964823440159394
991,matched_control,0.0019979376127868265,-9.807080234715936e-4
992,hydra,0.005933752944899595,-0.0024285045821080516
992,survival_only,-0.0030433559548507126,0.002582745075545123
992,de_only,0.004112310559443022,0.0037865755637756736
992,ridge_eligible,0.026036428847709125,-0.01138712293787689
992,matched_control,0.0019163824325749812,-8.446778361585972e-4
993,hydra,0.013765870846242645,0.0012088959388532523
993,survival_only,0.003926452422898563,0.004746302621928683
993,de_only,0.007628131138245941,8.682310274108679e-4
993,ridge_eligible,0.034062329141607436,-0.0037047393453136456
993,matched_control,0.0010104691898021544,-2.1685230974142212e-4
994,hydra,-0.002874547119480819,-0.0014347466080201128
994,survival_only,-0.013962654775649942,0.008707165377104748
994,de_only,-0.013029024166898884,0.0032532655962523695
994,ridge_eligible,0.017080065294422086,-0.005196096345498785
994,matched_control,0.001389497153322461,-7.383180975082642e-4
995,hydra,0.02203320586985652,-0.005387064432494523
995,survival_only,0.011716834983821945,-1.038312815162451e-4
995,de_only,0.00262770859888225,0.0015469778669674416
995,ridge_eligible,0.042669215936202876,-0.01378428947734107
995,matched_control,0.003946465339739191,-0.001463125425370812
996,hydra,-0.00145371219065078,-8.600945624863937e-4
996,survival_only,7.039413382218141e-4,0.0031923466138216727
996,de_only,-0.001690192483959685,0.0028406861870070494
996,ridge_eligible,0.026478460128322622,-0.004298327583702919
996,matched_control,0.0021924839596700217,-9.71686396434937e-4
997,hydra,0.014165164082221427,-0.003302590499306454
997,survival_only,0.003543094121889645,0.002948366911538286
997,de_only,-2.3260007212406731e-4,0.001733957798396965
997,ridge_eligible,0.03307248467363867,-0.008765269129873455
997,matched_control,0.0023584565452578364,-8.991601784708259e-4
998,hydra,-0.0028496120030228832,-8.454502716373769e-5
998,survival_only,-0.009190275192155251,0.0030863090120062968
998,de_only,0.0015169668036790762,0.0014577929317779654
998,ridge_eligible,0.01727830719038579,-0.0033873711612357445
998,matched_control,0.002683722559121171,-0.0010533871823851433
999,hydra,0.002605232796159118,4.574686889976698e-4
999,survival_only,-9.955711042465398e-4,0.0039325620706951395
999,de_only,0.0029401912985224433,0.003077857937952158
999,ridge_eligible,0.019794186609103415,-0.003355155310876698
999,matched_control,-4.912724701328864e-4,-4.1302676747844715e-4
1000,hydra,-5.886643934381985e-4,-0.0011637016580211962
1000,survival_only,-0.0020272448131372633,-2.1447060607737156e-4
1000,de_only,-0.005542266782024552,0.004342809441553475
1000,ridge_eligible,0.0198805706821382,-0.008043404112711414
1000,matched_control,0.0022138531222962833,-8.286356014386792e-4
